<?xml version="1.0" encoding="UTF-8"?>
<kml xmlns="http://www.opengis.net/kml/2.2">
<Document>
<name>Mula Mutha Depth Polygons — Smoothed (Jul 2026)</name>
<description>Pixel staircase removed by morphological close/open + Douglas-Peucker simplify + 2-pass Chaikin corner smoothing. Fill opacity scales with fused pixel count: small isolated fragments are rendered nearly transparent, large fused bodies near-opaque. Depth ramp: sky blue (shallow 1.5 m) to dark blue (deep 2.0 m).</description>
<Style id="d0_a2e"><LineStyle><color>5eface87</color><width>0.8</width></LineStyle><PolyStyle><color>2eface87</color><fill>1</fill><outline>1</outline></PolyStyle></Style>
<Style id="d0_a59"><LineStyle><color>89face87</color><width>0.8</width></LineStyle><PolyStyle><color>59face87</color><fill>1</fill><outline>1</outline></PolyStyle></Style>
<Style id="d0_a8c"><LineStyle><color>bcface87</color><width>0.8</width></LineStyle><PolyStyle><color>8cface87</color><fill>1</fill><outline>1</outline></PolyStyle></Style>
<Style id="d0_ab8"><LineStyle><color>e8face87</color><width>0.8</width></LineStyle><PolyStyle><color>b8face87</color><fill>1</fill><outline>1</outline></PolyStyle></Style>
<Style id="d0_ad9"><LineStyle><color>ffface87</color><width>0.8</width></LineStyle><PolyStyle><color>d9face87</color><fill>1</fill><outline>1</outline></PolyStyle></Style>
<Style id="d1_a2e"><LineStyle><color>5ee9a34a</color><width>0.8</width></LineStyle><PolyStyle><color>2ee9a34a</color><fill>1</fill><outline>1</outline></PolyStyle></Style>
<Style id="d1_a59"><LineStyle><color>89e9a34a</color><width>0.8</width></LineStyle><PolyStyle><color>59e9a34a</color><fill>1</fill><outline>1</outline></PolyStyle></Style>
<Style id="d1_a8c"><LineStyle><color>bce9a34a</color><width>0.8</width></LineStyle><PolyStyle><color>8ce9a34a</color><fill>1</fill><outline>1</outline></PolyStyle></Style>
<Style id="d1_ab8"><LineStyle><color>e8e9a34a</color><width>0.8</width></LineStyle><PolyStyle><color>b8e9a34a</color><fill>1</fill><outline>1</outline></PolyStyle></Style>
<Style id="d1_ad9"><LineStyle><color>ffe9a34a</color><width>0.8</width></LineStyle><PolyStyle><color>d9e9a34a</color><fill>1</fill><outline>1</outline></PolyStyle></Style>
<Style id="d2_a2e"><LineStyle><color>5ecd6f21</color><width>0.8</width></LineStyle><PolyStyle><color>2ecd6f21</color><fill>1</fill><outline>1</outline></PolyStyle></Style>
<Style id="d2_a59"><LineStyle><color>89cd6f21</color><width>0.8</width></LineStyle><PolyStyle><color>59cd6f21</color><fill>1</fill><outline>1</outline></PolyStyle></Style>
<Style id="d2_a8c"><LineStyle><color>bccd6f21</color><width>0.8</width></LineStyle><PolyStyle><color>8ccd6f21</color><fill>1</fill><outline>1</outline></PolyStyle></Style>
<Style id="d2_ab8"><LineStyle><color>e8cd6f21</color><width>0.8</width></LineStyle><PolyStyle><color>b8cd6f21</color><fill>1</fill><outline>1</outline></PolyStyle></Style>
<Style id="d2_ad9"><LineStyle><color>ffcd6f21</color><width>0.8</width></LineStyle><PolyStyle><color>d9cd6f21</color><fill>1</fill><outline>1</outline></PolyStyle></Style>
<Style id="d3_a2e"><LineStyle><color>5e963f10</color><width>0.8</width></LineStyle><PolyStyle><color>2e963f10</color><fill>1</fill><outline>1</outline></PolyStyle></Style>
<Style id="d3_a59"><LineStyle><color>89963f10</color><width>0.8</width></LineStyle><PolyStyle><color>59963f10</color><fill>1</fill><outline>1</outline></PolyStyle></Style>
<Style id="d3_a8c"><LineStyle><color>bc963f10</color><width>0.8</width></LineStyle><PolyStyle><color>8c963f10</color><fill>1</fill><outline>1</outline></PolyStyle></Style>
<Style id="d3_ab8"><LineStyle><color>e8963f10</color><width>0.8</width></LineStyle><PolyStyle><color>b8963f10</color><fill>1</fill><outline>1</outline></PolyStyle></Style>
<Style id="d3_ad9"><LineStyle><color>ff963f10</color><width>0.8</width></LineStyle><PolyStyle><color>d9963f10</color><fill>1</fill><outline>1</outline></PolyStyle></Style>
<Style id="d4_a2e"><LineStyle><color>5e481405</color><width>0.8</width></LineStyle><PolyStyle><color>2e481405</color><fill>1</fill><outline>1</outline></PolyStyle></Style>
<Style id="d4_a59"><LineStyle><color>89481405</color><width>0.8</width></LineStyle><PolyStyle><color>59481405</color><fill>1</fill><outline>1</outline></PolyStyle></Style>
<Style id="d4_a8c"><LineStyle><color>bc481405</color><width>0.8</width></LineStyle><PolyStyle><color>8c481405</color><fill>1</fill><outline>1</outline></PolyStyle></Style>
<Style id="d4_ab8"><LineStyle><color>e8481405</color><width>0.8</width></LineStyle><PolyStyle><color>b8481405</color><fill>1</fill><outline>1</outline></PolyStyle></Style>
<Style id="d4_ad9"><LineStyle><color>ff481405</color><width>0.8</width></LineStyle><PolyStyle><color>d9481405</color><fill>1</fill><outline>1</outline></PolyStyle></Style>
<Folder><name>1.5-1.6 m</name>
<Placemark><name>1.5-1.6 m</name><description>Depth class 1.5-1.6 m · area 5,372 m² · ≈54 fused pixels · fill opacity 72%</description><styleUrl>#d0_ab8</styleUrl><Polygon><tessellate>1</tessellate><outerBoundaryIs><LinearRing><coordinates>73.8727251,18.5405313,0 73.8727277,18.5405583,0 73.8727492,18.5405815,0 73.8727895,18.5406009,0 73.8728488,18.5406166,0 73.8729270,18.5406286,0 73.8729857,18.5406508,0 73.8730250,18.5406832,0 73.8730449,18.5407260,0 73.8730454,18.5407790,0 73.8730531,18.5408255,0 73.8730680,18.5408657,0 73.8730901,18.5408994,0 73.8731193,18.5409267,0 73.8731733,18.5409417,0 73.8732520,18.5409445,0 73.8733555,18.5409349,0 73.8734836,18.5409131,0 73.8735873,18.5408896,0 73.8736665,18.5408645,0 73.8737211,18.5408377,0 73.8737513,18.5408092,0 73.8737741,18.5407687,0 73.8737894,18.5407160,0 73.8737974,18.5406512,0 73.8737979,18.5405743,0 73.8737908,18.5405094,0 73.8737761,18.5404566,0 73.8737539,18.5404158,0 73.8737241,18.5403870,0 73.8736701,18.5403651,0 73.8735920,18.5403501,0 73.8734898,18.5403420,0 73.8733634,18.5403409,0 73.8732403,18.5403495,0 73.8731205,18.5403679,0 73.8730041,18.5403961,0 73.8728909,18.5404340,0 73.8728067,18.5404692,0 73.8727514,18.5405016,0 73.8727251,18.5405313,0</coordinates></LinearRing></outerBoundaryIs></Polygon></Placemark>
<Placemark><name>1.5-1.6 m</name><description>Depth class 1.5-1.6 m · area 1,757 m² · ≈18 fused pixels · fill opacity 55%</description><styleUrl>#d0_a8c</styleUrl><Polygon><tessellate>1</tessellate><outerBoundaryIs><LinearRing><coordinates>73.9883943,18.5245442,0 73.9883504,18.5246019,0 73.9883258,18.5246503,0 73.9883204,18.5246896,0 73.9883343,18.5247197,0 73.9883675,18.5247406,0 73.9883965,18.5247686,0 73.9884212,18.5248037,0 73.9884418,18.5248458,0 73.9884581,18.5248950,0 73.9884683,18.5249431,0 73.9884725,18.5249899,0 73.9884705,18.5250356,0 73.9884624,18.5250800,0 73.9884712,18.5251146,0 73.9884968,18.5251392,0 73.9885394,18.5251540,0 73.9885989,18.5251588,0 73.9886453,18.5251478,0 73.9886786,18.5251211,0 73.9886988,18.5250786,0 73.9887060,18.5250203,0 73.9887027,18.5249646,0 73.9886887,18.5249114,0 73.9886643,18.5248607,0 73.9886292,18.5248126,0 73.9886054,18.5247603,0 73.9885928,18.5247040,0 73.9885915,18.5246437,0 73.9886014,18.5245792,0 73.9885990,18.5245294,0 73.9885845,18.5244940,0 73.9885577,18.5244733,0 73.9885187,18.5244671,0 73.9884785,18.5244768,0 73.9884370,18.5245025,0 73.9883943,18.5245442,0</coordinates></LinearRing></outerBoundaryIs></Polygon></Placemark>
<Placemark><name>1.5-1.6 m</name><description>Depth class 1.5-1.6 m · area 858 m² · ≈9 fused pixels · fill opacity 55%</description><styleUrl>#d0_a8c</styleUrl><Polygon><tessellate>1</tessellate><outerBoundaryIs><LinearRing><coordinates>73.8604810,18.5306171,0 73.8605255,18.5306642,0 73.8605647,18.5306985,0 73.8605987,18.5307197,0 73.8606274,18.5307281,0 73.8606508,18.5307234,0 73.8606691,18.5307031,0 73.8606823,18.5306670,0 73.8606904,18.5306151,0 73.8606933,18.5305476,0 73.8606891,18.5304899,0 73.8606779,18.5304421,0 73.8606594,18.5304042,0 73.8606339,18.5303762,0 73.8606044,18.5303603,0 73.8605710,18.5303565,0 73.8605337,18.5303649,0 73.8604924,18.5303853,0 73.8604605,18.5304088,0 73.8604378,18.5304353,0 73.8604244,18.5304649,0 73.8604203,18.5304974,0 73.8604284,18.5305337,0 73.8604486,18.5305735,0 73.8604810,18.5306171,0</coordinates></LinearRing></outerBoundaryIs></Polygon></Placemark>
<Placemark><name>1.5-1.6 m</name><description>Depth class 1.5-1.6 m · area 715 m² · ≈7 fused pixels · fill opacity 35%</description><styleUrl>#d0_a59</styleUrl><Polygon><tessellate>1</tessellate><outerBoundaryIs><LinearRing><coordinates>73.9912166,18.5231325,0 73.9912080,18.5232142,0 73.9912102,18.5232782,0 73.9912231,18.5233246,0 73.9912468,18.5233533,0 73.9912813,18.5233643,0 73.9913153,18.5233582,0 73.9913489,18.5233348,0 73.9913821,18.5232942,0 73.9914148,18.5232364,0 73.9914310,18.5231833,0 73.9914308,18.5231350,0 73.9914140,18.5230913,0 73.9913807,18.5230523,0 73.9913494,18.5230241,0 73.9913201,18.5230066,0 73.9912928,18.5229999,0 73.9912675,18.5230039,0 73.9912463,18.5230273,0 73.9912293,18.5230702,0 73.9912166,18.5231325,0</coordinates></LinearRing></outerBoundaryIs></Polygon></Placemark>
<Placemark><name>1.5-1.6 m</name><description>Depth class 1.5-1.6 m · area 618 m² · ≈6 fused pixels · fill opacity 35%</description><styleUrl>#d0_a59</styleUrl><Polygon><tessellate>1</tessellate><outerBoundaryIs><LinearRing><coordinates>73.8649498,18.5368516,0 73.8649454,18.5369175,0 73.8649612,18.5369671,0 73.8649974,18.5370002,0 73.8650539,18.5370170,0 73.8651307,18.5370175,0 73.8651786,18.5369993,0 73.8651975,18.5369624,0 73.8651874,18.5369068,0 73.8651484,18.5368325,0 73.8651109,18.5367788,0 73.8650747,18.5367456,0 73.8650399,18.5367330,0 73.8650066,18.5367409,0 73.8649804,18.5367634,0 73.8649615,18.5368003,0 73.8649498,18.5368516,0</coordinates></LinearRing></outerBoundaryIs></Polygon></Placemark>
<Placemark><name>1.5-1.6 m</name><description>Depth class 1.5-1.6 m · area 360 m² · ≈4 fused pixels · fill opacity 35%</description><styleUrl>#d0_a59</styleUrl><Polygon><tessellate>1</tessellate><outerBoundaryIs><LinearRing><coordinates>73.8677086,18.5387398,0 73.8676503,18.5387784,0 73.8676138,18.5388142,0 73.8675993,18.5388472,0 73.8676068,18.5388774,0 73.8676362,18.5389048,0 73.8676682,18.5389184,0 73.8677030,18.5389180,0 73.8677404,18.5389037,0 73.8677805,18.5388755,0 73.8678078,18.5388449,0 73.8678223,18.5388119,0 73.8678240,18.5387765,0 73.8678129,18.5387387,0 73.8677900,18.5387200,0 73.8677552,18.5387204,0 73.8677086,18.5387398,0</coordinates></LinearRing></outerBoundaryIs></Polygon></Placemark>
<Placemark><name>1.5-1.6 m</name><description>Depth class 1.5-1.6 m · area 174 m² · ≈2 fused pixels · fill opacity 18%</description><styleUrl>#d0_a2e</styleUrl><Polygon><tessellate>1</tessellate><outerBoundaryIs><LinearRing><coordinates>73.9876708,18.5254793,0 73.9876506,18.5254983,0 73.9876426,18.5255185,0 73.9876468,18.5255398,0 73.9876631,18.5255623,0 73.9876916,18.5255859,0 73.9877185,18.5255962,0 73.9877438,18.5255932,0 73.9877675,18.5255768,0 73.9877897,18.5255471,0 73.9877986,18.5255216,0 73.9877945,18.5255003,0 73.9877772,18.5254831,0 73.9877467,18.5254702,0 73.9877188,18.5254652,0 73.9876935,18.5254683,0 73.9876708,18.5254793,0</coordinates></LinearRing></outerBoundaryIs></Polygon></Placemark>
<Placemark><name>1.5-1.6 m</name><description>Depth class 1.5-1.6 m · area 172 m² · ≈2 fused pixels · fill opacity 18%</description><styleUrl>#d0_a2e</styleUrl><Polygon><tessellate>1</tessellate><outerBoundaryIs><LinearRing><coordinates>73.9904614,18.5237653,0 73.9904561,18.5237900,0 73.9904610,18.5238111,0 73.9904759,18.5238288,0 73.9905009,18.5238429,0 73.9905361,18.5238536,0 73.9905631,18.5238517,0 73.9905819,18.5238374,0 73.9905927,18.5238106,0 73.9905952,18.5237713,0 73.9905891,18.5237428,0 73.9905742,18.5237252,0 73.9905505,18.5237184,0 73.9905180,18.5237223,0 73.9904924,18.5237315,0 73.9904735,18.5237458,0 73.9904614,18.5237653,0</coordinates></LinearRing></outerBoundaryIs></Polygon></Placemark>
<Placemark><name>1.5-1.6 m</name><description>Depth class 1.5-1.6 m · area 119 m² · ≈1 fused pixels · fill opacity 18%</description><styleUrl>#d0_a2e</styleUrl><Polygon><tessellate>1</tessellate><outerBoundaryIs><LinearRing><coordinates>73.8665954,18.5383397,0 73.8665786,18.5383590,0 73.8665724,18.5383781,0 73.8665769,18.5383969,0 73.8665920,18.5384153,0 73.8666178,18.5384335,0 73.8666404,18.5384410,0 73.8666598,18.5384380,0 73.8666760,18.5384243,0 73.8666890,18.5384000,0 73.8666933,18.5383785,0 73.8666888,18.5383597,0 73.8666756,18.5383437,0 73.8666536,18.5383305,0 73.8666330,18.5383254,0 73.8666136,18.5383285,0 73.8665954,18.5383397,0</coordinates></LinearRing></outerBoundaryIs></Polygon></Placemark>
<Placemark><name>1.5-1.6 m</name><description>Depth class 1.5-1.6 m · area 119 m² · ≈1 fused pixels · fill opacity 18%</description><styleUrl>#d0_a2e</styleUrl><Polygon><tessellate>1</tessellate><outerBoundaryIs><LinearRing><coordinates>73.9908009,18.5231637,0 73.9907746,18.5231636,0 73.9907554,18.5231705,0 73.9907433,18.5231844,0 73.9907383,18.5232054,0 73.9907405,18.5232334,0 73.9907495,18.5232539,0 73.9907653,18.5232668,0 73.9907878,18.5232723,0 73.9908172,18.5232702,0 73.9908379,18.5232621,0 73.9908500,18.5232482,0 73.9908534,18.5232284,0 73.9908483,18.5232026,0 73.9908378,18.5231832,0 73.9908220,18.5231703,0 73.9908009,18.5231637,0</coordinates></LinearRing></outerBoundaryIs></Polygon></Placemark>
<Placemark><name>1.5-1.6 m</name><description>Depth class 1.5-1.6 m · area 118 m² · ≈1 fused pixels · fill opacity 18%</description><styleUrl>#d0_a2e</styleUrl><Polygon><tessellate>1</tessellate><outerBoundaryIs><LinearRing><coordinates>73.9906083,18.5225957,0 73.9905915,18.5226151,0 73.9905851,18.5226341,0 73.9905894,18.5226528,0 73.9906041,18.5226711,0 73.9906294,18.5226891,0 73.9906517,18.5226966,0 73.9906711,18.5226935,0 73.9906876,18.5226799,0 73.9907011,18.5226557,0 73.9907058,18.5226343,0 73.9907016,18.5226156,0 73.9906885,18.5225997,0 73.9906665,18.5225865,0 73.9906458,18.5225814,0 73.9906264,18.5225845,0 73.9906083,18.5225957,0</coordinates></LinearRing></outerBoundaryIs></Polygon></Placemark>
</Folder>
<Folder><name>1.6-1.7 m</name>
<Placemark><name>1.6-1.7 m</name><description>Depth class 1.6-1.7 m · area 29,156 m² · ≈292 fused pixels · fill opacity 85%</description><styleUrl>#d1_ad9</styleUrl><Polygon><tessellate>1</tessellate><outerBoundaryIs><LinearRing><coordinates>73.9897887,18.5243558,0 73.9898184,18.5244640,0 73.9898576,18.5245455,0 73.9899061,18.5246002,0 73.9899641,18.5246282,0 73.9900314,18.5246295,0 73.9901026,18.5245994,0 73.9901776,18.5245379,0 73.9902564,18.5244449,0 73.9903391,18.5243205,0 73.9904108,18.5242240,0 73.9904717,18.5241556,0 73.9905218,18.5241151,0 73.9905609,18.5241026,0 73.9906171,18.5240619,0 73.9906902,18.5239929,0 73.9907804,18.5238958,0 73.9908875,18.5237705,0 73.9909883,18.5236745,0 73.9910828,18.5236078,0 73.9911710,18.5235703,0 73.9912529,18.5235622,0 73.9913317,18.5235395,0 73.9914075,18.5235023,0 73.9914803,18.5234507,0 73.9915501,18.5233846,0 73.9916109,18.5233153,0 73.9916627,18.5232429,0 73.9917056,18.5231673,0 73.9917395,18.5230885,0 73.9917803,18.5230198,0 73.9918281,18.5229612,0 73.9918826,18.5229126,0 73.9919441,18.5228741,0 73.9919900,18.5228310,0 73.9920204,18.5227834,0 73.9920351,18.5227312,0 73.9920343,18.5226745,0 73.9920206,18.5226317,0 73.9919939,18.5226030,0 73.9919543,18.5225884,0 73.9919017,18.5225877,0 73.9918526,18.5225703,0 73.9918068,18.5225361,0 73.9917645,18.5224851,0 73.9917256,18.5224174,0 73.9916801,18.5223626,0 73.9916282,18.5223207,0 73.9915697,18.5222917,0 73.9915047,18.5222756,0 73.9914550,18.5222548,0 73.9914205,18.5222296,0 73.9914013,18.5221997,0 73.9913973,18.5221652,0 73.9914000,18.5221308,0 73.9914095,18.5220966,0 73.9914258,18.5220624,0 73.9914488,18.5220284,0 73.9914596,18.5219955,0 73.9914583,18.5219637,0 73.9914448,18.5219331,0 73.9914192,18.5219036,0 73.9913838,18.5218881,0 73.9913385,18.5218866,0 73.9912835,18.5218992,0 73.9912187,18.5219257,0 73.9911721,18.5219562,0 73.9911438,18.5219905,0 73.9911337,18.5220286,0 73.9911418,18.5220706,0 73.9911424,18.5221107,0 73.9911354,18.5221490,0 73.9911210,18.5221853,0 73.9910989,18.5222198,0 73.9910561,18.5222587,0 73.9909924,18.5223021,0 73.9909078,18.5223500,0 73.9908024,18.5224023,0 73.9907108,18.5224595,0 73.9906329,18.5225215,0 73.9905688,18.5225883,0 73.9905184,18.5226599,0 73.9904796,18.5227309,0 73.9904524,18.5228012,0 73.9904368,18.5228710,0 73.9904328,18.5229401,0 73.9904163,18.5230108,0 73.9903874,18.5230831,0 73.9903460,18.5231571,0 73.9902922,18.5232326,0 73.9902271,18.5232930,0 73.9901506,18.5233383,0 73.9900629,18.5233685,0 73.9899639,18.5233836,0 73.9898930,18.5234168,0 73.9898503,18.5234682,0 73.9898357,18.5235377,0 73.9898493,18.5236254,0 73.9898807,18.5237033,0 73.9899297,18.5237715,0 73.9899965,18.5238300,0 73.9900811,18.5238787,0 73.9901465,18.5239241,0 73.9901927,18.5239661,0 73.9902199,18.5240048,0 73.9902278,18.5240402,0 73.9902281,18.5240727,0 73.9902207,18.5241023,0 73.9902055,18.5241290,0 73.9901826,18.5241528,0 73.9901402,18.5241710,0 73.9900783,18.5241835,0 73.9899967,18.5241904,0 73.9898957,18.5241917,0 73.9898273,18.5242197,0 73.9897916,18.5242744,0 73.9897887,18.5243558,0</coordinates></LinearRing></outerBoundaryIs></Polygon></Placemark>
<Placemark><name>1.6-1.7 m</name><description>Depth class 1.6-1.7 m · area 28,719 m² · ≈287 fused pixels · fill opacity 85%</description><styleUrl>#d1_ad9</styleUrl><Polygon><tessellate>1</tessellate><outerBoundaryIs><LinearRing><coordinates>73.9867901,18.5254759,0 73.9867617,18.5255540,0 73.9867577,18.5256186,0 73.9867782,18.5256697,0 73.9868230,18.5257073,0 73.9868922,18.5257314,0 73.9869444,18.5257588,0 73.9869794,18.5257896,0 73.9869973,18.5258237,0 73.9869982,18.5258611,0 73.9869894,18.5259012,0 73.9869710,18.5259438,0 73.9869431,18.5259891,0 73.9869056,18.5260370,0 73.9868906,18.5260818,0 73.9868982,18.5261236,0 73.9869284,18.5261624,0 73.9869811,18.5261982,0 73.9870593,18.5262027,0 73.9871628,18.5261760,0 73.9872918,18.5261181,0 73.9874461,18.5260289,0 73.9875874,18.5259629,0 73.9877156,18.5259202,0 73.9878306,18.5259006,0 73.9879326,18.5259042,0 73.9880159,18.5259212,0 73.9880807,18.5259516,0 73.9881270,18.5259955,0 73.9881547,18.5260527,0 73.9881886,18.5260916,0 73.9882288,18.5261122,0 73.9882752,18.5261144,0 73.9883279,18.5260983,0 73.9884151,18.5260518,0 73.9885368,18.5259747,0 73.9886931,18.5258671,0 73.9888838,18.5257291,0 73.9890282,18.5256178,0 73.9891261,18.5255335,0 73.9891776,18.5254760,0 73.9891827,18.5254453,0 73.9891810,18.5254150,0 73.9891724,18.5253852,0 73.9891569,18.5253559,0 73.9891347,18.5253269,0 73.9891174,18.5252886,0 73.9891053,18.5252411,0 73.9890981,18.5251841,0 73.9890960,18.5251179,0 73.9890762,18.5250401,0 73.9890387,18.5249508,0 73.9889835,18.5248499,0 73.9889105,18.5247375,0 73.9888386,18.5246531,0 73.9887678,18.5245969,0 73.9886980,18.5245687,0 73.9886292,18.5245686,0 73.9885683,18.5245621,0 73.9885152,18.5245490,0 73.9884700,18.5245295,0 73.9884326,18.5245035,0 73.9883455,18.5245273,0 73.9882085,18.5246007,0 73.9880217,18.5247240,0 73.9877851,18.5248970,0 73.9875703,18.5250394,0 73.9873773,18.5251511,0 73.9872061,18.5252323,0 73.9870567,18.5252829,0 73.9869376,18.5253403,0 73.9868487,18.5254047,0 73.9867901,18.5254759,0</coordinates></LinearRing></outerBoundaryIs></Polygon></Placemark>
<Placemark><name>1.6-1.7 m</name><description>Depth class 1.6-1.7 m · area 28,029 m² · ≈280 fused pixels · fill opacity 85%</description><styleUrl>#d1_ad9</styleUrl><Polygon><tessellate>1</tessellate><outerBoundaryIs><LinearRing><coordinates>73.8711952,18.5404207,0 73.8712257,18.5404542,0 73.8712898,18.5404859,0 73.8713874,18.5405158,0 73.8715186,18.5405439,0 73.8716834,18.5405701,0 73.8718182,18.5406001,0 73.8719231,18.5406340,0 73.8719979,18.5406718,0 73.8720427,18.5407134,0 73.8721424,18.5407736,0 73.8722969,18.5408524,0 73.8725062,18.5409499,0 73.8727703,18.5410659,0 73.8730000,18.5411358,0 73.8731952,18.5411595,0 73.8733559,18.5411370,0 73.8734822,18.5410682,0 73.8736098,18.5410177,0 73.8737387,18.5409854,0 73.8738689,18.5409713,0 73.8740005,18.5409754,0 73.8741177,18.5409952,0 73.8742206,18.5410306,0 73.8743090,18.5410816,0 73.8743831,18.5411483,0 73.8744542,18.5411951,0 73.8745223,18.5412223,0 73.8745874,18.5412296,0 73.8746496,18.5412172,0 73.8746952,18.5411829,0 73.8747243,18.5411267,0 73.8747368,18.5410487,0 73.8747328,18.5409487,0 73.8747116,18.5408626,0 73.8746733,18.5407902,0 73.8746178,18.5407316,0 73.8745452,18.5406867,0 73.8744725,18.5406520,0 73.8743998,18.5406275,0 73.8743270,18.5406132,0 73.8742541,18.5406090,0 73.8741819,18.5405897,0 73.8741101,18.5405552,0 73.8740389,18.5405055,0 73.8739683,18.5404406,0 73.8739079,18.5403944,0 73.8738576,18.5403668,0 73.8738176,18.5403578,0 73.8737878,18.5403675,0 73.8737688,18.5403952,0 73.8737607,18.5404408,0 73.8737634,18.5405045,0 73.8737770,18.5405861,0 73.8737775,18.5406587,0 73.8737648,18.5407224,0 73.8737389,18.5407771,0 73.8736998,18.5408228,0 73.8736420,18.5408609,0 73.8735656,18.5408915,0 73.8734704,18.5409146,0 73.8733566,18.5409301,0 73.8732651,18.5409136,0 73.8731961,18.5408649,0 73.8731494,18.5407842,0 73.8731251,18.5406713,0 73.8731195,18.5405703,0 73.8731325,18.5404811,0 73.8731641,18.5404038,0 73.8732144,18.5403382,0 73.8732470,18.5402841,0 73.8732618,18.5402414,0 73.8732590,18.5402100,0 73.8732384,18.5401901,0 73.8732048,18.5401741,0 73.8731581,18.5401620,0 73.8730984,18.5401537,0 73.8730256,18.5401493,0 73.8729657,18.5401365,0 73.8729188,18.5401151,0 73.8728848,18.5400852,0 73.8728638,18.5400468,0 73.8728239,18.5400057,0 73.8727650,18.5399620,0 73.8726873,18.5399155,0 73.8725906,18.5398664,0 73.8724501,18.5398295,0 73.8722659,18.5398049,0 73.8720379,18.5397926,0 73.8717661,18.5397926,0 73.8715556,18.5397994,0 73.8714061,18.5398130,0 73.8713179,18.5398334,0 73.8712908,18.5398607,0 73.8712642,18.5399104,0 73.8712380,18.5399826,0 73.8712124,18.5400774,0 73.8711872,18.5401946,0 73.8711759,18.5402909,0 73.8711786,18.5403662,0 73.8711952,18.5404207,0</coordinates></LinearRing></outerBoundaryIs></Polygon></Placemark>
<Placemark><name>1.6-1.7 m</name><description>Depth class 1.6-1.7 m · area 18,532 m² · ≈185 fused pixels · fill opacity 85%</description><styleUrl>#d1_ad9</styleUrl><Polygon><tessellate>1</tessellate><outerBoundaryIs><LinearRing><coordinates>73.8641312,18.5366693,0 73.8641481,18.5367377,0 73.8641772,18.5367994,0 73.8642185,18.5368542,0 73.8642720,18.5369022,0 73.8643377,18.5369434,0 73.8643882,18.5369923,0 73.8644233,18.5370490,0 73.8644432,18.5371135,0 73.8644478,18.5371857,0 73.8644720,18.5372538,0 73.8645159,18.5373180,0 73.8645794,18.5373780,0 73.8646626,18.5374341,0 73.8647289,18.5374848,0 73.8647783,18.5375301,0 73.8648108,18.5375700,0 73.8648265,18.5376046,0 73.8648559,18.5376425,0 73.8648988,18.5376836,0 73.8649554,18.5377280,0 73.8650256,18.5377756,0 73.8651017,18.5378122,0 73.8651837,18.5378377,0 73.8652716,18.5378521,0 73.8653654,18.5378554,0 73.8654420,18.5378681,0 73.8655013,18.5378900,0 73.8655434,18.5379212,0 73.8655683,18.5379617,0 73.8656045,18.5379984,0 73.8656520,18.5380311,0 73.8657108,18.5380601,0 73.8657810,18.5380851,0 73.8658611,18.5381031,0 73.8659513,18.5381139,0 73.8660514,18.5381177,0 73.8661614,18.5381145,0 73.8662422,18.5380985,0 73.8662938,18.5380699,0 73.8663160,18.5380286,0 73.8663090,18.5379747,0 73.8662820,18.5379373,0 73.8662350,18.5379165,0 73.8661680,18.5379123,0 73.8660810,18.5379246,0 73.8660041,18.5379259,0 73.8659374,18.5379161,0 73.8658807,18.5378953,0 73.8658341,18.5378634,0 73.8657990,18.5378202,0 73.8657751,18.5377657,0 73.8657627,18.5376999,0 73.8657617,18.5376229,0 73.8657363,18.5375367,0 73.8656867,18.5374414,0 73.8656128,18.5373369,0 73.8655145,18.5372232,0 73.8654145,18.5371344,0 73.8653126,18.5370705,0 73.8652088,18.5370314,0 73.8651032,18.5370171,0 73.8650281,18.5369832,0 73.8649835,18.5369296,0 73.8649695,18.5368564,0 73.8649861,18.5367635,0 73.8649865,18.5366886,0 73.8649710,18.5366315,0 73.8649393,18.5365924,0 73.8648916,18.5365712,0 73.8648500,18.5365307,0 73.8648146,18.5364709,0 73.8647852,18.5363918,0 73.8647619,18.5362933,0 73.8647259,18.5362018,0 73.8646772,18.5361172,0 73.8646159,18.5360395,0 73.8645418,18.5359687,0 73.8644761,18.5359178,0 73.8644188,18.5358867,0 73.8643698,18.5358754,0 73.8643291,18.5358840,0 73.8642979,18.5359221,0 73.8642762,18.5359898,0 73.8642640,18.5360871,0 73.8642613,18.5362139,0 73.8642498,18.5363192,0 73.8642295,18.5364029,0 73.8642004,18.5364650,0 73.8641626,18.5365057,0 73.8641385,18.5365532,0 73.8641280,18.5366078,0 73.8641312,18.5366693,0</coordinates></LinearRing></outerBoundaryIs></Polygon></Placemark>
<Placemark><name>1.6-1.7 m</name><description>Depth class 1.6-1.7 m · area 14,661 m² · ≈147 fused pixels · fill opacity 85%</description><styleUrl>#d1_ad9</styleUrl><Polygon><tessellate>1</tessellate><outerBoundaryIs><LinearRing><coordinates>73.8666144,18.5382234,0 73.8665011,18.5382214,0 73.8664160,18.5382570,0 73.8663589,18.5383301,0 73.8663301,18.5384409,0 73.8663294,18.5385892,0 73.8663348,18.5387065,0 73.8663465,18.5387928,0 73.8663644,18.5388482,0 73.8663885,18.5388725,0 73.8664175,18.5388819,0 73.8664512,18.5388763,0 73.8664898,18.5388558,0 73.8665333,18.5388203,0 73.8665860,18.5387940,0 73.8666481,18.5387769,0 73.8667196,18.5387690,0 73.8668004,18.5387702,0 73.8668857,18.5387833,0 73.8669757,18.5388081,0 73.8670704,18.5388447,0 73.8671696,18.5388931,0 73.8672484,18.5389384,0 73.8673067,18.5389806,0 73.8673446,18.5390197,0 73.8673620,18.5390556,0 73.8673865,18.5390890,0 73.8674182,18.5391198,0 73.8674570,18.5391480,0 73.8675030,18.5391737,0 73.8675512,18.5391930,0 73.8676018,18.5392059,0 73.8676546,18.5392126,0 73.8677098,18.5392128,0 73.8677685,18.5392305,0 73.8678307,18.5392657,0 73.8678966,18.5393184,0 73.8679660,18.5393886,0 73.8680372,18.5394406,0 73.8681103,18.5394746,0 73.8681853,18.5394905,0 73.8682622,18.5394883,0 73.8683205,18.5394747,0 73.8683602,18.5394498,0 73.8683813,18.5394136,0 73.8683839,18.5393660,0 73.8683910,18.5393261,0 73.8684028,18.5392939,0 73.8684191,18.5392695,0 73.8684401,18.5392527,0 73.8684722,18.5392458,0 73.8685155,18.5392486,0 73.8685699,18.5392612,0 73.8686354,18.5392835,0 73.8687153,18.5392980,0 73.8688095,18.5393045,0 73.8689179,18.5393032,0 73.8690407,18.5392940,0 73.8691278,18.5392785,0 73.8691794,18.5392569,0 73.8691953,18.5392291,0 73.8691756,18.5391951,0 73.8691382,18.5391690,0 73.8690833,18.5391508,0 73.8690106,18.5391406,0 73.8689203,18.5391383,0 73.8688334,18.5391255,0 73.8687500,18.5391022,0 73.8686700,18.5390683,0 73.8685934,18.5390239,0 73.8685190,18.5389900,0 73.8684468,18.5389667,0 73.8683768,18.5389539,0 73.8683089,18.5389516,0 73.8682454,18.5389391,0 73.8681863,18.5389161,0 73.8681315,18.5388828,0 73.8680810,18.5388391,0 73.8680261,18.5388075,0 73.8679667,18.5387878,0 73.8679029,18.5387803,0 73.8678347,18.5387847,0 73.8677764,18.5387758,0 73.8677282,18.5387535,0 73.8676900,18.5387179,0 73.8676619,18.5386689,0 73.8676290,18.5386309,0 73.8675915,18.5386038,0 73.8675492,18.5385876,0 73.8675022,18.5385824,0 73.8674265,18.5385567,0 73.8673221,18.5385106,0 73.8671890,18.5384440,0 73.8670271,18.5383569,0 73.8668774,18.5382911,0 73.8667399,18.5382466,0 73.8666144,18.5382234,0</coordinates></LinearRing></outerBoundaryIs></Polygon></Placemark>
<Placemark><name>1.6-1.7 m</name><description>Depth class 1.6-1.7 m · area 13,448 m² · ≈134 fused pixels · fill opacity 85%</description><styleUrl>#d1_ad9</styleUrl><Polygon><tessellate>1</tessellate><outerBoundaryIs><LinearRing><coordinates>73.8918606,18.5435034,0 73.8919124,18.5435354,0 73.8919526,18.5435779,0 73.8919812,18.5436307,0 73.8919982,18.5436940,0 73.8920036,18.5437678,0 73.8920608,18.5438234,0 73.8921698,18.5438608,0 73.8923306,18.5438801,0 73.8925432,18.5438812,0 73.8927078,18.5438661,0 73.8928246,18.5438349,0 73.8928934,18.5437874,0 73.8929143,18.5437238,0 73.8929448,18.5436743,0 73.8929850,18.5436390,0 73.8930347,18.5436178,0 73.8930941,18.5436107,0 73.8931409,18.5435928,0 73.8931750,18.5435642,0 73.8931966,18.5435249,0 73.8932056,18.5434748,0 73.8932263,18.5434240,0 73.8932587,18.5433725,0 73.8933028,18.5433204,0 73.8933585,18.5432676,0 73.8934426,18.5432270,0 73.8935550,18.5431985,0 73.8936958,18.5431821,0 73.8938649,18.5431779,0 73.8939980,18.5431668,0 73.8940949,18.5431489,0 73.8941558,18.5431241,0 73.8941805,18.5430925,0 73.8941867,18.5430598,0 73.8941743,18.5430260,0 73.8941434,18.5429912,0 73.8940939,18.5429553,0 73.8940228,18.5429335,0 73.8939302,18.5429258,0 73.8938160,18.5429323,0 73.8936802,18.5429529,0 73.8935638,18.5429574,0 73.8934667,18.5429457,0 73.8933888,18.5429178,0 73.8933303,18.5428739,0 73.8932667,18.5428472,0 73.8931981,18.5428379,0 73.8931245,18.5428460,0 73.8930459,18.5428714,0 73.8929646,18.5429170,0 73.8928804,18.5429830,0 73.8927935,18.5430692,0 73.8927038,18.5431757,0 73.8926268,18.5432554,0 73.8925623,18.5433081,0 73.8925104,18.5433340,0 73.8924711,18.5433330,0 73.8924303,18.5433218,0 73.8923879,18.5433004,0 73.8923440,18.5432688,0 73.8922985,18.5432271,0 73.8922506,18.5431956,0 73.8922001,18.5431744,0 73.8921471,18.5431634,0 73.8920917,18.5431627,0 73.8920368,18.5431695,0 73.8919824,18.5431837,0 73.8919286,18.5432054,0 73.8918754,18.5432346,0 73.8918347,18.5432676,0 73.8918065,18.5433043,0 73.8917908,18.5433448,0 73.8917876,18.5433891,0 73.8917982,18.5434302,0 73.8918225,18.5434684,0 73.8918606,18.5435034,0</coordinates></LinearRing></outerBoundaryIs></Polygon></Placemark>
<Placemark><name>1.6-1.7 m</name><description>Depth class 1.6-1.7 m · area 12,319 m² · ≈123 fused pixels · fill opacity 85%</description><styleUrl>#d1_ad9</styleUrl><Polygon><tessellate>1</tessellate><outerBoundaryIs><LinearRing><coordinates>73.9819450,18.5285015,0 73.9819519,18.5285304,0 73.9819962,18.5285523,0 73.9820778,18.5285673,0 73.9821967,18.5285754,0 73.9823529,18.5285766,0 73.9824867,18.5285690,0 73.9825980,18.5285529,0 73.9826870,18.5285280,0 73.9827535,18.5284945,0 73.9828197,18.5284865,0 73.9828857,18.5285041,0 73.9829513,18.5285473,0 73.9830166,18.5286161,0 73.9830710,18.5286630,0 73.9831143,18.5286882,0 73.9831467,18.5286914,0 73.9831681,18.5286729,0 73.9831843,18.5286466,0 73.9831951,18.5286126,0 73.9832007,18.5285708,0 73.9832010,18.5285213,0 73.9831899,18.5284793,0 73.9831675,18.5284449,0 73.9831338,18.5284179,0 73.9830887,18.5283985,0 73.9830530,18.5283773,0 73.9830266,18.5283544,0 73.9830097,18.5283297,0 73.9830021,18.5283033,0 73.9830183,18.5282599,0 73.9830582,18.5281995,0 73.9831218,18.5281220,0 73.9832092,18.5280275,0 73.9833009,18.5279442,0 73.9833972,18.5278720,0 73.9834978,18.5278109,0 73.9836028,18.5277609,0 73.9837097,18.5277233,0 73.9838185,18.5276979,0 73.9839291,18.5276849,0 73.9840415,18.5276841,0 73.9841449,18.5276778,0 73.9842391,18.5276657,0 73.9843242,18.5276480,0 73.9844002,18.5276247,0 73.9844644,18.5275977,0 73.9845167,18.5275669,0 73.9845573,18.5275324,0 73.9845861,18.5274942,0 73.9845950,18.5274477,0 73.9845842,18.5273927,0 73.9845537,18.5273293,0 73.9845033,18.5272576,0 73.9844383,18.5272035,0 73.9843586,18.5271670,0 73.9842643,18.5271481,0 73.9841553,18.5271468,0 73.9840544,18.5271579,0 73.9839614,18.5271814,0 73.9838765,18.5272173,0 73.9837997,18.5272656,0 73.9837329,18.5273164,0 73.9836761,18.5273697,0 73.9836294,18.5274254,0 73.9835928,18.5274837,0 73.9835462,18.5275287,0 73.9834896,18.5275605,0 73.9834229,18.5275791,0 73.9833463,18.5275845,0 73.9832696,18.5276007,0 73.9831928,18.5276275,0 73.9831160,18.5276651,0 73.9830391,18.5277134,0 73.9829757,18.5277557,0 73.9829258,18.5277921,0 73.9828893,18.5278225,0 73.9828662,18.5278469,0 73.9828455,18.5278907,0 73.9828270,18.5279536,0 73.9828107,18.5280359,0 73.9827968,18.5281375,0 73.9827442,18.5282147,0 73.9826531,18.5282675,0 73.9825235,18.5282958,0 73.9823553,18.5282998,0 73.9822187,18.5283124,0 73.9821135,18.5283334,0 73.9820399,18.5283630,0 73.9819978,18.5284011,0 73.9819679,18.5284369,0 73.9819503,18.5284704,0 73.9819450,18.5285015,0</coordinates></LinearRing></outerBoundaryIs></Polygon></Placemark>
<Placemark><name>1.6-1.7 m</name><description>Depth class 1.6-1.7 m · area 10,145 m² · ≈101 fused pixels · fill opacity 85%</description><styleUrl>#d1_ad9</styleUrl><Polygon><tessellate>1</tessellate><outerBoundaryIs><LinearRing><coordinates>73.8854685,18.5438057,0 73.8855550,18.5438709,0 73.8856223,18.5439307,0 73.8856703,18.5439852,0 73.8856991,18.5440342,0 73.8857087,18.5440778,0 73.8857208,18.5441125,0 73.8857356,18.5441383,0 73.8857529,18.5441553,0 73.8857728,18.5441633,0 73.8857998,18.5441588,0 73.8858338,18.5441419,0 73.8858748,18.5441125,0 73.8859228,18.5440706,0 73.8859685,18.5439965,0 73.8860119,18.5438902,0 73.8860530,18.5437517,0 73.8860917,18.5435811,0 73.8861527,18.5434521,0 73.8862360,18.5433649,0 73.8863416,18.5433195,0 73.8864695,18.5433158,0 73.8865754,18.5433186,0 73.8866594,18.5433280,0 73.8867215,18.5433438,0 73.8867616,18.5433662,0 73.8867995,18.5433776,0 73.8868351,18.5433781,0 73.8868685,18.5433675,0 73.8868996,18.5433460,0 73.8869401,18.5433293,0 73.8869899,18.5433175,0 73.8870491,18.5433105,0 73.8871176,18.5433084,0 73.8871738,18.5432990,0 73.8872177,18.5432821,0 73.8872492,18.5432579,0 73.8872683,18.5432263,0 73.8872583,18.5431939,0 73.8872190,18.5431608,0 73.8871505,18.5431268,0 73.8870528,18.5430921,0 73.8869436,18.5430659,0 73.8868229,18.5430481,0 73.8866907,18.5430389,0 73.8865469,18.5430381,0 73.8864317,18.5430428,0 73.8863449,18.5430529,0 73.8862866,18.5430685,0 73.8862569,18.5430896,0 73.8862101,18.5431086,0 73.8861463,18.5431255,0 73.8860656,18.5431404,0 73.8859679,18.5431532,0 73.8858842,18.5431599,0 73.8858145,18.5431604,0 73.8857588,18.5431549,0 73.8857171,18.5431432,0 73.8856735,18.5431411,0 73.8856279,18.5431485,0 73.8855804,18.5431653,0 73.8855309,18.5431917,0 73.8854870,18.5432225,0 73.8854487,18.5432577,0 73.8854161,18.5432972,0 73.8853891,18.5433412,0 73.8853683,18.5433930,0 73.8853535,18.5434526,0 73.8853449,18.5435200,0 73.8853425,18.5435951,0 73.8853623,18.5436678,0 73.8854043,18.5437380,0 73.8854685,18.5438057,0</coordinates></LinearRing></outerBoundaryIs></Polygon></Placemark>
<Placemark><name>1.6-1.7 m</name><description>Depth class 1.6-1.7 m · area 9,331 m² · ≈93 fused pixels · fill opacity 72%</description><styleUrl>#d1_ab8</styleUrl><Polygon><tessellate>1</tessellate><outerBoundaryIs><LinearRing><coordinates>73.8891404,18.5432042,0 73.8891187,18.5432443,0 73.8891145,18.5432771,0 73.8891277,18.5433027,0 73.8891583,18.5433209,0 73.8892063,18.5433318,0 73.8892514,18.5433524,0 73.8892937,18.5433827,0 73.8893330,18.5434226,0 73.8893694,18.5434722,0 73.8893871,18.5435196,0 73.8893862,18.5435649,0 73.8893666,18.5436081,0 73.8893283,18.5436492,0 73.8892877,18.5436735,0 73.8892448,18.5436810,0 73.8891995,18.5436718,0 73.8891519,18.5436459,0 73.8891100,18.5436307,0 73.8890737,18.5436262,0 73.8890432,18.5436325,0 73.8890182,18.5436495,0 73.8890106,18.5436789,0 73.8890202,18.5437208,0 73.8890470,18.5437750,0 73.8890911,18.5438417,0 73.8891603,18.5438928,0 73.8892546,18.5439283,0 73.8893740,18.5439482,0 73.8895185,18.5439526,0 73.8896344,18.5439436,0 73.8897217,18.5439212,0 73.8897804,18.5438854,0 73.8898106,18.5438363,0 73.8898650,18.5437952,0 73.8899435,18.5437622,0 73.8900462,18.5437373,0 73.8901731,18.5437204,0 73.8902769,18.5437230,0 73.8903575,18.5437450,0 73.8904149,18.5437864,0 73.8904492,18.5438473,0 73.8904727,18.5439053,0 73.8904852,18.5439605,0 73.8904869,18.5440128,0 73.8904777,18.5440623,0 73.8904786,18.5441094,0 73.8904896,18.5441540,0 73.8905108,18.5441961,0 73.8905421,18.5442358,0 73.8905741,18.5442614,0 73.8906066,18.5442728,0 73.8906399,18.5442701,0 73.8906737,18.5442532,0 73.8906982,18.5442022,0 73.8907132,18.5441173,0 73.8907188,18.5439982,0 73.8907151,18.5438452,0 73.8906705,18.5437230,0 73.8905853,18.5436319,0 73.8904593,18.5435716,0 73.8902926,18.5435423,0 73.8901588,18.5435117,0 73.8900578,18.5434800,0 73.8899896,18.5434471,0 73.8899543,18.5434130,0 73.8899241,18.5433742,0 73.8898989,18.5433307,0 73.8898789,18.5432825,0 73.8898640,18.5432297,0 73.8898110,18.5431897,0 73.8897200,18.5431625,0 73.8895908,18.5431481,0 73.8894237,18.5431465,0 73.8892929,18.5431553,0 73.8891984,18.5431745,0 73.8891404,18.5432042,0</coordinates></LinearRing></outerBoundaryIs></Polygon></Placemark>
<Placemark><name>1.6-1.7 m</name><description>Depth class 1.6-1.7 m · area 6,643 m² · ≈66 fused pixels · fill opacity 72%</description><styleUrl>#d1_ab8</styleUrl><Polygon><tessellate>1</tessellate><outerBoundaryIs><LinearRing><coordinates>73.8812237,18.5425588,0 73.8812542,18.5425923,0 73.8812876,18.5426147,0 73.8813238,18.5426259,0 73.8813628,18.5426259,0 73.8814046,18.5426148,0 73.8814496,18.5426103,0 73.8814978,18.5426124,0 73.8815491,18.5426212,0 73.8816036,18.5426366,0 73.8816563,18.5426587,0 73.8817070,18.5426875,0 73.8817560,18.5427230,0 73.8818031,18.5427651,0 73.8818794,18.5427959,0 73.8819849,18.5428153,0 73.8821196,18.5428233,0 73.8822835,18.5428200,0 73.8824114,18.5428294,0 73.8825031,18.5428515,0 73.8825586,18.5428863,0 73.8825781,18.5429337,0 73.8826046,18.5429794,0 73.8826381,18.5430231,0 73.8826786,18.5430650,0 73.8827262,18.5431050,0 73.8827788,18.5431125,0 73.8828366,18.5430873,0 73.8828995,18.5430295,0 73.8829675,18.5429391,0 73.8830182,18.5428630,0 73.8830514,18.5428013,0 73.8830673,18.5427538,0 73.8830659,18.5427207,0 73.8830573,18.5426894,0 73.8830415,18.5426598,0 73.8830186,18.5426321,0 73.8829886,18.5426061,0 73.8829507,18.5425937,0 73.8829049,18.5425949,0 73.8828511,18.5426097,0 73.8827895,18.5426380,0 73.8827351,18.5426522,0 73.8826878,18.5426522,0 73.8826477,18.5426380,0 73.8826148,18.5426097,0 73.8825725,18.5425841,0 73.8825206,18.5425613,0 73.8824593,18.5425413,0 73.8823886,18.5425240,0 73.8823278,18.5425198,0 73.8822770,18.5425286,0 73.8822362,18.5425504,0 73.8822054,18.5425853,0 73.8821726,18.5426117,0 73.8821380,18.5426296,0 73.8821014,18.5426390,0 73.8820629,18.5426399,0 73.8820264,18.5426242,0 73.8819917,18.5425919,0 73.8819590,18.5425429,0 73.8819281,18.5424774,0 73.8818649,18.5424246,0 73.8817695,18.5423845,0 73.8816417,18.5423572,0 73.8814817,18.5423426,0 73.8813577,18.5423434,0 73.8812697,18.5423596,0 73.8812177,18.5423912,0 73.8812018,18.5424381,0 73.8811975,18.5424817,0 73.8812048,18.5425219,0 73.8812237,18.5425588,0</coordinates></LinearRing></outerBoundaryIs></Polygon></Placemark>
<Placemark><name>1.6-1.7 m</name><description>Depth class 1.6-1.7 m · area 4,493 m² · ≈45 fused pixels · fill opacity 72%</description><styleUrl>#d1_ab8</styleUrl><Polygon><tessellate>1</tessellate><outerBoundaryIs><LinearRing><coordinates>73.8875089,18.5432498,0 73.8875123,18.5433141,0 73.8875058,18.5433773,0 73.8874895,18.5434396,0 73.8874633,18.5435008,0 73.8874272,18.5435610,0 73.8874120,18.5436108,0 73.8874177,18.5436503,0 73.8874443,18.5436794,0 73.8874918,18.5436981,0 73.8875323,18.5436999,0 73.8875659,18.5436847,0 73.8875926,18.5436527,0 73.8876122,18.5436038,0 73.8876382,18.5435637,0 73.8876704,18.5435323,0 73.8877088,18.5435097,0 73.8877535,18.5434958,0 73.8877922,18.5434970,0 73.8878250,18.5435131,0 73.8878519,18.5435443,0 73.8878728,18.5435904,0 73.8878767,18.5436351,0 73.8878635,18.5436782,0 73.8878334,18.5437198,0 73.8877862,18.5437598,0 73.8877509,18.5437961,0 73.8877276,18.5438286,0 73.8877162,18.5438573,0 73.8877167,18.5438822,0 73.8877261,18.5439026,0 73.8877443,18.5439187,0 73.8877713,18.5439303,0 73.8878072,18.5439374,0 73.8878466,18.5439363,0 73.8878895,18.5439271,0 73.8879358,18.5439096,0 73.8879857,18.5438839,0 73.8880364,18.5438470,0 73.8880880,18.5437989,0 73.8881405,18.5437396,0 73.8881938,18.5436691,0 73.8882327,18.5435935,0 73.8882573,18.5435128,0 73.8882674,18.5434270,0 73.8882631,18.5433361,0 73.8882385,18.5432770,0 73.8881935,18.5432497,0 73.8881283,18.5432542,0 73.8880428,18.5432904,0 73.8879695,18.5433050,0 73.8879087,18.5432979,0 73.8878601,18.5432691,0 73.8878240,18.5432188,0 73.8877802,18.5431816,0 73.8877289,18.5431577,0 73.8876700,18.5431470,0 73.8876036,18.5431496,0 73.8875546,18.5431676,0 73.8875230,18.5432010,0 73.8875089,18.5432498,0</coordinates></LinearRing></outerBoundaryIs></Polygon></Placemark>
<Placemark><name>1.6-1.7 m</name><description>Depth class 1.6-1.7 m · area 4,250 m² · ≈42 fused pixels · fill opacity 72%</description><styleUrl>#d1_ab8</styleUrl><Polygon><tessellate>1</tessellate><outerBoundaryIs><LinearRing><coordinates>73.9288140,18.5374118,0 73.9288429,18.5374448,0 73.9288915,18.5374753,0 73.9289596,18.5375034,0 73.9290473,18.5375291,0 73.9291547,18.5375524,0 73.9292463,18.5375618,0 73.9293223,18.5375574,0 73.9293826,18.5375392,0 73.9294273,18.5375071,0 73.9294553,18.5374695,0 73.9294666,18.5374264,0 73.9294611,18.5373777,0 73.9294390,18.5373234,0 73.9294292,18.5372717,0 73.9294318,18.5372227,0 73.9294467,18.5371762,0 73.9294739,18.5371323,0 73.9294825,18.5370876,0 73.9294726,18.5370419,0 73.9294440,18.5369954,0 73.9293969,18.5369479,0 73.9293521,18.5369121,0 73.9293095,18.5368880,0 73.9292692,18.5368754,0 73.9292312,18.5368745,0 73.9291785,18.5368906,0 73.9291111,18.5369237,0 73.9290291,18.5369738,0 73.9289324,18.5370410,0 73.9288589,18.5371051,0 73.9288084,18.5371663,0 73.9287811,18.5372244,0 73.9287769,18.5372796,0 73.9287810,18.5373292,0 73.9287933,18.5373733,0 73.9288140,18.5374118,0</coordinates></LinearRing></outerBoundaryIs></Polygon></Placemark>
<Placemark><name>1.6-1.7 m</name><description>Depth class 1.6-1.7 m · area 4,231 m² · ≈42 fused pixels · fill opacity 72%</description><styleUrl>#d1_ab8</styleUrl><Polygon><tessellate>1</tessellate><outerBoundaryIs><LinearRing><coordinates>73.8584778,18.5314078,0 73.8584789,18.5314340,0 73.8584946,18.5314546,0 73.8585248,18.5314698,0 73.8585694,18.5314795,0 73.8586286,18.5314837,0 73.8586797,18.5314921,0 73.8587226,18.5315046,0 73.8587575,18.5315214,0 73.8587842,18.5315423,0 73.8588287,18.5315583,0 73.8588910,18.5315692,0 73.8589711,18.5315752,0 73.8590689,18.5315762,0 73.8591471,18.5315572,0 73.8592057,18.5315184,0 73.8592447,18.5314596,0 73.8592641,18.5313808,0 73.8592926,18.5313138,0 73.8593303,18.5312584,0 73.8593770,18.5312147,0 73.8594329,18.5311827,0 73.8594685,18.5311527,0 73.8594838,18.5311246,0 73.8594788,18.5310985,0 73.8594535,18.5310742,0 73.8594129,18.5310613,0 73.8593570,18.5310597,0 73.8592858,18.5310694,0 73.8591992,18.5310903,0 73.8591197,18.5310951,0 73.8590471,18.5310837,0 73.8589815,18.5310560,0 73.8589230,18.5310122,0 73.8588566,18.5310057,0 73.8587824,18.5310365,0 73.8587004,18.5311047,0 73.8586107,18.5312103,0 73.8585436,18.5312960,0 73.8584993,18.5313618,0 73.8584778,18.5314078,0</coordinates></LinearRing></outerBoundaryIs></Polygon></Placemark>
<Placemark><name>1.6-1.7 m</name><description>Depth class 1.6-1.7 m · area 4,207 m² · ≈42 fused pixels · fill opacity 72%</description><styleUrl>#d1_ab8</styleUrl><Polygon><tessellate>1</tessellate><outerBoundaryIs><LinearRing><coordinates>73.9811548,18.5288537,0 73.9811054,18.5289166,0 73.9810877,18.5289867,0 73.9811016,18.5290639,0 73.9811472,18.5291483,0 73.9812244,18.5292399,0 73.9813040,18.5293093,0 73.9813860,18.5293565,0 73.9814703,18.5293816,0 73.9815571,18.5293845,0 73.9816307,18.5293922,0 73.9816912,18.5294047,0 73.9817385,18.5294220,0 73.9817727,18.5294441,0 73.9818067,18.5294542,0 73.9818405,18.5294523,0 73.9818742,18.5294384,0 73.9819077,18.5294126,0 73.9819273,18.5293837,0 73.9819329,18.5293517,0 73.9819245,18.5293168,0 73.9819022,18.5292788,0 73.9818734,18.5292464,0 73.9818382,18.5292196,0 73.9817964,18.5291985,0 73.9817482,18.5291829,0 73.9817124,18.5291540,0 73.9816889,18.5291119,0 73.9816777,18.5290565,0 73.9816790,18.5289878,0 73.9816664,18.5289246,0 73.9816401,18.5288671,0 73.9816000,18.5288150,0 73.9815460,18.5287686,0 73.9814908,18.5287375,0 73.9814344,18.5287219,0 73.9813766,18.5287216,0 73.9813175,18.5287367,0 73.9812608,18.5287638,0 73.9812066,18.5288028,0 73.9811548,18.5288537,0</coordinates></LinearRing></outerBoundaryIs></Polygon></Placemark>
<Placemark><name>1.6-1.7 m</name><description>Depth class 1.6-1.7 m · area 3,602 m² · ≈36 fused pixels · fill opacity 72%</description><styleUrl>#d1_ab8</styleUrl><Polygon><tessellate>1</tessellate><outerBoundaryIs><LinearRing><coordinates>73.8559980,18.5323776,0 73.8560301,18.5324115,0 73.8560846,18.5324370,0 73.8561613,18.5324542,0 73.8562603,18.5324629,0 73.8563817,18.5324632,0 73.8564815,18.5324428,0 73.8565600,18.5324016,0 73.8566170,18.5323397,0 73.8566527,18.5322570,0 73.8566664,18.5321822,0 73.8566583,18.5321153,0 73.8566284,18.5320564,0 73.8565766,18.5320054,0 73.8565173,18.5319669,0 73.8564503,18.5319409,0 73.8563757,18.5319274,0 73.8562935,18.5319263,0 73.8562186,18.5319376,0 73.8561512,18.5319610,0 73.8560911,18.5319967,0 73.8560384,18.5320447,0 73.8559982,18.5320937,0 73.8559707,18.5321440,0 73.8559557,18.5321954,0 73.8559534,18.5322479,0 73.8559596,18.5322957,0 73.8559745,18.5323390,0 73.8559980,18.5323776,0</coordinates></LinearRing></outerBoundaryIs></Polygon></Placemark>
<Placemark><name>1.6-1.7 m</name><description>Depth class 1.6-1.7 m · area 3,136 m² · ≈31 fused pixels · fill opacity 72%</description><styleUrl>#d1_ab8</styleUrl><Polygon><tessellate>1</tessellate><outerBoundaryIs><LinearRing><coordinates>73.9849162,18.5272813,0 73.9849078,18.5273657,0 73.9849136,18.5274295,0 73.9849336,18.5274726,0 73.9849678,18.5274951,0 73.9850162,18.5274969,0 73.9850695,18.5274824,0 73.9851275,18.5274517,0 73.9851903,18.5274048,0 73.9852579,18.5273416,0 73.9853267,18.5272927,0 73.9853968,18.5272584,0 73.9854682,18.5272384,0 73.9855408,18.5272328,0 73.9856006,18.5272151,0 73.9856476,18.5271853,0 73.9856817,18.5271433,0 73.9857029,18.5270893,0 73.9856869,18.5270407,0 73.9856334,18.5269976,0 73.9855426,18.5269599,0 73.9854145,18.5269277,0 73.9853001,18.5269208,0 73.9851993,18.5269391,0 73.9851122,18.5269826,0 73.9850388,18.5270514,0 73.9849817,18.5271241,0 73.9849408,18.5272007,0 73.9849162,18.5272813,0</coordinates></LinearRing></outerBoundaryIs></Polygon></Placemark>
<Placemark><name>1.6-1.7 m</name><description>Depth class 1.6-1.7 m · area 2,809 m² · ≈28 fused pixels · fill opacity 72%</description><styleUrl>#d1_ab8</styleUrl><Polygon><tessellate>1</tessellate><outerBoundaryIs><LinearRing><coordinates>73.8696195,18.5397179,0 73.8696036,18.5397403,0 73.8696025,18.5397682,0 73.8696162,18.5398015,0 73.8696447,18.5398404,0 73.8696880,18.5398846,0 73.8697549,18.5399185,0 73.8698454,18.5399419,0 73.8699594,18.5399549,0 73.8700971,18.5399575,0 73.8702119,18.5399685,0 73.8703039,18.5399878,0 73.8703729,18.5400156,0 73.8704191,18.5400518,0 73.8704593,18.5400767,0 73.8704936,18.5400905,0 73.8705219,18.5400930,0 73.8705442,18.5400843,0 73.8705609,18.5400662,0 73.8705718,18.5400387,0 73.8705771,18.5400017,0 73.8705767,18.5399553,0 73.8705638,18.5399085,0 73.8705383,18.5398613,0 73.8705003,18.5398137,0 73.8704498,18.5397657,0 73.8703663,18.5397290,0 73.8702497,18.5397039,0 73.8701000,18.5396901,0 73.8699173,18.5396878,0 73.8697764,18.5396916,0 73.8696771,18.5397017,0 73.8696195,18.5397179,0</coordinates></LinearRing></outerBoundaryIs></Polygon></Placemark>
<Placemark><name>1.6-1.7 m</name><description>Depth class 1.6-1.7 m · area 2,802 m² · ≈28 fused pixels · fill opacity 72%</description><styleUrl>#d1_ab8</styleUrl><Polygon><tessellate>1</tessellate><outerBoundaryIs><LinearRing><coordinates>73.9142922,18.5394574,0 73.9142879,18.5395006,0 73.9143033,18.5395352,0 73.9143385,18.5395611,0 73.9143934,18.5395782,0 73.9144681,18.5395866,0 73.9145304,18.5396032,0 73.9145804,18.5396278,0 73.9146180,18.5396606,0 73.9146434,18.5397014,0 73.9146870,18.5397302,0 73.9147490,18.5397467,0 73.9148294,18.5397512,0 73.9149282,18.5397435,0 73.9149919,18.5397177,0 73.9150205,18.5396739,0 73.9150140,18.5396120,0 73.9149725,18.5395320,0 73.9149233,18.5394607,0 73.9148664,18.5393979,0 73.9148019,18.5393439,0 73.9147297,18.5392984,0 73.9146661,18.5392644,0 73.9146109,18.5392419,0 73.9145643,18.5392308,0 73.9145261,18.5392313,0 73.9144869,18.5392416,0 73.9144465,18.5392619,0 73.9144050,18.5392921,0 73.9143625,18.5393322,0 73.9143295,18.5393732,0 73.9143061,18.5394149,0 73.9142922,18.5394574,0</coordinates></LinearRing></outerBoundaryIs></Polygon></Placemark>
<Placemark><name>1.6-1.7 m</name><description>Depth class 1.6-1.7 m · area 2,383 m² · ≈24 fused pixels · fill opacity 55%</description><styleUrl>#d1_a8c</styleUrl><Polygon><tessellate>1</tessellate><outerBoundaryIs><LinearRing><coordinates>73.9614843,18.5454889,0 73.9614691,18.5455128,0 73.9614699,18.5455417,0 73.9614868,18.5455756,0 73.9615198,18.5456145,0 73.9615687,18.5456585,0 73.9616252,18.5456806,0 73.9616892,18.5456809,0 73.9617606,18.5456594,0 73.9618396,18.5456160,0 73.9619163,18.5455830,0 73.9619907,18.5455603,0 73.9620628,18.5455478,0 73.9621326,18.5455457,0 73.9621904,18.5455368,0 73.9622362,18.5455212,0 73.9622700,18.5454988,0 73.9622917,18.5454696,0 73.9622968,18.5454387,0 73.9622853,18.5454060,0 73.9622571,18.5453715,0 73.9622122,18.5453353,0 73.9621651,18.5453077,0 73.9621157,18.5452888,0 73.9620641,18.5452786,0 73.9620102,18.5452770,0 73.9619433,18.5452870,0 73.9618636,18.5453085,0 73.9617709,18.5453416,0 73.9616654,18.5453862,0 73.9615824,18.5454256,0 73.9615221,18.5454598,0 73.9614843,18.5454889,0</coordinates></LinearRing></outerBoundaryIs></Polygon></Placemark>
<Placemark><name>1.6-1.7 m</name><description>Depth class 1.6-1.7 m · area 2,212 m² · ≈22 fused pixels · fill opacity 55%</description><styleUrl>#d1_a8c</styleUrl><Polygon><tessellate>1</tessellate><outerBoundaryIs><LinearRing><coordinates>73.9758584,18.5347400,0 73.9758320,18.5348255,0 73.9758287,18.5349003,0 73.9758483,18.5349644,0 73.9758910,18.5350177,0 73.9759567,18.5350603,0 73.9760179,18.5350807,0 73.9760744,18.5350789,0 73.9761264,18.5350549,0 73.9761737,18.5350087,0 73.9762149,18.5349450,0 73.9762499,18.5348639,0 73.9762787,18.5347653,0 73.9763014,18.5346492,0 73.9762910,18.5345707,0 73.9762476,18.5345297,0 73.9761713,18.5345263,0 73.9760619,18.5345605,0 73.9759733,18.5346075,0 73.9759055,18.5346673,0 73.9758584,18.5347400,0</coordinates></LinearRing></outerBoundaryIs></Polygon></Placemark>
<Placemark><name>1.6-1.7 m</name><description>Depth class 1.6-1.7 m · area 2,197 m² · ≈22 fused pixels · fill opacity 55%</description><styleUrl>#d1_a8c</styleUrl><Polygon><tessellate>1</tessellate><outerBoundaryIs><LinearRing><coordinates>73.9265695,18.5382751,0 73.9265821,18.5383204,0 73.9266050,18.5383600,0 73.9266382,18.5383940,0 73.9266816,18.5384222,0 73.9267353,18.5384448,0 73.9267807,18.5384400,0 73.9268179,18.5384079,0 73.9268467,18.5383484,0 73.9268672,18.5382615,0 73.9268996,18.5381956,0 73.9269440,18.5381506,0 73.9270003,18.5381267,0 73.9270686,18.5381237,0 73.9271227,18.5381163,0 73.9271625,18.5381046,0 73.9271881,18.5380885,0 73.9271995,18.5380681,0 73.9272009,18.5380429,0 73.9271922,18.5380130,0 73.9271736,18.5379785,0 73.9271449,18.5379391,0 73.9270989,18.5379135,0 73.9270357,18.5379015,0 73.9269552,18.5379032,0 73.9268575,18.5379185,0 73.9267741,18.5379466,0 73.9267052,18.5379875,0 73.9266507,18.5380411,0 73.9266106,18.5381076,0 73.9265837,18.5381687,0 73.9265700,18.5382246,0 73.9265695,18.5382751,0</coordinates></LinearRing></outerBoundaryIs></Polygon></Placemark>
<Placemark><name>1.6-1.7 m</name><description>Depth class 1.6-1.7 m · area 2,166 m² · ≈22 fused pixels · fill opacity 55%</description><styleUrl>#d1_a8c</styleUrl><Polygon><tessellate>1</tessellate><outerBoundaryIs><LinearRing><coordinates>73.9693950,18.5431177,0 73.9693778,18.5431583,0 73.9693928,18.5432013,0 73.9694399,18.5432467,0 73.9695191,18.5432944,0 73.9696305,18.5433445,0 73.9697227,18.5433815,0 73.9697957,18.5434053,0 73.9698496,18.5434160,0 73.9698843,18.5434135,0 73.9699229,18.5433988,0 73.9699654,18.5433719,0 73.9700118,18.5433328,0 73.9700621,18.5432815,0 73.9700914,18.5432339,0 73.9700997,18.5431902,0 73.9700870,18.5431503,0 73.9700532,18.5431141,0 73.9699915,18.5430869,0 73.9699019,18.5430684,0 73.9697844,18.5430588,0 73.9696390,18.5430580,0 73.9695256,18.5430675,0 73.9694443,18.5430874,0 73.9693950,18.5431177,0</coordinates></LinearRing></outerBoundaryIs></Polygon></Placemark>
<Placemark><name>1.6-1.7 m</name><description>Depth class 1.6-1.7 m · area 2,107 m² · ≈21 fused pixels · fill opacity 55%</description><styleUrl>#d1_a8c</styleUrl><Polygon><tessellate>1</tessellate><outerBoundaryIs><LinearRing><coordinates>73.9921203,18.5225260,0 73.9921512,18.5225454,0 73.9921823,18.5225535,0 73.9922137,18.5225502,0 73.9922454,18.5225356,0 73.9922774,18.5225095,0 73.9922956,18.5224720,0 73.9922999,18.5224231,0 73.9922905,18.5223627,0 73.9922672,18.5222910,0 73.9922617,18.5222269,0 73.9922740,18.5221704,0 73.9923040,18.5221216,0 73.9923518,18.5220805,0 73.9923940,18.5220373,0 73.9924307,18.5219920,0 73.9924619,18.5219447,0 73.9924876,18.5218952,0 73.9925047,18.5218512,0 73.9925134,18.5218126,0 73.9925135,18.5217793,0 73.9925051,18.5217515,0 73.9924774,18.5217355,0 73.9924305,18.5217313,0 73.9923644,18.5217389,0 73.9922790,18.5217582,0 73.9922102,18.5218171,0 73.9921579,18.5219155,0 73.9921221,18.5220534,0 73.9921029,18.5222307,0 73.9920962,18.5223686,0 73.9921020,18.5224670,0 73.9921203,18.5225260,0</coordinates></LinearRing></outerBoundaryIs></Polygon></Placemark>
<Placemark><name>1.6-1.7 m</name><description>Depth class 1.6-1.7 m · area 2,003 m² · ≈20 fused pixels · fill opacity 55%</description><styleUrl>#d1_a8c</styleUrl><Polygon><tessellate>1</tessellate><outerBoundaryIs><LinearRing><coordinates>73.9773446,18.5327586,0 73.9773503,18.5328459,0 73.9773728,18.5329109,0 73.9774124,18.5329536,0 73.9774689,18.5329739,0 73.9775423,18.5329719,0 73.9776107,18.5329532,0 73.9776741,18.5329179,0 73.9777325,18.5328660,0 73.9777858,18.5327975,0 73.9778257,18.5327378,0 73.9778520,18.5326870,0 73.9778648,18.5326451,0 73.9778642,18.5326120,0 73.9778433,18.5325850,0 73.9778021,18.5325641,0 73.9777408,18.5325493,0 73.9776591,18.5325406,0 73.9775854,18.5325404,0 73.9775195,18.5325485,0 73.9774615,18.5325651,0 73.9774114,18.5325901,0 73.9773752,18.5326307,0 73.9773529,18.5326868,0 73.9773446,18.5327586,0</coordinates></LinearRing></outerBoundaryIs></Polygon></Placemark>
<Placemark><name>1.6-1.7 m</name><description>Depth class 1.6-1.7 m · area 1,940 m² · ≈19 fused pixels · fill opacity 55%</description><styleUrl>#d1_a8c</styleUrl><Polygon><tessellate>1</tessellate><outerBoundaryIs><LinearRing><coordinates>73.8626493,18.5340481,0 73.8626185,18.5341065,0 73.8626026,18.5341624,0 73.8626016,18.5342157,0 73.8626155,18.5342663,0 73.8626442,18.5343144,0 73.8626781,18.5343570,0 73.8627173,18.5343941,0 73.8627615,18.5344259,0 73.8628110,18.5344521,0 73.8628569,18.5344705,0 73.8628991,18.5344809,0 73.8629377,18.5344834,0 73.8629728,18.5344780,0 73.8630000,18.5344545,0 73.8630193,18.5344129,0 73.8630308,18.5343533,0 73.8630344,18.5342757,0 73.8630253,18.5342053,0 73.8630034,18.5341422,0 73.8629687,18.5340864,0 73.8629212,18.5340379,0 73.8628759,18.5340012,0 73.8628329,18.5339764,0 73.8627921,18.5339634,0 73.8627534,18.5339622,0 73.8627168,18.5339759,0 73.8626821,18.5340046,0 73.8626493,18.5340481,0</coordinates></LinearRing></outerBoundaryIs></Polygon></Placemark>
<Placemark><name>1.6-1.7 m</name><description>Depth class 1.6-1.7 m · area 1,635 m² · ≈16 fused pixels · fill opacity 55%</description><styleUrl>#d1_a8c</styleUrl><Polygon><tessellate>1</tessellate><outerBoundaryIs><LinearRing><coordinates>73.9135464,18.5398854,0 73.9135760,18.5399384,0 73.9136066,18.5399785,0 73.9136381,18.5400055,0 73.9136707,18.5400196,0 73.9137042,18.5400208,0 73.9137407,18.5399903,0 73.9137801,18.5399281,0 73.9138223,18.5398344,0 73.9138675,18.5397089,0 73.9138763,18.5396136,0 73.9138488,18.5395484,0 73.9137849,18.5395134,0 73.9136847,18.5395084,0 73.9136074,18.5395237,0 73.9135533,18.5395594,0 73.9135222,18.5396153,0 73.9135141,18.5396916,0 73.9135155,18.5397620,0 73.9135262,18.5398266,0 73.9135464,18.5398854,0</coordinates></LinearRing></outerBoundaryIs></Polygon></Placemark>
<Placemark><name>1.6-1.7 m</name><description>Depth class 1.6-1.7 m · area 1,544 m² · ≈15 fused pixels · fill opacity 55%</description><styleUrl>#d1_a8c</styleUrl><Polygon><tessellate>1</tessellate><outerBoundaryIs><LinearRing><coordinates>73.9858293,18.5267617,0 73.9858742,18.5267650,0 73.9859151,18.5267493,0 73.9859521,18.5267146,0 73.9859849,18.5266610,0 73.9860138,18.5265884,0 73.9860212,18.5265194,0 73.9860070,18.5264539,0 73.9859714,18.5263921,0 73.9859143,18.5263338,0 73.9858622,18.5262937,0 73.9858152,18.5262718,0 73.9857731,18.5262680,0 73.9857361,18.5262824,0 73.9857082,18.5263157,0 73.9856895,18.5263679,0 73.9856801,18.5264390,0 73.9856798,18.5265290,0 73.9856847,18.5266023,0 73.9856949,18.5266589,0 73.9857103,18.5266988,0 73.9857309,18.5267220,0 73.9857576,18.5267402,0 73.9857904,18.5267535,0 73.9858293,18.5267617,0</coordinates></LinearRing></outerBoundaryIs></Polygon></Placemark>
<Placemark><name>1.6-1.7 m</name><description>Depth class 1.6-1.7 m · area 1,445 m² · ≈14 fused pixels · fill opacity 55%</description><styleUrl>#d1_a8c</styleUrl><Polygon><tessellate>1</tessellate><outerBoundaryIs><LinearRing><coordinates>73.8869043,18.5443104,0 73.8869398,18.5443447,0 73.8869967,18.5443705,0 73.8870752,18.5443878,0 73.8871751,18.5443967,0 73.8872966,18.5443971,0 73.8873938,18.5443902,0 73.8874668,18.5443762,0 73.8875156,18.5443550,0 73.8875402,18.5443265,0 73.8875553,18.5443012,0 73.8875607,18.5442789,0 73.8875567,18.5442598,0 73.8875431,18.5442438,0 73.8875077,18.5442312,0 73.8874507,18.5442222,0 73.8873720,18.5442167,0 73.8872716,18.5442147,0 73.8871883,18.5442077,0 73.8871223,18.5441959,0 73.8870733,18.5441791,0 73.8870416,18.5441575,0 73.8870102,18.5441424,0 73.8869790,18.5441338,0 73.8869482,18.5441318,0 73.8869176,18.5441364,0 73.8868934,18.5441471,0 73.8868756,18.5441639,0 73.8868641,18.5441867,0 73.8868589,18.5442156,0 73.8868639,18.5442459,0 73.8868790,18.5442775,0 73.8869043,18.5443104,0</coordinates></LinearRing></outerBoundaryIs></Polygon></Placemark>
<Placemark><name>1.6-1.7 m</name><description>Depth class 1.6-1.7 m · area 1,419 m² · ≈14 fused pixels · fill opacity 55%</description><styleUrl>#d1_a8c</styleUrl><Polygon><tessellate>1</tessellate><outerBoundaryIs><LinearRing><coordinates>73.9530025,18.5455194,0 73.9529962,18.5455427,0 73.9530063,18.5455720,0 73.9530326,18.5456073,0 73.9530754,18.5456485,0 73.9531344,18.5456957,0 73.9531921,18.5457194,0 73.9532482,18.5457197,0 73.9533030,18.5456964,0 73.9533563,18.5456497,0 73.9534010,18.5456016,0 73.9534371,18.5455520,0 73.9534646,18.5455011,0 73.9534835,18.5454488,0 73.9534899,18.5454064,0 73.9534840,18.5453738,0 73.9534657,18.5453511,0 73.9534349,18.5453383,0 73.9533883,18.5453390,0 73.9533258,18.5453533,0 73.9532475,18.5453811,0 73.9531532,18.5454224,0 73.9530810,18.5454592,0 73.9530307,18.5454915,0 73.9530025,18.5455194,0</coordinates></LinearRing></outerBoundaryIs></Polygon></Placemark>
<Placemark><name>1.6-1.7 m</name><description>Depth class 1.6-1.7 m · area 1,411 m² · ≈14 fused pixels · fill opacity 55%</description><styleUrl>#d1_a8c</styleUrl><Polygon><tessellate>1</tessellate><outerBoundaryIs><LinearRing><coordinates>73.9152581,18.5396993,0 73.9151886,18.5397300,0 73.9151395,18.5397628,0 73.9151107,18.5397977,0 73.9151023,18.5398346,0 73.9151141,18.5398735,0 73.9151431,18.5399074,0 73.9151892,18.5399362,0 73.9152526,18.5399599,0 73.9153330,18.5399786,0 73.9154013,18.5399632,0 73.9154573,18.5399137,0 73.9155011,18.5398302,0 73.9155327,18.5397126,0 73.9155472,18.5396226,0 73.9155449,18.5395604,0 73.9155255,18.5395258,0 73.9154892,18.5395189,0 73.9154575,18.5395228,0 73.9154302,18.5395374,0 73.9154076,18.5395628,0 73.9153894,18.5395989,0 73.9153584,18.5396337,0 73.9153146,18.5396672,0 73.9152581,18.5396993,0</coordinates></LinearRing></outerBoundaryIs></Polygon></Placemark>
<Placemark><name>1.6-1.7 m</name><description>Depth class 1.6-1.7 m · area 1,396 m² · ≈14 fused pixels · fill opacity 55%</description><styleUrl>#d1_a8c</styleUrl><Polygon><tessellate>1</tessellate><outerBoundaryIs><LinearRing><coordinates>73.8752029,18.5410206,0 73.8751886,18.5410458,0 73.8751889,18.5410693,0 73.8752037,18.5410910,0 73.8752332,18.5411110,0 73.8752773,18.5411292,0 73.8753209,18.5411596,0 73.8753638,18.5412023,0 73.8754062,18.5412573,0 73.8754480,18.5413245,0 73.8754943,18.5413756,0 73.8755451,18.5414106,0 73.8756004,18.5414295,0 73.8756603,18.5414323,0 73.8757106,18.5414294,0 73.8757516,18.5414210,0 73.8757831,18.5414070,0 73.8758051,18.5413873,0 73.8758119,18.5413613,0 73.8758034,18.5413289,0 73.8757797,18.5412902,0 73.8757408,18.5412451,0 73.8756830,18.5411991,0 73.8756063,18.5411522,0 73.8755107,18.5411044,0 73.8753962,18.5410557,0 73.8753067,18.5410255,0 73.8752423,18.5410138,0 73.8752029,18.5410206,0</coordinates></LinearRing></outerBoundaryIs></Polygon></Placemark>
<Placemark><name>1.6-1.7 m</name><description>Depth class 1.6-1.7 m · area 1,392 m² · ≈14 fused pixels · fill opacity 55%</description><styleUrl>#d1_a8c</styleUrl><Polygon><tessellate>1</tessellate><outerBoundaryIs><LinearRing><coordinates>73.9361665,18.5360316,0 73.9362781,18.5359790,0 73.9363619,18.5359301,0 73.9364178,18.5358851,0 73.9364459,18.5358437,0 73.9364461,18.5358061,0 73.9364353,18.5357679,0 73.9364136,18.5357293,0 73.9363809,18.5356900,0 73.9363372,18.5356503,0 73.9362984,18.5356225,0 73.9362647,18.5356066,0 73.9362359,18.5356027,0 73.9362120,18.5356106,0 73.9361916,18.5356328,0 73.9361747,18.5356692,0 73.9361612,18.5357198,0 73.9361512,18.5357845,0 73.9361304,18.5358372,0 73.9360990,18.5358777,0 73.9360568,18.5359061,0 73.9360039,18.5359223,0 73.9359690,18.5359448,0 73.9359518,18.5359734,0 73.9359526,18.5360081,0 73.9359712,18.5360490,0 73.9360131,18.5360666,0 73.9360782,18.5360608,0 73.9361665,18.5360316,0</coordinates></LinearRing></outerBoundaryIs></Polygon></Placemark>
<Placemark><name>1.6-1.7 m</name><description>Depth class 1.6-1.7 m · area 1,361 m² · ≈14 fused pixels · fill opacity 55%</description><styleUrl>#d1_a8c</styleUrl><Polygon><tessellate>1</tessellate><outerBoundaryIs><LinearRing><coordinates>73.9751978,18.5355487,0 73.9751896,18.5356295,0 73.9751946,18.5356907,0 73.9752129,18.5357324,0 73.9752444,18.5357546,0 73.9752892,18.5357572,0 73.9753272,18.5357504,0 73.9753583,18.5357341,0 73.9753827,18.5357083,0 73.9754003,18.5356731,0 73.9754225,18.5356430,0 73.9754494,18.5356179,0 73.9754810,18.5355978,0 73.9755172,18.5355828,0 73.9755447,18.5355630,0 73.9755633,18.5355384,0 73.9755732,18.5355091,0 73.9755743,18.5354749,0 73.9755683,18.5354430,0 73.9755553,18.5354132,0 73.9755354,18.5353857,0 73.9755084,18.5353605,0 73.9754787,18.5353416,0 73.9754462,18.5353292,0 73.9754110,18.5353232,0 73.9753730,18.5353237,0 73.9753379,18.5353305,0 73.9753057,18.5353436,0 73.9752764,18.5353631,0 73.9752499,18.5353888,0 73.9752279,18.5354283,0 73.9752106,18.5354816,0 73.9751978,18.5355487,0</coordinates></LinearRing></outerBoundaryIs></Polygon></Placemark>
<Placemark><name>1.6-1.7 m</name><description>Depth class 1.6-1.7 m · area 1,311 m² · ≈13 fused pixels · fill opacity 55%</description><styleUrl>#d1_a8c</styleUrl><Polygon><tessellate>1</tessellate><outerBoundaryIs><LinearRing><coordinates>73.9365869,18.5363703,0 73.9366143,18.5364025,0 73.9366444,18.5364270,0 73.9366770,18.5364436,0 73.9367124,18.5364523,0 73.9367503,18.5364532,0 73.9367913,18.5364424,0 73.9368354,18.5364198,0 73.9368826,18.5363854,0 73.9369328,18.5363394,0 73.9369710,18.5362966,0 73.9369970,18.5362572,0 73.9370109,18.5362212,0 73.9370127,18.5361885,0 73.9369979,18.5361616,0 73.9369666,18.5361407,0 73.9369189,18.5361256,0 73.9368545,18.5361164,0 73.9367943,18.5361160,0 73.9367382,18.5361243,0 73.9366862,18.5361414,0 73.9366383,18.5361673,0 73.9366010,18.5361939,0 73.9365745,18.5362213,0 73.9365586,18.5362495,0 73.9365534,18.5362784,0 73.9365564,18.5363082,0 73.9365676,18.5363388,0 73.9365869,18.5363703,0</coordinates></LinearRing></outerBoundaryIs></Polygon></Placemark>
<Placemark><name>1.6-1.7 m</name><description>Depth class 1.6-1.7 m · area 1,281 m² · ≈13 fused pixels · fill opacity 55%</description><styleUrl>#d1_a8c</styleUrl><Polygon><tessellate>1</tessellate><outerBoundaryIs><LinearRing><coordinates>73.9319250,18.5365719,0 73.9319403,18.5365882,0 73.9319748,18.5366002,0 73.9320287,18.5366081,0 73.9321020,18.5366116,0 73.9321945,18.5366110,0 73.9322722,18.5365926,0 73.9323352,18.5365565,0 73.9323833,18.5365026,0 73.9324167,18.5364310,0 73.9324370,18.5363749,0 73.9324443,18.5363341,0 73.9324386,18.5363087,0 73.9324197,18.5362988,0 73.9323777,18.5363009,0 73.9323125,18.5363151,0 73.9322240,18.5363413,0 73.9321124,18.5363796,0 73.9320259,18.5364152,0 73.9319647,18.5364482,0 73.9319288,18.5364784,0 73.9319181,18.5365060,0 73.9319139,18.5365308,0 73.9319162,18.5365528,0 73.9319250,18.5365719,0</coordinates></LinearRing></outerBoundaryIs></Polygon></Placemark>
<Placemark><name>1.6-1.7 m</name><description>Depth class 1.6-1.7 m · area 1,268 m² · ≈13 fused pixels · fill opacity 55%</description><styleUrl>#d1_a8c</styleUrl><Polygon><tessellate>1</tessellate><outerBoundaryIs><LinearRing><coordinates>73.8803741,18.5424640,0 73.8804062,18.5424979,0 73.8804518,18.5425203,0 73.8805108,18.5425311,0 73.8805832,18.5425304,0 73.8806690,18.5425181,0 73.8807322,18.5425008,0 73.8807729,18.5424786,0 73.8807910,18.5424514,0 73.8807866,18.5424193,0 73.8807647,18.5423838,0 73.8807253,18.5423451,0 73.8806685,18.5423032,0 73.8805942,18.5422579,0 73.8805295,18.5422256,0 73.8804744,18.5422064,0 73.8804288,18.5422001,0 73.8803927,18.5422068,0 73.8803649,18.5422241,0 73.8803453,18.5422520,0 73.8803339,18.5422904,0 73.8803307,18.5423395,0 73.8803363,18.5423848,0 73.8803508,18.5424263,0 73.8803741,18.5424640,0</coordinates></LinearRing></outerBoundaryIs></Polygon></Placemark>
<Placemark><name>1.6-1.7 m</name><description>Depth class 1.6-1.7 m · area 1,238 m² · ≈12 fused pixels · fill opacity 55%</description><styleUrl>#d1_a8c</styleUrl><Polygon><tessellate>1</tessellate><outerBoundaryIs><LinearRing><coordinates>73.9727023,18.5410701,0 73.9727085,18.5410932,0 73.9727293,18.5411133,0 73.9727646,18.5411301,0 73.9728145,18.5411439,0 73.9728790,18.5411545,0 73.9729342,18.5411556,0 73.9729799,18.5411473,0 73.9730164,18.5411295,0 73.9730434,18.5411022,0 73.9730635,18.5410675,0 73.9730766,18.5410252,0 73.9730826,18.5409755,0 73.9730817,18.5409182,0 73.9730707,18.5408691,0 73.9730495,18.5408283,0 73.9730182,18.5407957,0 73.9729768,18.5407713,0 73.9729319,18.5407718,0 73.9728835,18.5407972,0 73.9728316,18.5408474,0 73.9727762,18.5409226,0 73.9727362,18.5409848,0 73.9727116,18.5410340,0 73.9727023,18.5410701,0</coordinates></LinearRing></outerBoundaryIs></Polygon></Placemark>
<Placemark><name>1.6-1.7 m</name><description>Depth class 1.6-1.7 m · area 1,220 m² · ≈12 fused pixels · fill opacity 55%</description><styleUrl>#d1_a8c</styleUrl><Polygon><tessellate>1</tessellate><outerBoundaryIs><LinearRing><coordinates>73.9713190,18.5426173,0 73.9713465,18.5426496,0 73.9713753,18.5426740,0 73.9714054,18.5426906,0 73.9714370,18.5426993,0 73.9714699,18.5427002,0 73.9714993,18.5426919,0 73.9715253,18.5426743,0 73.9715478,18.5426476,0 73.9715669,18.5426118,0 73.9715903,18.5425811,0 73.9716179,18.5425557,0 73.9716499,18.5425354,0 73.9716861,18.5425204,0 73.9717137,18.5425022,0 73.9717327,18.5424808,0 73.9717431,18.5424561,0 73.9717449,18.5424282,0 73.9717195,18.5424050,0 73.9716671,18.5423863,0 73.9715876,18.5423723,0 73.9714811,18.5423629,0 73.9713985,18.5423696,0 73.9713398,18.5423924,0 73.9713050,18.5424314,0 73.9712941,18.5424864,0 73.9712929,18.5425357,0 73.9713012,18.5425794,0 73.9713190,18.5426173,0</coordinates></LinearRing></outerBoundaryIs></Polygon></Placemark>
<Placemark><name>1.6-1.7 m</name><description>Depth class 1.6-1.7 m · area 1,210 m² · ≈12 fused pixels · fill opacity 55%</description><styleUrl>#d1_a8c</styleUrl><Polygon><tessellate>1</tessellate><outerBoundaryIs><LinearRing><coordinates>73.9738840,18.5395767,0 73.9739041,18.5395928,0 73.9739418,18.5395949,0 73.9739973,18.5395830,0 73.9740706,18.5395571,0 73.9741615,18.5395171,0 73.9742308,18.5394747,0 73.9742785,18.5394296,0 73.9743046,18.5393820,0 73.9743090,18.5393318,0 73.9742854,18.5392966,0 73.9742339,18.5392765,0 73.9741544,18.5392714,0 73.9740470,18.5392813,0 73.9739644,18.5393048,0 73.9739067,18.5393418,0 73.9738738,18.5393923,0 73.9738659,18.5394564,0 73.9738649,18.5395085,0 73.9738710,18.5395486,0 73.9738840,18.5395767,0</coordinates></LinearRing></outerBoundaryIs></Polygon></Placemark>
<Placemark><name>1.6-1.7 m</name><description>Depth class 1.6-1.7 m · area 1,179 m² · ≈12 fused pixels · fill opacity 55%</description><styleUrl>#d1_a8c</styleUrl><Polygon><tessellate>1</tessellate><outerBoundaryIs><LinearRing><coordinates>73.9274660,18.5379625,0 73.9274830,18.5379788,0 73.9275029,18.5379870,0 73.9275258,18.5379870,0 73.9275517,18.5379788,0 73.9275805,18.5379624,0 73.9276139,18.5379383,0 73.9276520,18.5379065,0 73.9276946,18.5378670,0 73.9277419,18.5378198,0 73.9277766,18.5377753,0 73.9277988,18.5377334,0 73.9278086,18.5376941,0 73.9278058,18.5376574,0 73.9277872,18.5376299,0 73.9277528,18.5376114,0 73.9277025,18.5376019,0 73.9276364,18.5376015,0 73.9275810,18.5376074,0 73.9275365,18.5376194,0 73.9275027,18.5376376,0 73.9274796,18.5376620,0 73.9274621,18.5376953,0 73.9274500,18.5377374,0 73.9274434,18.5377884,0 73.9274423,18.5378482,0 73.9274457,18.5378971,0 73.9274536,18.5379352,0 73.9274660,18.5379625,0</coordinates></LinearRing></outerBoundaryIs></Polygon></Placemark>
<Placemark><name>1.6-1.7 m</name><description>Depth class 1.6-1.7 m · area 1,135 m² · ≈11 fused pixels · fill opacity 55%</description><styleUrl>#d1_a8c</styleUrl><Polygon><tessellate>1</tessellate><outerBoundaryIs><LinearRing><coordinates>73.9663292,18.5436437,0 73.9662999,18.5436830,0 73.9662855,18.5437193,0 73.9662861,18.5437527,0 73.9663017,18.5437831,0 73.9663323,18.5438106,0 73.9663750,18.5438313,0 73.9664298,18.5438451,0 73.9664967,18.5438520,0 73.9665757,18.5438520,0 73.9666407,18.5438458,0 73.9666917,18.5438333,0 73.9667287,18.5438146,0 73.9667517,18.5437895,0 73.9667570,18.5437603,0 73.9667446,18.5437269,0 73.9667146,18.5436892,0 73.9666669,18.5436473,0 73.9666172,18.5436159,0 73.9665656,18.5435950,0 73.9665120,18.5435846,0 73.9664565,18.5435847,0 73.9664075,18.5435946,0 73.9663651,18.5436143,0 73.9663292,18.5436437,0</coordinates></LinearRing></outerBoundaryIs></Polygon></Placemark>
<Placemark><name>1.6-1.7 m</name><description>Depth class 1.6-1.7 m · area 1,135 m² · ≈11 fused pixels · fill opacity 55%</description><styleUrl>#d1_a8c</styleUrl><Polygon><tessellate>1</tessellate><outerBoundaryIs><LinearRing><coordinates>73.9164658,18.5391025,0 73.9164811,18.5391196,0 73.9165233,18.5391326,0 73.9165924,18.5391415,0 73.9166884,18.5391463,0 73.9168113,18.5391470,0 73.9169105,18.5391400,0 73.9169858,18.5391252,0 73.9170373,18.5391027,0 73.9170651,18.5390724,0 73.9170821,18.5390460,0 73.9170884,18.5390236,0 73.9170840,18.5390050,0 73.9170687,18.5389903,0 73.9170236,18.5389791,0 73.9169485,18.5389713,0 73.9168434,18.5389671,0 73.9167084,18.5389663,0 73.9166032,18.5389727,0 73.9165278,18.5389863,0 73.9164822,18.5390070,0 73.9164665,18.5390350,0 73.9164585,18.5390602,0 73.9164583,18.5390827,0 73.9164658,18.5391025,0</coordinates></LinearRing></outerBoundaryIs></Polygon></Placemark>
<Placemark><name>1.6-1.7 m</name><description>Depth class 1.6-1.7 m · area 903 m² · ≈9 fused pixels · fill opacity 55%</description><styleUrl>#d1_a8c</styleUrl><Polygon><tessellate>1</tessellate><outerBoundaryIs><LinearRing><coordinates>73.9467976,18.5452177,0 73.9467805,18.5452355,0 73.9467729,18.5452554,0 73.9467749,18.5452773,0 73.9467863,18.5453014,0 73.9468073,18.5453276,0 73.9468509,18.5453490,0 73.9469172,18.5453657,0 73.9470062,18.5453776,0 73.9471178,18.5453848,0 73.9471992,18.5453778,0 73.9472506,18.5453568,0 73.9472718,18.5453216,0 73.9472629,18.5452723,0 73.9472296,18.5452349,0 73.9471718,18.5452093,0 73.9470896,18.5451956,0 73.9469831,18.5451938,0 73.9468989,18.5451969,0 73.9468370,18.5452048,0 73.9467976,18.5452177,0</coordinates></LinearRing></outerBoundaryIs></Polygon></Placemark>
<Placemark><name>1.6-1.7 m</name><description>Depth class 1.6-1.7 m · area 891 m² · ≈9 fused pixels · fill opacity 55%</description><styleUrl>#d1_a8c</styleUrl><Polygon><tessellate>1</tessellate><outerBoundaryIs><LinearRing><coordinates>73.9159469,18.5392873,0 73.9159952,18.5393541,0 73.9160422,18.5393874,0 73.9160880,18.5393870,0 73.9161326,18.5393531,0 73.9161760,18.5392855,0 73.9162020,18.5392270,0 73.9162108,18.5391774,0 73.9162022,18.5391369,0 73.9161764,18.5391054,0 73.9161449,18.5390813,0 73.9161077,18.5390648,0 73.9160648,18.5390558,0 73.9160163,18.5390543,0 73.9159756,18.5390616,0 73.9159427,18.5390777,0 73.9159176,18.5391026,0 73.9159004,18.5391364,0 73.9158995,18.5391784,0 73.9159150,18.5392287,0 73.9159469,18.5392873,0</coordinates></LinearRing></outerBoundaryIs></Polygon></Placemark>
<Placemark><name>1.6-1.7 m</name><description>Depth class 1.6-1.7 m · area 875 m² · ≈9 fused pixels · fill opacity 55%</description><styleUrl>#d1_a8c</styleUrl><Polygon><tessellate>1</tessellate><outerBoundaryIs><LinearRing><coordinates>73.9863041,18.5258086,0 73.9863024,18.5258323,0 73.9863140,18.5258568,0 73.9863390,18.5258821,0 73.9863773,18.5259082,0 73.9864290,18.5259350,0 73.9864750,18.5259488,0 73.9865153,18.5259495,0 73.9865499,18.5259372,0 73.9865787,18.5259118,0 73.9866031,18.5258796,0 73.9866230,18.5258406,0 73.9866385,18.5257947,0 73.9866495,18.5257420,0 73.9866514,18.5256998,0 73.9866443,18.5256681,0 73.9866280,18.5256469,0 73.9866026,18.5256362,0 73.9865675,18.5256378,0 73.9865226,18.5256515,0 73.9864679,18.5256775,0 73.9864035,18.5257157,0 73.9863547,18.5257503,0 73.9863216,18.5257812,0 73.9863041,18.5258086,0</coordinates></LinearRing></outerBoundaryIs></Polygon></Placemark>
<Placemark><name>1.6-1.7 m</name><description>Depth class 1.6-1.7 m · area 758 m² · ≈8 fused pixels · fill opacity 35%</description><styleUrl>#d1_a59</styleUrl><Polygon><tessellate>1</tessellate><outerBoundaryIs><LinearRing><coordinates>73.9637636,18.5444944,0 73.9636575,18.5445073,0 73.9635808,18.5445302,0 73.9635335,18.5445632,0 73.9635156,18.5446061,0 73.9635270,18.5446591,0 73.9635620,18.5446906,0 73.9636207,18.5447006,0 73.9637029,18.5446892,0 73.9638087,18.5446564,0 73.9638852,18.5446235,0 73.9639325,18.5445905,0 73.9639506,18.5445576,0 73.9639394,18.5445246,0 73.9639045,18.5445031,0 73.9638459,18.5444930,0 73.9637636,18.5444944,0</coordinates></LinearRing></outerBoundaryIs></Polygon></Placemark>
<Placemark><name>1.6-1.7 m</name><description>Depth class 1.6-1.7 m · area 758 m² · ≈8 fused pixels · fill opacity 35%</description><styleUrl>#d1_a59</styleUrl><Polygon><tessellate>1</tessellate><outerBoundaryIs><LinearRing><coordinates>73.8766196,18.5424075,0 73.8765886,18.5424471,0 73.8765718,18.5424833,0 73.8765692,18.5425161,0 73.8765809,18.5425454,0 73.8766067,18.5425713,0 73.8766424,18.5425891,0 73.8766879,18.5425989,0 73.8767432,18.5426007,0 73.8768083,18.5425944,0 73.8768555,18.5425753,0 73.8768848,18.5425435,0 73.8768961,18.5424990,0 73.8768895,18.5424417,0 73.8768711,18.5423983,0 73.8768412,18.5423687,0 73.8767995,18.5423529,0 73.8767461,18.5423510,0 73.8766984,18.5423594,0 73.8766562,18.5423783,0 73.8766196,18.5424075,0</coordinates></LinearRing></outerBoundaryIs></Polygon></Placemark>
<Placemark><name>1.6-1.7 m</name><description>Depth class 1.6-1.7 m · area 739 m² · ≈7 fused pixels · fill opacity 35%</description><styleUrl>#d1_a59</styleUrl><Polygon><tessellate>1</tessellate><outerBoundaryIs><LinearRing><coordinates>73.9793358,18.5308734,0 73.9793315,18.5309167,0 73.9793418,18.5309504,0 73.9793667,18.5309746,0 73.9794062,18.5309892,0 73.9794602,18.5309943,0 73.9795121,18.5309852,0 73.9795618,18.5309621,0 73.9796093,18.5309248,0 73.9796547,18.5308734,0 73.9796717,18.5308307,0 73.9796602,18.5307968,0 73.9796203,18.5307715,0 73.9795519,18.5307550,0 73.9794939,18.5307475,0 73.9794464,18.5307490,0 73.9794092,18.5307596,0 73.9793824,18.5307791,0 73.9793612,18.5308046,0 73.9793457,18.5308360,0 73.9793358,18.5308734,0</coordinates></LinearRing></outerBoundaryIs></Polygon></Placemark>
<Placemark><name>1.6-1.7 m</name><description>Depth class 1.6-1.7 m · area 736 m² · ≈7 fused pixels · fill opacity 35%</description><styleUrl>#d1_a59</styleUrl><Polygon><tessellate>1</tessellate><outerBoundaryIs><LinearRing><coordinates>73.9385763,18.5363814,0 73.9386038,18.5364137,0 73.9386336,18.5364375,0 73.9386659,18.5364529,0 73.9387007,18.5364598,0 73.9387379,18.5364582,0 73.9387665,18.5364369,0 73.9387865,18.5363958,0 73.9387980,18.5363348,0 73.9388008,18.5362541,0 73.9387924,18.5361930,0 73.9387727,18.5361514,0 73.9387417,18.5361293,0 73.9386994,18.5361268,0 73.9386613,18.5361381,0 73.9386276,18.5361631,0 73.9385981,18.5362018,0 73.9385729,18.5362543,0 73.9385609,18.5363017,0 73.9385620,18.5363441,0 73.9385763,18.5363814,0</coordinates></LinearRing></outerBoundaryIs></Polygon></Placemark>
<Placemark><name>1.6-1.7 m</name><description>Depth class 1.6-1.7 m · area 728 m² · ≈7 fused pixels · fill opacity 35%</description><styleUrl>#d1_a59</styleUrl><Polygon><tessellate>1</tessellate><outerBoundaryIs><LinearRing><coordinates>73.9788135,18.5313070,0 73.9787992,18.5313323,0 73.9788047,18.5313615,0 73.9788301,18.5313948,0 73.9788754,18.5314322,0 73.9789405,18.5314735,0 73.9789995,18.5314981,0 73.9790525,18.5315057,0 73.9790993,18.5314966,0 73.9791401,18.5314706,0 73.9791639,18.5314413,0 73.9791706,18.5314088,0 73.9791603,18.5313731,0 73.9791330,18.5313340,0 73.9790965,18.5313044,0 73.9790507,18.5312841,0 73.9789956,18.5312731,0 73.9789314,18.5312715,0 73.9788796,18.5312767,0 73.9788403,18.5312885,0 73.9788135,18.5313070,0</coordinates></LinearRing></outerBoundaryIs></Polygon></Placemark>
<Placemark><name>1.6-1.7 m</name><description>Depth class 1.6-1.7 m · area 710 m² · ≈7 fused pixels · fill opacity 35%</description><styleUrl>#d1_a59</styleUrl><Polygon><tessellate>1</tessellate><outerBoundaryIs><LinearRing><coordinates>73.9048037,18.5410255,0 73.9048206,18.5410419,0 73.9048533,18.5410542,0 73.9049016,18.5410625,0 73.9049656,18.5410667,0 73.9050453,18.5410668,0 73.9051086,18.5410630,0 73.9051553,18.5410551,0 73.9051856,18.5410432,0 73.9051995,18.5410273,0 73.9052029,18.5410081,0 73.9051961,18.5409857,0 73.9051789,18.5409599,0 73.9051513,18.5409308,0 73.9051126,18.5409092,0 73.9050627,18.5408951,0 73.9050016,18.5408885,0 73.9049294,18.5408893,0 73.9048726,18.5408968,0 73.9048311,18.5409110,0 73.9048050,18.5409319,0 73.9047943,18.5409595,0 73.9047905,18.5409843,0 73.9047937,18.5410063,0 73.9048037,18.5410255,0</coordinates></LinearRing></outerBoundaryIs></Polygon></Placemark>
<Placemark><name>1.6-1.7 m</name><description>Depth class 1.6-1.7 m · area 710 m² · ≈7 fused pixels · fill opacity 35%</description><styleUrl>#d1_a59</styleUrl><Polygon><tessellate>1</tessellate><outerBoundaryIs><LinearRing><coordinates>73.8769450,18.5417656,0 73.8769620,18.5417820,0 73.8769946,18.5417943,0 73.8770429,18.5418026,0 73.8771069,18.5418068,0 73.8771866,18.5418069,0 73.8772499,18.5418031,0 73.8772966,18.5417952,0 73.8773269,18.5417833,0 73.8773408,18.5417675,0 73.8773443,18.5417483,0 73.8773374,18.5417258,0 73.8773202,18.5417000,0 73.8772926,18.5416710,0 73.8772539,18.5416494,0 73.8772040,18.5416352,0 73.8771430,18.5416286,0 73.8770708,18.5416294,0 73.8770139,18.5416369,0 73.8769725,18.5416511,0 73.8769464,18.5416720,0 73.8769357,18.5416996,0 73.8769319,18.5417244,0 73.8769350,18.5417464,0 73.8769450,18.5417656,0</coordinates></LinearRing></outerBoundaryIs></Polygon></Placemark>
<Placemark><name>1.6-1.7 m</name><description>Depth class 1.6-1.7 m · area 693 m² · ≈7 fused pixels · fill opacity 35%</description><styleUrl>#d1_a59</styleUrl><Polygon><tessellate>1</tessellate><outerBoundaryIs><LinearRing><coordinates>73.9707333,18.5428119,0 73.9707254,18.5428337,0 73.9707271,18.5428567,0 73.9707385,18.5428808,0 73.9707594,18.5429062,0 73.9707899,18.5429327,0 73.9708216,18.5429523,0 73.9708543,18.5429648,0 73.9708881,18.5429704,0 73.9709230,18.5429690,0 73.9709560,18.5429608,0 73.9709871,18.5429458,0 73.9710162,18.5429239,0 73.9710433,18.5428953,0 73.9710558,18.5428646,0 73.9710537,18.5428318,0 73.9710369,18.5427969,0 73.9710054,18.5427600,0 73.9709684,18.5427370,0 73.9709261,18.5427279,0 73.9708783,18.5427326,0 73.9708250,18.5427513,0 73.9707831,18.5427707,0 73.9707525,18.5427910,0 73.9707333,18.5428119,0</coordinates></LinearRing></outerBoundaryIs></Polygon></Placemark>
<Placemark><name>1.6-1.7 m</name><description>Depth class 1.6-1.7 m · area 575 m² · ≈6 fused pixels · fill opacity 35%</description><styleUrl>#d1_a59</styleUrl><Polygon><tessellate>1</tessellate><outerBoundaryIs><LinearRing><coordinates>73.9921020,18.5217507,0 73.9921224,18.5217405,0 73.9921368,18.5217244,0 73.9921451,18.5217025,0 73.9921475,18.5216746,0 73.9921438,18.5216409,0 73.9921345,18.5216096,0 73.9921196,18.5215808,0 73.9920991,18.5215544,0 73.9920729,18.5215305,0 73.9920447,18.5215129,0 73.9920145,18.5215016,0 73.9919822,18.5214966,0 73.9919479,18.5214979,0 73.9919209,18.5215089,0 73.9919013,18.5215296,0 73.9918890,18.5215599,0 73.9918841,18.5215999,0 73.9918925,18.5216366,0 73.9919144,18.5216698,0 73.9919497,18.5216997,0 73.9919984,18.5217263,0 73.9920400,18.5217436,0 73.9920745,18.5217518,0 73.9921020,18.5217507,0</coordinates></LinearRing></outerBoundaryIs></Polygon></Placemark>
<Placemark><name>1.6-1.7 m</name><description>Depth class 1.6-1.7 m · area 565 m² · ≈6 fused pixels · fill opacity 35%</description><styleUrl>#d1_a59</styleUrl><Polygon><tessellate>1</tessellate><outerBoundaryIs><LinearRing><coordinates>73.8604848,18.5310295,0 73.8604273,18.5310788,0 73.8603891,18.5311200,0 73.8603703,18.5311533,0 73.8603709,18.5311786,0 73.8603910,18.5311959,0 73.8604269,18.5312064,0 73.8604787,18.5312100,0 73.8605464,18.5312067,0 73.8606300,18.5311965,0 73.8606812,18.5311748,0 73.8607000,18.5311415,0 73.8606864,18.5310967,0 73.8606403,18.5310402,0 73.8605914,18.5310102,0 73.8605395,18.5310067,0 73.8604848,18.5310295,0</coordinates></LinearRing></outerBoundaryIs></Polygon></Placemark>
<Placemark><name>1.6-1.7 m</name><description>Depth class 1.6-1.7 m · area 551 m² · ≈6 fused pixels · fill opacity 35%</description><styleUrl>#d1_a59</styleUrl><Polygon><tessellate>1</tessellate><outerBoundaryIs><LinearRing><coordinates>73.8785092,18.5418400,0 73.8784920,18.5418562,0 73.8784834,18.5418746,0 73.8784832,18.5418954,0 73.8784914,18.5419184,0 73.8785082,18.5419437,0 73.8785372,18.5419661,0 73.8785785,18.5419855,0 73.8786321,18.5420019,0 73.8786980,18.5420154,0 73.8787469,18.5420128,0 73.8787788,18.5419941,0 73.8787938,18.5419593,0 73.8787918,18.5419084,0 73.8787745,18.5418692,0 73.8787418,18.5418417,0 73.8786937,18.5418259,0 73.8786302,18.5418218,0 73.8785783,18.5418228,0 73.8785379,18.5418289,0 73.8785092,18.5418400,0</coordinates></LinearRing></outerBoundaryIs></Polygon></Placemark>
<Placemark><name>1.6-1.7 m</name><description>Depth class 1.6-1.7 m · area 524 m² · ≈5 fused pixels · fill opacity 35%</description><styleUrl>#d1_a59</styleUrl><Polygon><tessellate>1</tessellate><outerBoundaryIs><LinearRing><coordinates>73.9353117,18.5358552,0 73.9352916,18.5358745,0 73.9352849,18.5359043,0 73.9352918,18.5359447,0 73.9353121,18.5359955,0 73.9353459,18.5360569,0 73.9353778,18.5360980,0 73.9354076,18.5361188,0 73.9354354,18.5361193,0 73.9354612,18.5360995,0 73.9354809,18.5360723,0 73.9354944,18.5360376,0 73.9355018,18.5359956,0 73.9355031,18.5359462,0 73.9354939,18.5359062,0 73.9354741,18.5358758,0 73.9354438,18.5358549,0 73.9354031,18.5358434,0 73.9353674,18.5358397,0 73.9353370,18.5358436,0 73.9353117,18.5358552,0</coordinates></LinearRing></outerBoundaryIs></Polygon></Placemark>
<Placemark><name>1.6-1.7 m</name><description>Depth class 1.6-1.7 m · area 484 m² · ≈5 fused pixels · fill opacity 35%</description><styleUrl>#d1_a59</styleUrl><Polygon><tessellate>1</tessellate><outerBoundaryIs><LinearRing><coordinates>73.9742636,18.5385807,0 73.9742552,18.5385998,0 73.9742548,18.5386204,0 73.9742625,18.5386428,0 73.9742781,18.5386667,0 73.9743018,18.5386923,0 73.9743301,18.5387110,0 73.9743631,18.5387228,0 73.9744008,18.5387277,0 73.9744431,18.5387256,0 73.9744744,18.5387096,0 73.9744945,18.5386795,0 73.9745036,18.5386354,0 73.9745016,18.5385772,0 73.9744862,18.5385375,0 73.9744574,18.5385162,0 73.9744152,18.5385133,0 73.9743596,18.5385289,0 73.9743158,18.5385453,0 73.9742838,18.5385626,0 73.9742636,18.5385807,0</coordinates></LinearRing></outerBoundaryIs></Polygon></Placemark>
<Placemark><name>1.6-1.7 m</name><description>Depth class 1.6-1.7 m · area 449 m² · ≈4 fused pixels · fill opacity 35%</description><styleUrl>#d1_a59</styleUrl><Polygon><tessellate>1</tessellate><outerBoundaryIs><LinearRing><coordinates>73.9499798,18.5460814,0 73.9499826,18.5461288,0 73.9499925,18.5461641,0 73.9500096,18.5461873,0 73.9500338,18.5461983,0 73.9500651,18.5461973,0 73.9500953,18.5461897,0 73.9501243,18.5461757,0 73.9501522,18.5461551,0 73.9501789,18.5461280,0 73.9501917,18.5460982,0 73.9501904,18.5460658,0 73.9501751,18.5460306,0 73.9501458,18.5459928,0 73.9501160,18.5459691,0 73.9500855,18.5459595,0 73.9500545,18.5459640,0 73.9500229,18.5459825,0 73.9500000,18.5460083,0 73.9499856,18.5460412,0 73.9499798,18.5460814,0</coordinates></LinearRing></outerBoundaryIs></Polygon></Placemark>
<Placemark><name>1.6-1.7 m</name><description>Depth class 1.6-1.7 m · area 431 m² · ≈4 fused pixels · fill opacity 35%</description><styleUrl>#d1_a59</styleUrl><Polygon><tessellate>1</tessellate><outerBoundaryIs><LinearRing><coordinates>73.9723202,18.5421020,0 73.9722455,18.5421156,0 73.9721924,18.5421370,0 73.9721608,18.5421664,0 73.9721508,18.5422037,0 73.9721624,18.5422488,0 73.9721897,18.5422731,0 73.9722327,18.5422765,0 73.9722913,18.5422590,0 73.9723657,18.5422206,0 73.9724187,18.5421868,0 73.9724502,18.5421574,0 73.9724604,18.5421325,0 73.9724491,18.5421122,0 73.9724220,18.5421003,0 73.9723790,18.5420969,0 73.9723202,18.5421020,0</coordinates></LinearRing></outerBoundaryIs></Polygon></Placemark>
<Placemark><name>1.6-1.7 m</name><description>Depth class 1.6-1.7 m · area 402 m² · ≈4 fused pixels · fill opacity 35%</description><styleUrl>#d1_a59</styleUrl><Polygon><tessellate>1</tessellate><outerBoundaryIs><LinearRing><coordinates>73.8747182,18.5418645,0 73.8747669,18.5418956,0 73.8748087,18.5419163,0 73.8748438,18.5419265,0 73.8748721,18.5419263,0 73.8748937,18.5419157,0 73.8749024,18.5418956,0 73.8748984,18.5418661,0 73.8748815,18.5418271,0 73.8748518,18.5417787,0 73.8748214,18.5417428,0 73.8747902,18.5417195,0 73.8747582,18.5417088,0 73.8747255,18.5417106,0 73.8746989,18.5417185,0 73.8746787,18.5417325,0 73.8746647,18.5417526,0 73.8746569,18.5417787,0 73.8746633,18.5418060,0 73.8746837,18.5418346,0 73.8747182,18.5418645,0</coordinates></LinearRing></outerBoundaryIs></Polygon></Placemark>
<Placemark><name>1.6-1.7 m</name><description>Depth class 1.6-1.7 m · area 388 m² · ≈4 fused pixels · fill opacity 35%</description><styleUrl>#d1_a59</styleUrl><Polygon><tessellate>1</tessellate><outerBoundaryIs><LinearRing><coordinates>73.8600116,18.5310683,0 73.8599945,18.5310861,0 73.8599865,18.5311058,0 73.8599877,18.5311275,0 73.8599980,18.5311510,0 73.8600175,18.5311765,0 73.8600469,18.5311925,0 73.8600864,18.5311989,0 73.8601359,18.5311959,0 73.8601954,18.5311832,0 73.8602362,18.5311667,0 73.8602582,18.5311461,0 73.8602614,18.5311216,0 73.8602458,18.5310932,0 73.8602226,18.5310713,0 73.8601916,18.5310560,0 73.8601530,18.5310472,0 73.8601067,18.5310450,0 73.8600677,18.5310478,0 73.8600360,18.5310556,0 73.8600116,18.5310683,0</coordinates></LinearRing></outerBoundaryIs></Polygon></Placemark>
<Placemark><name>1.6-1.7 m</name><description>Depth class 1.6-1.7 m · area 353 m² · ≈4 fused pixels · fill opacity 35%</description><styleUrl>#d1_a59</styleUrl><Polygon><tessellate>1</tessellate><outerBoundaryIs><LinearRing><coordinates>73.9626505,18.5449798,0 73.9626114,18.5450187,0 73.9625893,18.5450546,0 73.9625841,18.5450875,0 73.9625960,18.5451174,0 73.9626248,18.5451442,0 73.9626563,18.5451573,0 73.9626905,18.5451568,0 73.9627273,18.5451425,0 73.9627669,18.5451145,0 73.9627893,18.5450841,0 73.9627945,18.5450512,0 73.9627824,18.5450159,0 73.9627531,18.5449781,0 73.9627213,18.5449595,0 73.9626871,18.5449600,0 73.9626505,18.5449798,0</coordinates></LinearRing></outerBoundaryIs></Polygon></Placemark>
<Placemark><name>1.6-1.7 m</name><description>Depth class 1.6-1.7 m · area 332 m² · ≈3 fused pixels · fill opacity 35%</description><styleUrl>#d1_a59</styleUrl><Polygon><tessellate>1</tessellate><outerBoundaryIs><LinearRing><coordinates>73.9260819,18.5380557,0 73.9260698,18.5380726,0 73.9260647,18.5380911,0 73.9260667,18.5381112,0 73.9260759,18.5381329,0 73.9260921,18.5381563,0 73.9261153,18.5381739,0 73.9261453,18.5381858,0 73.9261822,18.5381920,0 73.9262260,18.5381924,0 73.9262581,18.5381832,0 73.9262783,18.5381645,0 73.9262867,18.5381362,0 73.9262833,18.5380982,0 73.9262696,18.5380691,0 73.9262456,18.5380488,0 73.9262114,18.5380373,0 73.9261669,18.5380345,0 73.9261305,18.5380367,0 73.9261021,18.5380438,0 73.9260819,18.5380557,0</coordinates></LinearRing></outerBoundaryIs></Polygon></Placemark>
<Placemark><name>1.6-1.7 m</name><description>Depth class 1.6-1.7 m · area 321 m² · ≈3 fused pixels · fill opacity 35%</description><styleUrl>#d1_a59</styleUrl><Polygon><tessellate>1</tessellate><outerBoundaryIs><LinearRing><coordinates>73.8965050,18.5423974,0 73.8964878,18.5424134,0 73.8964789,18.5424314,0 73.8964781,18.5424516,0 73.8964856,18.5424738,0 73.8965013,18.5424982,0 73.8965237,18.5425166,0 73.8965528,18.5425290,0 73.8965888,18.5425353,0 73.8966314,18.5425357,0 73.8966635,18.5425270,0 73.8966849,18.5425094,0 73.8966958,18.5424827,0 73.8966960,18.5424471,0 73.8966858,18.5424191,0 73.8966652,18.5423988,0 73.8966342,18.5423861,0 73.8965928,18.5423811,0 73.8965575,18.5423813,0 73.8965282,18.5423868,0 73.8965050,18.5423974,0</coordinates></LinearRing></outerBoundaryIs></Polygon></Placemark>
<Placemark><name>1.6-1.7 m</name><description>Depth class 1.6-1.7 m · area 320 m² · ≈3 fused pixels · fill opacity 35%</description><styleUrl>#d1_a59</styleUrl><Polygon><tessellate>1</tessellate><outerBoundaryIs><LinearRing><coordinates>73.9183186,18.5389997,0 73.9183014,18.5390158,0 73.9182924,18.5390340,0 73.9182916,18.5390542,0 73.9182990,18.5390764,0 73.9183145,18.5391007,0 73.9183367,18.5391189,0 73.9183657,18.5391311,0 73.9184014,18.5391374,0 73.9184439,18.5391376,0 73.9184758,18.5391289,0 73.9184971,18.5391112,0 73.9185079,18.5390845,0 73.9185081,18.5390489,0 73.9184980,18.5390209,0 73.9184776,18.5390006,0 73.9184469,18.5389879,0 73.9184058,18.5389829,0 73.9183708,18.5389832,0 73.9183417,18.5389888,0 73.9183186,18.5389997,0</coordinates></LinearRing></outerBoundaryIs></Polygon></Placemark>
<Placemark><name>1.6-1.7 m</name><description>Depth class 1.6-1.7 m · area 306 m² · ≈3 fused pixels · fill opacity 35%</description><styleUrl>#d1_a59</styleUrl><Polygon><tessellate>1</tessellate><outerBoundaryIs><LinearRing><coordinates>73.9101550,18.5404823,0 73.9101623,18.5405109,0 73.9101841,18.5405293,0 73.9102204,18.5405375,0 73.9102711,18.5405355,0 73.9103363,18.5405233,0 73.9103792,18.5405061,0 73.9103998,18.5404840,0 73.9103981,18.5404568,0 73.9103740,18.5404247,0 73.9103439,18.5404046,0 73.9103076,18.5403964,0 73.9102652,18.5404001,0 73.9102168,18.5404158,0 73.9101822,18.5404348,0 73.9101617,18.5404569,0 73.9101550,18.5404823,0</coordinates></LinearRing></outerBoundaryIs></Polygon></Placemark>
<Placemark><name>1.6-1.7 m</name><description>Depth class 1.6-1.7 m · area 304 m² · ≈3 fused pixels · fill opacity 35%</description><styleUrl>#d1_a59</styleUrl><Polygon><tessellate>1</tessellate><outerBoundaryIs><LinearRing><coordinates>73.9088275,18.5406554,0 73.9088349,18.5406840,0 73.9088566,18.5407023,0 73.9088927,18.5407104,0 73.9089431,18.5407082,0 73.9090080,18.5406958,0 73.9090507,18.5406785,0 73.9090712,18.5406564,0 73.9090695,18.5406293,0 73.9090456,18.5405974,0 73.9090157,18.5405774,0 73.9089796,18.5405694,0 73.9089374,18.5405732,0 73.9088890,18.5405889,0 73.9088546,18.5406078,0 73.9088341,18.5406300,0 73.9088275,18.5406554,0</coordinates></LinearRing></outerBoundaryIs></Polygon></Placemark>
<Placemark><name>1.6-1.7 m</name><description>Depth class 1.6-1.7 m · area 247 m² · ≈2 fused pixels · fill opacity 18%</description><styleUrl>#d1_a2e</styleUrl><Polygon><tessellate>1</tessellate><outerBoundaryIs><LinearRing><coordinates>73.9739172,18.5399352,0 73.9739229,18.5399634,0 73.9739397,18.5399819,0 73.9739677,18.5399907,0 73.9740069,18.5399898,0 73.9740573,18.5399792,0 73.9740922,18.5399630,0 73.9741118,18.5399412,0 73.9741160,18.5399139,0 73.9741049,18.5398809,0 73.9740853,18.5398600,0 73.9740572,18.5398512,0 73.9740208,18.5398544,0 73.9739759,18.5398698,0 73.9739437,18.5398884,0 73.9739241,18.5399102,0 73.9739172,18.5399352,0</coordinates></LinearRing></outerBoundaryIs></Polygon></Placemark>
<Placemark><name>1.6-1.7 m</name><description>Depth class 1.6-1.7 m · area 240 m² · ≈2 fused pixels · fill opacity 18%</description><styleUrl>#d1_a2e</styleUrl><Polygon><tessellate>1</tessellate><outerBoundaryIs><LinearRing><coordinates>73.8609167,18.5312780,0 73.8609621,18.5312923,0 73.8609985,18.5312946,0 73.8610259,18.5312849,0 73.8610443,18.5312631,0 73.8610538,18.5312292,0 73.8610485,18.5312020,0 73.8610284,18.5311813,0 73.8609936,18.5311671,0 73.8609440,18.5311596,0 73.8609055,18.5311607,0 73.8608781,18.5311705,0 73.8608618,18.5311889,0 73.8608565,18.5312159,0 73.8608640,18.5312398,0 73.8608840,18.5312605,0 73.8609167,18.5312780,0</coordinates></LinearRing></outerBoundaryIs></Polygon></Placemark>
<Placemark><name>1.6-1.7 m</name><description>Depth class 1.6-1.7 m · area 224 m² · ≈2 fused pixels · fill opacity 18%</description><styleUrl>#d1_a2e</styleUrl><Polygon><tessellate>1</tessellate><outerBoundaryIs><LinearRing><coordinates>73.9377345,18.5359152,0 73.9377356,18.5359532,0 73.9377489,18.5359758,0 73.9377744,18.5359831,0 73.9378119,18.5359750,0 73.9378616,18.5359516,0 73.9378914,18.5359274,0 73.9379012,18.5359023,0 73.9378911,18.5358762,0 73.9378610,18.5358493,0 73.9378332,18.5358322,0 73.9378078,18.5358249,0 73.9377847,18.5358275,0 73.9377639,18.5358398,0 73.9377486,18.5358585,0 73.9377388,18.5358837,0 73.9377345,18.5359152,0</coordinates></LinearRing></outerBoundaryIs></Polygon></Placemark>
<Placemark><name>1.6-1.7 m</name><description>Depth class 1.6-1.7 m · area 195 m² · ≈2 fused pixels · fill opacity 18%</description><styleUrl>#d1_a2e</styleUrl><Polygon><tessellate>1</tessellate><outerBoundaryIs><LinearRing><coordinates>73.9269805,18.5384829,0 73.9269751,18.5385128,0 73.9269816,18.5385347,0 73.9270001,18.5385487,0 73.9270307,18.5385547,0 73.9270733,18.5385528,0 73.9271046,18.5385427,0 73.9271248,18.5385245,0 73.9271339,18.5384982,0 73.9271317,18.5384637,0 73.9271214,18.5384395,0 73.9271028,18.5384255,0 73.9270761,18.5384218,0 73.9270412,18.5384283,0 73.9270136,18.5384407,0 73.9269934,18.5384589,0 73.9269805,18.5384829,0</coordinates></LinearRing></outerBoundaryIs></Polygon></Placemark>
<Placemark><name>1.6-1.7 m</name><description>Depth class 1.6-1.7 m · area 194 m² · ≈2 fused pixels · fill opacity 18%</description><styleUrl>#d1_a2e</styleUrl><Polygon><tessellate>1</tessellate><outerBoundaryIs><LinearRing><coordinates>73.9199081,18.5393032,0 73.9199448,18.5393185,0 73.9199748,18.5393215,0 73.9199979,18.5393122,0 73.9200141,18.5392906,0 73.9200236,18.5392568,0 73.9200218,18.5392291,0 73.9200088,18.5392077,0 73.9199845,18.5391925,0 73.9199490,18.5391835,0 73.9199197,18.5391836,0 73.9198966,18.5391929,0 73.9198797,18.5392114,0 73.9198690,18.5392390,0 73.9198702,18.5392635,0 73.9198832,18.5392849,0 73.9199081,18.5393032,0</coordinates></LinearRing></outerBoundaryIs></Polygon></Placemark>
<Placemark><name>1.6-1.7 m</name><description>Depth class 1.6-1.7 m · area 194 m² · ≈2 fused pixels · fill opacity 18%</description><styleUrl>#d1_a2e</styleUrl><Polygon><tessellate>1</tessellate><outerBoundaryIs><LinearRing><coordinates>73.9219957,18.5387730,0 73.9220325,18.5387882,0 73.9220624,18.5387912,0 73.9220855,18.5387819,0 73.9221018,18.5387603,0 73.9221112,18.5387265,0 73.9221094,18.5386988,0 73.9220964,18.5386774,0 73.9220721,18.5386622,0 73.9220366,18.5386532,0 73.9220073,18.5386533,0 73.9219843,18.5386626,0 73.9219674,18.5386811,0 73.9219567,18.5387087,0 73.9219578,18.5387332,0 73.9219708,18.5387546,0 73.9219957,18.5387730,0</coordinates></LinearRing></outerBoundaryIs></Polygon></Placemark>
<Placemark><name>1.6-1.7 m</name><description>Depth class 1.6-1.7 m · area 187 m² · ≈2 fused pixels · fill opacity 18%</description><styleUrl>#d1_a2e</styleUrl><Polygon><tessellate>1</tessellate><outerBoundaryIs><LinearRing><coordinates>73.8604726,18.5307637,0 73.8605124,18.5307879,0 73.8605441,18.5308001,0 73.8605678,18.5308003,0 73.8605834,18.5307886,0 73.8605910,18.5307649,0 73.8605892,18.5307405,0 73.8605779,18.5307154,0 73.8605572,18.5306894,0 73.8605271,18.5306627,0 73.8605002,18.5306493,0 73.8604765,18.5306490,0 73.8604561,18.5306620,0 73.8604388,18.5306882,0 73.8604358,18.5307139,0 73.8604471,18.5307391,0 73.8604726,18.5307637,0</coordinates></LinearRing></outerBoundaryIs></Polygon></Placemark>
<Placemark><name>1.6-1.7 m</name><description>Depth class 1.6-1.7 m · area 186 m² · ≈2 fused pixels · fill opacity 18%</description><styleUrl>#d1_a2e</styleUrl><Polygon><tessellate>1</tessellate><outerBoundaryIs><LinearRing><coordinates>73.9208137,18.5388657,0 73.9207886,18.5389035,0 73.9207759,18.5389337,0 73.9207756,18.5389563,0 73.9207877,18.5389713,0 73.9208122,18.5389786,0 73.9208376,18.5389770,0 73.9208638,18.5389663,0 73.9208908,18.5389466,0 73.9209188,18.5389178,0 73.9209329,18.5388922,0 73.9209332,18.5388696,0 73.9209197,18.5388501,0 73.9208923,18.5388336,0 73.9208656,18.5388308,0 73.9208393,18.5388414,0 73.9208137,18.5388657,0</coordinates></LinearRing></outerBoundaryIs></Polygon></Placemark>
<Placemark><name>1.6-1.7 m</name><description>Depth class 1.6-1.7 m · area 181 m² · ≈2 fused pixels · fill opacity 18%</description><styleUrl>#d1_a2e</styleUrl><Polygon><tessellate>1</tessellate><outerBoundaryIs><LinearRing><coordinates>73.9063363,18.5410274,0 73.9062915,18.5410537,0 73.9062629,18.5410778,0 73.9062505,18.5410996,0 73.9062543,18.5411192,0 73.9062744,18.5411365,0 73.9062984,18.5411436,0 73.9063264,18.5411407,0 73.9063584,18.5411275,0 73.9063945,18.5411043,0 73.9064187,18.5410817,0 73.9064310,18.5410599,0 73.9064316,18.5410388,0 73.9064204,18.5410185,0 73.9064007,18.5410098,0 73.9063727,18.5410127,0 73.9063363,18.5410274,0</coordinates></LinearRing></outerBoundaryIs></Polygon></Placemark>
<Placemark><name>1.6-1.7 m</name><description>Depth class 1.6-1.7 m · area 178 m² · ≈2 fused pixels · fill opacity 18%</description><styleUrl>#d1_a2e</styleUrl><Polygon><tessellate>1</tessellate><outerBoundaryIs><LinearRing><coordinates>73.8735006,18.5402871,0 73.8734861,18.5403120,0 73.8734864,18.5403350,0 73.8735016,18.5403561,0 73.8735316,18.5403752,0 73.8735765,18.5403924,0 73.8736114,18.5403997,0 73.8736364,18.5403972,0 73.8736514,18.5403848,0 73.8736565,18.5403625,0 73.8736515,18.5403408,0 73.8736363,18.5403197,0 73.8736110,18.5402993,0 73.8735756,18.5402794,0 73.8735454,18.5402708,0 73.8735204,18.5402733,0 73.8735006,18.5402871,0</coordinates></LinearRing></outerBoundaryIs></Polygon></Placemark>
<Placemark><name>1.6-1.7 m</name><description>Depth class 1.6-1.7 m · area 177 m² · ≈2 fused pixels · fill opacity 18%</description><styleUrl>#d1_a2e</styleUrl><Polygon><tessellate>1</tessellate><outerBoundaryIs><LinearRing><coordinates>73.9483611,18.5453135,0 73.9483550,18.5453380,0 73.9483594,18.5453592,0 73.9483744,18.5453773,0 73.9483998,18.5453921,0 73.9484359,18.5454036,0 73.9484636,18.5454023,0 73.9484830,18.5453881,0 73.9484941,18.5453610,0 73.9484969,18.5453210,0 73.9484908,18.5452919,0 73.9484759,18.5452739,0 73.9484521,18.5452669,0 73.9484194,18.5452708,0 73.9483933,18.5452799,0 73.9483739,18.5452941,0 73.9483611,18.5453135,0</coordinates></LinearRing></outerBoundaryIs></Polygon></Placemark>
<Placemark><name>1.6-1.7 m</name><description>Depth class 1.6-1.7 m · area 143 m² · ≈1 fused pixels · fill opacity 18%</description><styleUrl>#d1_a2e</styleUrl><Polygon><tessellate>1</tessellate><outerBoundaryIs><LinearRing><coordinates>73.9060397,18.5411183,0 73.9060600,18.5411344,0 73.9060805,18.5411404,0 73.9061012,18.5411363,0 73.9061222,18.5411221,0 73.9061434,18.5410979,0 73.9061524,18.5410752,0 73.9061492,18.5410539,0 73.9061339,18.5410342,0 73.9061063,18.5410160,0 73.9060822,18.5410089,0 73.9060615,18.5410130,0 73.9060441,18.5410282,0 73.9060302,18.5410546,0 73.9060248,18.5410784,0 73.9060280,18.5410996,0 73.9060397,18.5411183,0</coordinates></LinearRing></outerBoundaryIs></Polygon></Placemark>
<Placemark><name>1.6-1.7 m</name><description>Depth class 1.6-1.7 m · area 121 m² · ≈1 fused pixels · fill opacity 18%</description><styleUrl>#d1_a2e</styleUrl><Polygon><tessellate>1</tessellate><outerBoundaryIs><LinearRing><coordinates>73.9297328,18.5371804,0 73.9297589,18.5371805,0 73.9297780,18.5371734,0 73.9297900,18.5371593,0 73.9297949,18.5371380,0 73.9297928,18.5371097,0 73.9297838,18.5370890,0 73.9297679,18.5370758,0 73.9297452,18.5370702,0 73.9297156,18.5370722,0 73.9296948,18.5370802,0 73.9296828,18.5370944,0 73.9296796,18.5371146,0 73.9296852,18.5371409,0 73.9296959,18.5371607,0 73.9297118,18.5371738,0 73.9297328,18.5371804,0</coordinates></LinearRing></outerBoundaryIs></Polygon></Placemark>
<Placemark><name>1.6-1.7 m</name><description>Depth class 1.6-1.7 m · area 119 m² · ≈1 fused pixels · fill opacity 18%</description><styleUrl>#d1_a2e</styleUrl><Polygon><tessellate>1</tessellate><outerBoundaryIs><LinearRing><coordinates>73.9359374,18.5363770,0 73.9359369,18.5364018,0 73.9359439,18.5364200,0 73.9359586,18.5364314,0 73.9359809,18.5364362,0 73.9360109,18.5364343,0 73.9360328,18.5364259,0 73.9360467,18.5364109,0 73.9360525,18.5363895,0 73.9360504,18.5363615,0 73.9360419,18.5363417,0 73.9360272,18.5363303,0 73.9360063,18.5363271,0 73.9359791,18.5363322,0 73.9359586,18.5363422,0 73.9359447,18.5363571,0 73.9359374,18.5363770,0</coordinates></LinearRing></outerBoundaryIs></Polygon></Placemark>
<Placemark><name>1.6-1.7 m</name><description>Depth class 1.6-1.7 m · area 119 m² · ≈1 fused pixels · fill opacity 18%</description><styleUrl>#d1_a2e</styleUrl><Polygon><tessellate>1</tessellate><outerBoundaryIs><LinearRing><coordinates>73.8759313,18.5421744,0 73.8759312,18.5421996,0 73.8759384,18.5422179,0 73.8759530,18.5422294,0 73.8759749,18.5422342,0 73.8760042,18.5422321,0 73.8760257,18.5422235,0 73.8760393,18.5422085,0 73.8760450,18.5421870,0 73.8760428,18.5421590,0 73.8760344,18.5421392,0 73.8760198,18.5421276,0 73.8759990,18.5421243,0 73.8759721,18.5421293,0 73.8759518,18.5421392,0 73.8759382,18.5421543,0 73.8759313,18.5421744,0</coordinates></LinearRing></outerBoundaryIs></Polygon></Placemark>
<Placemark><name>1.6-1.7 m</name><description>Depth class 1.6-1.7 m · area 119 m² · ≈1 fused pixels · fill opacity 18%</description><styleUrl>#d1_a2e</styleUrl><Polygon><tessellate>1</tessellate><outerBoundaryIs><LinearRing><coordinates>73.9806976,18.5293941,0 73.9806974,18.5294193,0 73.9807047,18.5294376,0 73.9807192,18.5294492,0 73.9807412,18.5294539,0 73.9807705,18.5294518,0 73.9807920,18.5294432,0 73.9808056,18.5294282,0 73.9808113,18.5294066,0 73.9808091,18.5293786,0 73.9808007,18.5293589,0 73.9807861,18.5293473,0 73.9807653,18.5293440,0 73.9807383,18.5293490,0 73.9807180,18.5293590,0 73.9807044,18.5293740,0 73.9806976,18.5293941,0</coordinates></LinearRing></outerBoundaryIs></Polygon></Placemark>
<Placemark><name>1.6-1.7 m</name><description>Depth class 1.6-1.7 m · area 119 m² · ≈1 fused pixels · fill opacity 18%</description><styleUrl>#d1_a2e</styleUrl><Polygon><tessellate>1</tessellate><outerBoundaryIs><LinearRing><coordinates>73.9921144,18.5211413,0 73.9921142,18.5211665,0 73.9921214,18.5211848,0 73.9921360,18.5211963,0 73.9921580,18.5212011,0 73.9921873,18.5211990,0 73.9922088,18.5211904,0 73.9922223,18.5211753,0 73.9922280,18.5211538,0 73.9922258,18.5211258,0 73.9922174,18.5211060,0 73.9922028,18.5210945,0 73.9921821,18.5210912,0 73.9921551,18.5210961,0 73.9921348,18.5211061,0 73.9921212,18.5211212,0 73.9921144,18.5211413,0</coordinates></LinearRing></outerBoundaryIs></Polygon></Placemark>
<Placemark><name>1.6-1.7 m</name><description>Depth class 1.6-1.7 m · area 118 m² · ≈1 fused pixels · fill opacity 18%</description><styleUrl>#d1_a2e</styleUrl><Polygon><tessellate>1</tessellate><outerBoundaryIs><LinearRing><coordinates>73.9670420,18.5430625,0 73.9670623,18.5430786,0 73.9670822,18.5430846,0 73.9671018,18.5430806,0 73.9671210,18.5430665,0 73.9671399,18.5430424,0 73.9671477,18.5430211,0 73.9671445,18.5430025,0 73.9671302,18.5429868,0 73.9671049,18.5429739,0 73.9670825,18.5429694,0 73.9670629,18.5429735,0 73.9670462,18.5429859,0 73.9670323,18.5430069,0 73.9670270,18.5430267,0 73.9670302,18.5430452,0 73.9670420,18.5430625,0</coordinates></LinearRing></outerBoundaryIs></Polygon></Placemark>
<Placemark><name>1.6-1.7 m</name><description>Depth class 1.6-1.7 m · area 118 m² · ≈1 fused pixels · fill opacity 18%</description><styleUrl>#d1_a2e</styleUrl><Polygon><tessellate>1</tessellate><outerBoundaryIs><LinearRing><coordinates>73.9732606,18.5403955,0 73.9732438,18.5404148,0 73.9732374,18.5404339,0 73.9732417,18.5404525,0 73.9732564,18.5404709,0 73.9732817,18.5404889,0 73.9733040,18.5404964,0 73.9733234,18.5404933,0 73.9733399,18.5404797,0 73.9733534,18.5404555,0 73.9733581,18.5404341,0 73.9733539,18.5404154,0 73.9733408,18.5403995,0 73.9733188,18.5403863,0 73.9732981,18.5403812,0 73.9732787,18.5403843,0 73.9732606,18.5403955,0</coordinates></LinearRing></outerBoundaryIs></Polygon></Placemark>
</Folder>
<Folder><name>1.7-1.8 m</name>
<Placemark><name>1.7-1.8 m</name><description>Depth class 1.7-1.8 m · area 410,482 m² · ≈4105 fused pixels · fill opacity 85%</description><styleUrl>#d2_ad9</styleUrl><Polygon><tessellate>1</tessellate><outerBoundaryIs><LinearRing><coordinates>73.9565368,18.5465756,0 73.9565130,18.5467219,0 73.9565020,18.5468382,0 73.9565039,18.5469247,0 73.9565185,18.5469812,0 73.9565460,18.5470078,0 73.9566114,18.5470335,0 73.9567146,18.5470584,0 73.9568557,18.5470824,0 73.9570346,18.5471055,0 73.9571785,18.5471290,0 73.9572874,18.5471528,0 73.9573612,18.5471769,0 73.9574000,18.5472013,0 73.9575128,18.5472200,0 73.9576995,18.5472331,0 73.9579602,18.5472406,0 73.9582948,18.5472425,0 73.9585600,18.5472328,0 73.9587555,18.5472116,0 73.9588816,18.5471789,0 73.9589381,18.5471347,0 73.9589956,18.5471071,0 73.9590540,18.5470962,0 73.9591134,18.5471019,0 73.9591737,18.5471242,0 73.9592283,18.5471354,0 73.9592771,18.5471354,0 73.9593201,18.5471244,0 73.9593574,18.5471022,0 73.9594247,18.5470855,0 73.9595220,18.5470744,0 73.9596493,18.5470689,0 73.9598067,18.5470689,0 73.9599420,18.5470458,0 73.9600552,18.5469995,0 73.9601464,18.5469302,0 73.9602155,18.5468378,0 73.9602853,18.5467693,0 73.9603559,18.5467247,0 73.9604272,18.5467040,0 73.9604992,18.5467072,0 73.9605670,18.5467032,0 73.9606304,18.5466920,0 73.9606896,18.5466736,0 73.9607445,18.5466479,0 73.9608267,18.5465900,0 73.9609362,18.5464998,0 73.9610730,18.5463773,0 73.9612370,18.5462227,0 73.9613700,18.5460913,0 73.9614718,18.5459832,0 73.9615426,18.5458984,0 73.9615822,18.5458369,0 73.9616428,18.5457895,0 73.9617244,18.5457563,0 73.9618269,18.5457372,0 73.9619504,18.5457323,0 73.9620615,18.5457227,0 73.9621604,18.5457086,0 73.9622469,18.5456898,0 73.9623211,18.5456664,0 73.9623879,18.5456386,0 73.9624473,18.5456065,0 73.9624993,18.5455700,0 73.9625440,18.5455293,0 73.9625901,18.5454977,0 73.9626376,18.5454754,0 73.9626865,18.5454623,0 73.9627369,18.5454584,0 73.9628084,18.5454199,0 73.9629009,18.5453467,0 73.9630147,18.5452389,0 73.9631495,18.5450965,0 73.9632629,18.5449921,0 73.9633549,18.5449258,0 73.9634256,18.5448975,0 73.9634748,18.5449072,0 73.9635307,18.5449087,0 73.9635933,18.5449019,0 73.9636627,18.5448868,0 73.9637387,18.5448635,0 73.9638320,18.5448289,0 73.9639427,18.5447830,0 73.9640708,18.5447258,0 73.9642162,18.5446573,0 73.9643360,18.5445959,0 73.9644303,18.5445416,0 73.9644991,18.5444945,0 73.9645423,18.5444546,0 73.9645924,18.5444240,0 73.9646496,18.5444027,0 73.9647137,18.5443908,0 73.9647847,18.5443883,0 73.9648743,18.5443701,0 73.9649824,18.5443364,0 73.9651091,18.5442870,0 73.9652544,18.5442219,0 73.9653804,18.5441728,0 73.9654872,18.5441395,0 73.9655747,18.5441220,0 73.9656431,18.5441204,0 73.9657202,18.5441083,0 73.9658060,18.5440856,0 73.9659007,18.5440524,0 73.9660040,18.5440086,0 73.9660951,18.5439753,0 73.9661737,18.5439524,0 73.9662400,18.5439400,0 73.9662940,18.5439380,0 73.9663429,18.5439424,0 73.9663867,18.5439533,0 73.9664255,18.5439706,0 73.9664593,18.5439943,0 73.9664899,18.5440041,0 73.9665174,18.5440000,0 73.9665417,18.5439821,0 73.9665629,18.5439502,0 73.9665854,18.5439287,0 73.9666092,18.5439175,0 73.9666343,18.5439167,0 73.9666607,18.5439262,0 73.9667158,18.5439118,0 73.9667996,18.5438735,0 73.9669120,18.5438112,0 73.9670531,18.5437251,0 73.9671959,18.5436489,0 73.9673404,18.5435829,0 73.9674866,18.5435268,0 73.9676345,18.5434808,0 73.9678393,18.5434410,0 73.9681012,18.5434074,0 73.9684200,18.5433800,0 73.9687958,18.5433589,0 73.9690986,18.5433527,0 73.9693284,18.5433612,0 73.9694851,18.5433847,0 73.9695687,18.5434230,0 73.9696354,18.5434480,0 73.9696850,18.5434599,0 73.9697176,18.5434586,0 73.9697331,18.5434441,0 73.9697422,18.5434194,0 73.9697447,18.5433846,0 73.9697406,18.5433397,0 73.9697300,18.5432847,0 73.9697298,18.5432347,0 73.9697398,18.5431899,0 73.9697602,18.5431502,0 73.9697908,18.5431157,0 73.9698411,18.5431009,0 73.9699108,18.5431058,0 73.9700002,18.5431305,0 73.9701090,18.5431749,0 73.9702219,18.5432026,0 73.9703389,18.5432135,0 73.9704599,18.5432077,0 73.9705849,18.5431852,0 73.9706861,18.5431616,0 73.9707634,18.5431368,0 73.9708169,18.5431110,0 73.9708464,18.5430840,0 73.9708695,18.5430499,0 73.9708862,18.5430086,0 73.9708963,18.5429602,0 73.9708999,18.5429045,0 73.9709240,18.5428610,0 73.9709687,18.5428297,0 73.9710339,18.5428104,0 73.9711197,18.5428032,0 73.9711910,18.5427919,0 73.9712478,18.5427762,0 73.9712901,18.5427564,0 73.9713179,18.5427323,0 73.9713337,18.5427031,0 73.9713375,18.5426688,0 73.9713293,18.5426294,0 73.9713091,18.5425849,0 73.9712971,18.5425418,0 73.9712933,18.5425000,0 73.9712978,18.5424597,0 73.9713106,18.5424207,0 73.9713409,18.5423906,0 73.9713889,18.5423693,0 73.9714544,18.5423568,0 73.9715376,18.5423532,0 73.9716097,18.5423559,0 73.9716709,18.5423649,0 73.9717210,18.5423802,0 73.9717601,18.5424018,0 73.9718078,18.5424115,0 73.9718640,18.5424091,0 73.9719288,18.5423948,0 73.9720021,18.5423685,0 73.9720621,18.5423339,0 73.9721090,18.5422909,0 73.9721426,18.5422396,0 73.9721630,18.5421799,0 73.9722023,18.5421343,0 73.9722607,18.5421028,0 73.9723381,18.5420853,0 73.9724345,18.5420819,0 73.9725240,18.5420635,0 73.9726067,18.5420302,0 73.9726825,18.5419819,0 73.9727514,18.5419187,0 73.9728168,18.5418698,0 73.9728784,18.5418352,0 73.9729365,18.5418150,0 73.9729909,18.5418091,0 73.9730381,18.5417980,0 73.9730781,18.5417819,0 73.9731109,18.5417605,0 73.9731366,18.5417341,0 73.9731570,18.5416967,0 73.9731722,18.5416485,0 73.9731822,18.5415893,0 73.9731869,18.5415192,0 73.9732013,18.5414560,0 73.9732254,18.5413997,0 73.9732590,18.5413502,0 73.9733023,18.5413076,0 73.9733319,18.5412543,0 73.9733478,18.5411905,0 73.9733501,18.5411160,0 73.9733387,18.5410310,0 73.9733348,18.5409589,0 73.9733382,18.5408998,0 73.9733491,18.5408537,0 73.9733674,18.5408206,0 73.9733972,18.5407877,0 73.9734386,18.5407550,0 73.9734914,18.5407225,0 73.9735557,18.5406902,0 73.9736281,18.5406648,0 73.9737084,18.5406463,0 73.9737966,18.5406346,0 73.9738929,18.5406298,0 73.9739768,18.5406088,0 73.9740485,18.5405717,0 73.9741078,18.5405185,0 73.9741548,18.5404491,0 73.9741878,18.5403845,0 73.9742069,18.5403246,0 73.9742120,18.5402696,0 73.9742031,18.5402194,0 73.9742103,18.5401668,0 73.9742336,18.5401119,0 73.9742731,18.5400546,0 73.9743288,18.5399950,0 73.9743843,18.5399148,0 73.9744396,18.5398140,0 73.9744948,18.5396926,0 73.9745498,18.5395506,0 73.9746122,18.5394409,0 73.9746820,18.5393634,0 73.9747592,18.5393183,0 73.9748437,18.5393055,0 73.9749140,18.5392896,0 73.9749699,18.5392707,0 73.9750115,18.5392487,0 73.9750388,18.5392237,0 73.9750602,18.5391823,0 73.9750758,18.5391245,0 73.9750856,18.5390504,0 73.9750894,18.5389598,0 73.9751039,18.5388796,0 73.9751288,18.5388097,0 73.9751643,18.5387501,0 73.9752103,18.5387009,0 73.9752454,18.5386314,0 73.9752695,18.5385415,0 73.9752828,18.5384312,0 73.9752852,18.5383006,0 73.9752979,18.5381954,0 73.9753210,18.5381156,0 73.9753545,18.5380611,0 73.9753984,18.5380321,0 73.9754289,18.5380005,0 73.9754460,18.5379663,0 73.9754496,18.5379296,0 73.9754399,18.5378904,0 73.9754417,18.5378374,0 73.9754550,18.5377706,0 73.9754798,18.5376899,0 73.9755161,18.5375955,0 73.9755375,18.5375150,0 73.9755442,18.5374485,0 73.9755360,18.5373959,0 73.9755130,18.5373574,0 73.9754966,18.5372822,0 73.9754867,18.5371704,0 73.9754833,18.5370220,0 73.9754864,18.5368370,0 73.9755056,18.5366876,0 73.9755407,18.5365737,0 73.9755918,18.5364954,0 73.9756589,18.5364526,0 73.9757102,18.5363979,0 73.9757457,18.5363312,0 73.9757654,18.5362526,0 73.9757693,18.5361620,0 73.9757833,18.5360829,0 73.9758074,18.5360153,0 73.9758416,18.5359591,0 73.9758859,18.5359144,0 73.9759269,18.5358620,0 73.9759647,18.5358020,0 73.9759992,18.5357344,0 73.9760305,18.5356592,0 73.9760680,18.5355897,0 73.9761116,18.5355258,0 73.9761614,18.5354676,0 73.9762174,18.5354150,0 73.9762733,18.5353726,0 73.9763292,18.5353404,0 73.9763849,18.5353184,0 73.9764406,18.5353066,0 73.9764836,18.5352700,0 73.9765139,18.5352086,0 73.9765316,18.5351225,0 73.9765366,18.5350116,0 73.9765691,18.5348953,0 73.9766290,18.5347738,0 73.9767164,18.5346470,0 73.9768313,18.5345149,0 73.9769182,18.5343995,0 73.9769771,18.5343007,0 73.9770081,18.5342187,0 73.9770111,18.5341534,0 73.9770205,18.5340906,0 73.9770362,18.5340304,0 73.9770584,18.5339728,0 73.9770870,18.5339177,0 73.9771296,18.5338612,0 73.9771864,18.5338033,0 73.9772572,18.5337440,0 73.9773422,18.5336833,0 73.9774305,18.5336100,0 73.9775222,18.5335239,0 73.9776172,18.5334251,0 73.9777156,18.5333137,0 73.9778017,18.5332069,0 73.9778755,18.5331047,0 73.9779370,18.5330071,0 73.9779862,18.5329141,0 73.9780252,18.5328201,0 73.9780539,18.5327250,0 73.9780723,18.5326288,0 73.9780806,18.5325315,0 73.9780951,18.5324513,0 73.9781161,18.5323881,0 73.9781434,18.5323419,0 73.9781771,18.5323127,0 73.9782147,18.5322891,0 73.9782563,18.5322711,0 73.9783017,18.5322588,0 73.9783510,18.5322520,0 73.9783887,18.5322344,0 73.9784146,18.5322058,0 73.9784288,18.5321663,0 73.9784313,18.5321158,0 73.9784547,18.5320593,0 73.9784990,18.5319966,0 73.9785641,18.5319277,0 73.9786501,18.5318528,0 73.9787391,18.5317954,0 73.9788312,18.5317556,0 73.9789264,18.5317333,0 73.9790245,18.5317286,0 73.9791106,18.5317187,0 73.9791846,18.5317035,0 73.9792466,18.5316830,0 73.9792964,18.5316573,0 73.9793435,18.5316128,0 73.9793878,18.5315494,0 73.9794294,18.5314671,0 73.9794683,18.5313660,0 73.9795235,18.5312818,0 73.9795949,18.5312144,0 73.9796827,18.5311638,0 73.9797867,18.5311302,0 73.9798744,18.5310853,0 73.9799458,18.5310292,0 73.9800009,18.5309619,0 73.9800396,18.5308834,0 73.9800781,18.5308216,0 73.9801164,18.5307766,0 73.9801546,18.5307484,0 73.9801925,18.5307370,0 73.9802534,18.5306972,0 73.9803372,18.5306292,0 73.9804440,18.5305330,0 73.9805738,18.5304084,0 73.9806922,18.5303069,0 73.9807993,18.5302284,0 73.9808950,18.5301729,0 73.9809793,18.5301405,0 73.9810755,18.5300846,0 73.9811837,18.5300053,0 73.9813038,18.5299025,0 73.9814359,18.5297762,0 73.9815606,18.5296695,0 73.9816781,18.5295822,0 73.9817881,18.5295145,0 73.9818909,18.5294662,0 73.9819799,18.5294293,0 73.9820551,18.5294037,0 73.9821165,18.5293894,0 73.9821642,18.5293865,0 73.9822217,18.5293635,0 73.9822892,18.5293205,0 73.9823665,18.5292574,0 73.9824537,18.5291744,0 73.9825393,18.5291046,0 73.9826232,18.5290482,0 73.9827055,18.5290051,0 73.9827862,18.5289752,0 73.9828622,18.5289323,0 73.9829336,18.5288762,0 73.9830004,18.5288070,0 73.9830625,18.5287246,0 73.9831466,18.5286613,0 73.9832527,18.5286171,0 73.9833808,18.5285920,0 73.9835310,18.5285859,0 73.9836671,18.5285639,0 73.9837892,18.5285258,0 73.9838974,18.5284717,0 73.9839915,18.5284016,0 73.9840665,18.5283401,0 73.9841225,18.5282872,0 73.9841594,18.5282428,0 73.9841773,18.5282071,0 73.9842049,18.5281737,0 73.9842424,18.5281427,0 73.9842898,18.5281141,0 73.9843469,18.5280878,0 73.9844072,18.5280673,0 73.9844708,18.5280527,0 73.9845376,18.5280439,0 73.9846075,18.5280410,0 73.9846868,18.5280130,0 73.9847755,18.5279600,0 73.9848735,18.5278820,0 73.9849808,18.5277789,0 73.9850760,18.5276994,0 73.9851593,18.5276434,0 73.9852304,18.5276108,0 73.9852896,18.5276018,0 73.9853500,18.5275797,0 73.9854118,18.5275446,0 73.9854749,18.5274964,0 73.9855393,18.5274352,0 73.9856016,18.5273829,0 73.9856616,18.5273397,0 73.9857194,18.5273056,0 73.9857750,18.5272804,0 73.9858335,18.5272612,0 73.9858948,18.5272479,0 73.9859590,18.5272405,0 73.9860261,18.5272391,0 73.9860998,18.5272220,0 73.9861802,18.5271894,0 73.9862671,18.5271412,0 73.9863607,18.5270773,0 73.9864490,18.5270287,0 73.9865321,18.5269952,0 73.9866099,18.5269770,0 73.9866824,18.5269739,0 73.9867477,18.5269615,0 73.9868057,18.5269398,0 73.9868565,18.5269089,0 73.9869001,18.5268686,0 73.9869697,18.5268260,0 73.9870655,18.5267810,0 73.9871874,18.5267336,0 73.9873353,18.5266838,0 73.9874820,18.5266186,0 73.9876274,18.5265380,0 73.9877715,18.5264420,0 73.9879143,18.5263306,0 73.9880235,18.5262291,0 73.9880991,18.5261373,0 73.9881409,18.5260555,0 73.9881491,18.5259834,0 73.9881405,18.5259250,0 73.9881152,18.5258803,0 73.9880730,18.5258491,0 73.9880140,18.5258317,0 73.9879595,18.5258241,0 73.9879094,18.5258265,0 73.9878639,18.5258388,0 73.9878227,18.5258610,0 73.9877739,18.5258754,0 73.9877175,18.5258819,0 73.9876534,18.5258807,0 73.9875816,18.5258716,0 73.9875188,18.5258773,0 73.9874649,18.5258980,0 73.9874200,18.5259335,0 73.9873841,18.5259840,0 73.9873404,18.5260234,0 73.9872890,18.5260517,0 73.9872298,18.5260690,0 73.9871629,18.5260753,0 73.9871121,18.5260636,0 73.9870776,18.5260338,0 73.9870592,18.5259861,0 73.9870570,18.5259204,0 73.9870783,18.5258721,0 73.9871232,18.5258412,0 73.9871916,18.5258279,0 73.9872835,18.5258319,0 73.9873563,18.5258313,0 73.9874099,18.5258261,0 73.9874444,18.5258162,0 73.9874598,18.5258017,0 73.9874601,18.5257767,0 73.9874454,18.5257413,0 73.9874155,18.5256955,0 73.9873706,18.5256392,0 73.9873333,18.5255791,0 73.9873037,18.5255153,0 73.9872817,18.5254477,0 73.9872674,18.5253763,0 73.9872509,18.5253211,0 73.9872322,18.5252820,0 73.9872113,18.5252591,0 73.9871883,18.5252522,0 73.9871647,18.5252642,0 73.9871404,18.5252950,0 73.9871156,18.5253446,0 73.9870902,18.5254130,0 73.9870458,18.5254665,0 73.9869825,18.5255052,0 73.9869003,18.5255290,0 73.9867992,18.5255379,0 73.9867194,18.5255644,0 73.9866611,18.5256084,0 73.9866243,18.5256700,0 73.9866088,18.5257491,0 73.9865658,18.5258099,0 73.9864953,18.5258523,0 73.9863973,18.5258764,0 73.9862718,18.5258822,0 73.9861593,18.5259034,0 73.9860600,18.5259399,0 73.9859738,18.5259919,0 73.9859008,18.5260591,0 73.9858455,18.5261172,0 73.9858078,18.5261661,0 73.9857879,18.5262058,0 73.9857857,18.5262363,0 73.9857959,18.5262694,0 73.9858183,18.5263052,0 73.9858530,18.5263437,0 73.9859000,18.5263848,0 73.9859314,18.5264320,0 73.9859473,18.5264854,0 73.9859476,18.5265449,0 73.9859323,18.5266106,0 73.9859083,18.5266571,0 73.9858757,18.5266844,0 73.9858343,18.5266926,0 73.9857843,18.5266816,0 73.9857446,18.5266571,0 73.9857153,18.5266192,0 73.9856962,18.5265679,0 73.9856875,18.5265032,0 73.9856762,18.5264521,0 73.9856623,18.5264148,0 73.9856458,18.5263913,0 73.9856268,18.5263814,0 73.9855600,18.5264051,0 73.9854453,18.5264624,0 73.9852829,18.5265532,0 73.9850726,18.5266775,0 73.9848845,18.5267773,0 73.9847186,18.5268525,0 73.9845749,18.5269031,0 73.9844533,18.5269292,0 73.9843582,18.5269581,0 73.9842894,18.5269898,0 73.9842470,18.5270242,0 73.9842309,18.5270614,0 73.9842305,18.5270920,0 73.9842457,18.5271159,0 73.9842766,18.5271330,0 73.9843231,18.5271435,0 73.9843665,18.5271602,0 73.9844068,18.5271830,0 73.9844440,18.5272120,0 73.9844781,18.5272472,0 73.9845012,18.5272907,0 73.9845132,18.5273427,0 73.9845142,18.5274030,0 73.9845041,18.5274717,0 73.9844754,18.5275300,0 73.9844280,18.5275778,0 73.9843620,18.5276151,0 73.9842774,18.5276420,0 73.9841785,18.5276607,0 73.9840653,18.5276712,0 73.9839377,18.5276735,0 73.9837957,18.5276677,0 73.9836807,18.5276746,0 73.9835925,18.5276943,0 73.9835313,18.5277269,0 73.9834969,18.5277723,0 73.9834589,18.5278087,0 73.9834173,18.5278361,0 73.9833720,18.5278545,0 73.9833232,18.5278640,0 73.9832781,18.5278867,0 73.9832368,18.5279226,0 73.9831993,18.5279716,0 73.9831655,18.5280338,0 73.9831297,18.5280782,0 73.9830920,18.5281048,0 73.9830524,18.5281136,0 73.9830109,18.5281046,0 73.9829734,18.5280821,0 73.9829398,18.5280460,0 73.9829103,18.5279963,0 73.9828848,18.5279332,0 73.9828537,18.5278873,0 73.9828170,18.5278589,0 73.9827748,18.5278478,0 73.9827270,18.5278540,0 73.9826806,18.5278686,0 73.9826357,18.5278915,0 73.9825922,18.5279228,0 73.9825501,18.5279624,0 73.9824872,18.5280047,0 73.9824033,18.5280499,0 73.9822985,18.5280978,0 73.9821728,18.5281485,0 73.9820429,18.5282143,0 73.9819089,18.5282953,0 73.9817707,18.5283914,0 73.9816283,18.5285027,0 73.9815342,18.5286023,0 73.9814883,18.5286903,0 73.9814906,18.5287667,0 73.9815412,18.5288314,0 73.9815746,18.5288959,0 73.9815909,18.5289603,0 73.9815901,18.5290244,0 73.9815721,18.5290884,0 73.9815471,18.5291402,0 73.9815151,18.5291800,0 73.9814761,18.5292076,0 73.9814301,18.5292231,0 73.9813778,18.5292207,0 73.9813191,18.5292005,0 73.9812540,18.5291623,0 73.9811826,18.5291063,0 73.9811030,18.5290703,0 73.9810151,18.5290542,0 73.9809190,18.5290581,0 73.9808148,18.5290820,0 73.9806884,18.5291391,0 73.9805398,18.5292294,0 73.9803692,18.5293529,0 73.9801764,18.5295096,0 73.9799992,18.5296701,0 73.9798376,18.5298344,0 73.9796915,18.5300025,0 73.9795611,18.5301744,0 73.9794481,18.5303079,0 73.9793527,18.5304031,0 73.9792748,18.5304598,0 73.9792144,18.5304782,0 73.9791528,18.5304890,0 73.9790900,18.5304924,0 73.9790260,18.5304881,0 73.9789607,18.5304764,0 73.9788934,18.5304798,0 73.9788240,18.5304984,0 73.9787527,18.5305321,0 73.9786793,18.5305809,0 73.9785973,18.5306535,0 73.9785069,18.5307498,0 73.9784079,18.5308699,0 73.9783004,18.5310137,0 73.9781927,18.5311465,0 73.9780849,18.5312683,0 73.9779768,18.5313792,0 73.9778686,18.5314792,0 73.9777848,18.5315626,0 73.9777254,18.5316296,0 73.9776904,18.5316802,0 73.9776799,18.5317142,0 73.9776620,18.5317431,0 73.9776369,18.5317669,0 73.9776044,18.5317854,0 73.9775646,18.5317988,0 73.9774997,18.5318420,0 73.9774097,18.5319148,0 73.9772946,18.5320173,0 73.9771544,18.5321495,0 73.9770111,18.5323076,0 73.9768647,18.5324914,0 73.9767153,18.5327009,0 73.9765627,18.5329363,0 73.9764149,18.5331440,0 73.9762717,18.5333239,0 73.9761332,18.5334762,0 73.9759994,18.5336008,0 73.9758925,18.5337061,0 73.9758127,18.5337922,0 73.9757598,18.5338591,0 73.9757339,18.5339067,0 73.9757014,18.5339882,0 73.9756620,18.5341037,0 73.9756160,18.5342531,0 73.9755632,18.5344365,0 73.9755054,18.5346084,0 73.9754424,18.5347688,0 73.9753743,18.5349179,0 73.9753012,18.5350555,0 73.9752358,18.5351687,0 73.9751783,18.5352573,0 73.9751285,18.5353215,0 73.9750865,18.5353612,0 73.9750535,18.5354037,0 73.9750295,18.5354491,0 73.9750145,18.5354974,0 73.9750085,18.5355485,0 73.9749932,18.5355973,0 73.9749686,18.5356438,0 73.9749347,18.5356880,0 73.9748915,18.5357300,0 73.9748587,18.5357770,0 73.9748362,18.5358292,0 73.9748242,18.5358864,0 73.9748224,18.5359488,0 73.9748154,18.5360033,0 73.9748029,18.5360499,0 73.9747851,18.5360887,0 73.9747619,18.5361195,0 73.9747439,18.5361977,0 73.9747309,18.5363232,0 73.9747231,18.5364961,0 73.9747203,18.5367163,0 73.9747009,18.5369102,0 73.9746647,18.5370779,0 73.9746117,18.5372194,0 73.9745420,18.5373346,0 73.9744828,18.5374605,0 73.9744341,18.5375971,0 73.9743959,18.5377443,0 73.9743683,18.5379023,0 73.9743243,18.5380602,0 73.9742642,18.5382180,0 73.9741878,18.5383757,0 73.9740952,18.5385334,0 73.9740196,18.5386810,0 73.9739611,18.5388185,0 73.9739197,18.5389458,0 73.9738953,18.5390630,0 73.9738932,18.5391550,0 73.9739133,18.5392218,0 73.9739556,18.5392634,0 73.9740201,18.5392797,0 73.9740713,18.5392999,0 73.9741090,18.5393241,0 73.9741334,18.5393523,0 73.9741444,18.5393844,0 73.9741339,18.5394229,0 73.9741019,18.5394676,0 73.9740485,18.5395186,0 73.9739737,18.5395758,0 73.9739141,18.5396448,0 73.9738697,18.5397255,0 73.9738407,18.5398179,0 73.9738269,18.5399220,0 73.9738079,18.5400043,0 73.9737835,18.5400648,0 73.9737538,18.5401035,0 73.9737188,18.5401204,0 73.9736644,18.5401301,0 73.9735906,18.5401325,0 73.9734973,18.5401277,0 73.9733847,18.5401157,0 73.9732872,18.5401184,0 73.9732050,18.5401357,0 73.9731379,18.5401677,0 73.9730861,18.5402143,0 73.9730341,18.5402789,0 73.9729818,18.5403616,0 73.9729293,18.5404622,0 73.9728765,18.5405809,0 73.9728536,18.5406760,0 73.9728606,18.5407476,0 73.9728974,18.5407957,0 73.9729640,18.5408203,0 73.9730126,18.5408518,0 73.9730433,18.5408903,0 73.9730559,18.5409359,0 73.9730506,18.5409884,0 73.9730345,18.5410278,0 73.9730078,18.5410542,0 73.9729704,18.5410676,0 73.9729223,18.5410678,0 73.9728829,18.5410561,0 73.9728519,18.5410324,0 73.9728296,18.5409967,0 73.9728159,18.5409490,0 73.9728002,18.5409114,0 73.9727827,18.5408841,0 73.9727632,18.5408670,0 73.9727418,18.5408601,0 73.9727156,18.5408634,0 73.9726846,18.5408770,0 73.9726486,18.5409009,0 73.9726079,18.5409349,0 73.9725640,18.5409619,0 73.9725170,18.5409818,0 73.9724670,18.5409945,0 73.9724138,18.5410002,0 73.9723645,18.5410192,0 73.9723190,18.5410517,0 73.9722773,18.5410976,0 73.9722394,18.5411568,0 73.9721744,18.5412186,0 73.9720821,18.5412829,0 73.9719627,18.5413498,0 73.9718160,18.5414191,0 73.9716757,18.5414720,0 73.9715416,18.5415084,0 73.9714139,18.5415283,0 73.9712925,18.5415318,0 73.9711779,18.5415508,0 73.9710701,18.5415852,0 73.9709692,18.5416350,0 73.9708751,18.5417003,0 73.9708006,18.5417590,0 73.9707458,18.5418112,0 73.9707105,18.5418567,0 73.9706949,18.5418957,0 73.9706466,18.5419480,0 73.9705655,18.5420136,0 73.9704518,18.5420926,0 73.9703054,18.5421849,0 73.9701757,18.5422604,0 73.9700629,18.5423190,0 73.9699668,18.5423609,0 73.9698875,18.5423859,0 73.9698053,18.5424050,0 73.9697203,18.5424182,0 73.9696323,18.5424254,0 73.9695416,18.5424267,0 73.9694507,18.5424433,0 73.9693598,18.5424753,0 73.9692689,18.5425226,0 73.9691779,18.5425852,0 73.9690968,18.5426332,0 73.9690255,18.5426667,0 73.9689641,18.5426857,0 73.9689126,18.5426901,0 73.9688558,18.5427039,0 73.9687938,18.5427273,0 73.9687266,18.5427601,0 73.9686541,18.5428024,0 73.9685102,18.5428426,0 73.9682947,18.5428808,0 73.9680078,18.5429169,0 73.9676495,18.5429509,0 73.9673351,18.5429732,0 73.9670648,18.5429838,0 73.9668386,18.5429827,0 73.9666564,18.5429699,0 73.9664712,18.5429766,0 73.9662830,18.5430028,0 73.9660918,18.5430484,0 73.9658976,18.5431136,0 73.9657111,18.5431683,0 73.9655324,18.5432127,0 73.9653614,18.5432467,0 73.9651982,18.5432704,0 73.9650454,18.5433044,0 73.9649030,18.5433488,0 73.9647711,18.5434036,0 73.9646495,18.5434688,0 73.9645290,18.5435181,0 73.9644096,18.5435516,0 73.9642913,18.5435693,0 73.9641740,18.5435711,0 73.9640741,18.5435790,0 73.9639915,18.5435928,0 73.9639262,18.5436127,0 73.9638783,18.5436386,0 73.9638379,18.5436669,0 73.9638050,18.5436977,0 73.9637796,18.5437310,0 73.9637618,18.5437667,0 73.9637340,18.5437955,0 73.9636965,18.5438174,0 73.9636490,18.5438323,0 73.9635918,18.5438402,0 73.9635271,18.5438669,0 73.9634550,18.5439123,0 73.9633755,18.5439763,0 73.9632886,18.5440591,0 73.9631920,18.5441282,0 73.9630857,18.5441836,0 73.9629698,18.5442253,0 73.9628442,18.5442534,0 73.9627107,18.5443063,0 73.9625694,18.5443838,0 73.9624201,18.5444861,0 73.9622630,18.5446132,0 73.9620843,18.5447441,0 73.9618840,18.5448791,0 73.9616621,18.5450180,0 73.9614187,18.5451608,0 73.9612338,18.5452855,0 73.9611076,18.5453923,0 73.9610400,18.5454809,0 73.9610310,18.5455516,0 73.9610149,18.5456136,0 73.9609916,18.5456669,0 73.9609613,18.5457117,0 73.9609238,18.5457478,0 73.9608600,18.5457698,0 73.9607699,18.5457776,0 73.9606534,18.5457713,0 73.9605106,18.5457509,0 73.9603677,18.5457629,0 73.9602249,18.5458073,0 73.9600821,18.5458842,0 73.9599393,18.5459934,0 73.9597925,18.5460758,0 73.9596415,18.5461312,0 73.9594866,18.5461598,0 73.9593276,18.5461615,0 73.9591984,18.5461739,0 73.9590991,18.5461969,0 73.9590296,18.5462307,0 73.9589900,18.5462752,0 73.9589308,18.5463084,0 73.9588523,18.5463301,0 73.9587542,18.5463405,0 73.9586367,18.5463395,0 73.9585108,18.5463274,0 73.9583766,18.5463042,0 73.9582340,18.5462698,0 73.9580830,18.5462244,0 73.9579533,18.5461959,0 73.9578450,18.5461842,0 73.9577579,18.5461895,0 73.9576921,18.5462116,0 73.9575878,18.5462225,0 73.9574450,18.5462220,0 73.9572637,18.5462102,0 73.9570438,18.5461871,0 73.9568700,18.5461825,0 73.9567424,18.5461964,0 73.9566609,18.5462288,0 73.9566255,18.5462798,0 73.9565930,18.5463545,0 73.9565635,18.5464531,0 73.9565368,18.5465756,0</coordinates></LinearRing></outerBoundaryIs><innerBoundaryIs><LinearRing><coordinates>73.9665067,18.5438633,0 73.9664494,18.5438411,0 73.9664081,18.5438115,0 73.9663830,18.5437747,0 73.9663740,18.5437305,0 73.9663812,18.5436790,0 73.9664001,18.5436421,0 73.9664309,18.5436197,0 73.9664734,18.5436119,0 73.9665278,18.5436186,0 73.9665716,18.5436314,0 73.9666047,18.5436504,0 73.9666272,18.5436754,0 73.9666391,18.5437066,0 73.9666440,18.5437389,0 73.9666419,18.5437724,0 73.9666329,18.5438071,0 73.9666168,18.5438429,0 73.9665904,18.5438642,0 73.9665537,18.5438710,0 73.9665067,18.5438633,0</coordinates></LinearRing></innerBoundaryIs><innerBoundaryIs><LinearRing><coordinates>73.9601833,18.5465831,0 73.9601102,18.5465446,0 73.9600571,18.5465026,0 73.9600240,18.5464572,0 73.9600108,18.5464084,0 73.9600176,18.5463562,0 73.9600332,18.5463164,0 73.9600575,18.5462889,0 73.9600906,18.5462738,0 73.9601325,18.5462711,0 73.9601730,18.5462773,0 73.9602122,18.5462924,0 73.9602500,18.5463164,0 73.9602865,18.5463494,0 73.9603108,18.5463892,0 73.9603230,18.5464360,0 73.9603231,18.5464896,0 73.9603110,18.5465501,0 73.9602837,18.5465859,0 73.9602411,18.5465969,0 73.9601833,18.5465831,0</coordinates></LinearRing></innerBoundaryIs><innerBoundaryIs><LinearRing><coordinates>73.9822090,18.5283202,0 73.9822608,18.5283360,0 73.9822969,18.5283606,0 73.9823173,18.5283940,0 73.9823220,18.5284360,0 73.9823109,18.5284868,0 73.9822876,18.5285222,0 73.9822519,18.5285422,0 73.9822038,18.5285469,0 73.9821434,18.5285362,0 73.9821030,18.5285142,0 73.9820826,18.5284809,0 73.9820822,18.5284362,0 73.9821018,18.5283803,0 73.9821295,18.5283423,0 73.9821652,18.5283222,0 73.9822090,18.5283202,0</coordinates></LinearRing></innerBoundaryIs><innerBoundaryIs><LinearRing><coordinates>73.9850500,18.5271133,0 73.9850941,18.5270864,0 73.9851375,18.5270741,0 73.9851801,18.5270764,0 73.9852220,18.5270933,0 73.9852631,18.5271248,0 73.9852769,18.5271644,0 73.9852634,18.5272119,0 73.9852226,18.5272675,0 73.9851544,18.5273311,0 73.9850951,18.5273734,0 73.9850446,18.5273943,0 73.9850029,18.5273939,0 73.9849701,18.5273722,0 73.9849494,18.5273443,0 73.9849408,18.5273102,0 73.9849445,18.5272698,0 73.9849602,18.5272233,0 73.9849831,18.5271817,0 73.9850130,18.5271451,0 73.9850500,18.5271133,0</coordinates></LinearRing></innerBoundaryIs><innerBoundaryIs><LinearRing><coordinates>73.9775666,18.5326457,0 73.9776230,18.5326646,0 73.9776587,18.5326964,0 73.9776737,18.5327410,0 73.9776680,18.5327986,0 73.9776416,18.5328691,0 73.9776082,18.5329218,0 73.9775679,18.5329569,0 73.9775205,18.5329743,0 73.9774661,18.5329740,0 73.9774206,18.5329693,0 73.9773840,18.5329600,0 73.9773563,18.5329463,0 73.9773375,18.5329282,0 73.9773240,18.5329003,0 73.9773158,18.5328629,0 73.9773129,18.5328158,0 73.9773154,18.5327590,0 73.9773274,18.5327129,0 73.9773490,18.5326775,0 73.9773802,18.5326527,0 73.9774209,18.5326386,0 73.9774655,18.5326327,0 73.9775141,18.5326351,0 73.9775666,18.5326457,0</coordinates></LinearRing></innerBoundaryIs><innerBoundaryIs><LinearRing><coordinates>73.9759182,18.5348738,0 73.9759203,18.5347705,0 73.9759412,18.5346949,0 73.9759809,18.5346472,0 73.9760394,18.5346273,0 73.9761166,18.5346352,0 73.9761753,18.5346560,0 73.9762155,18.5346899,0 73.9762372,18.5347366,0 73.9762403,18.5347964,0 73.9762336,18.5348505,0 73.9762172,18.5348991,0 73.9761909,18.5349422,0 73.9761549,18.5349796,0 73.9761163,18.5350073,0 73.9760750,18.5350251,0 73.9760312,18.5350332,0 73.9759847,18.5350315,0 73.9759504,18.5350043,0 73.9759282,18.5349518,0 73.9759182,18.5348738,0</coordinates></LinearRing></innerBoundaryIs><innerBoundaryIs><LinearRing><coordinates>73.9753627,18.5353948,0 73.9754027,18.5353892,0 73.9754345,18.5353955,0 73.9754583,18.5354136,0 73.9754740,18.5354434,0 73.9754816,18.5354850,0 73.9754762,18.5355175,0 73.9754577,18.5355407,0 73.9754264,18.5355548,0 73.9753820,18.5355596,0 73.9753479,18.5355530,0 73.9753241,18.5355350,0 73.9753107,18.5355055,0 73.9753075,18.5354645,0 73.9753151,18.5354324,0 73.9753335,18.5354091,0 73.9753627,18.5353948,0</coordinates></LinearRing></innerBoundaryIs></Polygon></Placemark>
<Placemark><name>1.7-1.8 m</name><description>Depth class 1.7-1.8 m · area 55,332 m² · ≈553 fused pixels · fill opacity 85%</description><styleUrl>#d2_ad9</styleUrl><Polygon><tessellate>1</tessellate><outerBoundaryIs><LinearRing><coordinates>73.8852936,18.5441427,0 73.8853281,18.5441916,0 73.8853790,18.5442242,0 73.8854461,18.5442405,0 73.8855295,18.5442404,0 73.8856291,18.5442240,0 73.8857260,18.5442237,0 73.8858202,18.5442394,0 73.8859115,18.5442711,0 73.8860001,18.5443189,0 73.8860925,18.5443493,0 73.8861886,18.5443623,0 73.8862885,18.5443578,0 73.8863922,18.5443359,0 73.8864800,18.5443252,0 73.8865519,18.5443257,0 73.8866079,18.5443373,0 73.8866480,18.5443601,0 73.8868025,18.5443780,0 73.8870712,18.5443909,0 73.8874542,18.5443988,0 73.8879516,18.5444017,0 73.8883383,18.5443983,0 73.8886143,18.5443887,0 73.8887796,18.5443727,0 73.8888342,18.5443504,0 73.8889038,18.5443451,0 73.8889882,18.5443567,0 73.8890875,18.5443853,0 73.8892017,18.5444309,0 73.8893182,18.5444424,0 73.8894372,18.5444199,0 73.8895586,18.5443635,0 73.8896825,18.5442730,0 73.8897823,18.5441918,0 73.8898581,18.5441197,0 73.8899099,18.5440569,0 73.8899377,18.5440033,0 73.8899541,18.5439435,0 73.8899591,18.5438775,0 73.8899527,18.5438054,0 73.8899349,18.5437271,0 73.8899294,18.5436625,0 73.8899361,18.5436115,0 73.8899552,18.5435742,0 73.8899865,18.5435506,0 73.8900226,18.5435320,0 73.8900637,18.5435184,0 73.8901096,18.5435097,0 73.8901603,18.5435060,0 73.8902002,18.5434959,0 73.8902293,18.5434794,0 73.8902476,18.5434565,0 73.8902550,18.5434273,0 73.8902476,18.5433966,0 73.8902253,18.5433646,0 73.8901880,18.5433312,0 73.8901360,18.5432965,0 73.8900883,18.5432707,0 73.8900449,18.5432540,0 73.8900060,18.5432463,0 73.8899715,18.5432476,0 73.8899377,18.5432615,0 73.8899047,18.5432881,0 73.8898724,18.5433275,0 73.8898409,18.5433794,0 73.8898231,18.5434279,0 73.8898191,18.5434728,0 73.8898289,18.5435141,0 73.8898524,18.5435518,0 73.8898524,18.5435924,0 73.8898289,18.5436360,0 73.8897820,18.5436824,0 73.8897116,18.5437317,0 73.8896531,18.5437645,0 73.8896066,18.5437807,0 73.8895721,18.5437804,0 73.8895495,18.5437636,0 73.8895312,18.5437368,0 73.8895171,18.5437000,0 73.8895072,18.5436533,0 73.8895016,18.5435966,0 73.8894769,18.5435404,0 73.8894330,18.5434847,0 73.8893700,18.5434295,0 73.8892878,18.5433747,0 73.8892207,18.5433244,0 73.8891687,18.5432785,0 73.8891318,18.5432370,0 73.8891100,18.5432000,0 73.8890176,18.5431718,0 73.8888546,18.5431523,0 73.8886210,18.5431417,0 73.8883169,18.5431400,0 73.8880840,18.5431526,0 73.8879223,18.5431798,0 73.8878318,18.5432215,0 73.8878126,18.5432777,0 73.8877902,18.5433231,0 73.8877647,18.5433579,0 73.8877360,18.5433821,0 73.8877041,18.5433955,0 73.8876728,18.5434019,0 73.8876421,18.5434013,0 73.8876120,18.5433936,0 73.8875825,18.5433789,0 73.8875562,18.5433541,0 73.8875333,18.5433192,0 73.8875138,18.5432742,0 73.8874975,18.5432191,0 73.8874775,18.5431781,0 73.8874537,18.5431511,0 73.8874262,18.5431381,0 73.8873949,18.5431391,0 73.8873588,18.5431505,0 73.8873181,18.5431722,0 73.8872726,18.5432043,0 73.8872224,18.5432466,0 73.8871358,18.5432783,0 73.8870126,18.5432991,0 73.8868530,18.5433091,0 73.8866568,18.5433084,0 73.8865037,18.5433032,0 73.8863936,18.5432936,0 73.8863265,18.5432795,0 73.8863023,18.5432609,0 73.8862839,18.5432297,0 73.8862712,18.5431859,0 73.8862642,18.5431295,0 73.8862628,18.5430604,0 73.8862362,18.5430079,0 73.8861845,18.5429718,0 73.8861075,18.5429523,0 73.8860054,18.5429492,0 73.8859211,18.5429534,0 73.8858548,18.5429649,0 73.8858064,18.5429835,0 73.8857759,18.5430094,0 73.8857527,18.5430367,0 73.8857370,18.5430653,0 73.8857287,18.5430952,0 73.8857278,18.5431266,0 73.8857485,18.5431548,0 73.8857908,18.5431797,0 73.8858547,18.5432015,0 73.8859402,18.5432201,0 73.8860053,18.5432529,0 73.8860499,18.5432998,0 73.8860742,18.5433608,0 73.8860780,18.5434360,0 73.8860349,18.5435059,0 73.8859449,18.5435705,0 73.8858080,18.5436298,0 73.8856242,18.5436838,0 73.8854799,18.5437309,0 73.8853752,18.5437711,0 73.8853100,18.5438044,0 73.8852844,18.5438308,0 73.8852649,18.5438631,0 73.8852516,18.5439011,0 73.8852444,18.5439450,0 73.8852433,18.5439947,0 73.8852511,18.5440442,0 73.8852679,18.5440936,0 73.8852936,18.5441427,0</coordinates></LinearRing></outerBoundaryIs><innerBoundaryIs><LinearRing><coordinates>73.8858623,18.5437843,0 73.8859169,18.5438086,0 73.8859567,18.5438355,0 73.8859816,18.5438650,0 73.8859916,18.5438971,0 73.8859868,18.5439318,0 73.8859756,18.5439621,0 73.8859580,18.5439880,0 73.8859340,18.5440094,0 73.8859036,18.5440265,0 73.8858722,18.5440346,0 73.8858398,18.5440338,0 73.8858065,18.5440240,0 73.8857722,18.5440053,0 73.8857502,18.5439769,0 73.8857405,18.5439389,0 73.8857431,18.5438912,0 73.8857580,18.5438339,0 73.8857828,18.5437970,0 73.8858176,18.5437805,0 73.8858623,18.5437843,0</coordinates></LinearRing></innerBoundaryIs><innerBoundaryIs><LinearRing><coordinates>73.8881308,18.5433224,0 73.8881633,18.5433243,0 73.8881918,18.5433313,0 73.8882162,18.5433434,0 73.8882365,18.5433605,0 73.8882527,18.5433826,0 73.8882636,18.5434073,0 73.8882691,18.5434346,0 73.8882693,18.5434644,0 73.8882641,18.5434968,0 73.8882518,18.5435256,0 73.8882324,18.5435506,0 73.8882059,18.5435720,0 73.8881724,18.5435898,0 73.8881392,18.5435973,0 73.8881063,18.5435947,0 73.8880738,18.5435818,0 73.8880417,18.5435588,0 73.8880232,18.5435287,0 73.8880182,18.5434916,0 73.8880267,18.5434475,0 73.8880489,18.5433962,0 73.8880736,18.5433583,0 73.8881009,18.5433337,0 73.8881308,18.5433224,0</coordinates></LinearRing></innerBoundaryIs></Polygon></Placemark>
<Placemark><name>1.7-1.8 m</name><description>Depth class 1.7-1.8 m · area 37,474 m² · ≈375 fused pixels · fill opacity 85%</description><styleUrl>#d2_ad9</styleUrl><Polygon><tessellate>1</tessellate><outerBoundaryIs><LinearRing><coordinates>73.9400361,18.5377690,0 73.9401573,18.5379381,0 73.9402712,18.5380870,0 73.9403775,18.5382158,0 73.9404765,18.5383243,0 73.9405680,18.5384126,0 73.9406465,18.5384823,0 73.9407121,18.5385334,0 73.9407647,18.5385659,0 73.9408043,18.5385797,0 73.9408478,18.5386251,0 73.9408951,18.5387020,0 73.9409463,18.5388104,0 73.9410013,18.5389503,0 73.9410530,18.5390610,0 73.9411014,18.5391426,0 73.9411465,18.5391950,0 73.9411884,18.5392181,0 73.9412207,18.5392529,0 73.9412434,18.5392992,0 73.9412567,18.5393572,0 73.9412604,18.5394266,0 73.9412688,18.5394865,0 73.9412819,18.5395366,0 73.9412998,18.5395771,0 73.9413224,18.5396080,0 73.9413401,18.5396700,0 73.9413529,18.5397631,0 73.9413609,18.5398874,0 73.9413639,18.5400429,0 73.9413733,18.5401654,0 73.9413890,18.5402549,0 73.9414110,18.5403114,0 73.9414394,18.5403350,0 73.9415055,18.5403577,0 73.9416094,18.5403796,0 73.9417512,18.5404007,0 73.9419307,18.5404209,0 73.9420772,18.5404245,0 73.9421907,18.5404113,0 73.9422712,18.5403816,0 73.9423188,18.5403351,0 73.9423547,18.5402863,0 73.9423789,18.5402352,0 73.9423914,18.5401817,0 73.9423924,18.5401259,0 73.9423761,18.5400668,0 73.9423426,18.5400044,0 73.9422919,18.5399387,0 73.9422241,18.5398697,0 73.9421725,18.5397952,0 73.9421372,18.5397152,0 73.9421181,18.5396297,0 73.9421153,18.5395386,0 73.9421026,18.5394597,0 73.9420799,18.5393930,0 73.9420472,18.5393384,0 73.9420045,18.5392960,0 73.9419596,18.5392291,0 73.9419125,18.5391378,0 73.9418630,18.5390219,0 73.9418114,18.5388816,0 73.9417563,18.5387548,0 73.9416977,18.5386415,0 73.9416358,18.5385418,0 73.9415705,18.5384555,0 73.9415023,18.5383336,0 73.9414313,18.5381762,0 73.9413574,18.5379831,0 73.9412807,18.5377545,0 73.9411984,18.5375749,0 73.9411104,18.5374444,0 73.9410167,18.5373630,0 73.9409174,18.5373307,0 73.9408380,18.5372971,0 73.9407784,18.5372623,0 73.9407387,18.5372262,0 73.9407189,18.5371889,0 73.9406922,18.5371544,0 73.9406586,18.5371225,0 73.9406180,18.5370934,0 73.9405705,18.5370671,0 73.9405092,18.5370468,0 73.9404341,18.5370328,0 73.9403451,18.5370249,0 73.9402423,18.5370231,0 73.9401510,18.5370343,0 73.9400712,18.5370584,0 73.9400030,18.5370955,0 73.9399463,18.5371455,0 73.9399033,18.5372014,0 73.9398741,18.5372633,0 73.9398586,18.5373310,0 73.9398568,18.5374047,0 73.9398858,18.5375023,0 73.9399456,18.5376237,0 73.9400361,18.5377690,0</coordinates></LinearRing></outerBoundaryIs></Polygon></Placemark>
<Placemark><name>1.7-1.8 m</name><description>Depth class 1.7-1.8 m · area 36,770 m² · ≈368 fused pixels · fill opacity 85%</description><styleUrl>#d2_ad9</styleUrl><Polygon><tessellate>1</tessellate><outerBoundaryIs><LinearRing><coordinates>73.9360236,18.5354498,0 73.9361739,18.5355812,0 73.9362818,18.5356929,0 73.9363471,18.5357848,0 73.9363701,18.5358570,0 73.9363505,18.5359094,0 73.9363457,18.5359666,0 73.9363556,18.5360285,0 73.9363803,18.5360951,0 73.9364197,18.5361664,0 73.9364705,18.5362129,0 73.9365326,18.5362344,0 73.9366060,18.5362311,0 73.9366908,18.5362028,0 73.9367649,18.5361947,0 73.9368283,18.5362067,0 73.9368810,18.5362389,0 73.9369229,18.5362913,0 73.9370013,18.5363308,0 73.9371161,18.5363575,0 73.9372673,18.5363714,0 73.9374548,18.5363725,0 73.9376037,18.5363678,0 73.9377138,18.5363575,0 73.9377851,18.5363414,0 73.9378177,18.5363197,0 73.9378591,18.5363033,0 73.9379092,18.5362923,0 73.9379682,18.5362867,0 73.9380360,18.5362865,0 73.9381078,18.5362921,0 73.9381836,18.5363035,0 73.9382635,18.5363207,0 73.9383474,18.5363437,0 73.9384252,18.5363480,0 73.9384968,18.5363337,0 73.9385622,18.5363007,0 73.9386215,18.5362490,0 73.9386723,18.5362145,0 73.9387145,18.5361972,0 73.9387483,18.5361970,0 73.9387736,18.5362141,0 73.9387943,18.5362402,0 73.9388103,18.5362752,0 73.9388217,18.5363193,0 73.9388285,18.5363723,0 73.9388458,18.5364133,0 73.9388737,18.5364424,0 73.9389121,18.5364594,0 73.9389611,18.5364645,0 73.9390102,18.5364540,0 73.9390596,18.5364282,0 73.9391092,18.5363869,0 73.9391590,18.5363301,0 73.9391875,18.5362568,0 73.9391947,18.5361670,0 73.9391805,18.5360608,0 73.9391450,18.5359380,0 73.9390951,18.5358237,0 73.9390309,18.5357176,0 73.9389524,18.5356200,0 73.9388596,18.5355307,0 73.9387711,18.5354575,0 73.9386871,18.5354003,0 73.9386075,18.5353592,0 73.9385322,18.5353342,0 73.9384364,18.5353206,0 73.9383201,18.5353185,0 73.9381832,18.5353279,0 73.9380258,18.5353488,0 73.9378579,18.5353416,0 73.9376797,18.5353066,0 73.9374910,18.5352435,0 73.9372920,18.5351525,0 73.9370768,18.5350839,0 73.9368455,18.5350379,0 73.9365980,18.5350143,0 73.9363344,18.5350132,0 73.9361279,18.5350274,0 73.9359785,18.5350570,0 73.9358862,18.5351020,0 73.9358510,18.5351623,0 73.9358621,18.5352404,0 73.9359197,18.5353362,0 73.9360236,18.5354498,0</coordinates></LinearRing></outerBoundaryIs></Polygon></Placemark>
<Placemark><name>1.7-1.8 m</name><description>Depth class 1.7-1.8 m · area 31,437 m² · ≈314 fused pixels · fill opacity 85%</description><styleUrl>#d2_ad9</styleUrl><Polygon><tessellate>1</tessellate><outerBoundaryIs><LinearRing><coordinates>73.9256771,18.5383098,0 73.9256972,18.5383704,0 73.9257134,18.5384322,0 73.9257258,18.5384952,0 73.9257343,18.5385594,0 73.9257389,18.5386247,0 73.9257566,18.5386753,0 73.9257874,18.5387110,0 73.9258313,18.5387320,0 73.9258883,18.5387382,0 73.9259562,18.5387344,0 73.9260352,18.5387206,0 73.9261252,18.5386968,0 73.9262262,18.5386631,0 73.9263351,18.5386408,0 73.9264518,18.5386301,0 73.9265764,18.5386308,0 73.9267088,18.5386431,0 73.9268225,18.5386358,0 73.9269174,18.5386090,0 73.9269934,18.5385627,0 73.9270507,18.5384968,0 73.9271222,18.5384472,0 73.9272079,18.5384138,0 73.9273078,18.5383966,0 73.9274219,18.5383957,0 73.9275508,18.5383785,0 73.9276945,18.5383451,0 73.9278530,18.5382954,0 73.9280264,18.5382295,0 73.9282146,18.5381743,0 73.9284178,18.5381298,0 73.9286358,18.5380960,0 73.9288688,18.5380730,0 73.9290622,18.5380325,0 73.9292163,18.5379747,0 73.9293308,18.5378996,0 73.9294059,18.5378071,0 73.9294615,18.5377204,0 73.9294976,18.5376396,0 73.9295142,18.5375646,0 73.9295113,18.5374954,0 73.9295161,18.5374373,0 73.9295285,18.5373903,0 73.9295486,18.5373544,0 73.9295764,18.5373297,0 73.9295993,18.5372985,0 73.9296173,18.5372610,0 73.9296304,18.5372171,0 73.9296385,18.5371668,0 73.9296544,18.5371245,0 73.9296780,18.5370902,0 73.9297093,18.5370639,0 73.9297483,18.5370456,0 73.9297778,18.5370252,0 73.9297977,18.5370028,0 73.9298081,18.5369784,0 73.9298090,18.5369518,0 73.9297814,18.5369307,0 73.9297252,18.5369151,0 73.9296405,18.5369049,0 73.9295273,18.5369002,0 73.9294313,18.5369132,0 73.9293527,18.5369440,0 73.9292914,18.5369926,0 73.9292474,18.5370590,0 73.9292257,18.5371212,0 73.9292262,18.5371792,0 73.9292490,18.5372331,0 73.9292941,18.5372828,0 73.9293236,18.5373287,0 73.9293375,18.5373708,0 73.9293357,18.5374092,0 73.9293183,18.5374437,0 73.9292817,18.5374688,0 73.9292259,18.5374844,0 73.9291509,18.5374905,0 73.9290566,18.5374872,0 73.9289824,18.5374697,0 73.9289281,18.5374382,0 73.9288938,18.5373925,0 73.9288795,18.5373327,0 73.9288592,18.5372814,0 73.9288329,18.5372387,0 73.9288006,18.5372044,0 73.9287624,18.5371786,0 73.9286847,18.5371823,0 73.9285677,18.5372155,0 73.9284113,18.5372781,0 73.9282154,18.5373703,0 73.9280397,18.5374775,0 73.9278840,18.5375999,0 73.9277484,18.5377373,0 73.9276329,18.5378898,0 73.9275250,18.5380037,0 73.9274249,18.5380788,0 73.9273325,18.5381153,0 73.9272477,18.5381130,0 73.9271747,18.5380907,0 73.9271132,18.5380481,0 73.9270635,18.5379855,0 73.9270254,18.5379027,0 73.9269815,18.5378393,0 73.9269320,18.5377954,0 73.9268768,18.5377709,0 73.9268159,18.5377659,0 73.9267502,18.5377731,0 73.9266797,18.5377926,0 73.9266044,18.5378244,0 73.9265244,18.5378685,0 73.9264306,18.5379020,0 73.9263233,18.5379249,0 73.9262024,18.5379372,0 73.9260679,18.5379390,0 73.9259533,18.5379576,0 73.9258586,18.5379931,0 73.9257839,18.5380456,0 73.9257291,18.5381149,0 73.9256930,18.5381820,0 73.9256757,18.5382470,0 73.9256771,18.5383098,0</coordinates></LinearRing></outerBoundaryIs></Polygon></Placemark>
<Placemark><name>1.7-1.8 m</name><description>Depth class 1.7-1.8 m · area 23,645 m² · ≈236 fused pixels · fill opacity 85%</description><styleUrl>#d2_ad9</styleUrl><Polygon><tessellate>1</tessellate><outerBoundaryIs><LinearRing><coordinates>73.9484685,18.5454303,0 73.9484924,18.5455492,0 73.9485225,18.5456502,0 73.9485589,18.5457334,0 73.9486017,18.5457986,0 73.9486507,18.5458459,0 73.9486977,18.5458812,0 73.9487426,18.5459046,0 73.9487856,18.5459160,0 73.9488265,18.5459154,0 73.9488660,18.5459005,0 73.9489042,18.5458713,0 73.9489410,18.5458278,0 73.9489765,18.5457700,0 73.9490138,18.5457220,0 73.9490530,18.5456838,0 73.9490939,18.5456554,0 73.9491367,18.5456367,0 73.9491919,18.5456478,0 73.9492595,18.5456885,0 73.9493396,18.5457588,0 73.9494320,18.5458587,0 73.9495146,18.5459400,0 73.9495874,18.5460027,0 73.9496504,18.5460466,0 73.9497036,18.5460720,0 73.9497602,18.5460897,0 73.9498202,18.5461000,0 73.9498837,18.5461026,0 73.9499505,18.5460978,0 73.9500087,18.5461012,0 73.9500582,18.5461129,0 73.9500991,18.5461329,0 73.9501314,18.5461611,0 73.9501810,18.5461715,0 73.9502479,18.5461640,0 73.9503320,18.5461386,0 73.9504335,18.5460953,0 73.9505325,18.5460620,0 73.9506289,18.5460386,0 73.9507228,18.5460251,0 73.9508143,18.5460216,0 73.9508857,18.5460061,0 73.9509371,18.5459787,0 73.9509686,18.5459392,0 73.9509801,18.5458878,0 73.9510057,18.5458321,0 73.9510452,18.5457723,0 73.9510988,18.5457083,0 73.9511664,18.5456401,0 73.9512048,18.5455581,0 73.9512139,18.5454622,0 73.9511939,18.5453525,0 73.9511447,18.5452289,0 73.9510883,18.5451243,0 73.9510248,18.5450386,0 73.9509540,18.5449719,0 73.9508761,18.5449241,0 73.9507967,18.5449106,0 73.9507159,18.5449312,0 73.9506335,18.5449861,0 73.9505496,18.5450751,0 73.9504624,18.5451418,0 73.9503719,18.5451861,0 73.9502780,18.5452081,0 73.9501808,18.5452076,0 73.9500930,18.5452017,0 73.9500146,18.5451903,0 73.9499457,18.5451734,0 73.9498861,18.5451510,0 73.9498221,18.5451508,0 73.9497535,18.5451726,0 73.9496804,18.5452165,0 73.9496029,18.5452825,0 73.9495145,18.5453321,0 73.9494154,18.5453654,0 73.9493055,18.5453822,0 73.9491848,18.5453826,0 73.9490786,18.5453661,0 73.9489871,18.5453325,0 73.9489101,18.5452819,0 73.9488477,18.5452143,0 73.9487808,18.5451722,0 73.9487094,18.5451558,0 73.9486336,18.5451650,0 73.9485532,18.5451998,0 73.9484990,18.5452556,0 73.9484707,18.5453324,0 73.9484685,18.5454303,0</coordinates></LinearRing></outerBoundaryIs></Polygon></Placemark>
<Placemark><name>1.7-1.8 m</name><description>Depth class 1.7-1.8 m · area 21,207 m² · ≈212 fused pixels · fill opacity 85%</description><styleUrl>#d2_ad9</styleUrl><Polygon><tessellate>1</tessellate><outerBoundaryIs><LinearRing><coordinates>73.9195862,18.5393152,0 73.9197033,18.5394347,0 73.9198524,18.5395248,0 73.9200335,18.5395854,0 73.9202465,18.5396166,0 73.9204914,18.5396184,0 73.9206891,18.5396131,0 73.9208397,18.5396006,0 73.9209430,18.5395810,0 73.9209992,18.5395543,0 73.9210504,18.5395197,0 73.9210968,18.5394772,0 73.9211383,18.5394269,0 73.9211750,18.5393687,0 73.9212154,18.5393211,0 73.9212595,18.5392842,0 73.9213074,18.5392579,0 73.9213590,18.5392423,0 73.9214089,18.5392351,0 73.9214569,18.5392362,0 73.9215030,18.5392457,0 73.9215474,18.5392635,0 73.9215865,18.5392866,0 73.9216203,18.5393149,0 73.9216488,18.5393484,0 73.9216721,18.5393871,0 73.9217206,18.5394103,0 73.9217945,18.5394179,0 73.9218938,18.5394100,0 73.9220184,18.5393865,0 73.9221187,18.5393609,0 73.9221947,18.5393333,0 73.9222465,18.5393035,0 73.9222740,18.5392717,0 73.9222881,18.5392313,0 73.9222887,18.5391823,0 73.9222759,18.5391248,0 73.9222497,18.5390586,0 73.9222562,18.5389948,0 73.9222954,18.5389333,0 73.9223675,18.5388742,0 73.9224723,18.5388174,0 73.9225219,18.5387693,0 73.9225165,18.5387298,0 73.9224560,18.5386990,0 73.9223403,18.5386768,0 73.9222486,18.5386693,0 73.9221810,18.5386767,0 73.9221373,18.5386989,0 73.9221177,18.5387359,0 73.9220920,18.5387670,0 73.9220603,18.5387921,0 73.9220225,18.5388114,0 73.9219787,18.5388248,0 73.9219470,18.5388472,0 73.9219276,18.5388786,0 73.9219203,18.5389190,0 73.9219252,18.5389684,0 73.9219218,18.5390099,0 73.9219102,18.5390435,0 73.9218902,18.5390692,0 73.9218619,18.5390870,0 73.9218336,18.5390952,0 73.9218052,18.5390937,0 73.9217767,18.5390827,0 73.9217481,18.5390620,0 73.9217320,18.5390339,0 73.9217282,18.5389982,0 73.9217369,18.5389551,0 73.9217579,18.5389045,0 73.9217641,18.5388546,0 73.9217553,18.5388054,0 73.9217317,18.5387570,0 73.9216931,18.5387093,0 73.9216025,18.5386729,0 73.9214600,18.5386479,0 73.9212655,18.5386342,0 73.9210190,18.5386318,0 73.9208089,18.5386373,0 73.9206354,18.5386506,0 73.9204983,18.5386717,0 73.9203977,18.5387007,0 73.9203273,18.5387379,0 73.9202872,18.5387835,0 73.9202772,18.5388374,0 73.9202975,18.5388997,0 73.9203089,18.5389564,0 73.9203115,18.5390077,0 73.9203052,18.5390535,0 73.9202900,18.5390938,0 73.9202622,18.5391191,0 73.9202216,18.5391294,0 73.9201682,18.5391247,0 73.9201022,18.5391051,0 73.9200194,18.5390901,0 73.9199201,18.5390799,0 73.9198041,18.5390744,0 73.9196714,18.5390737,0 73.9195681,18.5390770,0 73.9194940,18.5390846,0 73.9194492,18.5390963,0 73.9194337,18.5391122,0 73.9194514,18.5391539,0 73.9195022,18.5392216,0 73.9195862,18.5393152,0</coordinates></LinearRing></outerBoundaryIs></Polygon></Placemark>
<Placemark><name>1.7-1.8 m</name><description>Depth class 1.7-1.8 m · area 20,585 m² · ≈206 fused pixels · fill opacity 85%</description><styleUrl>#d2_ad9</styleUrl><Polygon><tessellate>1</tessellate><outerBoundaryIs><LinearRing><coordinates>73.9913834,18.5216782,0 73.9913761,18.5219609,0 73.9913843,18.5221703,0 73.9914079,18.5223063,0 73.9914468,18.5223691,0 73.9915012,18.5223585,0 73.9915488,18.5223547,0 73.9915898,18.5223577,0 73.9916239,18.5223676,0 73.9916514,18.5223842,0 73.9916731,18.5224120,0 73.9916891,18.5224511,0 73.9916993,18.5225013,0 73.9917037,18.5225628,0 73.9917328,18.5226122,0 73.9917866,18.5226495,0 73.9918651,18.5226747,0 73.9919682,18.5226877,0 73.9920482,18.5226864,0 73.9921050,18.5226707,0 73.9921387,18.5226405,0 73.9921491,18.5225960,0 73.9921736,18.5225461,0 73.9922119,18.5224909,0 73.9922642,18.5224304,0 73.9923304,18.5223645,0 73.9923798,18.5223031,0 73.9924124,18.5222462,0 73.9924283,18.5221939,0 73.9924273,18.5221460,0 73.9924164,18.5221045,0 73.9923953,18.5220694,0 73.9923642,18.5220407,0 73.9923231,18.5220183,0 73.9922917,18.5219918,0 73.9922699,18.5219612,0 73.9922578,18.5219264,0 73.9922554,18.5218874,0 73.9922767,18.5218456,0 73.9923215,18.5218009,0 73.9923900,18.5217534,0 73.9924821,18.5217029,0 73.9925510,18.5216523,0 73.9925967,18.5216013,0 73.9926192,18.5215500,0 73.9926185,18.5214985,0 73.9926244,18.5214502,0 73.9926369,18.5214052,0 73.9926559,18.5213633,0 73.9926816,18.5213247,0 73.9927007,18.5212833,0 73.9927133,18.5212392,0 73.9927194,18.5211924,0 73.9927190,18.5211428,0 73.9927129,18.5210994,0 73.9927013,18.5210623,0 73.9926842,18.5210314,0 73.9926614,18.5210067,0 73.9926204,18.5209867,0 73.9925612,18.5209715,0 73.9924836,18.5209610,0 73.9923878,18.5209552,0 73.9923078,18.5209453,0 73.9922435,18.5209314,0 73.9921951,18.5209133,0 73.9921624,18.5208911,0 73.9921002,18.5208754,0 73.9920086,18.5208663,0 73.9918874,18.5208637,0 73.9917368,18.5208675,0 73.9916221,18.5208872,0 73.9915434,18.5209226,0 73.9915007,18.5209738,0 73.9914940,18.5210408,0 73.9914834,18.5210981,0 73.9914688,18.5211457,0 73.9914503,18.5211836,0 73.9914279,18.5212118,0 73.9914092,18.5213036,0 73.9913944,18.5214591,0 73.9913834,18.5216782,0</coordinates></LinearRing></outerBoundaryIs></Polygon></Placemark>
<Placemark><name>1.7-1.8 m</name><description>Depth class 1.7-1.8 m · area 20,212 m² · ≈202 fused pixels · fill opacity 85%</description><styleUrl>#d2_ad9</styleUrl><Polygon><tessellate>1</tessellate><outerBoundaryIs><LinearRing><coordinates>73.8682924,18.5393541,0 73.8682365,18.5394401,0 73.8681999,18.5395110,0 73.8681826,18.5395667,0 73.8681847,18.5396072,0 73.8682061,18.5396327,0 73.8682572,18.5396582,0 73.8683381,18.5396838,0 73.8684487,18.5397095,0 73.8685890,18.5397353,0 73.8687013,18.5397600,0 73.8687857,18.5397836,0 73.8688421,18.5398060,0 73.8688705,18.5398274,0 73.8689261,18.5398439,0 73.8690089,18.5398557,0 73.8691189,18.5398627,0 73.8692562,18.5398650,0 73.8693726,18.5398778,0 73.8694680,18.5399010,0 73.8695427,18.5399348,0 73.8695964,18.5399792,0 73.8696440,18.5400092,0 73.8696855,18.5400251,0 73.8697208,18.5400267,0 73.8697500,18.5400141,0 73.8697663,18.5399929,0 73.8697696,18.5399631,0 73.8697601,18.5399248,0 73.8697377,18.5398780,0 73.8697246,18.5398360,0 73.8697207,18.5397989,0 73.8697261,18.5397667,0 73.8697408,18.5397394,0 73.8697870,18.5397188,0 73.8698647,18.5397048,0 73.8699740,18.5396976,0 73.8701148,18.5396970,0 73.8702265,18.5397054,0 73.8703090,18.5397227,0 73.8703624,18.5397490,0 73.8703866,18.5397842,0 73.8703976,18.5398213,0 73.8703955,18.5398604,0 73.8703803,18.5399014,0 73.8703519,18.5399443,0 73.8703370,18.5399961,0 73.8703356,18.5400567,0 73.8703477,18.5401261,0 73.8703733,18.5402043,0 73.8704001,18.5402686,0 73.8704281,18.5403190,0 73.8704573,18.5403555,0 73.8704877,18.5403781,0 73.8705268,18.5403900,0 73.8705748,18.5403913,0 73.8706316,18.5403818,0 73.8706972,18.5403617,0 73.8707769,18.5403689,0 73.8708706,18.5404034,0 73.8709785,18.5404651,0 73.8711004,18.5405542,0 73.8712191,18.5406212,0 73.8713345,18.5406660,0 73.8714466,18.5406888,0 73.8715554,18.5406894,0 73.8716409,18.5406864,0 73.8717030,18.5406795,0 73.8717417,18.5406690,0 73.8717571,18.5406547,0 73.8717634,18.5406366,0 73.8717605,18.5406147,0 73.8717485,18.5405889,0 73.8717274,18.5405593,0 73.8716883,18.5405364,0 73.8716312,18.5405201,0 73.8715561,18.5405105,0 73.8714630,18.5405076,0 73.8713831,18.5404964,0 73.8713164,18.5404769,0 73.8712629,18.5404491,0 73.8712226,18.5404130,0 73.8711982,18.5403597,0 73.8711899,18.5402892,0 73.8711974,18.5402013,0 73.8712210,18.5400963,0 73.8712464,18.5400095,0 73.8712737,18.5399411,0 73.8713028,18.5398910,0 73.8713338,18.5398591,0 73.8714140,18.5398340,0 73.8715434,18.5398154,0 73.8717220,18.5398035,0 73.8719498,18.5397981,0 73.8721245,18.5397905,0 73.8722461,18.5397806,0 73.8723146,18.5397684,0 73.8723300,18.5397539,0 73.8723351,18.5397353,0 73.8723299,18.5397128,0 73.8723144,18.5396862,0 73.8722887,18.5396557,0 73.8722144,18.5396326,0 73.8720918,18.5396169,0 73.8719206,18.5396087,0 73.8717011,18.5396080,0 73.8715178,18.5396188,0 73.8713708,18.5396410,0 73.8712601,18.5396748,0 73.8711856,18.5397199,0 73.8711279,18.5397725,0 73.8710868,18.5398326,0 73.8710624,18.5399000,0 73.8710546,18.5399748,0 73.8710382,18.5400344,0 73.8710131,18.5400788,0 73.8709793,18.5401080,0 73.8709369,18.5401220,0 73.8708943,18.5401243,0 73.8708517,18.5401149,0 73.8708091,18.5400938,0 73.8707664,18.5400611,0 73.8707322,18.5400227,0 73.8707066,18.5399787,0 73.8706894,18.5399289,0 73.8706809,18.5398735,0 73.8706572,18.5398153,0 73.8706185,18.5397541,0 73.8705646,18.5396901,0 73.8704957,18.5396232,0 73.8704191,18.5395714,0 73.8703348,18.5395347,0 73.8702429,18.5395132,0 73.8701432,18.5395069,0 73.8700607,18.5394913,0 73.8699954,18.5394667,0 73.8699472,18.5394328,0 73.8699162,18.5393899,0 73.8698258,18.5393571,0 73.8696759,18.5393346,0 73.8694665,18.5393223,0 73.8691976,18.5393203,0 73.8689875,18.5393131,0 73.8688363,18.5393009,0 73.8687438,18.5392837,0 73.8687102,18.5392613,0 73.8686672,18.5392444,0 73.8686150,18.5392329,0 73.8685534,18.5392268,0 73.8684825,18.5392262,0 73.8684154,18.5392472,0 73.8683520,18.5392898,0 73.8682924,18.5393541,0</coordinates></LinearRing></outerBoundaryIs></Polygon></Placemark>
<Placemark><name>1.7-1.8 m</name><description>Depth class 1.7-1.8 m · area 19,498 m² · ≈195 fused pixels · fill opacity 85%</description><styleUrl>#d2_ad9</styleUrl><Polygon><tessellate>1</tessellate><outerBoundaryIs><LinearRing><coordinates>73.8647543,18.5374930,0 73.8646670,18.5374897,0 73.8646018,18.5374972,0 73.8645588,18.5375155,0 73.8645379,18.5375447,0 73.8645390,18.5375847,0 73.8645458,18.5376208,0 73.8645581,18.5376529,0 73.8645759,18.5376811,0 73.8645993,18.5377053,0 73.8646533,18.5377470,0 73.8647379,18.5378060,0 73.8648531,18.5378823,0 73.8649989,18.5379760,0 73.8651191,18.5380436,0 73.8652137,18.5380852,0 73.8652827,18.5381007,0 73.8653261,18.5380901,0 73.8653673,18.5380865,0 73.8654064,18.5380898,0 73.8654432,18.5381001,0 73.8654779,18.5381174,0 73.8655196,18.5381519,0 73.8655685,18.5382034,0 73.8656243,18.5382721,0 73.8656872,18.5383579,0 73.8657574,18.5384386,0 73.8658348,18.5385143,0 73.8659194,18.5385849,0 73.8660112,18.5386504,0 73.8660935,18.5387011,0 73.8661661,18.5387369,0 73.8662292,18.5387578,0 73.8662827,18.5387639,0 73.8663392,18.5387843,0 73.8663990,18.5388189,0 73.8664618,18.5388679,0 73.8665277,18.5389311,0 73.8665954,18.5389796,0 73.8666650,18.5390135,0 73.8667364,18.5390326,0 73.8668096,18.5390371,0 73.8668707,18.5390505,0 73.8669197,18.5390730,0 73.8669567,18.5391045,0 73.8669815,18.5391450,0 73.8670117,18.5391766,0 73.8670471,18.5391993,0 73.8670878,18.5392132,0 73.8671338,18.5392182,0 73.8671857,18.5392325,0 73.8672436,18.5392562,0 73.8673075,18.5392892,0 73.8673773,18.5393316,0 73.8674486,18.5393694,0 73.8675215,18.5394027,0 73.8675958,18.5394315,0 73.8676716,18.5394557,0 73.8677411,18.5394720,0 73.8678045,18.5394803,0 73.8678617,18.5394805,0 73.8679126,18.5394729,0 73.8679394,18.5394413,0 73.8679420,18.5393858,0 73.8679204,18.5393065,0 73.8678747,18.5392032,0 73.8678174,18.5391303,0 73.8677486,18.5390877,0 73.8676682,18.5390754,0 73.8675762,18.5390935,0 73.8675007,18.5390967,0 73.8674415,18.5390850,0 73.8673988,18.5390585,0 73.8673725,18.5390172,0 73.8673301,18.5389746,0 73.8672716,18.5389307,0 73.8671970,18.5388856,0 73.8671063,18.5388392,0 73.8670256,18.5388032,0 73.8669549,18.5387777,0 73.8668942,18.5387625,0 73.8668435,18.5387577,0 73.8667992,18.5387441,0 73.8667611,18.5387218,0 73.8667295,18.5386908,0 73.8667042,18.5386510,0 73.8666743,18.5386233,0 73.8666397,18.5386078,0 73.8666005,18.5386044,0 73.8665567,18.5386131,0 73.8665143,18.5386126,0 73.8664733,18.5386029,0 73.8664337,18.5385839,0 73.8663954,18.5385557,0 73.8663708,18.5385166,0 73.8663596,18.5384668,0 73.8663621,18.5384061,0 73.8663780,18.5383346,0 73.8664113,18.5382800,0 73.8664619,18.5382424,0 73.8665298,18.5382217,0 73.8666150,18.5382180,0 73.8667005,18.5382272,0 73.8667862,18.5382494,0 73.8668721,18.5382844,0 73.8669583,18.5383324,0 73.8670270,18.5383640,0 73.8670782,18.5383792,0 73.8671120,18.5383781,0 73.8671282,18.5383605,0 73.8671358,18.5383411,0 73.8671348,18.5383199,0 73.8671251,18.5382967,0 73.8671069,18.5382716,0 73.8670572,18.5382353,0 73.8669758,18.5381877,0 73.8668630,18.5381288,0 73.8667186,18.5380587,0 73.8665976,18.5380049,0 73.8665001,18.5379675,0 73.8664259,18.5379464,0 73.8663752,18.5379416,0 73.8663322,18.5379286,0 73.8662970,18.5379076,0 73.8662695,18.5378784,0 73.8662497,18.5378411,0 73.8662166,18.5378007,0 73.8661704,18.5377572,0 73.8661108,18.5377106,0 73.8660381,18.5376609,0 73.8659744,18.5376239,0 73.8659198,18.5375995,0 73.8658743,18.5375879,0 73.8658380,18.5375889,0 73.8657942,18.5376030,0 73.8657431,18.5376302,0 73.8656847,18.5376705,0 73.8656188,18.5377239,0 73.8655483,18.5377642,0 73.8654729,18.5377913,0 73.8653929,18.5378052,0 73.8653080,18.5378059,0 73.8652297,18.5377958,0 73.8651580,18.5377748,0 73.8650927,18.5377428,0 73.8650340,18.5377000,0 73.8649862,18.5376593,0 73.8649492,18.5376206,0 73.8649231,18.5375841,0 73.8649080,18.5375496,0 73.8648748,18.5375229,0 73.8648236,18.5375041,0 73.8647543,18.5374930,0</coordinates></LinearRing></outerBoundaryIs></Polygon></Placemark>
<Placemark><name>1.7-1.8 m</name><description>Depth class 1.7-1.8 m · area 18,506 m² · ≈185 fused pixels · fill opacity 85%</description><styleUrl>#d2_ad9</styleUrl><Polygon><tessellate>1</tessellate><outerBoundaryIs><LinearRing><coordinates>73.8561174,18.5319348,0 73.8561243,18.5319620,0 73.8561573,18.5319847,0 73.8562163,18.5320032,0 73.8563013,18.5320173,0 73.8564124,18.5320270,0 73.8565010,18.5320430,0 73.8565670,18.5320652,0 73.8566106,18.5320936,0 73.8566317,18.5321283,0 73.8566446,18.5321674,0 73.8566491,18.5322110,0 73.8566454,18.5322591,0 73.8566335,18.5323117,0 73.8566302,18.5323537,0 73.8566356,18.5323852,0 73.8566496,18.5324062,0 73.8566724,18.5324166,0 73.8566976,18.5324117,0 73.8567252,18.5323916,0 73.8567553,18.5323560,0 73.8567878,18.5323052,0 73.8568216,18.5322642,0 73.8568568,18.5322331,0 73.8568933,18.5322118,0 73.8569313,18.5322004,0 73.8569749,18.5321771,0 73.8570242,18.5321420,0 73.8570791,18.5320951,0 73.8571398,18.5320363,0 73.8572284,18.5319796,0 73.8573451,18.5319250,0 73.8574897,18.5318726,0 73.8576623,18.5318223,0 73.8578086,18.5317711,0 73.8579286,18.5317189,0 73.8580223,18.5316658,0 73.8580896,18.5316117,0 73.8581564,18.5315794,0 73.8582228,18.5315690,0 73.8582886,18.5315804,0 73.8583540,18.5316136,0 73.8584270,18.5316378,0 73.8585076,18.5316531,0 73.8585958,18.5316593,0 73.8586917,18.5316566,0 73.8587613,18.5316454,0 73.8588046,18.5316256,0 73.8588216,18.5315974,0 73.8588124,18.5315606,0 73.8587918,18.5315259,0 73.8587600,18.5314931,0 73.8587168,18.5314622,0 73.8586623,18.5314334,0 73.8586330,18.5313864,0 73.8586286,18.5313212,0 73.8586493,18.5312378,0 73.8586951,18.5311362,0 73.8587044,18.5310574,0 73.8586770,18.5310015,0 73.8586130,18.5309683,0 73.8585125,18.5309580,0 73.8584293,18.5309556,0 73.8583635,18.5309612,0 73.8583152,18.5309747,0 73.8582842,18.5309962,0 73.8582439,18.5310129,0 73.8581941,18.5310247,0 73.8581350,18.5310316,0 73.8580665,18.5310337,0 73.8579913,18.5310513,0 73.8579096,18.5310843,0 73.8578213,18.5311329,0 73.8577264,18.5311969,0 73.8576200,18.5312453,0 73.8575021,18.5312781,0 73.8573728,18.5312954,0 73.8572319,18.5312970,0 73.8571154,18.5313083,0 73.8570231,18.5313293,0 73.8569552,18.5313599,0 73.8569116,18.5314001,0 73.8568535,18.5314373,0 73.8567807,18.5314715,0 73.8566934,18.5315027,0 73.8565915,18.5315309,0 73.8564943,18.5315721,0 73.8564019,18.5316263,0 73.8563143,18.5316935,0 73.8562314,18.5317737,0 73.8561709,18.5318407,0 73.8561329,18.5318944,0 73.8561174,18.5319348,0</coordinates></LinearRing></outerBoundaryIs></Polygon></Placemark>
<Placemark><name>1.7-1.8 m</name><description>Depth class 1.7-1.8 m · area 17,685 m² · ≈177 fused pixels · fill opacity 85%</description><styleUrl>#d2_ad9</styleUrl><Polygon><tessellate>1</tessellate><outerBoundaryIs><LinearRing><coordinates>73.9526799,18.5453971,0 73.9527356,18.5454359,0 73.9527912,18.5454650,0 73.9528468,18.5454844,0 73.9529024,18.5454941,0 73.9529581,18.5454941,0 73.9530078,18.5454886,0 73.9530517,18.5454778,0 73.9530898,18.5454616,0 73.9531219,18.5454401,0 73.9531581,18.5454268,0 73.9531982,18.5454219,0 73.9532422,18.5454253,0 73.9532902,18.5454370,0 73.9533247,18.5454566,0 73.9533457,18.5454841,0 73.9533531,18.5455195,0 73.9533470,18.5455628,0 73.9533259,18.5456110,0 73.9532896,18.5456641,0 73.9532382,18.5457221,0 73.9531718,18.5457850,0 73.9531242,18.5458418,0 73.9530955,18.5458926,0 73.9530856,18.5459374,0 73.9530946,18.5459762,0 73.9531594,18.5460121,0 73.9532801,18.5460451,0 73.9534565,18.5460751,0 73.9536888,18.5461023,0 73.9538767,18.5461448,0 73.9540200,18.5462026,0 73.9541189,18.5462756,0 73.9541734,18.5463638,0 73.9542441,18.5464302,0 73.9543313,18.5464747,0 73.9544348,18.5464973,0 73.9545546,18.5464979,0 73.9546582,18.5464904,0 73.9547455,18.5464747,0 73.9548166,18.5464509,0 73.9548714,18.5464189,0 73.9549188,18.5463712,0 73.9549587,18.5463078,0 73.9549912,18.5462288,0 73.9550162,18.5461342,0 73.9550208,18.5460444,0 73.9550048,18.5459596,0 73.9549684,18.5458797,0 73.9549115,18.5458047,0 73.9548521,18.5457476,0 73.9547903,18.5457084,0 73.9547260,18.5456870,0 73.9546593,18.5456834,0 73.9545968,18.5456699,0 73.9545387,18.5456466,0 73.9544849,18.5456133,0 73.9544353,18.5455701,0 73.9543632,18.5455369,0 73.9542687,18.5455137,0 73.9541516,18.5455005,0 73.9540120,18.5454974,0 73.9539018,18.5454854,0 73.9538209,18.5454645,0 73.9537692,18.5454349,0 73.9537469,18.5453965,0 73.9537116,18.5453551,0 73.9536632,18.5453108,0 73.9536018,18.5452637,0 73.9535274,18.5452136,0 73.9534437,18.5451871,0 73.9533507,18.5451841,0 73.9532485,18.5452047,0 73.9531371,18.5452488,0 73.9530332,18.5452763,0 73.9529370,18.5452873,0 73.9528483,18.5452817,0 73.9527672,18.5452595,0 73.9527033,18.5452499,0 73.9526566,18.5452529,0 73.9526272,18.5452684,0 73.9526149,18.5452966,0 73.9526196,18.5453274,0 73.9526413,18.5453609,0 73.9526799,18.5453971,0</coordinates></LinearRing></outerBoundaryIs></Polygon></Placemark>
<Placemark><name>1.7-1.8 m</name><description>Depth class 1.7-1.8 m · area 16,440 m² · ≈164 fused pixels · fill opacity 85%</description><styleUrl>#d2_ad9</styleUrl><Polygon><tessellate>1</tessellate><outerBoundaryIs><LinearRing><coordinates>73.8907026,18.5441017,0 73.8906794,18.5442481,0 73.8906714,18.5443604,0 73.8906785,18.5444386,0 73.8907008,18.5444827,0 73.8907383,18.5444926,0 73.8907741,18.5444947,0 73.8908083,18.5444889,0 73.8908409,18.5444753,0 73.8908718,18.5444537,0 73.8909178,18.5444373,0 73.8909786,18.5444259,0 73.8910545,18.5444196,0 73.8911453,18.5444183,0 73.8912397,18.5444005,0 73.8913379,18.5443660,0 73.8914397,18.5443150,0 73.8915452,18.5442474,0 73.8916568,18.5442028,0 73.8917746,18.5441811,0 73.8918984,18.5441825,0 73.8920284,18.5442068,0 73.8921383,18.5442143,0 73.8922280,18.5442050,0 73.8922976,18.5441789,0 73.8923471,18.5441359,0 73.8924026,18.5441028,0 73.8924643,18.5440796,0 73.8925320,18.5440662,0 73.8926057,18.5440626,0 73.8926676,18.5440470,0 73.8927176,18.5440193,0 73.8927557,18.5439796,0 73.8927819,18.5439278,0 73.8927928,18.5438857,0 73.8927883,18.5438531,0 73.8927685,18.5438302,0 73.8927334,18.5438169,0 73.8926978,18.5438124,0 73.8926617,18.5438169,0 73.8926251,18.5438302,0 73.8925880,18.5438524,0 73.8925318,18.5438675,0 73.8924565,18.5438754,0 73.8923621,18.5438761,0 73.8922486,18.5438697,0 73.8921611,18.5438578,0 73.8920996,18.5438406,0 73.8920640,18.5438179,0 73.8920544,18.5437897,0 73.8920546,18.5437566,0 73.8920647,18.5437185,0 73.8920845,18.5436754,0 73.8921142,18.5436274,0 73.8921230,18.5435770,0 73.8921111,18.5435243,0 73.8920783,18.5434693,0 73.8920247,18.5434120,0 73.8919903,18.5433560,0 73.8919750,18.5433013,0 73.8919789,18.5432478,0 73.8920019,18.5431956,0 73.8920056,18.5431535,0 73.8919900,18.5431215,0 73.8919551,18.5430996,0 73.8919009,18.5430878,0 73.8918465,18.5430854,0 73.8917920,18.5430923,0 73.8917372,18.5431086,0 73.8916823,18.5431343,0 73.8916188,18.5431745,0 73.8915465,18.5432293,0 73.8914657,18.5432986,0 73.8913761,18.5433826,0 73.8912951,18.5434459,0 73.8912227,18.5434885,0 73.8911588,18.5435105,0 73.8911034,18.5435119,0 73.8910534,18.5435075,0 73.8910086,18.5434971,0 73.8909691,18.5434809,0 73.8909350,18.5434587,0 73.8909016,18.5434477,0 73.8908691,18.5434477,0 73.8908374,18.5434588,0 73.8908066,18.5434810,0 73.8907762,18.5435114,0 73.8907464,18.5435500,0 73.8907170,18.5435968,0 73.8906880,18.5436517,0 73.8906722,18.5437022,0 73.8906693,18.5437481,0 73.8906794,18.5437896,0 73.8907026,18.5438266,0 73.8907142,18.5438910,0 73.8907142,18.5439827,0 73.8907026,18.5441017,0</coordinates></LinearRing></outerBoundaryIs><innerBoundaryIs><LinearRing><coordinates>73.8915416,18.5438629,0 73.8915041,18.5437910,0 73.8914808,18.5437290,0 73.8914718,18.5436769,0 73.8914771,18.5436345,0 73.8914967,18.5436020,0 73.8915205,18.5435703,0 73.8915484,18.5435392,0 73.8915806,18.5435088,0 73.8916169,18.5434791,0 73.8916544,18.5434582,0 73.8916932,18.5434459,0 73.8917331,18.5434423,0 73.8917743,18.5434475,0 73.8918059,18.5434758,0 73.8918279,18.5435272,0 73.8918403,18.5436019,0 73.8918432,18.5436996,0 73.8918297,18.5437808,0 73.8918000,18.5438452,0 73.8917539,18.5438930,0 73.8916915,18.5439241,0 73.8916353,18.5439294,0 73.8915854,18.5439090,0 73.8915416,18.5438629,0</coordinates></LinearRing></innerBoundaryIs></Polygon></Placemark>
<Placemark><name>1.7-1.8 m</name><description>Depth class 1.7-1.8 m · area 15,756 m² · ≈158 fused pixels · fill opacity 85%</description><styleUrl>#d2_ad9</styleUrl><Polygon><tessellate>1</tessellate><outerBoundaryIs><LinearRing><coordinates>73.8951473,18.5430926,0 73.8951778,18.5431261,0 73.8952201,18.5431515,0 73.8952741,18.5431689,0 73.8953399,18.5431780,0 73.8954173,18.5431791,0 73.8954829,18.5431747,0 73.8955366,18.5431647,0 73.8955783,18.5431491,0 73.8956081,18.5431281,0 73.8956477,18.5431111,0 73.8956971,18.5430983,0 73.8957564,18.5430896,0 73.8958254,18.5430851,0 73.8958842,18.5430642,0 73.8959325,18.5430269,0 73.8959705,18.5429734,0 73.8959981,18.5429035,0 73.8960347,18.5428526,0 73.8960803,18.5428208,0 73.8961349,18.5428080,0 73.8961985,18.5428143,0 73.8962653,18.5428135,0 73.8963354,18.5428056,0 73.8964088,18.5427906,0 73.8964855,18.5427685,0 73.8965593,18.5427574,0 73.8966302,18.5427573,0 73.8966982,18.5427680,0 73.8967633,18.5427898,0 73.8968207,18.5427874,0 73.8968704,18.5427611,0 73.8969125,18.5427106,0 73.8969469,18.5426361,0 73.8969725,18.5425666,0 73.8969894,18.5425022,0 73.8969975,18.5424428,0 73.8969969,18.5423884,0 73.8969769,18.5423350,0 73.8969378,18.5422825,0 73.8968793,18.5422311,0 73.8968015,18.5421806,0 73.8967337,18.5421481,0 73.8966760,18.5421335,0 73.8966282,18.5421370,0 73.8965905,18.5421584,0 73.8965478,18.5421737,0 73.8965002,18.5421829,0 73.8964477,18.5421861,0 73.8963903,18.5421831,0 73.8963401,18.5421647,0 73.8962972,18.5421311,0 73.8962616,18.5420820,0 73.8962333,18.5420176,0 73.8961825,18.5419750,0 73.8961093,18.5419542,0 73.8960137,18.5419552,0 73.8958957,18.5419781,0 73.8958023,18.5420044,0 73.8957335,18.5420342,0 73.8956892,18.5420675,0 73.8956695,18.5421043,0 73.8956395,18.5421417,0 73.8955991,18.5421798,0 73.8955484,18.5422185,0 73.8954873,18.5422578,0 73.8954453,18.5423105,0 73.8954224,18.5423767,0 73.8954186,18.5424564,0 73.8954339,18.5425494,0 73.8954238,18.5426237,0 73.8953883,18.5426793,0 73.8953273,18.5427161,0 73.8952410,18.5427341,0 73.8951756,18.5427652,0 73.8951312,18.5428094,0 73.8951077,18.5428666,0 73.8951052,18.5429369,0 73.8951110,18.5429980,0 73.8951250,18.5430499,0 73.8951473,18.5430926,0</coordinates></LinearRing></outerBoundaryIs></Polygon></Placemark>
<Placemark><name>1.7-1.8 m</name><description>Depth class 1.7-1.8 m · area 14,725 m² · ≈147 fused pixels · fill opacity 85%</description><styleUrl>#d2_ad9</styleUrl><Polygon><tessellate>1</tessellate><outerBoundaryIs><LinearRing><coordinates>73.9154115,18.5398842,0 73.9154489,18.5399745,0 73.9154862,18.5400437,0 73.9155231,18.5400916,0 73.9155598,18.5401183,0 73.9155962,18.5401237,0 73.9156311,18.5401203,0 73.9156645,18.5401081,0 73.9156965,18.5400870,0 73.9157269,18.5400570,0 73.9157440,18.5400249,0 73.9157478,18.5399906,0 73.9157383,18.5399541,0 73.9157155,18.5399155,0 73.9157025,18.5398762,0 73.9156991,18.5398363,0 73.9157055,18.5397958,0 73.9157216,18.5397546,0 73.9157537,18.5397233,0 73.9158016,18.5397021,0 73.9158655,18.5396907,0 73.9159453,18.5396893,0 73.9160180,18.5396993,0 73.9160837,18.5397204,0 73.9161423,18.5397529,0 73.9161938,18.5397966,0 73.9162458,18.5398296,0 73.9162983,18.5398519,0 73.9163513,18.5398635,0 73.9164047,18.5398643,0 73.9164511,18.5398494,0 73.9164904,18.5398186,0 73.9165227,18.5397721,0 73.9165478,18.5397097,0 73.9165921,18.5396615,0 73.9166556,18.5396274,0 73.9167383,18.5396073,0 73.9168402,18.5396014,0 73.9169271,18.5395871,0 73.9169990,18.5395643,0 73.9170561,18.5395332,0 73.9170981,18.5394936,0 73.9171436,18.5394622,0 73.9171925,18.5394390,0 73.9172448,18.5394240,0 73.9173006,18.5394172,0 73.9173509,18.5393990,0 73.9173956,18.5393694,0 73.9174349,18.5393284,0 73.9174688,18.5392761,0 73.9174717,18.5392226,0 73.9174439,18.5391680,0 73.9173852,18.5391122,0 73.9172958,18.5390554,0 73.9172130,18.5390238,0 73.9171369,18.5390175,0 73.9170676,18.5390365,0 73.9170050,18.5390808,0 73.9169141,18.5391082,0 73.9167949,18.5391186,0 73.9166473,18.5391121,0 73.9164714,18.5390887,0 73.9163255,18.5390784,0 73.9162097,18.5390813,0 73.9161239,18.5390973,0 73.9160682,18.5391265,0 73.9160171,18.5391411,0 73.9159706,18.5391412,0 73.9159288,18.5391267,0 73.9158917,18.5390976,0 73.9158503,18.5390757,0 73.9158046,18.5390611,0 73.9157547,18.5390536,0 73.9157005,18.5390533,0 73.9156464,18.5390659,0 73.9155923,18.5390912,0 73.9155383,18.5391293,0 73.9154843,18.5391802,0 73.9154408,18.5392491,0 73.9154078,18.5393361,0 73.9153853,18.5394411,0 73.9153733,18.5395641,0 73.9153736,18.5396789,0 73.9153864,18.5397856,0 73.9154115,18.5398842,0</coordinates></LinearRing></outerBoundaryIs></Polygon></Placemark>
<Placemark><name>1.7-1.8 m</name><description>Depth class 1.7-1.8 m · area 12,973 m² · ≈130 fused pixels · fill opacity 85%</description><styleUrl>#d2_ad9</styleUrl><Polygon><tessellate>1</tessellate><outerBoundaryIs><LinearRing><coordinates>73.8933236,18.5432704,0 73.8932462,18.5433740,0 73.8932066,18.5434629,0 73.8932049,18.5435372,0 73.8932410,18.5435969,0 73.8933150,18.5436420,0 73.8933954,18.5436760,0 73.8934822,18.5436990,0 73.8935755,18.5437109,0 73.8936752,18.5437117,0 73.8937575,18.5437071,0 73.8938222,18.5436969,0 73.8938695,18.5436813,0 73.8938993,18.5436603,0 73.8939382,18.5436438,0 73.8939862,18.5436318,0 73.8940434,18.5436245,0 73.8941097,18.5436217,0 73.8941635,18.5435997,0 73.8942049,18.5435586,0 73.8942338,18.5434984,0 73.8942502,18.5434191,0 73.8942960,18.5433340,0 73.8943711,18.5432432,0 73.8944756,18.5431465,0 73.8946095,18.5430441,0 73.8947100,18.5429481,0 73.8947772,18.5428585,0 73.8948110,18.5427752,0 73.8948115,18.5426983,0 73.8947981,18.5426408,0 73.8947709,18.5426026,0 73.8947297,18.5425837,0 73.8946747,18.5425843,0 73.8946219,18.5425764,0 73.8945713,18.5425601,0 73.8945230,18.5425354,0 73.8944768,18.5425024,0 73.8944268,18.5424783,0 73.8943731,18.5424633,0 73.8943156,18.5424573,0 73.8942544,18.5424603,0 73.8941962,18.5424860,0 73.8941410,18.5425344,0 73.8940889,18.5426055,0 73.8940398,18.5426992,0 73.8940106,18.5427833,0 73.8940013,18.5428577,0 73.8940119,18.5429225,0 73.8940424,18.5429776,0 73.8940588,18.5430259,0 73.8940612,18.5430674,0 73.8940495,18.5431020,0 73.8940238,18.5431297,0 73.8939902,18.5431465,0 73.8939486,18.5431522,0 73.8938991,18.5431469,0 73.8938417,18.5431305,0 73.8938024,18.5431007,0 73.8937813,18.5430574,0 73.8937784,18.5430005,0 73.8937936,18.5429302,0 73.8937799,18.5428712,0 73.8937372,18.5428235,0 73.8936655,18.5427873,0 73.8935649,18.5427624,0 73.8934825,18.5427520,0 73.8934185,18.5427562,0 73.8933728,18.5427749,0 73.8933454,18.5428082,0 73.8933333,18.5428492,0 73.8933365,18.5428980,0 73.8933550,18.5429545,0 73.8933889,18.5430187,0 73.8933949,18.5430928,0 73.8933732,18.5431767,0 73.8933236,18.5432704,0</coordinates></LinearRing></outerBoundaryIs></Polygon></Placemark>
<Placemark><name>1.7-1.8 m</name><description>Depth class 1.7-1.8 m · area 12,189 m² · ≈122 fused pixels · fill opacity 85%</description><styleUrl>#d2_ad9</styleUrl><Polygon><tessellate>1</tessellate><outerBoundaryIs><LinearRing><coordinates>73.9227775,18.5392042,0 73.9227845,18.5392293,0 73.9228075,18.5392486,0 73.9228464,18.5392623,0 73.9229013,18.5392702,0 73.9229721,18.5392723,0 73.9230330,18.5392794,0 73.9230839,18.5392915,0 73.9231249,18.5393085,0 73.9231559,18.5393304,0 73.9232163,18.5393471,0 73.9233062,18.5393585,0 73.9234255,18.5393646,0 73.9235742,18.5393655,0 73.9237220,18.5393542,0 73.9238687,18.5393308,0 73.9240144,18.5392952,0 73.9241592,18.5392474,0 73.9242752,18.5391920,0 73.9243626,18.5391289,0 73.9244214,18.5390582,0 73.9244514,18.5389798,0 73.9244538,18.5388966,0 73.9244286,18.5388086,0 73.9243756,18.5387157,0 73.9242950,18.5386180,0 73.9242168,18.5385387,0 73.9241413,18.5384777,0 73.9240682,18.5384352,0 73.9239976,18.5384110,0 73.9239139,18.5383928,0 73.9238169,18.5383805,0 73.9237067,18.5383741,0 73.9235834,18.5383736,0 73.9234727,18.5383863,0 73.9233749,18.5384121,0 73.9232898,18.5384511,0 73.9232175,18.5385032,0 73.9231845,18.5385479,0 73.9231909,18.5385851,0 73.9232365,18.5386149,0 73.9233215,18.5386372,0 73.9233844,18.5386665,0 73.9234251,18.5387028,0 73.9234437,18.5387461,0 73.9234401,18.5387963,0 73.9234286,18.5388416,0 73.9234091,18.5388821,0 73.9233816,18.5389178,0 73.9233462,18.5389485,0 73.9232868,18.5389824,0 73.9232033,18.5390192,0 73.9230958,18.5390592,0 73.9229643,18.5391021,0 73.9228674,18.5391406,0 73.9228052,18.5391746,0 73.9227775,18.5392042,0</coordinates></LinearRing></outerBoundaryIs></Polygon></Placemark>
<Placemark><name>1.7-1.8 m</name><description>Depth class 1.7-1.8 m · area 11,993 m² · ≈120 fused pixels · fill opacity 85%</description><styleUrl>#d2_ad9</styleUrl><Polygon><tessellate>1</tessellate><outerBoundaryIs><LinearRing><coordinates>73.9893783,18.5242701,0 73.9894983,18.5243697,0 73.9895878,18.5244613,0 73.9896467,18.5245447,0 73.9896750,18.5246199,0 73.9896727,18.5246870,0 73.9896767,18.5247439,0 73.9896872,18.5247905,0 73.9897040,18.5248270,0 73.9897271,18.5248532,0 73.9897664,18.5248796,0 73.9898217,18.5249063,0 73.9898932,18.5249332,0 73.9899808,18.5249604,0 73.9900656,18.5249574,0 73.9901478,18.5249245,0 73.9902271,18.5248615,0 73.9903038,18.5247684,0 73.9903631,18.5246855,0 73.9904051,18.5246126,0 73.9904299,18.5245497,0 73.9904374,18.5244970,0 73.9904761,18.5244310,0 73.9905461,18.5243518,0 73.9906474,18.5242594,0 73.9907800,18.5241538,0 73.9908966,18.5240505,0 73.9909970,18.5239497,0 73.9910815,18.5238512,0 73.9911498,18.5237552,0 73.9911861,18.5236808,0 73.9911901,18.5236281,0 73.9911620,18.5235971,0 73.9911018,18.5235877,0 73.9910298,18.5236121,0 73.9909459,18.5236703,0 73.9908503,18.5237622,0 73.9907428,18.5238878,0 73.9906471,18.5239853,0 73.9905631,18.5240546,0 73.9904908,18.5240957,0 73.9904302,18.5241087,0 73.9903774,18.5241066,0 73.9903323,18.5240895,0 73.9902951,18.5240573,0 73.9902656,18.5240100,0 73.9902285,18.5239651,0 73.9901839,18.5239226,0 73.9901317,18.5238825,0 73.9900719,18.5238448,0 73.9900253,18.5238031,0 73.9899919,18.5237572,0 73.9899716,18.5237072,0 73.9899645,18.5236531,0 73.9899482,18.5236022,0 73.9899227,18.5235545,0 73.9898879,18.5235101,0 73.9898440,18.5234689,0 73.9898047,18.5234437,0 73.9897701,18.5234345,0 73.9897401,18.5234413,0 73.9897148,18.5234641,0 73.9896988,18.5235021,0 73.9896920,18.5235553,0 73.9896946,18.5236236,0 73.9897064,18.5237072,0 73.9897104,18.5237839,0 73.9897066,18.5238538,0 73.9896949,18.5239170,0 73.9896755,18.5239734,0 73.9896492,18.5240176,0 73.9896159,18.5240495,0 73.9895757,18.5240693,0 73.9895287,18.5240769,0 73.9894875,18.5240727,0 73.9894522,18.5240568,0 73.9894227,18.5240290,0 73.9893992,18.5239895,0 73.9893747,18.5239590,0 73.9893492,18.5239374,0 73.9893228,18.5239249,0 73.9892954,18.5239214,0 73.9892713,18.5239315,0 73.9892506,18.5239553,0 73.9892333,18.5239927,0 73.9892192,18.5240439,0 73.9892387,18.5241071,0 73.9892917,18.5241825,0 73.9893783,18.5242701,0</coordinates></LinearRing></outerBoundaryIs><innerBoundaryIs><LinearRing><coordinates>73.9897819,18.5244159,0 73.9897994,18.5243665,0 73.9898270,18.5243230,0 73.9898645,18.5242856,0 73.9899121,18.5242542,0 73.9899697,18.5242289,0 73.9900253,18.5242134,0 73.9900788,18.5242076,0 73.9901302,18.5242117,0 73.9901797,18.5242257,0 73.9902152,18.5242512,0 73.9902368,18.5242885,0 73.9902444,18.5243373,0 73.9902381,18.5243978,0 73.9902245,18.5244520,0 73.9902035,18.5244997,0 73.9901752,18.5245411,0 73.9901395,18.5245760,0 73.9901028,18.5246025,0 73.9900652,18.5246207,0 73.9900267,18.5246304,0 73.9899873,18.5246317,0 73.9899470,18.5246237,0 73.9899057,18.5246064,0 73.9898635,18.5245798,0 73.9898203,18.5245439,0 73.9897923,18.5245047,0 73.9897795,18.5244620,0 73.9897819,18.5244159,0</coordinates></LinearRing></innerBoundaryIs></Polygon></Placemark>
<Placemark><name>1.7-1.8 m</name><description>Depth class 1.7-1.8 m · area 11,825 m² · ≈118 fused pixels · fill opacity 85%</description><styleUrl>#d2_ad9</styleUrl><Polygon><tessellate>1</tessellate><outerBoundaryIs><LinearRing><coordinates>73.9319420,18.5367959,0 73.9319694,18.5368282,0 73.9320096,18.5368586,0 73.9320627,18.5368872,0 73.9321285,18.5369140,0 73.9322071,18.5369389,0 73.9323031,18.5369456,0 73.9324165,18.5369341,0 73.9325473,18.5369043,0 73.9326955,18.5368563,0 73.9328142,18.5368075,0 73.9329033,18.5367580,0 73.9329630,18.5367077,0 73.9329932,18.5366566,0 73.9330151,18.5365759,0 73.9330288,18.5364654,0 73.9330343,18.5363252,0 73.9330316,18.5361553,0 73.9330224,18.5360220,0 73.9330069,18.5359253,0 73.9329850,18.5358651,0 73.9329566,18.5358416,0 73.9329164,18.5358237,0 73.9328643,18.5358116,0 73.9328003,18.5358052,0 73.9327244,18.5358046,0 73.9326428,18.5358161,0 73.9325553,18.5358399,0 73.9324621,18.5358759,0 73.9323631,18.5359242,0 73.9322852,18.5359687,0 73.9322283,18.5360096,0 73.9321925,18.5360467,0 73.9321777,18.5360802,0 73.9321512,18.5361141,0 73.9321130,18.5361485,0 73.9320630,18.5361835,0 73.9320014,18.5362189,0 73.9319547,18.5362752,0 73.9319228,18.5363523,0 73.9319059,18.5364503,0 73.9319039,18.5365692,0 73.9319092,18.5366664,0 73.9319219,18.5367420,0 73.9319420,18.5367959,0</coordinates></LinearRing></outerBoundaryIs></Polygon></Placemark>
<Placemark><name>1.7-1.8 m</name><description>Depth class 1.7-1.8 m · area 11,354 m² · ≈114 fused pixels · fill opacity 85%</description><styleUrl>#d2_ad9</styleUrl><Polygon><tessellate>1</tessellate><outerBoundaryIs><LinearRing><coordinates>73.8808892,18.5426775,0 73.8809589,18.5426641,0 73.8810204,18.5426597,0 73.8810736,18.5426642,0 73.8811186,18.5426778,0 73.8811554,18.5427003,0 73.8812065,18.5427168,0 73.8812720,18.5427274,0 73.8813518,18.5427321,0 73.8814461,18.5427308,0 73.8815338,18.5427415,0 73.8816149,18.5427641,0 73.8816895,18.5427986,0 73.8817575,18.5428451,0 73.8818312,18.5428805,0 73.8819105,18.5429049,0 73.8819953,18.5429182,0 73.8820858,18.5429206,0 73.8821686,18.5429293,0 73.8822435,18.5429446,0 73.8823106,18.5429663,0 73.8823700,18.5429946,0 73.8824233,18.5430301,0 73.8824708,18.5430730,0 73.8825123,18.5431231,0 73.8825478,18.5431806,0 73.8825704,18.5432297,0 73.8825802,18.5432703,0 73.8825770,18.5433025,0 73.8825609,18.5433263,0 73.8825360,18.5433452,0 73.8825023,18.5433592,0 73.8824597,18.5433685,0 73.8824082,18.5433729,0 73.8823590,18.5433834,0 73.8823121,18.5434002,0 73.8822674,18.5434232,0 73.8822250,18.5434523,0 73.8821989,18.5434927,0 73.8821892,18.5435442,0 73.8821958,18.5436070,0 73.8822188,18.5436809,0 73.8822608,18.5437324,0 73.8823219,18.5437617,0 73.8824020,18.5437686,0 73.8825011,18.5437532,0 73.8825834,18.5437296,0 73.8826488,18.5436978,0 73.8826974,18.5436578,0 73.8827292,18.5436096,0 73.8827592,18.5435542,0 73.8827876,18.5434916,0 73.8828142,18.5434218,0 73.8828391,18.5433449,0 73.8828431,18.5432677,0 73.8828261,18.5431905,0 73.8827881,18.5431130,0 73.8827291,18.5430354,0 73.8826996,18.5429594,0 73.8826997,18.5428849,0 73.8827294,18.5428121,0 73.8827885,18.5427408,0 73.8828307,18.5426795,0 73.8828558,18.5426281,0 73.8828640,18.5425866,0 73.8828551,18.5425552,0 73.8828203,18.5425435,0 73.8827596,18.5425517,0 73.8826729,18.5425797,0 73.8825603,18.5426275,0 73.8824636,18.5426499,0 73.8823828,18.5426470,0 73.8823179,18.5426188,0 73.8822689,18.5425652,0 73.8822198,18.5425202,0 73.8821707,18.5424838,0 73.8821216,18.5424559,0 73.8820725,18.5424367,0 73.8820284,18.5424380,0 73.8819892,18.5424599,0 73.8819551,18.5425023,0 73.8819260,18.5425652,0 73.8818877,18.5426122,0 73.8818402,18.5426432,0 73.8817835,18.5426582,0 73.8817176,18.5426573,0 73.8816629,18.5426507,0 73.8816196,18.5426384,0 73.8815875,18.5426205,0 73.8815667,18.5425969,0 73.8815373,18.5425773,0 73.8814992,18.5425616,0 73.8814525,18.5425499,0 73.8813972,18.5425421,0 73.8813459,18.5425211,0 73.8812986,18.5424869,0 73.8812554,18.5424396,0 73.8812163,18.5423790,0 73.8811625,18.5423331,0 73.8810941,18.5423019,0 73.8810112,18.5422855,0 73.8809136,18.5422837,0 73.8808337,18.5423014,0 73.8807716,18.5423386,0 73.8807271,18.5423952,0 73.8807003,18.5424712,0 73.8806880,18.5425353,0 73.8806902,18.5425873,0 73.8807068,18.5426274,0 73.8807380,18.5426555,0 73.8807787,18.5426732,0 73.8808291,18.5426805,0 73.8808892,18.5426775,0</coordinates></LinearRing></outerBoundaryIs></Polygon></Placemark>
<Placemark><name>1.7-1.8 m</name><description>Depth class 1.7-1.8 m · area 10,817 m² · ≈108 fused pixels · fill opacity 85%</description><styleUrl>#d2_ad9</styleUrl><Polygon><tessellate>1</tessellate><outerBoundaryIs><LinearRing><coordinates>73.8774594,18.5425575,0 73.8774422,18.5425742,0 73.8774339,18.5425974,0 73.8774344,18.5426269,0 73.8774438,18.5426630,0 73.8774620,18.5427054,0 73.8774879,18.5427447,0 73.8775215,18.5427807,0 73.8775628,18.5428134,0 73.8776117,18.5428429,0 73.8776661,18.5428660,0 73.8777260,18.5428825,0 73.8777915,18.5428925,0 73.8778624,18.5428960,0 73.8779641,18.5429155,0 73.8780965,18.5429510,0 73.8782597,18.5430025,0 73.8784535,18.5430700,0 73.8786260,18.5431152,0 73.8787770,18.5431382,0 73.8789065,18.5431390,0 73.8790146,18.5431175,0 73.8791047,18.5431124,0 73.8791767,18.5431237,0 73.8792306,18.5431513,0 73.8792665,18.5431953,0 73.8793112,18.5432286,0 73.8793647,18.5432513,0 73.8794270,18.5432633,0 73.8794981,18.5432647,0 73.8795542,18.5432520,0 73.8795950,18.5432252,0 73.8796208,18.5431844,0 73.8796315,18.5431296,0 73.8796501,18.5430822,0 73.8796766,18.5430421,0 73.8797110,18.5430095,0 73.8797534,18.5429844,0 73.8797796,18.5429575,0 73.8797896,18.5429291,0 73.8797833,18.5428990,0 73.8797609,18.5428673,0 73.8796976,18.5428371,0 73.8795933,18.5428085,0 73.8794482,18.5427814,0 73.8792620,18.5427559,0 73.8790976,18.5427257,0 73.8789549,18.5426907,0 73.8788339,18.5426511,0 73.8787346,18.5426068,0 73.8786293,18.5425795,0 73.8785180,18.5425693,0 73.8784007,18.5425762,0 73.8782774,18.5426002,0 73.8781743,18.5426120,0 73.8780913,18.5426115,0 73.8780285,18.5425987,0 73.8779858,18.5425737,0 73.8779266,18.5425548,0 73.8778506,18.5425418,0 73.8777581,18.5425348,0 73.8776489,18.5425339,0 73.8775627,18.5425373,0 73.8774995,18.5425452,0 73.8774594,18.5425575,0</coordinates></LinearRing></outerBoundaryIs></Polygon></Placemark>
<Placemark><name>1.7-1.8 m</name><description>Depth class 1.7-1.8 m · area 10,229 m² · ≈102 fused pixels · fill opacity 85%</description><styleUrl>#d2_ad9</styleUrl><Polygon><tessellate>1</tessellate><outerBoundaryIs><LinearRing><coordinates>73.9126862,18.5400408,0 73.9126869,18.5401780,0 73.9127199,18.5402703,0 73.9127855,18.5403176,0 73.9128835,18.5403199,0 73.9130139,18.5402773,0 73.9131346,18.5402453,0 73.9132455,18.5402240,0 73.9133467,18.5402133,0 73.9134382,18.5402132,0 73.9135284,18.5402201,0 73.9136175,18.5402339,0 73.9137053,18.5402547,0 73.9137919,18.5402824,0 73.9138626,18.5403130,0 73.9139174,18.5403466,0 73.9139563,18.5403831,0 73.9139792,18.5404226,0 73.9140034,18.5404500,0 73.9140288,18.5404654,0 73.9140555,18.5404687,0 73.9140835,18.5404599,0 73.9141010,18.5404336,0 73.9141079,18.5403897,0 73.9141043,18.5403284,0 73.9140902,18.5402495,0 73.9140856,18.5401755,0 73.9140905,18.5401064,0 73.9141048,18.5400422,0 73.9141286,18.5399829,0 73.9141381,18.5399193,0 73.9141331,18.5398515,0 73.9141139,18.5397793,0 73.9140802,18.5397028,0 73.9140477,18.5396458,0 73.9140162,18.5396083,0 73.9139858,18.5395902,0 73.9139566,18.5395915,0 73.9139309,18.5396008,0 73.9139089,18.5396182,0 73.9138906,18.5396435,0 73.9138759,18.5396769,0 73.9138573,18.5397047,0 73.9138349,18.5397270,0 73.9138087,18.5397438,0 73.9137786,18.5397551,0 73.9137399,18.5397517,0 73.9136926,18.5397337,0 73.9136367,18.5397011,0 73.9135721,18.5396538,0 73.9135046,18.5396181,0 73.9134340,18.5395940,0 73.9133605,18.5395816,0 73.9132840,18.5395808,0 73.9132185,18.5395872,0 73.9131641,18.5396008,0 73.9131208,18.5396217,0 73.9130885,18.5396497,0 73.9130527,18.5396697,0 73.9130135,18.5396815,0 73.9129708,18.5396853,0 73.9129247,18.5396810,0 73.9128795,18.5396878,0 73.9128351,18.5397057,0 73.9127917,18.5397347,0 73.9127491,18.5397748,0 73.9127173,18.5398392,0 73.9126964,18.5399279,0 73.9126862,18.5400408,0</coordinates></LinearRing></outerBoundaryIs></Polygon></Placemark>
<Placemark><name>1.7-1.8 m</name><description>Depth class 1.7-1.8 m · area 9,919 m² · ≈99 fused pixels · fill opacity 72%</description><styleUrl>#d2_ab8</styleUrl><Polygon><tessellate>1</tessellate><outerBoundaryIs><LinearRing><coordinates>73.8592580,18.5313933,0 73.8592447,18.5314964,0 73.8592422,18.5315746,0 73.8592503,18.5316279,0 73.8592692,18.5316563,0 73.8592988,18.5316599,0 73.8593329,18.5316561,0 73.8593717,18.5316449,0 73.8594150,18.5316264,0 73.8594630,18.5316006,0 73.8595085,18.5315671,0 73.8595517,18.5315261,0 73.8595926,18.5314775,0 73.8596311,18.5314214,0 73.8596683,18.5313776,0 73.8597042,18.5313463,0 73.8597387,18.5313275,0 73.8597720,18.5313211,0 73.8598084,18.5313245,0 73.8598479,18.5313377,0 73.8598905,18.5313608,0 73.8599364,18.5313937,0 73.8599725,18.5314315,0 73.8599989,18.5314742,0 73.8600156,18.5315219,0 73.8600226,18.5315744,0 73.8600342,18.5316189,0 73.8600505,18.5316553,0 73.8600714,18.5316835,0 73.8600970,18.5317036,0 73.8601211,18.5317159,0 73.8601437,18.5317204,0 73.8601649,18.5317171,0 73.8601846,18.5317060,0 73.8602010,18.5316826,0 73.8602140,18.5316470,0 73.8602236,18.5315992,0 73.8602299,18.5315392,0 73.8602449,18.5314884,0 73.8602685,18.5314469,0 73.8603009,18.5314146,0 73.8603419,18.5313916,0 73.8603988,18.5313782,0 73.8604717,18.5313746,0 73.8605604,18.5313806,0 73.8606650,18.5313963,0 73.8607729,18.5314301,0 73.8608841,18.5314818,0 73.8609985,18.5315516,0 73.8611162,18.5316393,0 73.8612132,18.5317048,0 73.8612895,18.5317479,0 73.8613451,18.5317688,0 73.8613800,18.5317674,0 73.8614131,18.5317584,0 73.8614443,18.5317418,0 73.8614737,18.5317176,0 73.8615012,18.5316858,0 73.8614981,18.5316374,0 73.8614644,18.5315722,0 73.8614001,18.5314903,0 73.8613051,18.5313918,0 73.8612211,18.5313116,0 73.8611481,18.5312497,0 73.8610860,18.5312061,0 73.8610348,18.5311808,0 73.8609855,18.5311671,0 73.8609380,18.5311649,0 73.8608924,18.5311742,0 73.8608486,18.5311950,0 73.8607992,18.5312091,0 73.8607443,18.5312164,0 73.8606837,18.5312170,0 73.8606176,18.5312109,0 73.8605673,18.5311815,0 73.8605326,18.5311290,0 73.8605137,18.5310532,0 73.8605106,18.5309543,0 73.8605021,18.5308755,0 73.8604882,18.5308169,0 73.8604690,18.5307784,0 73.8604444,18.5307601,0 73.8604098,18.5307726,0 73.8603650,18.5308161,0 73.8603102,18.5308903,0 73.8602452,18.5309955,0 73.8601544,18.5310678,0 73.8600376,18.5311074,0 73.8598950,18.5311142,0 73.8597264,18.5310882,0 73.8595878,18.5310806,0 73.8594790,18.5310913,0 73.8594002,18.5311203,0 73.8593513,18.5311677,0 73.8593113,18.5312290,0 73.8592802,18.5313042,0 73.8592580,18.5313933,0</coordinates></LinearRing></outerBoundaryIs></Polygon></Placemark>
<Placemark><name>1.7-1.8 m</name><description>Depth class 1.7-1.8 m · area 8,992 m² · ≈90 fused pixels · fill opacity 72%</description><styleUrl>#d2_ab8</styleUrl><Polygon><tessellate>1</tessellate><outerBoundaryIs><LinearRing><coordinates>73.9452825,18.5454898,0 73.9453334,18.5455448,0 73.9453894,18.5455869,0 73.9454502,18.5456161,0 73.9455161,18.5456324,0 73.9455868,18.5456359,0 73.9456655,18.5456496,0 73.9457521,18.5456735,0 73.9458467,18.5457077,0 73.9459491,18.5457522,0 73.9460346,18.5457787,0 73.9461032,18.5457872,0 73.9461547,18.5457778,0 73.9461893,18.5457503,0 73.9462182,18.5457122,0 73.9462414,18.5456635,0 73.9462589,18.5456042,0 73.9462708,18.5455342,0 73.9462718,18.5454738,0 73.9462620,18.5454228,0 73.9462412,18.5453813,0 73.9462096,18.5453493,0 73.9461792,18.5452965,0 73.9461499,18.5452229,0 73.9461217,18.5451285,0 73.9460946,18.5450133,0 73.9460660,18.5449202,0 73.9460357,18.5448493,0 73.9460038,18.5448006,0 73.9459703,18.5447740,0 73.9459079,18.5447664,0 73.9458166,18.5447776,0 73.9456964,18.5448078,0 73.9455473,18.5448569,0 73.9454283,18.5449059,0 73.9453394,18.5449547,0 73.9452806,18.5450033,0 73.9452520,18.5450517,0 73.9452303,18.5451057,0 73.9452156,18.5451653,0 73.9452079,18.5452304,0 73.9452071,18.5453012,0 73.9452193,18.5453680,0 73.9452444,18.5454308,0 73.9452825,18.5454898,0</coordinates></LinearRing></outerBoundaryIs></Polygon></Placemark>
<Placemark><name>1.7-1.8 m</name><description>Depth class 1.7-1.8 m · area 8,974 m² · ≈90 fused pixels · fill opacity 72%</description><styleUrl>#d2_ab8</styleUrl><Polygon><tessellate>1</tessellate><outerBoundaryIs><LinearRing><coordinates>73.8637436,18.5368987,0 73.8638422,18.5370158,0 73.8639277,18.5371100,0 73.8640000,18.5371814,0 73.8640591,18.5372299,0 73.8641050,18.5372556,0 73.8641589,18.5372773,0 73.8642207,18.5372951,0 73.8642904,18.5373089,0 73.8643680,18.5373188,0 73.8644296,18.5373153,0 73.8644753,18.5372983,0 73.8645049,18.5372680,0 73.8645185,18.5372242,0 73.8645402,18.5371868,0 73.8645701,18.5371556,0 73.8646081,18.5371307,0 73.8646543,18.5371122,0 73.8646889,18.5370819,0 73.8647117,18.5370399,0 73.8647230,18.5369863,0 73.8647225,18.5369210,0 73.8647343,18.5368614,0 73.8647584,18.5368074,0 73.8647946,18.5367592,0 73.8648432,18.5367167,0 73.8648792,18.5366697,0 73.8649029,18.5366183,0 73.8649141,18.5365624,0 73.8649128,18.5365020,0 73.8649022,18.5364537,0 73.8648821,18.5364173,0 73.8648527,18.5363929,0 73.8648138,18.5363805,0 73.8647773,18.5363813,0 73.8647434,18.5363955,0 73.8647118,18.5364229,0 73.8646827,18.5364635,0 73.8646612,18.5365108,0 73.8646474,18.5365647,0 73.8646411,18.5366252,0 73.8646425,18.5366923,0 73.8646335,18.5367511,0 73.8646141,18.5368016,0 73.8645843,18.5368438,0 73.8645440,18.5368777,0 73.8645053,18.5369038,0 73.8644680,18.5369221,0 73.8644323,18.5369326,0 73.8643980,18.5369354,0 73.8643619,18.5369288,0 73.8643240,18.5369130,0 73.8642842,18.5368878,0 73.8642426,18.5368534,0 73.8642097,18.5368168,0 73.8641856,18.5367780,0 73.8641701,18.5367371,0 73.8641633,18.5366940,0 73.8641699,18.5366306,0 73.8641898,18.5365468,0 73.8642232,18.5364427,0 73.8642699,18.5363182,0 73.8642960,18.5362214,0 73.8643014,18.5361524,0 73.8642863,18.5361110,0 73.8642505,18.5360974,0 73.8642222,18.5360978,0 73.8642014,18.5361122,0 73.8641881,18.5361406,0 73.8641824,18.5361830,0 73.8641718,18.5362185,0 73.8641565,18.5362470,0 73.8641363,18.5362686,0 73.8641114,18.5362832,0 73.8640694,18.5362893,0 73.8640104,18.5362868,0 73.8639344,18.5362757,0 73.8638414,18.5362561,0 73.8637651,18.5362484,0 73.8637056,18.5362524,0 73.8636630,18.5362683,0 73.8636370,18.5362960,0 73.8636175,18.5363409,0 73.8636042,18.5364029,0 73.8635972,18.5364821,0 73.8635966,18.5365785,0 73.8636208,18.5366801,0 73.8636698,18.5367868,0 73.8637436,18.5368987,0</coordinates></LinearRing></outerBoundaryIs></Polygon></Placemark>
<Placemark><name>1.7-1.8 m</name><description>Depth class 1.7-1.8 m · area 8,850 m² · ≈88 fused pixels · fill opacity 72%</description><styleUrl>#d2_ab8</styleUrl><Polygon><tessellate>1</tessellate><outerBoundaryIs><LinearRing><coordinates>73.8719074,18.5407699,0 73.8719518,18.5408398,0 73.8719969,18.5408988,0 73.8720428,18.5409469,0 73.8720895,18.5409841,0 73.8721370,18.5410105,0 73.8721846,18.5410311,0 73.8722325,18.5410461,0 73.8722806,18.5410553,0 73.8723289,18.5410588,0 73.8723830,18.5410722,0 73.8724428,18.5410954,0 73.8725085,18.5411285,0 73.8725799,18.5411714,0 73.8726456,18.5412034,0 73.8727055,18.5412243,0 73.8727598,18.5412341,0 73.8728083,18.5412330,0 73.8728503,18.5412382,0 73.8728857,18.5412497,0 73.8729146,18.5412675,0 73.8729370,18.5412917,0 73.8729714,18.5413106,0 73.8730178,18.5413242,0 73.8730762,18.5413325,0 73.8731466,18.5413356,0 73.8732295,18.5413545,0 73.8733248,18.5413891,0 73.8734326,18.5414396,0 73.8735529,18.5415058,0 73.8736581,18.5415494,0 73.8737481,18.5415703,0 73.8738231,18.5415686,0 73.8738829,18.5415443,0 73.8739319,18.5415034,0 73.8739702,18.5414460,0 73.8739976,18.5413720,0 73.8740142,18.5412815,0 73.8740437,18.5412200,0 73.8740860,18.5411875,0 73.8741412,18.5411841,0 73.8742093,18.5412097,0 73.8742676,18.5412258,0 73.8743161,18.5412324,0 73.8743548,18.5412295,0 73.8743838,18.5412171,0 73.8743878,18.5411884,0 73.8743668,18.5411434,0 73.8743209,18.5410820,0 73.8742500,18.5410043,0 73.8741874,18.5409514,0 73.8741332,18.5409232,0 73.8740873,18.5409198,0 73.8740497,18.5409411,0 73.8739992,18.5409573,0 73.8739358,18.5409683,0 73.8738595,18.5409742,0 73.8737703,18.5409749,0 73.8736842,18.5409863,0 73.8736011,18.5410084,0 73.8735212,18.5410412,0 73.8734443,18.5410847,0 73.8733606,18.5411178,0 73.8732701,18.5411406,0 73.8731728,18.5411530,0 73.8730686,18.5411551,0 73.8729797,18.5411453,0 73.8729061,18.5411235,0 73.8728478,18.5410898,0 73.8728047,18.5410441,0 73.8727578,18.5410074,0 73.8727070,18.5409797,0 73.8726523,18.5409610,0 73.8725937,18.5409513,0 73.8725451,18.5409292,0 73.8725065,18.5408947,0 73.8724779,18.5408479,0 73.8724594,18.5407887,0 73.8724292,18.5407469,0 73.8723875,18.5407224,0 73.8723343,18.5407152,0 73.8722694,18.5407254,0 73.8722040,18.5407244,0 73.8721379,18.5407121,0 73.8720712,18.5406886,0 73.8720039,18.5406539,0 73.8719495,18.5406318,0 73.8719081,18.5406223,0 73.8718797,18.5406255,0 73.8718642,18.5406414,0 73.8718636,18.5406707,0 73.8718781,18.5407136,0 73.8719074,18.5407699,0</coordinates></LinearRing></outerBoundaryIs></Polygon></Placemark>
<Placemark><name>1.7-1.8 m</name><description>Depth class 1.7-1.8 m · area 8,599 m² · ≈86 fused pixels · fill opacity 72%</description><styleUrl>#d2_ab8</styleUrl><Polygon><tessellate>1</tessellate><outerBoundaryIs><LinearRing><coordinates>73.8785928,18.5419287,0 73.8785132,18.5418833,0 73.8784084,18.5418490,0 73.8782787,18.5418258,0 73.8781239,18.5418136,0 73.8779440,18.5418125,0 73.8778052,18.5418157,0 73.8777075,18.5418231,0 73.8776509,18.5418347,0 73.8776354,18.5418506,0 73.8776299,18.5418697,0 73.8776344,18.5418921,0 73.8776488,18.5419178,0 73.8776733,18.5419468,0 73.8777206,18.5419693,0 73.8777909,18.5419853,0 73.8778841,18.5419947,0 73.8780002,18.5419977,0 73.8781170,18.5420163,0 73.8782343,18.5420507,0 73.8783524,18.5421008,0 73.8784710,18.5421667,0 73.8786059,18.5422166,0 73.8787570,18.5422507,0 73.8789244,18.5422688,0 73.8791081,18.5422712,0 73.8793004,18.5422955,0 73.8795015,18.5423419,0 73.8797112,18.5424103,0 73.8799296,18.5425007,0 73.8801073,18.5425660,0 73.8802445,18.5426060,0 73.8803410,18.5426209,0 73.8803969,18.5426106,0 73.8804262,18.5425776,0 73.8804289,18.5425218,0 73.8804051,18.5424434,0 73.8803546,18.5423422,0 73.8802544,18.5422599,0 73.8801046,18.5421967,0 73.8799050,18.5421524,0 73.8796556,18.5421272,0 73.8794487,18.5420969,0 73.8792841,18.5420618,0 73.8791618,18.5420216,0 73.8790819,18.5419766,0 73.8790064,18.5419482,0 73.8789352,18.5419367,0 73.8788684,18.5419419,0 73.8788060,18.5419639,0 73.8787392,18.5419690,0 73.8786682,18.5419573,0 73.8785928,18.5419287,0</coordinates></LinearRing></outerBoundaryIs></Polygon></Placemark>
<Placemark><name>1.7-1.8 m</name><description>Depth class 1.7-1.8 m · area 8,557 m² · ≈86 fused pixels · fill opacity 72%</description><styleUrl>#d2_ab8</styleUrl><Polygon><tessellate>1</tessellate><outerBoundaryIs><LinearRing><coordinates>73.8622362,18.5337312,0 73.8622192,18.5337681,0 73.8622179,18.5338140,0 73.8622321,18.5338688,0 73.8622619,18.5339326,0 73.8623073,18.5340053,0 73.8623422,18.5340827,0 73.8623666,18.5341647,0 73.8623805,18.5342515,0 73.8623839,18.5343430,0 73.8623993,18.5344234,0 73.8624266,18.5344927,0 73.8624659,18.5345510,0 73.8625171,18.5345982,0 73.8625769,18.5346332,0 73.8626451,18.5346560,0 73.8627218,18.5346667,0 73.8628069,18.5346651,0 73.8628826,18.5346529,0 73.8629489,18.5346298,0 73.8630057,18.5345960,0 73.8630530,18.5345514,0 73.8630865,18.5345110,0 73.8631063,18.5344748,0 73.8631124,18.5344427,0 73.8631047,18.5344148,0 73.8631069,18.5343896,0 73.8631189,18.5343671,0 73.8631408,18.5343473,0 73.8631725,18.5343302,0 73.8631980,18.5343045,0 73.8632173,18.5342700,0 73.8632303,18.5342269,0 73.8632370,18.5341750,0 73.8632528,18.5341259,0 73.8632775,18.5340794,0 73.8633113,18.5340356,0 73.8633540,18.5339945,0 73.8633858,18.5339499,0 73.8634065,18.5339017,0 73.8634163,18.5338499,0 73.8634151,18.5337946,0 73.8633999,18.5337513,0 73.8633709,18.5337200,0 73.8633278,18.5337007,0 73.8632709,18.5336935,0 73.8632180,18.5336953,0 73.8631691,18.5337061,0 73.8631243,18.5337260,0 73.8630836,18.5337549,0 73.8630286,18.5337692,0 73.8629596,18.5337688,0 73.8628764,18.5337537,0 73.8627791,18.5337239,0 73.8626829,18.5337014,0 73.8625878,18.5336860,0 73.8624938,18.5336779,0 73.8624009,18.5336771,0 73.8623270,18.5336856,0 73.8622721,18.5337037,0 73.8622362,18.5337312,0</coordinates></LinearRing></outerBoundaryIs><innerBoundaryIs><LinearRing><coordinates>73.8630283,18.5343927,0 73.8629910,18.5344077,0 73.8629485,18.5344156,0 73.8629010,18.5344164,0 73.8628483,18.5344101,0 73.8627906,18.5343967,0 73.8627466,18.5343663,0 73.8627162,18.5343188,0 73.8626994,18.5342543,0 73.8626963,18.5341728,0 73.8627078,18.5341127,0 73.8627339,18.5340741,0 73.8627746,18.5340570,0 73.8628299,18.5340614,0 73.8628821,18.5340835,0 73.8629312,18.5341235,0 73.8629772,18.5341813,0 73.8630201,18.5342569,0 73.8630429,18.5343173,0 73.8630456,18.5343626,0 73.8630283,18.5343927,0</coordinates></LinearRing></innerBoundaryIs></Polygon></Placemark>
<Placemark><name>1.7-1.8 m</name><description>Depth class 1.7-1.8 m · area 8,267 m² · ≈83 fused pixels · fill opacity 72%</description><styleUrl>#d2_ab8</styleUrl><Polygon><tessellate>1</tessellate><outerBoundaryIs><LinearRing><coordinates>73.8803900,18.5430343,0 73.8803767,18.5430564,0 73.8803771,18.5430822,0 73.8803914,18.5431119,0 73.8804195,18.5431453,0 73.8804614,18.5431825,0 73.8804920,18.5432222,0 73.8805114,18.5432644,0 73.8805196,18.5433091,0 73.8805164,18.5433563,0 73.8805215,18.5433989,0 73.8805349,18.5434369,0 73.8805564,18.5434703,0 73.8805862,18.5434991,0 73.8806544,18.5435270,0 73.8807610,18.5435538,0 73.8809059,18.5435797,0 73.8810893,18.5436045,0 73.8812345,18.5436287,0 73.8813417,18.5436521,0 73.8814107,18.5436748,0 73.8814417,18.5436968,0 73.8814882,18.5437134,0 73.8815501,18.5437248,0 73.8816275,18.5437310,0 73.8817204,18.5437319,0 73.8818042,18.5437186,0 73.8818788,18.5436912,0 73.8819444,18.5436497,0 73.8820008,18.5435941,0 73.8820384,18.5435442,0 73.8820571,18.5435001,0 73.8820569,18.5434617,0 73.8820378,18.5434291,0 73.8819873,18.5433929,0 73.8819054,18.5433530,0 73.8817921,18.5433094,0 73.8816473,18.5432621,0 73.8815094,18.5432259,0 73.8813781,18.5432006,0 73.8812536,18.5431862,0 73.8811359,18.5431829,0 73.8810297,18.5431640,0 73.8809351,18.5431295,0 73.8808521,18.5430795,0 73.8807806,18.5430139,0 73.8807105,18.5429701,0 73.8806419,18.5429480,0 73.8805747,18.5429477,0 73.8805088,18.5429691,0 73.8804561,18.5429906,0 73.8804165,18.5430124,0 73.8803900,18.5430343,0</coordinates></LinearRing></outerBoundaryIs></Polygon></Placemark>
<Placemark><name>1.7-1.8 m</name><description>Depth class 1.7-1.8 m · area 8,125 m² · ≈81 fused pixels · fill opacity 72%</description><styleUrl>#d2_ab8</styleUrl><Polygon><tessellate>1</tessellate><outerBoundaryIs><LinearRing><coordinates>73.9301239,18.5367225,0 73.9301143,18.5368703,0 73.9301210,18.5369902,0 73.9301438,18.5370820,0 73.9301829,18.5371457,0 73.9302382,18.5371814,0 73.9302940,18.5372080,0 73.9303503,18.5372256,0 73.9304070,18.5372341,0 73.9304641,18.5372335,0 73.9305235,18.5372229,0 73.9305850,18.5372021,0 73.9306487,18.5371714,0 73.9307146,18.5371305,0 73.9307533,18.5370882,0 73.9307649,18.5370444,0 73.9307492,18.5369992,0 73.9307065,18.5369526,0 73.9306803,18.5369065,0 73.9306707,18.5368610,0 73.9306776,18.5368161,0 73.9307012,18.5367718,0 73.9307320,18.5367400,0 73.9307702,18.5367206,0 73.9308158,18.5367139,0 73.9308686,18.5367196,0 73.9309126,18.5367389,0 73.9309477,18.5367719,0 73.9309740,18.5368185,0 73.9309915,18.5368787,0 73.9310163,18.5369233,0 73.9310486,18.5369521,0 73.9310883,18.5369653,0 73.9311354,18.5369629,0 73.9311826,18.5369471,0 73.9312301,18.5369182,0 73.9312777,18.5368760,0 73.9313256,18.5368205,0 73.9313541,18.5367540,0 73.9313634,18.5366765,0 73.9313533,18.5365880,0 73.9313240,18.5364885,0 73.9312951,18.5364147,0 73.9312668,18.5363665,0 73.9312389,18.5363440,0 73.9312114,18.5363473,0 73.9311814,18.5363606,0 73.9311487,18.5363839,0 73.9311135,18.5364173,0 73.9310756,18.5364608,0 73.9310285,18.5364871,0 73.9309720,18.5364962,0 73.9309062,18.5364882,0 73.9308311,18.5364629,0 73.9307448,18.5364439,0 73.9306473,18.5364310,0 73.9305386,18.5364242,0 73.9304187,18.5364236,0 73.9303225,18.5364281,0 73.9302500,18.5364375,0 73.9302011,18.5364519,0 73.9301760,18.5364714,0 73.9301548,18.5365230,0 73.9301374,18.5366067,0 73.9301239,18.5367225,0</coordinates></LinearRing></outerBoundaryIs></Polygon></Placemark>
<Placemark><name>1.7-1.8 m</name><description>Depth class 1.7-1.8 m · area 8,076 m² · ≈81 fused pixels · fill opacity 72%</description><styleUrl>#d2_ab8</styleUrl><Polygon><tessellate>1</tessellate><outerBoundaryIs><LinearRing><coordinates>73.9464686,18.5452822,0 73.9464474,18.5453440,0 73.9464425,18.5453938,0 73.9464540,18.5454314,0 73.9464820,18.5454570,0 73.9465263,18.5454705,0 73.9465815,18.5455070,0 73.9466474,18.5455666,0 73.9467241,18.5456492,0 73.9468117,18.5457549,0 73.9469373,18.5458287,0 73.9471010,18.5458707,0 73.9473028,18.5458809,0 73.9475427,18.5458593,0 73.9477316,18.5458299,0 73.9478693,18.5457929,0 73.9479560,18.5457482,0 73.9479917,18.5456957,0 73.9479987,18.5456358,0 73.9479771,18.5455684,0 73.9479270,18.5454935,0 73.9478483,18.5454112,0 73.9477384,18.5453547,0 73.9475976,18.5453240,0 73.9474256,18.5453192,0 73.9472226,18.5453402,0 73.9470568,18.5453450,0 73.9469282,18.5453334,0 73.9468368,18.5453056,0 73.9467826,18.5452615,0 73.9467294,18.5452280,0 73.9466772,18.5452053,0 73.9466260,18.5451931,0 73.9465758,18.5451917,0 73.9465328,18.5452061,0 73.9464971,18.5452363,0 73.9464686,18.5452822,0</coordinates></LinearRing></outerBoundaryIs></Polygon></Placemark>
<Placemark><name>1.7-1.8 m</name><description>Depth class 1.7-1.8 m · area 7,746 m² · ≈77 fused pixels · fill opacity 72%</description><styleUrl>#d2_ab8</styleUrl><Polygon><tessellate>1</tessellate><outerBoundaryIs><LinearRing><coordinates>73.9094876,18.5406579,0 73.9094929,18.5406864,0 73.9095243,18.5407092,0 73.9095818,18.5407264,0 73.9096655,18.5407379,0 73.9097753,18.5407439,0 73.9098617,18.5407639,0 73.9099247,18.5407979,0 73.9099642,18.5408460,0 73.9099803,18.5409082,0 73.9100039,18.5409657,0 73.9100348,18.5410187,0 73.9100731,18.5410671,0 73.9101189,18.5411110,0 73.9101618,18.5411446,0 73.9102020,18.5411679,0 73.9102395,18.5411810,0 73.9102741,18.5411839,0 73.9103178,18.5411787,0 73.9103706,18.5411654,0 73.9104325,18.5411440,0 73.9105034,18.5411146,0 73.9105536,18.5410771,0 73.9105830,18.5410314,0 73.9105916,18.5409777,0 73.9105794,18.5409158,0 73.9105821,18.5408498,0 73.9105999,18.5407797,0 73.9106325,18.5407056,0 73.9106802,18.5406272,0 73.9106969,18.5405548,0 73.9106825,18.5404883,0 73.9106371,18.5404276,0 73.9105607,18.5403728,0 73.9104836,18.5403313,0 73.9104058,18.5403030,0 73.9103273,18.5402881,0 73.9102480,18.5402865,0 73.9101573,18.5402968,0 73.9100552,18.5403191,0 73.9099417,18.5403535,0 73.9098167,18.5403998,0 73.9097136,18.5404436,0 73.9096325,18.5404850,0 73.9095732,18.5405240,0 73.9095358,18.5405605,0 73.9095090,18.5405950,0 73.9094930,18.5406275,0 73.9094876,18.5406579,0</coordinates></LinearRing></outerBoundaryIs></Polygon></Placemark>
<Placemark><name>1.7-1.8 m</name><description>Depth class 1.7-1.8 m · area 6,866 m² · ≈69 fused pixels · fill opacity 72%</description><styleUrl>#d2_ab8</styleUrl><Polygon><tessellate>1</tessellate><outerBoundaryIs><LinearRing><coordinates>73.9351675,18.5356142,0 73.9351928,18.5356897,0 73.9352226,18.5357574,0 73.9352571,18.5358172,0 73.9352963,18.5358693,0 73.9353400,18.5359136,0 73.9353741,18.5359647,0 73.9353983,18.5360226,0 73.9354128,18.5360874,0 73.9354175,18.5361590,0 73.9354391,18.5362241,0 73.9354776,18.5362826,0 73.9355329,18.5363346,0 73.9356051,18.5363801,0 73.9356694,18.5364136,0 73.9357260,18.5364353,0 73.9357747,18.5364450,0 73.9358157,18.5364428,0 73.9358583,18.5364295,0 73.9359025,18.5364052,0 73.9359484,18.5363698,0 73.9359959,18.5363234,0 73.9360353,18.5362689,0 73.9360665,18.5362063,0 73.9360896,18.5361357,0 73.9361045,18.5360570,0 73.9360914,18.5359835,0 73.9360503,18.5359150,0 73.9359812,18.5358516,0 73.9358841,18.5357933,0 73.9358075,18.5357398,0 73.9357514,18.5356911,0 73.9357157,18.5356471,0 73.9357006,18.5356080,0 73.9356714,18.5355675,0 73.9356283,18.5355258,0 73.9355712,18.5354828,0 73.9355002,18.5354386,0 73.9354327,18.5354055,0 73.9353688,18.5353835,0 73.9353084,18.5353727,0 73.9352517,18.5353730,0 73.9352068,18.5353812,0 73.9351738,18.5353974,0 73.9351527,18.5354213,0 73.9351435,18.5354532,0 73.9351429,18.5354960,0 73.9351509,18.5355497,0 73.9351675,18.5356142,0</coordinates></LinearRing></outerBoundaryIs></Polygon></Placemark>
<Placemark><name>1.7-1.8 m</name><description>Depth class 1.7-1.8 m · area 5,439 m² · ≈54 fused pixels · fill opacity 72%</description><styleUrl>#d2_ab8</styleUrl><Polygon><tessellate>1</tessellate><outerBoundaryIs><LinearRing><coordinates>73.8754571,18.5421732,0 73.8756721,18.5422758,0 73.8758414,18.5423469,0 73.8759652,18.5423865,0 73.8760433,18.5423947,0 73.8760759,18.5423714,0 73.8760884,18.5423379,0 73.8760808,18.5422941,0 73.8760532,18.5422400,0 73.8760055,18.5421756,0 73.8759450,18.5421252,0 73.8758716,18.5420886,0 73.8757855,18.5420660,0 73.8756865,18.5420573,0 73.8756070,18.5420356,0 73.8755467,18.5420007,0 73.8755058,18.5419528,0 73.8754843,18.5418917,0 73.8754520,18.5418453,0 73.8754089,18.5418137,0 73.8753550,18.5417967,0 73.8752902,18.5417943,0 73.8752227,18.5417815,0 73.8751525,18.5417582,0 73.8750795,18.5417244,0 73.8750038,18.5416801,0 73.8749104,18.5416491,0 73.8747993,18.5416315,0 73.8746705,18.5416273,0 73.8745241,18.5416364,0 73.8744250,18.5416574,0 73.8743734,18.5416903,0 73.8743692,18.5417351,0 73.8744125,18.5417919,0 73.8744569,18.5418353,0 73.8745026,18.5418654,0 73.8745495,18.5418822,0 73.8745976,18.5418857,0 73.8746515,18.5418990,0 73.8747112,18.5419222,0 73.8747768,18.5419553,0 73.8748483,18.5419983,0 73.8749130,18.5420278,0 73.8749711,18.5420438,0 73.8750226,18.5420464,0 73.8750674,18.5420356,0 73.8751547,18.5420531,0 73.8752846,18.5420990,0 73.8754571,18.5421732,0</coordinates></LinearRing></outerBoundaryIs></Polygon></Placemark>
<Placemark><name>1.7-1.8 m</name><description>Depth class 1.7-1.8 m · area 4,933 m² · ≈49 fused pixels · fill opacity 72%</description><styleUrl>#d2_ab8</styleUrl><Polygon><tessellate>1</tessellate><outerBoundaryIs><LinearRing><coordinates>73.8630203,18.5352709,0 73.8629931,18.5352722,0 73.8629723,18.5352839,0 73.8629578,18.5353061,0 73.8629496,18.5353389,0 73.8629476,18.5353821,0 73.8629621,18.5354253,0 73.8629928,18.5354685,0 73.8630399,18.5355115,0 73.8631033,18.5355546,0 73.8631528,18.5356004,0 73.8631884,18.5356489,0 73.8632100,18.5357002,0 73.8632177,18.5357542,0 73.8632354,18.5358063,0 73.8632630,18.5358566,0 73.8633007,18.5359050,0 73.8633482,18.5359515,0 73.8633937,18.5359868,0 73.8634372,18.5360110,0 73.8634786,18.5360239,0 73.8635180,18.5360256,0 73.8635634,18.5360154,0 73.8636149,18.5359933,0 73.8636724,18.5359592,0 73.8637360,18.5359132,0 73.8638099,18.5358871,0 73.8638942,18.5358810,0 73.8639888,18.5358948,0 73.8640937,18.5359286,0 73.8641727,18.5359472,0 73.8642256,18.5359506,0 73.8642526,18.5359389,0 73.8642536,18.5359120,0 73.8642411,18.5358762,0 73.8642150,18.5358314,0 73.8641755,18.5357776,0 73.8641224,18.5357149,0 73.8640653,18.5356706,0 73.8640042,18.5356448,0 73.8639390,18.5356374,0 73.8638698,18.5356485,0 73.8638066,18.5356464,0 73.8637496,18.5356311,0 73.8636987,18.5356027,0 73.8636538,18.5355611,0 73.8636078,18.5355289,0 73.8635606,18.5355060,0 73.8635122,18.5354925,0 73.8634626,18.5354883,0 73.8634049,18.5354719,0 73.8633392,18.5354432,0 73.8632655,18.5354022,0 73.8631837,18.5353489,0 73.8631156,18.5353093,0 73.8630611,18.5352833,0 73.8630203,18.5352709,0</coordinates></LinearRing></outerBoundaryIs></Polygon></Placemark>
<Placemark><name>1.7-1.8 m</name><description>Depth class 1.7-1.8 m · area 4,665 m² · ≈47 fused pixels · fill opacity 72%</description><styleUrl>#d2_ab8</styleUrl><Polygon><tessellate>1</tessellate><outerBoundaryIs><LinearRing><coordinates>73.9177814,18.5390856,0 73.9177753,18.5391485,0 73.9178509,18.5391962,0 73.9180081,18.5392286,0 73.9182468,18.5392457,0 73.9185673,18.5392476,0 73.9188264,18.5392395,0 73.9190244,18.5392214,0 73.9191612,18.5391932,0 73.9192368,18.5391551,0 73.9192882,18.5391194,0 73.9193153,18.5390863,0 73.9193183,18.5390558,0 73.9192971,18.5390277,0 73.9192500,18.5390006,0 73.9191770,18.5389743,0 73.9190780,18.5389489,0 73.9189532,18.5389243,0 73.9188366,18.5389187,0 73.9187283,18.5389321,0 73.9186283,18.5389644,0 73.9185365,18.5390158,0 73.9184512,18.5390417,0 73.9183722,18.5390422,0 73.9182996,18.5390173,0 73.9182335,18.5389670,0 73.9181760,18.5389287,0 73.9181271,18.5389025,0 73.9180869,18.5388883,0 73.9180554,18.5388862,0 73.9180181,18.5388914,0 73.9179751,18.5389039,0 73.9179265,18.5389237,0 73.9178721,18.5389507,0 73.9178298,18.5389867,0 73.9177995,18.5390317,0 73.9177814,18.5390856,0</coordinates></LinearRing></outerBoundaryIs></Polygon></Placemark>
<Placemark><name>1.7-1.8 m</name><description>Depth class 1.7-1.8 m · area 3,926 m² · ≈39 fused pixels · fill opacity 72%</description><styleUrl>#d2_ab8</styleUrl><Polygon><tessellate>1</tessellate><outerBoundaryIs><LinearRing><coordinates>73.9062866,18.5409169,0 73.9061780,18.5409306,0 73.9060979,18.5409589,0 73.9060465,18.5410018,0 73.9060236,18.5410592,0 73.9060292,18.5411312,0 73.9060646,18.5411863,0 73.9061297,18.5412245,0 73.9062244,18.5412458,0 73.9063488,18.5412501,0 73.9064542,18.5412414,0 73.9065407,18.5412196,0 73.9066081,18.5411847,0 73.9066566,18.5411367,0 73.9067236,18.5410957,0 73.9068091,18.5410618,0 73.9069132,18.5410348,0 73.9070358,18.5410148,0 73.9071391,18.5409884,0 73.9072230,18.5409555,0 73.9072875,18.5409162,0 73.9073326,18.5408704,0 73.9073783,18.5408322,0 73.9074246,18.5408016,0 73.9074715,18.5407785,0 73.9075189,18.5407630,0 73.9075473,18.5407445,0 73.9075565,18.5407231,0 73.9075466,18.5406988,0 73.9075177,18.5406715,0 73.9074766,18.5406619,0 73.9074235,18.5406699,0 73.9073582,18.5406955,0 73.9072809,18.5407388,0 73.9072012,18.5407716,0 73.9071191,18.5407940,0 73.9070346,18.5408059,0 73.9069478,18.5408074,0 73.9068755,18.5408208,0 73.9068177,18.5408461,0 73.9067746,18.5408834,0 73.9067460,18.5409327,0 73.9067087,18.5409627,0 73.9066627,18.5409736,0 73.9066080,18.5409652,0 73.9065447,18.5409376,0 73.9064700,18.5409204,0 73.9063840,18.5409134,0 73.9062866,18.5409169,0</coordinates></LinearRing></outerBoundaryIs></Polygon></Placemark>
<Placemark><name>1.7-1.8 m</name><description>Depth class 1.7-1.8 m · area 3,729 m² · ≈37 fused pixels · fill opacity 72%</description><styleUrl>#d2_ab8</styleUrl><Polygon><tessellate>1</tessellate><outerBoundaryIs><LinearRing><coordinates>73.8747148,18.5412702,0 73.8747244,18.5412985,0 73.8747431,18.5413127,0 73.8747709,18.5413128,0 73.8748077,18.5412987,0 73.8748536,18.5412705,0 73.8748965,18.5412514,0 73.8749365,18.5412415,0 73.8749736,18.5412408,0 73.8750078,18.5412493,0 73.8750634,18.5412780,0 73.8751405,18.5413269,0 73.8752391,18.5413962,0 73.8753592,18.5414857,0 73.8754632,18.5415524,0 73.8755510,18.5415964,0 73.8756228,18.5416176,0 73.8756785,18.5416160,0 73.8757374,18.5416028,0 73.8757996,18.5415778,0 73.8758651,18.5415412,0 73.8759338,18.5414930,0 73.8759726,18.5414522,0 73.8759814,18.5414190,0 73.8759603,18.5413933,0 73.8759093,18.5413751,0 73.8758546,18.5413665,0 73.8757963,18.5413676,0 73.8757343,18.5413782,0 73.8756687,18.5413985,0 73.8756081,18.5413983,0 73.8755525,18.5413778,0 73.8755018,18.5413368,0 73.8754560,18.5412755,0 73.8754047,18.5412176,0 73.8753476,18.5411631,0 73.8752850,18.5411121,0 73.8752167,18.5410645,0 73.8751472,18.5410242,0 73.8750765,18.5409912,0 73.8750046,18.5409655,0 73.8749314,18.5409471,0 73.8748690,18.5409526,0 73.8748172,18.5409819,0 73.8747762,18.5410351,0 73.8747458,18.5411121,0 73.8747255,18.5411770,0 73.8747151,18.5412297,0 73.8747148,18.5412702,0</coordinates></LinearRing></outerBoundaryIs></Polygon></Placemark>
<Placemark><name>1.7-1.8 m</name><description>Depth class 1.7-1.8 m · area 3,303 m² · ≈33 fused pixels · fill opacity 72%</description><styleUrl>#d2_ab8</styleUrl><Polygon><tessellate>1</tessellate><outerBoundaryIs><LinearRing><coordinates>73.9430838,18.5436381,0 73.9431143,18.5436716,0 73.9431578,18.5436967,0 73.9432142,18.5437134,0 73.9432835,18.5437217,0 73.9433657,18.5437217,0 73.9434344,18.5437150,0 73.9434895,18.5437017,0 73.9435311,18.5436819,0 73.9435591,18.5436555,0 73.9435861,18.5436157,0 73.9436121,18.5435625,0 73.9436371,18.5434960,0 73.9436611,18.5434160,0 73.9436667,18.5433439,0 73.9436539,18.5432797,0 73.9436227,18.5432232,0 73.9435732,18.5431746,0 73.9435266,18.5431379,0 73.9434828,18.5431132,0 73.9434420,18.5431003,0 73.9434041,18.5430994,0 73.9433628,18.5431106,0 73.9433183,18.5431339,0 73.9432705,18.5431693,0 73.9432194,18.5432167,0 73.9431745,18.5432710,0 73.9431358,18.5433322,0 73.9431034,18.5434003,0 73.9430773,18.5434753,0 73.9430653,18.5435399,0 73.9430675,18.5435942,0 73.9430838,18.5436381,0</coordinates></LinearRing></outerBoundaryIs></Polygon></Placemark>
<Placemark><name>1.7-1.8 m</name><description>Depth class 1.7-1.8 m · area 2,124 m² · ≈21 fused pixels · fill opacity 55%</description><styleUrl>#d2_a8c</styleUrl><Polygon><tessellate>1</tessellate><outerBoundaryIs><LinearRing><coordinates>73.8616987,18.5329811,0 73.8617444,18.5330331,0 73.8617799,18.5330888,0 73.8618051,18.5331481,0 73.8618201,18.5332112,0 73.8618248,18.5332780,0 73.8618435,18.5333328,0 73.8618762,18.5333755,0 73.8619228,18.5334061,0 73.8619834,18.5334247,0 73.8620304,18.5334202,0 73.8620638,18.5333928,0 73.8620836,18.5333424,0 73.8620898,18.5332689,0 73.8620744,18.5331811,0 73.8620374,18.5330787,0 73.8619788,18.5329619,0 73.8618986,18.5328307,0 73.8618298,18.5327359,0 73.8617724,18.5326777,0 73.8617263,18.5326560,0 73.8616916,18.5326708,0 73.8616650,18.5326951,0 73.8616465,18.5327288,0 73.8616360,18.5327719,0 73.8616337,18.5328244,0 73.8616433,18.5328768,0 73.8616650,18.5329290,0 73.8616987,18.5329811,0</coordinates></LinearRing></outerBoundaryIs></Polygon></Placemark>
<Placemark><name>1.7-1.8 m</name><description>Depth class 1.7-1.8 m · area 2,038 m² · ≈20 fused pixels · fill opacity 55%</description><styleUrl>#d2_a8c</styleUrl><Polygon><tessellate>1</tessellate><outerBoundaryIs><LinearRing><coordinates>73.8922715,18.5431899,0 73.8923150,18.5432502,0 73.8923623,18.5432953,0 73.8924133,18.5433253,0 73.8924681,18.5433402,0 73.8925266,18.5433400,0 73.8925833,18.5433280,0 73.8926382,18.5433042,0 73.8926912,18.5432686,0 73.8927423,18.5432212,0 73.8927809,18.5431765,0 73.8928069,18.5431347,0 73.8928204,18.5430958,0 73.8928214,18.5430596,0 73.8928148,18.5430257,0 73.8928006,18.5429939,0 73.8927789,18.5429644,0 73.8927496,18.5429371,0 73.8927143,18.5429167,0 73.8926730,18.5429032,0 73.8926255,18.5428965,0 73.8925720,18.5428967,0 73.8925266,18.5429063,0 73.8924893,18.5429253,0 73.8924600,18.5429536,0 73.8924389,18.5429912,0 73.8924104,18.5430227,0 73.8923748,18.5430480,0 73.8923318,18.5430671,0 73.8922816,18.5430801,0 73.8922548,18.5431049,0 73.8922515,18.5431415,0 73.8922715,18.5431899,0</coordinates></LinearRing></outerBoundaryIs></Polygon></Placemark>
<Placemark><name>1.7-1.8 m</name><description>Depth class 1.7-1.8 m · area 1,978 m² · ≈20 fused pixels · fill opacity 55%</description><styleUrl>#d2_a8c</styleUrl><Polygon><tessellate>1</tessellate><outerBoundaryIs><LinearRing><coordinates>73.9144388,18.5398050,0 73.9144944,18.5398616,0 73.9145661,18.5399081,0 73.9146536,18.5399444,0 73.9147571,18.5399706,0 73.9148766,18.5399866,0 73.9149720,18.5399884,0 73.9150434,18.5399760,0 73.9150907,18.5399494,0 73.9151140,18.5399086,0 73.9151281,18.5398732,0 73.9151330,18.5398433,0 73.9151287,18.5398188,0 73.9151152,18.5397998,0 73.9150804,18.5397846,0 73.9150242,18.5397730,0 73.9149467,18.5397652,0 73.9148477,18.5397611,0 73.9147664,18.5397475,0 73.9147027,18.5397246,0 73.9146566,18.5396922,0 73.9146281,18.5396504,0 73.9145943,18.5396195,0 73.9145552,18.5395997,0 73.9145107,18.5395909,0 73.9144610,18.5395930,0 73.9144217,18.5396024,0 73.9143930,18.5396189,0 73.9143747,18.5396426,0 73.9143669,18.5396736,0 73.9143750,18.5397109,0 73.9143989,18.5397547,0 73.9144388,18.5398050,0</coordinates></LinearRing></outerBoundaryIs></Polygon></Placemark>
<Placemark><name>1.7-1.8 m</name><description>Depth class 1.7-1.8 m · area 1,897 m² · ≈19 fused pixels · fill opacity 55%</description><styleUrl>#d2_a8c</styleUrl><Polygon><tessellate>1</tessellate><outerBoundaryIs><LinearRing><coordinates>73.9556617,18.5463943,0 73.9556878,18.5464711,0 73.9557225,18.5465381,0 73.9557657,18.5465954,0 73.9558175,18.5466428,0 73.9558779,18.5466805,0 73.9559252,18.5466855,0 73.9559594,18.5466579,0 73.9559806,18.5465976,0 73.9559886,18.5465047,0 73.9559879,18.5464171,0 73.9559784,18.5463348,0 73.9559602,18.5462578,0 73.9559331,18.5461861,0 73.9558976,18.5461316,0 73.9558536,18.5460945,0 73.9558012,18.5460746,0 73.9557402,18.5460720,0 73.9556929,18.5460833,0 73.9556591,18.5461083,0 73.9556390,18.5461472,0 73.9556324,18.5461999,0 73.9556340,18.5462587,0 73.9556438,18.5463235,0 73.9556617,18.5463943,0</coordinates></LinearRing></outerBoundaryIs></Polygon></Placemark>
<Placemark><name>1.7-1.8 m</name><description>Depth class 1.7-1.8 m · area 1,893 m² · ≈19 fused pixels · fill opacity 55%</description><styleUrl>#d2_a8c</styleUrl><Polygon><tessellate>1</tessellate><outerBoundaryIs><LinearRing><coordinates>73.9521589,18.5462171,0 73.9521863,18.5462494,0 73.9522160,18.5462740,0 73.9522479,18.5462908,0 73.9522820,18.5463000,0 73.9523184,18.5463014,0 73.9523569,18.5462923,0 73.9523977,18.5462726,0 73.9524407,18.5462424,0 73.9524858,18.5462016,0 73.9525323,18.5461693,0 73.9525803,18.5461454,0 73.9526296,18.5461301,0 73.9526803,18.5461232,0 73.9527197,18.5461094,0 73.9527479,18.5460886,0 73.9527649,18.5460609,0 73.9527706,18.5460261,0 73.9527662,18.5459927,0 73.9527518,18.5459607,0 73.9527273,18.5459300,0 73.9526927,18.5459006,0 73.9526582,18.5458840,0 73.9526238,18.5458801,0 73.9525894,18.5458890,0 73.9525552,18.5459107,0 73.9525131,18.5459272,0 73.9524632,18.5459385,0 73.9524056,18.5459446,0 73.9523401,18.5459456,0 73.9522833,18.5459601,0 73.9522350,18.5459883,0 73.9521954,18.5460301,0 73.9521643,18.5460855,0 73.9521479,18.5461352,0 73.9521460,18.5461791,0 73.9521589,18.5462171,0</coordinates></LinearRing></outerBoundaryIs></Polygon></Placemark>
<Placemark><name>1.7-1.8 m</name><description>Depth class 1.7-1.8 m · area 1,748 m² · ≈17 fused pixels · fill opacity 55%</description><styleUrl>#d2_a8c</styleUrl><Polygon><tessellate>1</tessellate><outerBoundaryIs><LinearRing><coordinates>73.9881310,18.5255027,0 73.9881819,18.5256228,0 73.9882368,18.5257095,0 73.9882956,18.5257629,0 73.9883584,18.5257830,0 73.9884251,18.5257698,0 73.9884749,18.5257479,0 73.9885077,18.5257172,0 73.9885237,18.5256779,0 73.9885227,18.5256298,0 73.9885070,18.5255716,0 73.9884765,18.5255032,0 73.9884313,18.5254247,0 73.9883712,18.5253360,0 73.9883121,18.5252770,0 73.9882537,18.5252476,0 73.9881962,18.5252479,0 73.9881396,18.5252778,0 73.9881098,18.5253303,0 73.9881070,18.5254052,0 73.9881310,18.5255027,0</coordinates></LinearRing></outerBoundaryIs></Polygon></Placemark>
<Placemark><name>1.7-1.8 m</name><description>Depth class 1.7-1.8 m · area 1,425 m² · ≈14 fused pixels · fill opacity 55%</description><styleUrl>#d2_a8c</styleUrl><Polygon><tessellate>1</tessellate><outerBoundaryIs><LinearRing><coordinates>73.9394704,18.5361791,0 73.9394426,18.5362212,0 73.9394349,18.5362646,0 73.9394472,18.5363094,0 73.9394797,18.5363555,0 73.9395323,18.5364029,0 73.9395854,18.5364379,0 73.9396391,18.5364606,0 73.9396933,18.5364708,0 73.9397481,18.5364687,0 73.9397953,18.5364556,0 73.9398347,18.5364314,0 73.9398664,18.5363962,0 73.9398905,18.5363500,0 73.9398965,18.5363050,0 73.9398844,18.5362613,0 73.9398544,18.5362188,0 73.9398063,18.5361776,0 73.9397563,18.5361467,0 73.9397045,18.5361261,0 73.9396508,18.5361159,0 73.9395953,18.5361159,0 73.9395467,18.5361265,0 73.9395051,18.5361476,0 73.9394704,18.5361791,0</coordinates></LinearRing></outerBoundaryIs></Polygon></Placemark>
<Placemark><name>1.7-1.8 m</name><description>Depth class 1.7-1.8 m · area 1,294 m² · ≈13 fused pixels · fill opacity 55%</description><styleUrl>#d2_a8c</styleUrl><Polygon><tessellate>1</tessellate><outerBoundaryIs><LinearRing><coordinates>73.9087973,18.5408047,0 73.9088062,18.5408462,0 73.9088369,18.5408773,0 73.9088893,18.5408980,0 73.9089635,18.5409083,0 73.9090595,18.5409082,0 73.9091432,18.5408944,0 73.9092144,18.5408669,0 73.9092733,18.5408256,0 73.9093198,18.5407705,0 73.9093362,18.5407224,0 73.9093225,18.5406812,0 73.9092786,18.5406469,0 73.9092046,18.5406195,0 73.9091422,18.5406076,0 73.9090914,18.5406111,0 73.9090522,18.5406301,0 73.9090246,18.5406645,0 73.9089915,18.5406919,0 73.9089528,18.5407124,0 73.9089086,18.5407260,0 73.9088587,18.5407326,0 73.9088236,18.5407479,0 73.9088031,18.5407720,0 73.9087973,18.5408047,0</coordinates></LinearRing></outerBoundaryIs></Polygon></Placemark>
<Placemark><name>1.7-1.8 m</name><description>Depth class 1.7-1.8 m · area 1,243 m² · ≈12 fused pixels · fill opacity 55%</description><styleUrl>#d2_a8c</styleUrl><Polygon><tessellate>1</tessellate><outerBoundaryIs><LinearRing><coordinates>73.8768927,18.5422830,0 73.8768756,18.5422997,0 73.8768683,18.5423298,0 73.8768708,18.5423731,0 73.8768832,18.5424298,0 73.8769055,18.5424998,0 73.8769475,18.5425518,0 73.8770093,18.5425859,0 73.8770909,18.5426019,0 73.8771922,18.5426000,0 73.8772636,18.5425841,0 73.8773049,18.5425542,0 73.8773162,18.5425102,0 73.8772976,18.5424522,0 73.8772616,18.5424020,0 73.8772084,18.5423596,0 73.8771379,18.5423250,0 73.8770501,18.5422982,0 73.8769800,18.5422822,0 73.8769275,18.5422772,0 73.8768927,18.5422830,0</coordinates></LinearRing></outerBoundaryIs></Polygon></Placemark>
<Placemark><name>1.7-1.8 m</name><description>Depth class 1.7-1.8 m · area 991 m² · ≈10 fused pixels · fill opacity 55%</description><styleUrl>#d2_a8c</styleUrl><Polygon><tessellate>1</tessellate><outerBoundaryIs><LinearRing><coordinates>73.9049616,18.5412300,0 73.9050846,18.5412621,0 73.9051815,18.5412827,0 73.9052525,18.5412915,0 73.9052974,18.5412887,0 73.9053164,18.5412743,0 73.9053268,18.5412520,0 73.9053288,18.5412218,0 73.9053223,18.5411839,0 73.9053073,18.5411380,0 73.9052678,18.5411036,0 73.9052038,18.5410804,0 73.9051153,18.5410687,0 73.9050023,18.5410682,0 73.9049140,18.5410751,0 73.9048506,18.5410891,0 73.9048119,18.5411104,0 73.9047980,18.5411389,0 73.9048183,18.5411683,0 73.9048728,18.5411987,0 73.9049616,18.5412300,0</coordinates></LinearRing></outerBoundaryIs></Polygon></Placemark>
<Placemark><name>1.7-1.8 m</name><description>Depth class 1.7-1.8 m · area 942 m² · ≈9 fused pixels · fill opacity 55%</description><styleUrl>#d2_a8c</styleUrl><Polygon><tessellate>1</tessellate><outerBoundaryIs><LinearRing><coordinates>73.8971838,18.5418799,0 73.8971917,18.5419666,0 73.8972081,18.5420372,0 73.8972330,18.5420917,0 73.8972664,18.5421301,0 73.8973084,18.5421523,0 73.8973465,18.5421557,0 73.8973807,18.5421402,0 73.8974110,18.5421058,0 73.8974374,18.5420525,0 73.8974506,18.5420002,0 73.8974507,18.5419488,0 73.8974376,18.5418984,0 73.8974114,18.5418490,0 73.8973792,18.5418103,0 73.8973411,18.5417825,0 73.8972970,18.5417654,0 73.8972470,18.5417592,0 73.8972115,18.5417761,0 73.8971904,18.5418164,0 73.8971838,18.5418799,0</coordinates></LinearRing></outerBoundaryIs></Polygon></Placemark>
<Placemark><name>1.7-1.8 m</name><description>Depth class 1.7-1.8 m · area 862 m² · ≈9 fused pixels · fill opacity 55%</description><styleUrl>#d2_a8c</styleUrl><Polygon><tessellate>1</tessellate><outerBoundaryIs><LinearRing><coordinates>73.9053358,18.5413913,0 73.9053120,18.5413893,0 73.9052866,18.5413982,0 73.9052595,18.5414181,0 73.9052308,18.5414489,0 73.9052005,18.5414906,0 73.9051781,18.5415302,0 73.9051637,18.5415676,0 73.9051572,18.5416029,0 73.9051587,18.5416360,0 73.9051674,18.5416674,0 73.9051832,18.5416971,0 73.9052062,18.5417251,0 73.9052364,18.5417513,0 73.9052686,18.5417678,0 73.9053029,18.5417747,0 73.9053393,18.5417718,0 73.9053778,18.5417592,0 73.9054026,18.5417282,0 73.9054138,18.5416786,0 73.9054115,18.5416106,0 73.9053955,18.5415241,0 73.9053776,18.5414587,0 73.9053577,18.5414144,0 73.9053358,18.5413913,0</coordinates></LinearRing></outerBoundaryIs></Polygon></Placemark>
<Placemark><name>1.7-1.8 m</name><description>Depth class 1.7-1.8 m · area 727 m² · ≈7 fused pixels · fill opacity 35%</description><styleUrl>#d2_a59</styleUrl><Polygon><tessellate>1</tessellate><outerBoundaryIs><LinearRing><coordinates>73.8764789,18.5424527,0 73.8765039,18.5424672,0 73.8765379,18.5424634,0 73.8765809,18.5424414,0 73.8766329,18.5424010,0 73.8766939,18.5423424,0 73.8767343,18.5422931,0 73.8767541,18.5422531,0 73.8767533,18.5422224,0 73.8767319,18.5422011,0 73.8767021,18.5421854,0 73.8766638,18.5421751,0 73.8766171,18.5421705,0 73.8765619,18.5421713,0 73.8765182,18.5421881,0 73.8764858,18.5422209,0 73.8764650,18.5422695,0 73.8764555,18.5423341,0 73.8764547,18.5423861,0 73.8764625,18.5424257,0 73.8764789,18.5424527,0</coordinates></LinearRing></outerBoundaryIs></Polygon></Placemark>
<Placemark><name>1.7-1.8 m</name><description>Depth class 1.7-1.8 m · area 643 m² · ≈6 fused pixels · fill opacity 35%</description><styleUrl>#d2_a59</styleUrl><Polygon><tessellate>1</tessellate><outerBoundaryIs><LinearRing><coordinates>73.8984812,18.5420031,0 73.8985821,18.5420334,0 73.8986622,18.5420453,0 73.8987214,18.5420385,0 73.8987598,18.5420131,0 73.8987772,18.5419692,0 73.8987646,18.5419325,0 73.8987219,18.5419029,0 73.8986492,18.5418805,0 73.8985463,18.5418653,0 73.8984653,18.5418611,0 73.8984060,18.5418679,0 73.8983687,18.5418856,0 73.8983531,18.5419144,0 73.8983666,18.5419435,0 73.8984093,18.5419731,0 73.8984812,18.5420031,0</coordinates></LinearRing></outerBoundaryIs></Polygon></Placemark>
<Placemark><name>1.7-1.8 m</name><description>Depth class 1.7-1.8 m · area 626 m² · ≈6 fused pixels · fill opacity 35%</description><styleUrl>#d2_a59</styleUrl><Polygon><tessellate>1</tessellate><outerBoundaryIs><LinearRing><coordinates>73.9004343,18.5414678,0 73.9003919,18.5415055,0 73.9003666,18.5415403,0 73.9003583,18.5415721,0 73.9003671,18.5416010,0 73.9003930,18.5416269,0 73.9004286,18.5416447,0 73.9004741,18.5416545,0 73.9005294,18.5416562,0 73.9005946,18.5416499,0 73.9006430,18.5416375,0 73.9006747,18.5416191,0 73.9006898,18.5415945,0 73.9006881,18.5415639,0 73.9006751,18.5415342,0 73.9006508,18.5415056,0 73.9006152,18.5414779,0 73.9005682,18.5414512,0 73.9005224,18.5414407,0 73.9004778,18.5414462,0 73.9004343,18.5414678,0</coordinates></LinearRing></outerBoundaryIs></Polygon></Placemark>
<Placemark><name>1.7-1.8 m</name><description>Depth class 1.7-1.8 m · area 590 m² · ≈6 fused pixels · fill opacity 35%</description><styleUrl>#d2_a59</styleUrl><Polygon><tessellate>1</tessellate><outerBoundaryIs><LinearRing><coordinates>73.8619833,18.5324586,0 73.8620272,18.5324751,0 73.8620705,18.5324831,0 73.8621131,18.5324824,0 73.8621551,18.5324732,0 73.8621964,18.5324553,0 73.8622227,18.5324306,0 73.8622340,18.5323992,0 73.8622301,18.5323610,0 73.8622112,18.5323160,0 73.8621895,18.5322810,0 73.8621649,18.5322560,0 73.8621374,18.5322410,0 73.8621070,18.5322361,0 73.8620753,18.5322452,0 73.8620421,18.5322684,0 73.8620075,18.5323056,0 73.8619715,18.5323569,0 73.8619554,18.5323995,0 73.8619594,18.5324334,0 73.8619833,18.5324586,0</coordinates></LinearRing></outerBoundaryIs></Polygon></Placemark>
<Placemark><name>1.7-1.8 m</name><description>Depth class 1.7-1.8 m · area 394 m² · ≈4 fused pixels · fill opacity 35%</description><styleUrl>#d2_a59</styleUrl><Polygon><tessellate>1</tessellate><outerBoundaryIs><LinearRing><coordinates>73.8552957,18.5328809,0 73.8552719,18.5329211,0 73.8552644,18.5329565,0 73.8552732,18.5329869,0 73.8552984,18.5330125,0 73.8553398,18.5330332,0 73.8553794,18.5330376,0 73.8554169,18.5330257,0 73.8554525,18.5329975,0 73.8554862,18.5329529,0 73.8554986,18.5329154,0 73.8554898,18.5328850,0 73.8554597,18.5328615,0 73.8554084,18.5328452,0 73.8553639,18.5328429,0 73.8553264,18.5328548,0 73.8552957,18.5328809,0</coordinates></LinearRing></outerBoundaryIs></Polygon></Placemark>
<Placemark><name>1.7-1.8 m</name><description>Depth class 1.7-1.8 m · area 324 m² · ≈3 fused pixels · fill opacity 35%</description><styleUrl>#d2_a59</styleUrl><Polygon><tessellate>1</tessellate><outerBoundaryIs><LinearRing><coordinates>73.9891581,18.5253493,0 73.9891992,18.5253725,0 73.9892307,18.5253760,0 73.9892525,18.5253597,0 73.9892648,18.5253238,0 73.9892673,18.5252681,0 73.9892600,18.5252232,0 73.9892427,18.5251890,0 73.9892154,18.5251656,0 73.9891782,18.5251529,0 73.9891487,18.5251547,0 73.9891269,18.5251709,0 73.9891127,18.5252017,0 73.9891062,18.5252468,0 73.9891116,18.5252865,0 73.9891289,18.5253207,0 73.9891581,18.5253493,0</coordinates></LinearRing></outerBoundaryIs></Polygon></Placemark>
<Placemark><name>1.7-1.8 m</name><description>Depth class 1.7-1.8 m · area 303 m² · ≈3 fused pixels · fill opacity 35%</description><styleUrl>#d2_a59</styleUrl><Polygon><tessellate>1</tessellate><outerBoundaryIs><LinearRing><coordinates>73.9250161,18.5386436,0 73.9249990,18.5386982,0 73.9249945,18.5387424,0 73.9250026,18.5387762,0 73.9250233,18.5387995,0 73.9250565,18.5388125,0 73.9250849,18.5388087,0 73.9251084,18.5387880,0 73.9251270,18.5387506,0 73.9251407,18.5386963,0 73.9251435,18.5386523,0 73.9251355,18.5386185,0 73.9251165,18.5385950,0 73.9250866,18.5385817,0 73.9250599,18.5385854,0 73.9250364,18.5386060,0 73.9250161,18.5386436,0</coordinates></LinearRing></outerBoundaryIs></Polygon></Placemark>
<Placemark><name>1.7-1.8 m</name><description>Depth class 1.7-1.8 m · area 285 m² · ≈3 fused pixels · fill opacity 18%</description><styleUrl>#d2_a2e</styleUrl><Polygon><tessellate>1</tessellate><outerBoundaryIs><LinearRing><coordinates>73.9829956,18.5276956,0 73.9830055,18.5277245,0 73.9830213,18.5277455,0 73.9830432,18.5277586,0 73.9830711,18.5277637,0 73.9831050,18.5277609,0 73.9831338,18.5277526,0 73.9831574,18.5277386,0 73.9831758,18.5277191,0 73.9831891,18.5276939,0 73.9831948,18.5276708,0 73.9831930,18.5276496,0 73.9831836,18.5276304,0 73.9831667,18.5276131,0 73.9831439,18.5276042,0 73.9831154,18.5276037,0 73.9830811,18.5276116,0 73.9830409,18.5276279,0 73.9830133,18.5276473,0 73.9829982,18.5276699,0 73.9829956,18.5276956,0</coordinates></LinearRing></outerBoundaryIs></Polygon></Placemark>
<Placemark><name>1.7-1.8 m</name><description>Depth class 1.7-1.8 m · area 280 m² · ≈3 fused pixels · fill opacity 18%</description><styleUrl>#d2_a2e</styleUrl><Polygon><tessellate>1</tessellate><outerBoundaryIs><LinearRing><coordinates>73.8672685,18.5385115,0 73.8672962,18.5385659,0 73.8673250,18.5386005,0 73.8673548,18.5386153,0 73.8673855,18.5386103,0 73.8674173,18.5385854,0 73.8674328,18.5385578,0 73.8674320,18.5385275,0 73.8674149,18.5384946,0 73.8673815,18.5384590,0 73.8673500,18.5384338,0 73.8673202,18.5384190,0 73.8672922,18.5384147,0 73.8672661,18.5384207,0 73.8672534,18.5384389,0 73.8672542,18.5384691,0 73.8672685,18.5385115,0</coordinates></LinearRing></outerBoundaryIs></Polygon></Placemark>
<Placemark><name>1.7-1.8 m</name><description>Depth class 1.7-1.8 m · area 202 m² · ≈2 fused pixels · fill opacity 18%</description><styleUrl>#d2_a2e</styleUrl><Polygon><tessellate>1</tessellate><outerBoundaryIs><LinearRing><coordinates>73.8775073,18.5418667,0 73.8775233,18.5418446,0 73.8775271,18.5418225,0 73.8775186,18.5418004,0 73.8774979,18.5417784,0 73.8774649,18.5417564,0 73.8774350,18.5417484,0 73.8774082,18.5417542,0 73.8773845,18.5417739,0 73.8773639,18.5418075,0 73.8773578,18.5418354,0 73.8773663,18.5418574,0 73.8773893,18.5418737,0 73.8774269,18.5418842,0 73.8774591,18.5418865,0 73.8774859,18.5418806,0 73.8775073,18.5418667,0</coordinates></LinearRing></outerBoundaryIs></Polygon></Placemark>
<Placemark><name>1.7-1.8 m</name><description>Depth class 1.7-1.8 m · area 120 m² · ≈1 fused pixels · fill opacity 18%</description><styleUrl>#d2_a2e</styleUrl><Polygon><tessellate>1</tessellate><outerBoundaryIs><LinearRing><coordinates>73.8980811,18.5414987,0 73.8981028,18.5415145,0 73.8981234,18.5415199,0 73.8981430,18.5415151,0 73.8981616,18.5415000,0 73.8981791,18.5414745,0 73.8981855,18.5414526,0 73.8981808,18.5414343,0 73.8981649,18.5414195,0 73.8981380,18.5414083,0 73.8981147,18.5414051,0 73.8980951,18.5414099,0 73.8980792,18.5414228,0 73.8980670,18.5414437,0 73.8980632,18.5414633,0 73.8980679,18.5414816,0 73.8980811,18.5414987,0</coordinates></LinearRing></outerBoundaryIs></Polygon></Placemark>
</Folder>
<Folder><name>1.8-1.9 m</name>
<Placemark><name>1.8-1.9 m</name><description>Depth class 1.8-1.9 m · area 52,806 m² · ≈528 fused pixels · fill opacity 85%</description><styleUrl>#d3_ad9</styleUrl><Polygon><tessellate>1</tessellate><outerBoundaryIs><LinearRing><coordinates>73.8588691,18.5316936,0 73.8588519,18.5317111,0 73.8588440,18.5317307,0 73.8588453,18.5317523,0 73.8588557,18.5317760,0 73.8588754,18.5318017,0 73.8589028,18.5318187,0 73.8589379,18.5318271,0 73.8589808,18.5318268,0 73.8590314,18.5318177,0 73.8590870,18.5318196,0 73.8591476,18.5318322,0 73.8592131,18.5318557,0 73.8592836,18.5318900,0 73.8593497,18.5319001,0 73.8594114,18.5318860,0 73.8594687,18.5318476,0 73.8595216,18.5317851,0 73.8595748,18.5317366,0 73.8596285,18.5317022,0 73.8596825,18.5316819,0 73.8597369,18.5316756,0 73.8597844,18.5316756,0 73.8598248,18.5316817,0 73.8598583,18.5316940,0 73.8598847,18.5317125,0 73.8599076,18.5317445,0 73.8599269,18.5317900,0 73.8599426,18.5318491,0 73.8599546,18.5319216,0 73.8599766,18.5319759,0 73.8600084,18.5320120,0 73.8600500,18.5320298,0 73.8601016,18.5320294,0 73.8601476,18.5320187,0 73.8601881,18.5319976,0 73.8602230,18.5319660,0 73.8602525,18.5319241,0 73.8602893,18.5318926,0 73.8603335,18.5318715,0 73.8603849,18.5318608,0 73.8604437,18.5318605,0 73.8604934,18.5318655,0 73.8605338,18.5318756,0 73.8605651,18.5318911,0 73.8605873,18.5319118,0 73.8606024,18.5319433,0 73.8606107,18.5319857,0 73.8606120,18.5320389,0 73.8606064,18.5321029,0 73.8606077,18.5321557,0 73.8606161,18.5321973,0 73.8606314,18.5322277,0 73.8606538,18.5322469,0 73.8606832,18.5322505,0 73.8607196,18.5322386,0 73.8607630,18.5322112,0 73.8608134,18.5321682,0 73.8608640,18.5321432,0 73.8609149,18.5321363,0 73.8609660,18.5321474,0 73.8610174,18.5321764,0 73.8610757,18.5322004,0 73.8611410,18.5322192,0 73.8612132,18.5322330,0 73.8612924,18.5322416,0 73.8613714,18.5322744,0 73.8614501,18.5323312,0 73.8615286,18.5324121,0 73.8616069,18.5325171,0 73.8616640,18.5326048,0 73.8617001,18.5326754,0 73.8617150,18.5327288,0 73.8617088,18.5327650,0 73.8616944,18.5327967,0 73.8616718,18.5328240,0 73.8616410,18.5328468,0 73.8616020,18.5328651,0 73.8615727,18.5328870,0 73.8615531,18.5329127,0 73.8615433,18.5329420,0 73.8615431,18.5329750,0 73.8615555,18.5330173,0 73.8615805,18.5330689,0 73.8616181,18.5331297,0 73.8616682,18.5331999,0 73.8617193,18.5332458,0 73.8617714,18.5332675,0 73.8618244,18.5332649,0 73.8618784,18.5332381,0 73.8619258,18.5332199,0 73.8619666,18.5332102,0 73.8620007,18.5332092,0 73.8620283,18.5332167,0 73.8620520,18.5332491,0 73.8620719,18.5333064,0 73.8620881,18.5333885,0 73.8621004,18.5334954,0 73.8621382,18.5335771,0 73.8622016,18.5336335,0 73.8622905,18.5336647,0 73.8624049,18.5336707,0 73.8625330,18.5336905,0 73.8626746,18.5337240,0 73.8628300,18.5337713,0 73.8629989,18.5338324,0 73.8631189,18.5339102,0 73.8631899,18.5340045,0 73.8632119,18.5341154,0 73.8631849,18.5342430,0 73.8631363,18.5343572,0 73.8630661,18.5344579,0 73.8629743,18.5345453,0 73.8628609,18.5346192,0 73.8627805,18.5346849,0 73.8627329,18.5347423,0 73.8627183,18.5347914,0 73.8627366,18.5348322,0 73.8627495,18.5348978,0 73.8627571,18.5349882,0 73.8627593,18.5351034,0 73.8627562,18.5352435,0 73.8627661,18.5353726,0 73.8627892,18.5354908,0 73.8628253,18.5355981,0 73.8628746,18.5356945,0 73.8629333,18.5357875,0 73.8630013,18.5358770,0 73.8630787,18.5359633,0 73.8631655,18.5360461,0 73.8632460,18.5361388,0 73.8633202,18.5362415,0 73.8633881,18.5363542,0 73.8634497,18.5364767,0 73.8635044,18.5365672,0 73.8635522,18.5366256,0 73.8635931,18.5366519,0 73.8636271,18.5366461,0 73.8636569,18.5366259,0 73.8636824,18.5365912,0 73.8637036,18.5365420,0 73.8637206,18.5364784,0 73.8637459,18.5364314,0 73.8637796,18.5364009,0 73.8638217,18.5363871,0 73.8638721,18.5363899,0 73.8639222,18.5363855,0 73.8639722,18.5363737,0 73.8640219,18.5363546,0 73.8640714,18.5363282,0 73.8641097,18.5362887,0 73.8641369,18.5362361,0 73.8641528,18.5361704,0 73.8641576,18.5360915,0 73.8641478,18.5360178,0 73.8641235,18.5359491,0 73.8640846,18.5358855,0 73.8640312,18.5358271,0 73.8639954,18.5357751,0 73.8639771,18.5357298,0 73.8639763,18.5356910,0 73.8639932,18.5356588,0 73.8640148,18.5356308,0 73.8640412,18.5356072,0 73.8640724,18.5355879,0 73.8641084,18.5355729,0 73.8641360,18.5355493,0 73.8641551,18.5355171,0 73.8641658,18.5354763,0 73.8641681,18.5354269,0 73.8641584,18.5353716,0 73.8641368,18.5353105,0 73.8641032,18.5352435,0 73.8640577,18.5351707,0 73.8640224,18.5350993,0 73.8639973,18.5350295,0 73.8639824,18.5349612,0 73.8639776,18.5348944,0 73.8639650,18.5348430,0 73.8639444,18.5348068,0 73.8639159,18.5347860,0 73.8638795,18.5347806,0 73.8638450,18.5347828,0 73.8638123,18.5347928,0 73.8637815,18.5348106,0 73.8637527,18.5348361,0 73.8637363,18.5348779,0 73.8637324,18.5349359,0 73.8637411,18.5350102,0 73.8637622,18.5351008,0 73.8637720,18.5351750,0 73.8637704,18.5352330,0 73.8637574,18.5352746,0 73.8637330,18.5353000,0 73.8636767,18.5352990,0 73.8635884,18.5352718,0 73.8634682,18.5352184,0 73.8633161,18.5351386,0 73.8631959,18.5350702,0 73.8631077,18.5350131,0 73.8630515,18.5349673,0 73.8630272,18.5349329,0 73.8630234,18.5348810,0 73.8630401,18.5348116,0 73.8630774,18.5347249,0 73.8631351,18.5346207,0 73.8631963,18.5345267,0 73.8632609,18.5344428,0 73.8633291,18.5343691,0 73.8634007,18.5343056,0 73.8634605,18.5342372,0 73.8635084,18.5341640,0 73.8635444,18.5340860,0 73.8635686,18.5340032,0 73.8635687,18.5339121,0 73.8635448,18.5338127,0 73.8634968,18.5337051,0 73.8634246,18.5335893,0 73.8633470,18.5334855,0 73.8632637,18.5333938,0 73.8631749,18.5333142,0 73.8630806,18.5332466,0 73.8629926,18.5332010,0 73.8629111,18.5331773,0 73.8628360,18.5331754,0 73.8627674,18.5331955,0 73.8626883,18.5332080,0 73.8625987,18.5332128,0 73.8624987,18.5332100,0 73.8623882,18.5331996,0 73.8623035,18.5331672,0 73.8622445,18.5331128,0 73.8622112,18.5330364,0 73.8622037,18.5329380,0 73.8622083,18.5328524,0 73.8622251,18.5327794,0 73.8622541,18.5327191,0 73.8622953,18.5326716,0 73.8623115,18.5326208,0 73.8623028,18.5325668,0 73.8622690,18.5325095,0 73.8622103,18.5324491,0 73.8621590,18.5323796,0 73.8621153,18.5323011,0 73.8620790,18.5322136,0 73.8620503,18.5321171,0 73.8620175,18.5320336,0 73.8619806,18.5319631,0 73.8619397,18.5319057,0 73.8618947,18.5318612,0 73.8618470,18.5318210,0 73.8617966,18.5317851,0 73.8617436,18.5317534,0 73.8616878,18.5317260,0 73.8616300,18.5317084,0 73.8615701,18.5317004,0 73.8615081,18.5317020,0 73.8614440,18.5317134,0 73.8613830,18.5317183,0 73.8613250,18.5317168,0 73.8612700,18.5317088,0 73.8612180,18.5316943,0 73.8611732,18.5316735,0 73.8611354,18.5316465,0 73.8611048,18.5316133,0 73.8610813,18.5315737,0 73.8610386,18.5315317,0 73.8609768,18.5314872,0 73.8608959,18.5314402,0 73.8607959,18.5313907,0 73.8607023,18.5313535,0 73.8606151,18.5313287,0 73.8605344,18.5313162,0 73.8604600,18.5313161,0 73.8603950,18.5313215,0 73.8603393,18.5313325,0 73.8602929,18.5313490,0 73.8602557,18.5313710,0 73.8601958,18.5313818,0 73.8601129,18.5313813,0 73.8600072,18.5313696,0 73.8598787,18.5313465,0 73.8597720,18.5313440,0 73.8596872,18.5313621,0 73.8596243,18.5314008,0 73.8595832,18.5314601,0 73.8595384,18.5315115,0 73.8594899,18.5315551,0 73.8594376,18.5315909,0 73.8593816,18.5316189,0 73.8593145,18.5316403,0 73.8592361,18.5316551,0 73.8591466,18.5316633,0 73.8590458,18.5316649,0 73.8589660,18.5316705,0 73.8589071,18.5316801,0 73.8588691,18.5316936,0</coordinates></LinearRing></outerBoundaryIs><innerBoundaryIs><LinearRing><coordinates>73.8632638,18.5357467,0 73.8632477,18.5356827,0 73.8632413,18.5356288,0 73.8632447,18.5355849,0 73.8632578,18.5355511,0 73.8632807,18.5355273,0 73.8633127,18.5355105,0 73.8633537,18.5355006,0 73.8634038,18.5354977,0 73.8634629,18.5355019,0 73.8635192,18.5355192,0 73.8635727,18.5355499,0 73.8636233,18.5355938,0 73.8636711,18.5356510,0 73.8637027,18.5357041,0 73.8637179,18.5357532,0 73.8637169,18.5357983,0 73.8636995,18.5358393,0 73.8636777,18.5358756,0 73.8636513,18.5359069,0 73.8636204,18.5359335,0 73.8635850,18.5359552,0 73.8635432,18.5359624,0 73.8634950,18.5359552,0 73.8634404,18.5359334,0 73.8633794,18.5358971,0 73.8633296,18.5358538,0 73.8632911,18.5358037,0 73.8632638,18.5357467,0</coordinates></LinearRing></innerBoundaryIs></Polygon></Placemark>
<Placemark><name>1.8-1.9 m</name><description>Depth class 1.8-1.9 m · area 40,571 m² · ≈406 fused pixels · fill opacity 85%</description><styleUrl>#d3_ad9</styleUrl><Polygon><tessellate>1</tessellate><outerBoundaryIs><LinearRing><coordinates>73.8765068,18.5420911,0 73.8765109,18.5421188,0 73.8765604,18.5421534,0 73.8766555,18.5421950,0 73.8767960,18.5422435,0 73.8769820,18.5422990,0 73.8771234,18.5423501,0 73.8772202,18.5423968,0 73.8772723,18.5424392,0 73.8772798,18.5424772,0 73.8772796,18.5425146,0 73.8772716,18.5425514,0 73.8772558,18.5425875,0 73.8772322,18.5426229,0 73.8772221,18.5426572,0 73.8772256,18.5426904,0 73.8772427,18.5427224,0 73.8772732,18.5427533,0 73.8773051,18.5427755,0 73.8773381,18.5427891,0 73.8773724,18.5427939,0 73.8774079,18.5427901,0 73.8774417,18.5427716,0 73.8774736,18.5427386,0 73.8775037,18.5426909,0 73.8775320,18.5426286,0 73.8775697,18.5425829,0 73.8776169,18.5425539,0 73.8776736,18.5425415,0 73.8777398,18.5425458,0 73.8777914,18.5425630,0 73.8778286,18.5425932,0 73.8778513,18.5426364,0 73.8778595,18.5426926,0 73.8778737,18.5427366,0 73.8778940,18.5427684,0 73.8779204,18.5427880,0 73.8779529,18.5427955,0 73.8779897,18.5427907,0 73.8780310,18.5427737,0 73.8780767,18.5427444,0 73.8781269,18.5427030,0 73.8781834,18.5426655,0 73.8782465,18.5426320,0 73.8783161,18.5426025,0 73.8783921,18.5425769,0 73.8784756,18.5425690,0 73.8785666,18.5425787,0 73.8786652,18.5426061,0 73.8787712,18.5426512,0 73.8788878,18.5426916,0 73.8790149,18.5427272,0 73.8791526,18.5427582,0 73.8793008,18.5427843,0 73.8794164,18.5428094,0 73.8794992,18.5428334,0 73.8795493,18.5428563,0 73.8795666,18.5428780,0 73.8795812,18.5429222,0 73.8795929,18.5429889,0 73.8796017,18.5430781,0 73.8796077,18.5431897,0 73.8796276,18.5432706,0 73.8796614,18.5433209,0 73.8797092,18.5433404,0 73.8797708,18.5433293,0 73.8798354,18.5433295,0 73.8799029,18.5433410,0 73.8799734,18.5433638,0 73.8800469,18.5433979,0 73.8801268,18.5434269,0 73.8802131,18.5434509,0 73.8803058,18.5434697,0 73.8804049,18.5434834,0 73.8804823,18.5434764,0 73.8805381,18.5434486,0 73.8805723,18.5434001,0 73.8805848,18.5433309,0 73.8805866,18.5432690,0 73.8805777,18.5432144,0 73.8805582,18.5431672,0 73.8805279,18.5431273,0 73.8805126,18.5430903,0 73.8805122,18.5430562,0 73.8805269,18.5430250,0 73.8805565,18.5429968,0 73.8805986,18.5429898,0 73.8806529,18.5430042,0 73.8807197,18.5430400,0 73.8807988,18.5430970,0 73.8808767,18.5431457,0 73.8809533,18.5431860,0 73.8810286,18.5432180,0 73.8811026,18.5432417,0 73.8811854,18.5432597,0 73.8812771,18.5432722,0 73.8813776,18.5432790,0 73.8814869,18.5432803,0 73.8815942,18.5432918,0 73.8816995,18.5433136,0 73.8818028,18.5433457,0 73.8819042,18.5433880,0 73.8819901,18.5434133,0 73.8820606,18.5434215,0 73.8821157,18.5434126,0 73.8821553,18.5433866,0 73.8822069,18.5433687,0 73.8822706,18.5433588,0 73.8823462,18.5433571,0 73.8824338,18.5433635,0 73.8825071,18.5433608,0 73.8825661,18.5433491,0 73.8826107,18.5433283,0 73.8826410,18.5432985,0 73.8826518,18.5432620,0 73.8826432,18.5432190,0 73.8826151,18.5431694,0 73.8825675,18.5431131,0 73.8825191,18.5430646,0 73.8824696,18.5430238,0 73.8824193,18.5429908,0 73.8823680,18.5429655,0 73.8823062,18.5429457,0 73.8822340,18.5429316,0 73.8821513,18.5429231,0 73.8820582,18.5429201,0 73.8819522,18.5429012,0 73.8818332,18.5428664,0 73.8817012,18.5428155,0 73.8815564,18.5427487,0 73.8813840,18.5426979,0 73.8811843,18.5426632,0 73.8809570,18.5426444,0 73.8807023,18.5426417,0 73.8804567,18.5426170,0 73.8802201,18.5425705,0 73.8799926,18.5425019,0 73.8797743,18.5424115,0 73.8795764,18.5423432,0 73.8793990,18.5422969,0 73.8792422,18.5422728,0 73.8791060,18.5422708,0 73.8789960,18.5422638,0 73.8789123,18.5422518,0 73.8788550,18.5422348,0 73.8788240,18.5422128,0 73.8787836,18.5421957,0 73.8787337,18.5421834,0 73.8786744,18.5421759,0 73.8786057,18.5421732,0 73.8785358,18.5421604,0 73.8784649,18.5421374,0 73.8783929,18.5421042,0 73.8783199,18.5420608,0 73.8781907,18.5420221,0 73.8780053,18.5419880,0 73.8777639,18.5419586,0 73.8774662,18.5419338,0 73.8772279,18.5419094,0 73.8770488,18.5418856,0 73.8769290,18.5418623,0 73.8768685,18.5418395,0 73.8768058,18.5418377,0 73.8767409,18.5418568,0 73.8766738,18.5418969,0 73.8766045,18.5419580,0 73.8765536,18.5420107,0 73.8765210,18.5420551,0 73.8765068,18.5420911,0</coordinates></LinearRing></outerBoundaryIs></Polygon></Placemark>
<Placemark><name>1.8-1.9 m</name><description>Depth class 1.8-1.9 m · area 31,513 m² · ≈315 fused pixels · fill opacity 85%</description><styleUrl>#d3_ad9</styleUrl><Polygon><tessellate>1</tessellate><outerBoundaryIs><LinearRing><coordinates>73.9157033,18.5398549,0 73.9156935,18.5399770,0 73.9156900,18.5400726,0 73.9156927,18.5401418,0 73.9157018,18.5401846,0 73.9157170,18.5402009,0 73.9158063,18.5402019,0 73.9159694,18.5401878,0 73.9162065,18.5401585,0 73.9165175,18.5401139,0 73.9167578,18.5400739,0 73.9169273,18.5400384,0 73.9170261,18.5400074,0 73.9170541,18.5399810,0 73.9170768,18.5399484,0 73.9170942,18.5399095,0 73.9171063,18.5398644,0 73.9171131,18.5398131,0 73.9171271,18.5397701,0 73.9171484,18.5397355,0 73.9171769,18.5397093,0 73.9172127,18.5396914,0 73.9172459,18.5396811,0 73.9172766,18.5396784,0 73.9173047,18.5396833,0 73.9173302,18.5396957,0 73.9173520,18.5397140,0 73.9173701,18.5397383,0 73.9173845,18.5397686,0 73.9173951,18.5398047,0 73.9174154,18.5398384,0 73.9174453,18.5398695,0 73.9174850,18.5398982,0 73.9175343,18.5399244,0 73.9175814,18.5399386,0 73.9176263,18.5399408,0 73.9176691,18.5399310,0 73.9177097,18.5399092,0 73.9177683,18.5398929,0 73.9178447,18.5398822,0 73.9179391,18.5398771,0 73.9180513,18.5398776,0 73.9181447,18.5398836,0 73.9182193,18.5398951,0 73.9182749,18.5399121,0 73.9183117,18.5399346,0 73.9183587,18.5399515,0 73.9184159,18.5399630,0 73.9184833,18.5399690,0 73.9185610,18.5399694,0 73.9186448,18.5399588,0 73.9187347,18.5399372,0 73.9188307,18.5399045,0 73.9189329,18.5398608,0 73.9190432,18.5398280,0 73.9191618,18.5398061,0 73.9192886,18.5397951,0 73.9194236,18.5397950,0 73.9195369,18.5397887,0 73.9196287,18.5397763,0 73.9196988,18.5397577,0 73.9197473,18.5397329,0 73.9197853,18.5397051,0 73.9198128,18.5396741,0 73.9198298,18.5396400,0 73.9198363,18.5396029,0 73.9198248,18.5395591,0 73.9197952,18.5395087,0 73.9197476,18.5394517,0 73.9196819,18.5393880,0 73.9196311,18.5393297,0 73.9195952,18.5392767,0 73.9195741,18.5392290,0 73.9195679,18.5391865,0 73.9195873,18.5391518,0 73.9196322,18.5391246,0 73.9197026,18.5391051,0 73.9197986,18.5390933,0 73.9198786,18.5390898,0 73.9199426,18.5390949,0 73.9199906,18.5391083,0 73.9200226,18.5391303,0 73.9200597,18.5391468,0 73.9201017,18.5391579,0 73.9201488,18.5391636,0 73.9202009,18.5391639,0 73.9202430,18.5391494,0 73.9202751,18.5391201,0 73.9202972,18.5390761,0 73.9203093,18.5390172,0 73.9203088,18.5389597,0 73.9202957,18.5389035,0 73.9202700,18.5388487,0 73.9202316,18.5387952,0 73.9201377,18.5387605,0 73.9199883,18.5387444,0 73.9197835,18.5387471,0 73.9195232,18.5387684,0 73.9193200,18.5387920,0 73.9191739,18.5388177,0 73.9190849,18.5388457,0 73.9190530,18.5388760,0 73.9190354,18.5389104,0 73.9190321,18.5389491,0 73.9190431,18.5389920,0 73.9190684,18.5390392,0 73.9190818,18.5390830,0 73.9190834,18.5391235,0 73.9190730,18.5391607,0 73.9190508,18.5391945,0 73.9189513,18.5392197,0 73.9187747,18.5392363,0 73.9185208,18.5392443,0 73.9181897,18.5392437,0 73.9179315,18.5392394,0 73.9177461,18.5392314,0 73.9176337,18.5392197,0 73.9175941,18.5392044,0 73.9175524,18.5392067,0 73.9175085,18.5392266,0 73.9174625,18.5392641,0 73.9174143,18.5393192,0 73.9173643,18.5393621,0 73.9173125,18.5393929,0 73.9172589,18.5394116,0 73.9172035,18.5394181,0 73.9171508,18.5394332,0 73.9171008,18.5394569,0 73.9170534,18.5394891,0 73.9170088,18.5395298,0 73.9169517,18.5395615,0 73.9168823,18.5395841,0 73.9168006,18.5395976,0 73.9167065,18.5396021,0 73.9166331,18.5396181,0 73.9165804,18.5396456,0 73.9165484,18.5396847,0 73.9165371,18.5397353,0 73.9165231,18.5397768,0 73.9165063,18.5398091,0 73.9164867,18.5398323,0 73.9164643,18.5398464,0 73.9164110,18.5398401,0 73.9163266,18.5398133,0 73.9162111,18.5397661,0 73.9160647,18.5396986,0 73.9159469,18.5396525,0 73.9158578,18.5396281,0 73.9157974,18.5396251,0 73.9157656,18.5396438,0 73.9157394,18.5396882,0 73.9157186,18.5397586,0 73.9157033,18.5398549,0</coordinates></LinearRing></outerBoundaryIs></Polygon></Placemark>
<Placemark><name>1.8-1.9 m</name><description>Depth class 1.8-1.9 m · area 15,684 m² · ≈157 fused pixels · fill opacity 85%</description><styleUrl>#d3_ad9</styleUrl><Polygon><tessellate>1</tessellate><outerBoundaryIs><LinearRing><coordinates>73.8997176,18.5414333,0 73.8996557,18.5415761,0 73.8996130,18.5416869,0 73.8995897,18.5417656,0 73.8995856,18.5418124,0 73.8996008,18.5418270,0 73.8996413,18.5418382,0 73.8997072,18.5418459,0 73.8997984,18.5418501,0 73.8999149,18.5418508,0 73.9000156,18.5418457,0 73.9001003,18.5418350,0 73.9001692,18.5418185,0 73.9002222,18.5417963,0 73.9002783,18.5417854,0 73.9003375,18.5417857,0 73.9003998,18.5417973,0 73.9004653,18.5418202,0 73.9005218,18.5418321,0 73.9005694,18.5418330,0 73.9006081,18.5418230,0 73.9006379,18.5418019,0 73.9006758,18.5417852,0 73.9007217,18.5417730,0 73.9007757,18.5417652,0 73.9008377,18.5417619,0 73.9009023,18.5417657,0 73.9009694,18.5417768,0 73.9010390,18.5417950,0 73.9011111,18.5418204,0 73.9011856,18.5418340,0 73.9012624,18.5418358,0 73.9013416,18.5418257,0 73.9014233,18.5418037,0 73.9014945,18.5417928,0 73.9015554,18.5417929,0 73.9016060,18.5418041,0 73.9016461,18.5418264,0 73.9016885,18.5418242,0 73.9017330,18.5417978,0 73.9017796,18.5417470,0 73.9018284,18.5416719,0 73.9018508,18.5416093,0 73.9018469,18.5415594,0 73.9018165,18.5415220,0 73.9017598,18.5414973,0 73.9017163,18.5414684,0 73.9016859,18.5414355,0 73.9016687,18.5413985,0 73.9016647,18.5413574,0 73.9016829,18.5413177,0 73.9017234,18.5412794,0 73.9017861,18.5412425,0 73.9018710,18.5412071,0 73.9019236,18.5411686,0 73.9019437,18.5411271,0 73.9019314,18.5410825,0 73.9018867,18.5410349,0 73.9018326,18.5409989,0 73.9017691,18.5409746,0 73.9016962,18.5409619,0 73.9016139,18.5409609,0 73.9015335,18.5409714,0 73.9014552,18.5409935,0 73.9013788,18.5410271,0 73.9013043,18.5410723,0 73.9012469,18.5411205,0 73.9012064,18.5411716,0 73.9011829,18.5412256,0 73.9011764,18.5412827,0 73.9011654,18.5413295,0 73.9011500,18.5413662,0 73.9011301,18.5413927,0 73.9011057,18.5414090,0 73.9010783,18.5414174,0 73.9010478,18.5414180,0 73.9010143,18.5414107,0 73.9009777,18.5413956,0 73.9009403,18.5413693,0 73.9009021,18.5413319,0 73.9008631,18.5412834,0 73.9008233,18.5412238,0 73.9007339,18.5411844,0 73.9005948,18.5411652,0 73.9004062,18.5411662,0 73.9001679,18.5411874,0 73.8999737,18.5412390,0 73.8998236,18.5413210,0 73.8997176,18.5414333,0</coordinates></LinearRing></outerBoundaryIs></Polygon></Placemark>
<Placemark><name>1.8-1.9 m</name><description>Depth class 1.8-1.9 m · area 15,404 m² · ≈154 fused pixels · fill opacity 85%</description><styleUrl>#d3_ad9</styleUrl><Polygon><tessellate>1</tessellate><outerBoundaryIs><LinearRing><coordinates>73.9524417,18.5457791,0 73.9524067,18.5458356,0 73.9523910,18.5458849,0 73.9523946,18.5459269,0 73.9524176,18.5459615,0 73.9524600,18.5459889,0 73.9524874,18.5460256,0 73.9524997,18.5460715,0 73.9524971,18.5461267,0 73.9524794,18.5461911,0 73.9525000,18.5462413,0 73.9525589,18.5462772,0 73.9526560,18.5462989,0 73.9527913,18.5463064,0 73.9529057,18.5463282,0 73.9529990,18.5463644,0 73.9530713,18.5464149,0 73.9531226,18.5464798,0 73.9532274,18.5465265,0 73.9533858,18.5465551,0 73.9535977,18.5465655,0 73.9538631,18.5465578,0 73.9540499,18.5465266,0 73.9541581,18.5464720,0 73.9541878,18.5463939,0 73.9541388,18.5462923,0 73.9540453,18.5462097,0 73.9539072,18.5461461,0 73.9537246,18.5461015,0 73.9534973,18.5460759,0 73.9533188,18.5460512,0 73.9531889,18.5460273,0 73.9531078,18.5460043,0 73.9530753,18.5459822,0 73.9530412,18.5459711,0 73.9530055,18.5459711,0 73.9529681,18.5459821,0 73.9529292,18.5460042,0 73.9528877,18.5460175,0 73.9528436,18.5460219,0 73.9527970,18.5460176,0 73.9527478,18.5460044,0 73.9527177,18.5459788,0 73.9527066,18.5459408,0 73.9527146,18.5458904,0 73.9527417,18.5458275,0 73.9527630,18.5457578,0 73.9527787,18.5456812,0 73.9527886,18.5455978,0 73.9527929,18.5455075,0 73.9528296,18.5454252,0 73.9528987,18.5453510,0 73.9530002,18.5452848,0 73.9531342,18.5452266,0 73.9532288,18.5451718,0 73.9532840,18.5451203,0 73.9532998,18.5450723,0 73.9532762,18.5450276,0 73.9532215,18.5449823,0 73.9531356,18.5449364,0 73.9530186,18.5448898,0 73.9528704,18.5448425,0 73.9527278,18.5448182,0 73.9525908,18.5448168,0 73.9524595,18.5448383,0 73.9523337,18.5448827,0 73.9522388,18.5449255,0 73.9521748,18.5449667,0 73.9521416,18.5450063,0 73.9521392,18.5450443,0 73.9521465,18.5450766,0 73.9521633,18.5451033,0 73.9521898,18.5451244,0 73.9522259,18.5451398,0 73.9522664,18.5451711,0 73.9523115,18.5452184,0 73.9523611,18.5452817,0 73.9524151,18.5453609,0 73.9524556,18.5454337,0 73.9524824,18.5455002,0 73.9524955,18.5455602,0 73.9524950,18.5456138,0 73.9524859,18.5456681,0 73.9524682,18.5457232,0 73.9524417,18.5457791,0</coordinates></LinearRing></outerBoundaryIs></Polygon></Placemark>
<Placemark><name>1.8-1.9 m</name><description>Depth class 1.8-1.9 m · area 14,249 m² · ≈142 fused pixels · fill opacity 85%</description><styleUrl>#d3_ad9</styleUrl><Polygon><tessellate>1</tessellate><outerBoundaryIs><LinearRing><coordinates>73.8942282,18.5434439,0 73.8942396,18.5435049,0 73.8942568,18.5435525,0 73.8942796,18.5435867,0 73.8943082,18.5436075,0 73.8943424,18.5436149,0 73.8943763,18.5436150,0 73.8944097,18.5436078,0 73.8944427,18.5435933,0 73.8944753,18.5435715,0 73.8945224,18.5435549,0 73.8945841,18.5435434,0 73.8946602,18.5435370,0 73.8947510,18.5435357,0 73.8948312,18.5435241,0 73.8949010,18.5435023,0 73.8949604,18.5434702,0 73.8950093,18.5434278,0 73.8950744,18.5433958,0 73.8951559,18.5433741,0 73.8952537,18.5433629,0 73.8953678,18.5433620,0 73.8954668,18.5433551,0 73.8955507,18.5433423,0 73.8956194,18.5433236,0 73.8956730,18.5432989,0 73.8957179,18.5432744,0 73.8957540,18.5432500,0 73.8957814,18.5432256,0 73.8958000,18.5432014,0 73.8958106,18.5431787,0 73.8958132,18.5431577,0 73.8958078,18.5431382,0 73.8957943,18.5431202,0 73.8957654,18.5431122,0 73.8957212,18.5431141,0 73.8956615,18.5431259,0 73.8955865,18.5431475,0 73.8955154,18.5431623,0 73.8954484,18.5431702,0 73.8953853,18.5431711,0 73.8953261,18.5431651,0 73.8952738,18.5431522,0 73.8952283,18.5431324,0 73.8951896,18.5431057,0 73.8951577,18.5430720,0 73.8951335,18.5430338,0 73.8951170,18.5429910,0 73.8951081,18.5429437,0 73.8951070,18.5428918,0 73.8951132,18.5428475,0 73.8951269,18.5428108,0 73.8951479,18.5427816,0 73.8951763,18.5427599,0 73.8952181,18.5427487,0 73.8952732,18.5427480,0 73.8953418,18.5427579,0 73.8954236,18.5427782,0 73.8954809,18.5427628,0 73.8955136,18.5427117,0 73.8955218,18.5426248,0 73.8955053,18.5425023,0 73.8955062,18.5424049,0 73.8955244,18.5423327,0 73.8955600,18.5422856,0 73.8956128,18.5422638,0 73.8956670,18.5422560,0 73.8957224,18.5422622,0 73.8957792,18.5422825,0 73.8958372,18.5423168,0 73.8958865,18.5423333,0 73.8959269,18.5423319,0 73.8959584,18.5423126,0 73.8959812,18.5422754,0 73.8959738,18.5422343,0 73.8959361,18.5421891,0 73.8958683,18.5421400,0 73.8957703,18.5420868,0 73.8956887,18.5420524,0 73.8956233,18.5420367,0 73.8955742,18.5420397,0 73.8955415,18.5420615,0 73.8954994,18.5420785,0 73.8954480,18.5420908,0 73.8953873,18.5420984,0 73.8953174,18.5421014,0 73.8952532,18.5421194,0 73.8951948,18.5421527,0 73.8951422,18.5422011,0 73.8950954,18.5422647,0 73.8950218,18.5423131,0 73.8949213,18.5423463,0 73.8947941,18.5423645,0 73.8946400,18.5423674,0 73.8945265,18.5423796,0 73.8944537,18.5424010,0 73.8944216,18.5424315,0 73.8944301,18.5424712,0 73.8944520,18.5425094,0 73.8944873,18.5425458,0 73.8945360,18.5425807,0 73.8945981,18.5426139,0 73.8946498,18.5426493,0 73.8946911,18.5426868,0 73.8947220,18.5427265,0 73.8947426,18.5427684,0 73.8947228,18.5428324,0 73.8946628,18.5429184,0 73.8945625,18.5430266,0 73.8944219,18.5431569,0 73.8943193,18.5432699,0 73.8942548,18.5433656,0 73.8942282,18.5434439,0</coordinates></LinearRing></outerBoundaryIs></Polygon></Placemark>
<Placemark><name>1.8-1.9 m</name><description>Depth class 1.8-1.9 m · area 12,052 m² · ≈121 fused pixels · fill opacity 85%</description><styleUrl>#d3_ad9</styleUrl><Polygon><tessellate>1</tessellate><outerBoundaryIs><LinearRing><coordinates>73.8699576,18.5393474,0 73.8699659,18.5394102,0 73.8699957,18.5394589,0 73.8700469,18.5394936,0 73.8701196,18.5395143,0 73.8702138,18.5395209,0 73.8703032,18.5395441,0 73.8703878,18.5395836,0 73.8704676,18.5396396,0 73.8705426,18.5397121,0 73.8706008,18.5397799,0 73.8706421,18.5398431,0 73.8706667,18.5399018,0 73.8706744,18.5399558,0 73.8706881,18.5400029,0 73.8707079,18.5400432,0 73.8707337,18.5400766,0 73.8707655,18.5401031,0 73.8708036,18.5401215,0 73.8708480,18.5401320,0 73.8708986,18.5401345,0 73.8709555,18.5401290,0 73.8709996,18.5401084,0 73.8710308,18.5400727,0 73.8710493,18.5400220,0 73.8710549,18.5399562,0 73.8710677,18.5398978,0 73.8710877,18.5398469,0 73.8711148,18.5398034,0 73.8711491,18.5397673,0 73.8712057,18.5397296,0 73.8712844,18.5396902,0 73.8713853,18.5396490,0 73.8715084,18.5396063,0 73.8715905,18.5395621,0 73.8716317,18.5395165,0 73.8716320,18.5394696,0 73.8715914,18.5394213,0 73.8715464,18.5393785,0 73.8714973,18.5393411,0 73.8714438,18.5393092,0 73.8713861,18.5392827,0 73.8713343,18.5392692,0 73.8712885,18.5392686,0 73.8712486,18.5392810,0 73.8712146,18.5393063,0 73.8711862,18.5393358,0 73.8711636,18.5393695,0 73.8711465,18.5394074,0 73.8711352,18.5394494,0 73.8711183,18.5394817,0 73.8710957,18.5395042,0 73.8710676,18.5395169,0 73.8710339,18.5395199,0 73.8710044,18.5395159,0 73.8709791,18.5395051,0 73.8709580,18.5394874,0 73.8709410,18.5394629,0 73.8709306,18.5394230,0 73.8709268,18.5393679,0 73.8709296,18.5392975,0 73.8709389,18.5392118,0 73.8709312,18.5391441,0 73.8709066,18.5390944,0 73.8708649,18.5390627,0 73.8708063,18.5390489,0 73.8707525,18.5390185,0 73.8707036,18.5389714,0 73.8706595,18.5389077,0 73.8706203,18.5388273,0 73.8705739,18.5387628,0 73.8705203,18.5387143,0 73.8704595,18.5386816,0 73.8703914,18.5386649,0 73.8703360,18.5386560,0 73.8702933,18.5386549,0 73.8702633,18.5386616,0 73.8702460,18.5386762,0 73.8702335,18.5387168,0 73.8702259,18.5387836,0 73.8702231,18.5388766,0 73.8702252,18.5389957,0 73.8702091,18.5390899,0 73.8701747,18.5391593,0 73.8701221,18.5392039,0 73.8700513,18.5392237,0 73.8700003,18.5392542,0 73.8699691,18.5392954,0 73.8699576,18.5393474,0</coordinates></LinearRing></outerBoundaryIs></Polygon></Placemark>
<Placemark><name>1.8-1.9 m</name><description>Depth class 1.8-1.9 m · area 10,718 m² · ≈107 fused pixels · fill opacity 85%</description><styleUrl>#d3_ad9</styleUrl><Polygon><tessellate>1</tessellate><outerBoundaryIs><LinearRing><coordinates>73.9218196,18.5394653,0 73.9218302,18.5394942,0 73.9218598,18.5395159,0 73.9219084,18.5395302,0 73.9219759,18.5395373,0 73.9220624,18.5395371,0 73.9221494,18.5395254,0 73.9222370,18.5395021,0 73.9223252,18.5394672,0 73.9224140,18.5394207,0 73.9225206,18.5393921,0 73.9226452,18.5393812,0 73.9227877,18.5393882,0 73.9229481,18.5394129,0 73.9230706,18.5394257,0 73.9231551,18.5394268,0 73.9232017,18.5394159,0 73.9232103,18.5393933,0 73.9232059,18.5393656,0 73.9231884,18.5393330,0 73.9231578,18.5392954,0 73.9231142,18.5392529,0 73.9230845,18.5392120,0 73.9230688,18.5391727,0 73.9230670,18.5391350,0 73.9230792,18.5390990,0 73.9231042,18.5390687,0 73.9231419,18.5390442,0 73.9231923,18.5390255,0 73.9232554,18.5390125,0 73.9233195,18.5389871,0 73.9233846,18.5389494,0 73.9234507,18.5388994,0 73.9235177,18.5388370,0 73.9235852,18.5387892,0 73.9236532,18.5387561,0 73.9237218,18.5387377,0 73.9237907,18.5387339,0 73.9238445,18.5387228,0 73.9238829,18.5387043,0 73.9239061,18.5386785,0 73.9239140,18.5386454,0 73.9238869,18.5386179,0 73.9238248,18.5385960,0 73.9237276,18.5385799,0 73.9235954,18.5385694,0 73.9234886,18.5385669,0 73.9234070,18.5385724,0 73.9233507,18.5385859,0 73.9233198,18.5386075,0 73.9232688,18.5386237,0 73.9231976,18.5386346,0 73.9231064,18.5386401,0 73.9229951,18.5386404,0 73.9228927,18.5386514,0 73.9227993,18.5386731,0 73.9227147,18.5387055,0 73.9226390,18.5387487,0 73.9225648,18.5387816,0 73.9224921,18.5388042,0 73.9224208,18.5388166,0 73.9223510,18.5388187,0 73.9222872,18.5388324,0 73.9222296,18.5388577,0 73.9221780,18.5388946,0 73.9221325,18.5389431,0 73.9221077,18.5389879,0 73.9221036,18.5390291,0 73.9221202,18.5390665,0 73.9221575,18.5391003,0 73.9221846,18.5391360,0 73.9222015,18.5391736,0 73.9222082,18.5392130,0 73.9222047,18.5392544,0 73.9221773,18.5392920,0 73.9221260,18.5393259,0 73.9220509,18.5393560,0 73.9219520,18.5393824,0 73.9218805,18.5394094,0 73.9218363,18.5394370,0 73.9218196,18.5394653,0</coordinates></LinearRing></outerBoundaryIs></Polygon></Placemark>
<Placemark><name>1.8-1.9 m</name><description>Depth class 1.8-1.9 m · area 9,438 m² · ≈94 fused pixels · fill opacity 72%</description><styleUrl>#d3_ab8</styleUrl><Polygon><tessellate>1</tessellate><outerBoundaryIs><LinearRing><coordinates>73.9060674,18.5415648,0 73.9061078,18.5416216,0 73.9061510,18.5416635,0 73.9061969,18.5416907,0 73.9062456,18.5417030,0 73.9062971,18.5417006,0 73.9063441,18.5416848,0 73.9063866,18.5416556,0 73.9064246,18.5416132,0 73.9064581,18.5415573,0 73.9064953,18.5415071,0 73.9065362,18.5414624,0 73.9065808,18.5414233,0 73.9066291,18.5413898,0 73.9066833,18.5413765,0 73.9067434,18.5413835,0 73.9068093,18.5414108,0 73.9068810,18.5414582,0 73.9069516,18.5414884,0 73.9070211,18.5415012,0 73.9070895,18.5414966,0 73.9071568,18.5414747,0 73.9072280,18.5414639,0 73.9073030,18.5414641,0 73.9073819,18.5414754,0 73.9074647,18.5414978,0 73.9075403,18.5415019,0 73.9076088,18.5414876,0 73.9076700,18.5414550,0 73.9077240,18.5414041,0 73.9077646,18.5413411,0 73.9077920,18.5412659,0 73.9078059,18.5411785,0 73.9078066,18.5410790,0 73.9077996,18.5409972,0 73.9077850,18.5409331,0 73.9077628,18.5408866,0 73.9077330,18.5408578,0 73.9076905,18.5408361,0 73.9076352,18.5408214,0 73.9075673,18.5408139,0 73.9074866,18.5408134,0 73.9074149,18.5408233,0 73.9073520,18.5408434,0 73.9072979,18.5408739,0 73.9072528,18.5409147,0 73.9071882,18.5409519,0 73.9071043,18.5409856,0 73.9070011,18.5410157,0 73.9068784,18.5410422,0 73.9067742,18.5410728,0 73.9066885,18.5411073,0 73.9066211,18.5411457,0 73.9065722,18.5411881,0 73.9065072,18.5412205,0 73.9064259,18.5412430,0 73.9063284,18.5412555,0 73.9062148,18.5412580,0 73.9061272,18.5412735,0 73.9060657,18.5413020,0 73.9060303,18.5413435,0 73.9060209,18.5413980,0 73.9060240,18.5414530,0 73.9060395,18.5415086,0 73.9060674,18.5415648,0</coordinates></LinearRing></outerBoundaryIs></Polygon></Placemark>
<Placemark><name>1.8-1.9 m</name><description>Depth class 1.8-1.9 m · area 9,017 m² · ≈90 fused pixels · fill opacity 72%</description><styleUrl>#d3_ab8</styleUrl><Polygon><tessellate>1</tessellate><outerBoundaryIs><LinearRing><coordinates>73.8739611,18.5412943,0 73.8739404,18.5414198,0 73.8739435,18.5415252,0 73.8739702,18.5416106,0 73.8740206,18.5416758,0 73.8740947,18.5417210,0 73.8741581,18.5417543,0 73.8742108,18.5417757,0 73.8742528,18.5417853,0 73.8742841,18.5417831,0 73.8743159,18.5417709,0 73.8743483,18.5417487,0 73.8743813,18.5417166,0 73.8744148,18.5416745,0 73.8744633,18.5416432,0 73.8745270,18.5416226,0 73.8746057,18.5416128,0 73.8746996,18.5416137,0 73.8747837,18.5416207,0 73.8748580,18.5416339,0 73.8749226,18.5416532,0 73.8749774,18.5416786,0 73.8750240,18.5417069,0 73.8750624,18.5417380,0 73.8750926,18.5417720,0 73.8751146,18.5418088,0 73.8751267,18.5418467,0 73.8751291,18.5418857,0 73.8751215,18.5419258,0 73.8751042,18.5419669,0 73.8751021,18.5420058,0 73.8751151,18.5420424,0 73.8751434,18.5420769,0 73.8751870,18.5421091,0 73.8752252,18.5421301,0 73.8752582,18.5421399,0 73.8752860,18.5421385,0 73.8753084,18.5421259,0 73.8753213,18.5421074,0 73.8753246,18.5420831,0 73.8753184,18.5420528,0 73.8753025,18.5420167,0 73.8752938,18.5419819,0 73.8752923,18.5419484,0 73.8752980,18.5419162,0 73.8753109,18.5418854,0 73.8753361,18.5418592,0 73.8753734,18.5418377,0 73.8754229,18.5418209,0 73.8754847,18.5418088,0 73.8755361,18.5417934,0 73.8755772,18.5417749,0 73.8756079,18.5417530,0 73.8756283,18.5417280,0 73.8756029,18.5416765,0 73.8755315,18.5415985,0 73.8754143,18.5414942,0 73.8752513,18.5413634,0 73.8751204,18.5412656,0 73.8750217,18.5412008,0 73.8749552,18.5411691,0 73.8749208,18.5411704,0 73.8748887,18.5411814,0 73.8748589,18.5412022,0 73.8748312,18.5412326,0 73.8748058,18.5412728,0 73.8747738,18.5413034,0 73.8747352,18.5413243,0 73.8746899,18.5413356,0 73.8746380,18.5413372,0 73.8745725,18.5413214,0 73.8744935,18.5412881,0 73.8744008,18.5412374,0 73.8742946,18.5411692,0 73.8742060,18.5411205,0 73.8741349,18.5410913,0 73.8740815,18.5410816,0 73.8740457,18.5410913,0 73.8740137,18.5411300,0 73.8739855,18.5411977,0 73.8739611,18.5412943,0</coordinates></LinearRing></outerBoundaryIs></Polygon></Placemark>
<Placemark><name>1.8-1.9 m</name><description>Depth class 1.8-1.9 m · area 8,955 m² · ≈90 fused pixels · fill opacity 72%</description><styleUrl>#d3_ab8</styleUrl><Polygon><tessellate>1</tessellate><outerBoundaryIs><LinearRing><coordinates>73.9630108,18.5451956,0 73.9629944,18.5452563,0 73.9629894,18.5453031,0 73.9629956,18.5453361,0 73.9630131,18.5453553,0 73.9630420,18.5453606,0 73.9630762,18.5453578,0 73.9631160,18.5453466,0 73.9631611,18.5453273,0 73.9632117,18.5452997,0 73.9632552,18.5452641,0 73.9632914,18.5452205,0 73.9633203,18.5451689,0 73.9633421,18.5451093,0 73.9633993,18.5450642,0 73.9634918,18.5450336,0 73.9636197,18.5450176,0 73.9637830,18.5450161,0 73.9639597,18.5449981,0 73.9641497,18.5449636,0 73.9643532,18.5449126,0 73.9645701,18.5448451,0 73.9647563,18.5447827,0 73.9649118,18.5447254,0 73.9650366,18.5446732,0 73.9651308,18.5446260,0 73.9652071,18.5445742,0 73.9652655,18.5445177,0 73.9653061,18.5444565,0 73.9653287,18.5443906,0 73.9653585,18.5443413,0 73.9653954,18.5443085,0 73.9654394,18.5442923,0 73.9654906,18.5442926,0 73.9655337,18.5442846,0 73.9655687,18.5442683,0 73.9655958,18.5442436,0 73.9656148,18.5442106,0 73.9656156,18.5441834,0 73.9655983,18.5441618,0 73.9655628,18.5441459,0 73.9655091,18.5441356,0 73.9654322,18.5441443,0 73.9653319,18.5441719,0 73.9652084,18.5442184,0 73.9650615,18.5442838,0 73.9649339,18.5443334,0 73.9648256,18.5443671,0 73.9647365,18.5443851,0 73.9646667,18.5443872,0 73.9646034,18.5443989,0 73.9645467,18.5444200,0 73.9644966,18.5444508,0 73.9644530,18.5444910,0 73.9643834,18.5445385,0 73.9642877,18.5445932,0 73.9641659,18.5446551,0 73.9640181,18.5447243,0 73.9638779,18.5447766,0 73.9637454,18.5448121,0 73.9636206,18.5448308,0 73.9635034,18.5448327,0 73.9633972,18.5448509,0 73.9633021,18.5448854,0 73.9632180,18.5449364,0 73.9631449,18.5450036,0 73.9630860,18.5450693,0 73.9630413,18.5451332,0 73.9630108,18.5451956,0</coordinates></LinearRing></outerBoundaryIs></Polygon></Placemark>
<Placemark><name>1.8-1.9 m</name><description>Depth class 1.8-1.9 m · area 7,988 m² · ≈80 fused pixels · fill opacity 72%</description><styleUrl>#d3_ab8</styleUrl><Polygon><tessellate>1</tessellate><outerBoundaryIs><LinearRing><coordinates>73.9087555,18.5410437,0 73.9087258,18.5411305,0 73.9087150,18.5412070,0 73.9087231,18.5412732,0 73.9087502,18.5413292,0 73.9087962,18.5413749,0 73.9088563,18.5414098,0 73.9089305,18.5414339,0 73.9090189,18.5414473,0 73.9091213,18.5414498,0 73.9092173,18.5414354,0 73.9093068,18.5414041,0 73.9093898,18.5413559,0 73.9094663,18.5412908,0 73.9095555,18.5412416,0 73.9096571,18.5412083,0 73.9097714,18.5411908,0 73.9098982,18.5411893,0 73.9099970,18.5411838,0 73.9100677,18.5411743,0 73.9101102,18.5411609,0 73.9101248,18.5411436,0 73.9101260,18.5411182,0 73.9101139,18.5410847,0 73.9100885,18.5410432,0 73.9100497,18.5409937,0 73.9100243,18.5409419,0 73.9100123,18.5408877,0 73.9100135,18.5408313,0 73.9100281,18.5407725,0 73.9100323,18.5407259,0 73.9100264,18.5406915,0 73.9100102,18.5406692,0 73.9099837,18.5406592,0 73.9099552,18.5406571,0 73.9099249,18.5406630,0 73.9098926,18.5406768,0 73.9098583,18.5406986,0 73.9098045,18.5407151,0 73.9097309,18.5407264,0 73.9096378,18.5407323,0 73.9095249,18.5407329,0 73.9094270,18.5407443,0 73.9093440,18.5407664,0 73.9092758,18.5407993,0 73.9092226,18.5408429,0 73.9091612,18.5408759,0 73.9090917,18.5408983,0 73.9090142,18.5409102,0 73.9089285,18.5409116,0 73.9088569,18.5409342,0 73.9087992,18.5409783,0 73.9087555,18.5410437,0</coordinates></LinearRing></outerBoundaryIs></Polygon></Placemark>
<Placemark><name>1.8-1.9 m</name><description>Depth class 1.8-1.9 m · area 7,805 m² · ≈78 fused pixels · fill opacity 72%</description><styleUrl>#d3_ab8</styleUrl><Polygon><tessellate>1</tessellate><outerBoundaryIs><LinearRing><coordinates>73.9602947,18.5456458,0 73.9602869,18.5456663,0 73.9602875,18.5456882,0 73.9602965,18.5457114,0 73.9603139,18.5457360,0 73.9603398,18.5457619,0 73.9603711,18.5457789,0 73.9604079,18.5457870,0 73.9604502,18.5457862,0 73.9604979,18.5457766,0 73.9605497,18.5457773,0 73.9606057,18.5457883,0 73.9606658,18.5458098,0 73.9607301,18.5458415,0 73.9607905,18.5458535,0 73.9608470,18.5458458,0 73.9608996,18.5458184,0 73.9609483,18.5457713,0 73.9609874,18.5457167,0 73.9610168,18.5456546,0 73.9610366,18.5455849,0 73.9610467,18.5455078,0 73.9610753,18.5454417,0 73.9611224,18.5453868,0 73.9611879,18.5453429,0 73.9612720,18.5453100,0 73.9613506,18.5452705,0 73.9614236,18.5452242,0 73.9614911,18.5451711,0 73.9615531,18.5451113,0 73.9616498,18.5450364,0 73.9617813,18.5449463,0 73.9619476,18.5448410,0 73.9621486,18.5447205,0 73.9623149,18.5446104,0 73.9624466,18.5445107,0 73.9625436,18.5444214,0 73.9626060,18.5443424,0 73.9626457,18.5442814,0 73.9626626,18.5442383,0 73.9626569,18.5442131,0 73.9626285,18.5442059,0 73.9625938,18.5442067,0 73.9625528,18.5442154,0 73.9625055,18.5442322,0 73.9624519,18.5442569,0 73.9623785,18.5443016,0 73.9622850,18.5443663,0 73.9621717,18.5444509,0 73.9620383,18.5445554,0 73.9618426,18.5446903,0 73.9615845,18.5448554,0 73.9612639,18.5450508,0 73.9608809,18.5452765,0 73.9605918,18.5454509,0 73.9603963,18.5455740,0 73.9602947,18.5456458,0</coordinates></LinearRing></outerBoundaryIs></Polygon></Placemark>
<Placemark><name>1.8-1.9 m</name><description>Depth class 1.8-1.9 m · area 7,680 m² · ≈77 fused pixels · fill opacity 72%</description><styleUrl>#d3_ab8</styleUrl><Polygon><tessellate>1</tessellate><outerBoundaryIs><LinearRing><coordinates>73.8961241,18.5422079,0 73.8961327,18.5422370,0 73.8961516,18.5422533,0 73.8961807,18.5422568,0 73.8962201,18.5422475,0 73.8962698,18.5422255,0 73.8963391,18.5422101,0 73.8964279,18.5422016,0 73.8965363,18.5421997,0 73.8966643,18.5422046,0 73.8967693,18.5422197,0 73.8968513,18.5422449,0 73.8969104,18.5422803,0 73.8969464,18.5423260,0 73.8969658,18.5423855,0 73.8969684,18.5424589,0 73.8969543,18.5425462,0 73.8969235,18.5426475,0 73.8969159,18.5427308,0 73.8969315,18.5427962,0 73.8969705,18.5428438,0 73.8970327,18.5428735,0 73.8970945,18.5428937,0 73.8971558,18.5429046,0 73.8972168,18.5429061,0 73.8972774,18.5428981,0 73.8973235,18.5428512,0 73.8973552,18.5427653,0 73.8973724,18.5426405,0 73.8973751,18.5424767,0 73.8973666,18.5423430,0 73.8973469,18.5422394,0 73.8973159,18.5421661,0 73.8972736,18.5421228,0 73.8972405,18.5420778,0 73.8972167,18.5420310,0 73.8972020,18.5419823,0 73.8971965,18.5419318,0 73.8971859,18.5418874,0 73.8971700,18.5418492,0 73.8971490,18.5418170,0 73.8971229,18.5417910,0 73.8970937,18.5417712,0 73.8970616,18.5417577,0 73.8970266,18.5417505,0 73.8969885,18.5417496,0 73.8969412,18.5417596,0 73.8968845,18.5417806,0 73.8968186,18.5418126,0 73.8967433,18.5418556,0 73.8966654,18.5418881,0 73.8965849,18.5419102,0 73.8965019,18.5419220,0 73.8964162,18.5419233,0 73.8963409,18.5419392,0 73.8962761,18.5419697,0 73.8962215,18.5420149,0 73.8961774,18.5420746,0 73.8961465,18.5421267,0 73.8961287,18.5421711,0 73.8961241,18.5422079,0</coordinates></LinearRing></outerBoundaryIs></Polygon></Placemark>
<Placemark><name>1.8-1.9 m</name><description>Depth class 1.8-1.9 m · area 6,866 m² · ≈69 fused pixels · fill opacity 72%</description><styleUrl>#d3_ab8</styleUrl><Polygon><tessellate>1</tessellate><outerBoundaryIs><LinearRing><coordinates>73.8978765,18.5422161,0 73.8979538,18.5423173,0 73.8980315,18.5423796,0 73.8981095,18.5424030,0 73.8981878,18.5423876,0 73.8982665,18.5423333,0 73.8983378,18.5422943,0 73.8984017,18.5422707,0 73.8984583,18.5422624,0 73.8985076,18.5422694,0 73.8985492,18.5422583,0 73.8985830,18.5422290,0 73.8986092,18.5421816,0 73.8986277,18.5421160,0 73.8986334,18.5420589,0 73.8986265,18.5420101,0 73.8986068,18.5419697,0 73.8985744,18.5419376,0 73.8985492,18.5418944,0 73.8985310,18.5418398,0 73.8985200,18.5417741,0 73.8985160,18.5416970,0 73.8985058,18.5416330,0 73.8984891,18.5415821,0 73.8984662,18.5415442,0 73.8984368,18.5415193,0 73.8983880,18.5415011,0 73.8983197,18.5414896,0 73.8982320,18.5414847,0 73.8981247,18.5414865,0 73.8980318,18.5415114,0 73.8979533,18.5415593,0 73.8978892,18.5416302,0 73.8978394,18.5417242,0 73.8978018,18.5418071,0 73.8977764,18.5418790,0 73.8977632,18.5419398,0 73.8977622,18.5419896,0 73.8977807,18.5420523,0 73.8978188,18.5421277,0 73.8978765,18.5422161,0</coordinates></LinearRing></outerBoundaryIs></Polygon></Placemark>
<Placemark><name>1.8-1.9 m</name><description>Depth class 1.8-1.9 m · area 5,417 m² · ≈54 fused pixels · fill opacity 72%</description><styleUrl>#d3_ab8</styleUrl><Polygon><tessellate>1</tessellate><outerBoundaryIs><LinearRing><coordinates>73.9488819,18.5452187,0 73.9488977,18.5452770,0 73.9489221,18.5453287,0 73.9489552,18.5453740,0 73.9489970,18.5454127,0 73.9490474,18.5454450,0 73.9490732,18.5454914,0 73.9490743,18.5455519,0 73.9490507,18.5456266,0 73.9490024,18.5457155,0 73.9489743,18.5457868,0 73.9489663,18.5458406,0 73.9489785,18.5458769,0 73.9490109,18.5458956,0 73.9490545,18.5459018,0 73.9491091,18.5458954,0 73.9491749,18.5458764,0 73.9492518,18.5458449,0 73.9493019,18.5458022,0 73.9493253,18.5457485,0 73.9493218,18.5456836,0 73.9492916,18.5456077,0 73.9492732,18.5455413,0 73.9492667,18.5454845,0 73.9492721,18.5454373,0 73.9492893,18.5453997,0 73.9493164,18.5453740,0 73.9493534,18.5453600,0 73.9494004,18.5453578,0 73.9494572,18.5453675,0 73.9495180,18.5453609,0 73.9495828,18.5453380,0 73.9496516,18.5452989,0 73.9497244,18.5452435,0 73.9498014,18.5452046,0 73.9498826,18.5451821,0 73.9499682,18.5451761,0 73.9500580,18.5451865,0 73.9501275,18.5451751,0 73.9501768,18.5451419,0 73.9502058,18.5450868,0 73.9502145,18.5450100,0 73.9501829,18.5449456,0 73.9501110,18.5448937,0 73.9499987,18.5448542,0 73.9498460,18.5448271,0 73.9497308,18.5448247,0 73.9496531,18.5448469,0 73.9496129,18.5448937,0 73.9496101,18.5449652,0 73.9495897,18.5450353,0 73.9495517,18.5451042,0 73.9494961,18.5451718,0 73.9494229,18.5452381,0 73.9493465,18.5452740,0 73.9492670,18.5452793,0 73.9491842,18.5452543,0 73.9490983,18.5451987,0 73.9490269,18.5451581,0 73.9489700,18.5451323,0 73.9489277,18.5451214,0 73.9489000,18.5451254,0 73.9488831,18.5451429,0 73.9488771,18.5451740,0 73.9488819,18.5452187,0</coordinates></LinearRing></outerBoundaryIs></Polygon></Placemark>
<Placemark><name>1.8-1.9 m</name><description>Depth class 1.8-1.9 m · area 5,150 m² · ≈51 fused pixels · fill opacity 72%</description><styleUrl>#d3_ab8</styleUrl><Polygon><tessellate>1</tessellate><outerBoundaryIs><LinearRing><coordinates>73.9780105,18.5327376,0 73.9780351,18.5327472,0 73.9780738,18.5327356,0 73.9781266,18.5327029,0 73.9781935,18.5326490,0 73.9782744,18.5325739,0 73.9783438,18.5325155,0 73.9784015,18.5324737,0 73.9784476,18.5324486,0 73.9784822,18.5324402,0 73.9785440,18.5324004,0 73.9786330,18.5323293,0 73.9787494,18.5322269,0 73.9788930,18.5320931,0 73.9790037,18.5319834,0 73.9790815,18.5318978,0 73.9791264,18.5318362,0 73.9791384,18.5317988,0 73.9791227,18.5317695,0 73.9790792,18.5317484,0 73.9790079,18.5317354,0 73.9789090,18.5317306,0 73.9788181,18.5317425,0 73.9787354,18.5317710,0 73.9786607,18.5318161,0 73.9785942,18.5318779,0 73.9785357,18.5319264,0 73.9784852,18.5319615,0 73.9784427,18.5319833,0 73.9784082,18.5319917,0 73.9783646,18.5320205,0 73.9783120,18.5320698,0 73.9782503,18.5321394,0 73.9781795,18.5322295,0 73.9781202,18.5323195,0 73.9780724,18.5324093,0 73.9780359,18.5324991,0 73.9780110,18.5325887,0 73.9779984,18.5326584,0 73.9779982,18.5327080,0 73.9780105,18.5327376,0</coordinates></LinearRing></outerBoundaryIs></Polygon></Placemark>
<Placemark><name>1.8-1.9 m</name><description>Depth class 1.8-1.9 m · area 4,673 m² · ≈47 fused pixels · fill opacity 72%</description><styleUrl>#d3_ab8</styleUrl><Polygon><tessellate>1</tessellate><outerBoundaryIs><LinearRing><coordinates>73.9020948,18.5413662,0 73.9020877,18.5414175,0 73.9020920,18.5414532,0 73.9021079,18.5414735,0 73.9021353,18.5414782,0 73.9021743,18.5414675,0 73.9022241,18.5414648,0 73.9022848,18.5414701,0 73.9023564,18.5414834,0 73.9024388,18.5415048,0 73.9025103,18.5415521,0 73.9025709,18.5416253,0 73.9026206,18.5417245,0 73.9026595,18.5418496,0 73.9026971,18.5419438,0 73.9027337,18.5420072,0 73.9027691,18.5420397,0 73.9028034,18.5420414,0 73.9028358,18.5420368,0 73.9028662,18.5420258,0 73.9028946,18.5420086,0 73.9029210,18.5419849,0 73.9029416,18.5419473,0 73.9029563,18.5418956,0 73.9029652,18.5418298,0 73.9029683,18.5417500,0 73.9029571,18.5416548,0 73.9029318,18.5415443,0 73.9028923,18.5414184,0 73.9028385,18.5412772,0 73.9027846,18.5411709,0 73.9027306,18.5410998,0 73.9026763,18.5410636,0 73.9026218,18.5410625,0 73.9025699,18.5410767,0 73.9025206,18.5411065,0 73.9024738,18.5411516,0 73.9024296,18.5412122,0 73.9023803,18.5412568,0 73.9023260,18.5412854,0 73.9022667,18.5412980,0 73.9022023,18.5412945,0 73.9021522,18.5413047,0 73.9021163,18.5413286,0 73.9020948,18.5413662,0</coordinates></LinearRing></outerBoundaryIs></Polygon></Placemark>
<Placemark><name>1.8-1.9 m</name><description>Depth class 1.8-1.9 m · area 4,272 m² · ≈43 fused pixels · fill opacity 72%</description><styleUrl>#d3_ab8</styleUrl><Polygon><tessellate>1</tessellate><outerBoundaryIs><LinearRing><coordinates>73.9102320,18.5412944,0 73.9102744,18.5413231,0 73.9103251,18.5413386,0 73.9103841,18.5413409,0 73.9104514,18.5413300,0 73.9105270,18.5413059,0 73.9105961,18.5412756,0 73.9106586,18.5412391,0 73.9107146,18.5411964,0 73.9107641,18.5411475,0 73.9108015,18.5410690,0 73.9108267,18.5409608,0 73.9108399,18.5408230,0 73.9108409,18.5406556,0 73.9108348,18.5405182,0 73.9108215,18.5404109,0 73.9108011,18.5403337,0 73.9107734,18.5402866,0 73.9107405,18.5402445,0 73.9107022,18.5402075,0 73.9106586,18.5401756,0 73.9106097,18.5401487,0 73.9105627,18.5401370,0 73.9105177,18.5401406,0 73.9104746,18.5401593,0 73.9104335,18.5401932,0 73.9104203,18.5402325,0 73.9104349,18.5402770,0 73.9104774,18.5403268,0 73.9105478,18.5403818,0 73.9106001,18.5404361,0 73.9106343,18.5404895,0 73.9106505,18.5405421,0 73.9106485,18.5405938,0 73.9106375,18.5406402,0 73.9106173,18.5406812,0 73.9105880,18.5407167,0 73.9105497,18.5407469,0 73.9105247,18.5407839,0 73.9105130,18.5408277,0 73.9105147,18.5408784,0 73.9105298,18.5409360,0 73.9105179,18.5409871,0 73.9104791,18.5410317,0 73.9104133,18.5410698,0 73.9103205,18.5411014,0 73.9102502,18.5411315,0 73.9102022,18.5411601,0 73.9101766,18.5411872,0 73.9101733,18.5412129,0 73.9101815,18.5412393,0 73.9102011,18.5412665,0 73.9102320,18.5412944,0</coordinates></LinearRing></outerBoundaryIs></Polygon></Placemark>
<Placemark><name>1.8-1.9 m</name><description>Depth class 1.8-1.9 m · area 4,144 m² · ≈41 fused pixels · fill opacity 72%</description><styleUrl>#d3_ab8</styleUrl><Polygon><tessellate>1</tessellate><outerBoundaryIs><LinearRing><coordinates>73.9741582,18.5404810,0 73.9741752,18.5404974,0 73.9741948,18.5405058,0 73.9742170,18.5405064,0 73.9742420,18.5404989,0 73.9742696,18.5404836,0 73.9742966,18.5404653,0 73.9743231,18.5404440,0 73.9743490,18.5404197,0 73.9743744,18.5403925,0 73.9743950,18.5403594,0 73.9744109,18.5403206,0 73.9744220,18.5402760,0 73.9744285,18.5402255,0 73.9744434,18.5401826,0 73.9744670,18.5401471,0 73.9744991,18.5401192,0 73.9745397,18.5400987,0 73.9745886,18.5400444,0 73.9746455,18.5399563,0 73.9747107,18.5398344,0 73.9747840,18.5396786,0 73.9748369,18.5395526,0 73.9748695,18.5394563,0 73.9748818,18.5393899,0 73.9748737,18.5393532,0 73.9748534,18.5393264,0 73.9748208,18.5393093,0 73.9747760,18.5393020,0 73.9747189,18.5393046,0 73.9746676,18.5393305,0 73.9746220,18.5393797,0 73.9745822,18.5394523,0 73.9745482,18.5395482,0 73.9745125,18.5396253,0 73.9744751,18.5396835,0 73.9744361,18.5397228,0 73.9743954,18.5397433,0 73.9743637,18.5397696,0 73.9743411,18.5398018,0 73.9743274,18.5398399,0 73.9743228,18.5398839,0 73.9743081,18.5399279,0 73.9742836,18.5399720,0 73.9742490,18.5400162,0 73.9742045,18.5400605,0 73.9741708,18.5401143,0 73.9741479,18.5401776,0 73.9741358,18.5402505,0 73.9741346,18.5403329,0 73.9741379,18.5403988,0 73.9741458,18.5404482,0 73.9741582,18.5404810,0</coordinates></LinearRing></outerBoundaryIs></Polygon></Placemark>
<Placemark><name>1.8-1.9 m</name><description>Depth class 1.8-1.9 m · area 4,100 m² · ≈41 fused pixels · fill opacity 72%</description><styleUrl>#d3_ab8</styleUrl><Polygon><tessellate>1</tessellate><outerBoundaryIs><LinearRing><coordinates>73.8568110,18.5323316,0 73.8568201,18.5323505,0 73.8568355,18.5323644,0 73.8568571,18.5323732,0 73.8568849,18.5323770,0 73.8569189,18.5323757,0 73.8569732,18.5323535,0 73.8570477,18.5323104,0 73.8571423,18.5322463,0 73.8572572,18.5321613,0 73.8573562,18.5320964,0 73.8574394,18.5320518,0 73.8575068,18.5320272,0 73.8575583,18.5320229,0 73.8576141,18.5320082,0 73.8576743,18.5319832,0 73.8577387,18.5319479,0 73.8578075,18.5319022,0 73.8578834,18.5318684,0 73.8579664,18.5318463,0 73.8580566,18.5318360,0 73.8581539,18.5318374,0 73.8582381,18.5318278,0 73.8583091,18.5318071,0 73.8583669,18.5317753,0 73.8584116,18.5317324,0 73.8584344,18.5316891,0 73.8584354,18.5316455,0 73.8584146,18.5316015,0 73.8583719,18.5315572,0 73.8583305,18.5315238,0 73.8582901,18.5315012,0 73.8582510,18.5314894,0 73.8582131,18.5314885,0 73.8581674,18.5315049,0 73.8581139,18.5315385,0 73.8580527,18.5315894,0 73.8579837,18.5316577,0 73.8579199,18.5317084,0 73.8578612,18.5317416,0 73.8578076,18.5317574,0 73.8577593,18.5317557,0 73.8576922,18.5317661,0 73.8576064,18.5317885,0 73.8575019,18.5318229,0 73.8573788,18.5318694,0 73.8572616,18.5319270,0 73.8571504,18.5319958,0 73.8570452,18.5320757,0 73.8569461,18.5321668,0 73.8568739,18.5322398,0 73.8568289,18.5322947,0 73.8568110,18.5323316,0</coordinates></LinearRing></outerBoundaryIs></Polygon></Placemark>
<Placemark><name>1.8-1.9 m</name><description>Depth class 1.8-1.9 m · area 3,895 m² · ≈39 fused pixels · fill opacity 72%</description><styleUrl>#d3_ab8</styleUrl><Polygon><tessellate>1</tessellate><outerBoundaryIs><LinearRing><coordinates>73.9667421,18.5439657,0 73.9667555,18.5439817,0 73.9667721,18.5439895,0 73.9667918,18.5439890,0 73.9668146,18.5439803,0 73.9668405,18.5439633,0 73.9668886,18.5439569,0 73.9669588,18.5439611,0 73.9670511,18.5439759,0 73.9671655,18.5440012,0 73.9672695,18.5440143,0 73.9673629,18.5440152,0 73.9674459,18.5440040,0 73.9675184,18.5439806,0 73.9675778,18.5439381,0 73.9676239,18.5438766,0 73.9676569,18.5437960,0 73.9676767,18.5436964,0 73.9677054,18.5436243,0 73.9677430,18.5435796,0 73.9677895,18.5435623,0 73.9678448,18.5435725,0 73.9678919,18.5435716,0 73.9679306,18.5435596,0 73.9679610,18.5435366,0 73.9679830,18.5435024,0 73.9679862,18.5434743,0 73.9679704,18.5434521,0 73.9679356,18.5434359,0 73.9678820,18.5434257,0 73.9678357,18.5434262,0 73.9677967,18.5434374,0 73.9677651,18.5434594,0 73.9677408,18.5434921,0 73.9677113,18.5435140,0 73.9676765,18.5435250,0 73.9676365,18.5435251,0 73.9675912,18.5435144,0 73.9675383,18.5435121,0 73.9674777,18.5435184,0 73.9674094,18.5435333,0 73.9673335,18.5435566,0 73.9672454,18.5435960,0 73.9671453,18.5436514,0 73.9670330,18.5437229,0 73.9669085,18.5438104,0 73.9668186,18.5438801,0 73.9667631,18.5439318,0 73.9667421,18.5439657,0</coordinates></LinearRing></outerBoundaryIs></Polygon></Placemark>
<Placemark><name>1.8-1.9 m</name><description>Depth class 1.8-1.9 m · area 3,726 m² · ≈37 fused pixels · fill opacity 72%</description><styleUrl>#d3_ab8</styleUrl><Polygon><tessellate>1</tessellate><outerBoundaryIs><LinearRing><coordinates>73.9712652,18.5414714,0 73.9712487,18.5414923,0 73.9712435,18.5415140,0 73.9712494,18.5415365,0 73.9712666,18.5415599,0 73.9712949,18.5415840,0 73.9713227,18.5415960,0 73.9713499,18.5415959,0 73.9713765,18.5415837,0 73.9714026,18.5415593,0 73.9714342,18.5415415,0 73.9714714,18.5415302,0 73.9715143,18.5415253,0 73.9715626,18.5415270,0 73.9716235,18.5415168,0 73.9716967,18.5414947,0 73.9717824,18.5414607,0 73.9718804,18.5414149,0 73.9719656,18.5413742,0 73.9720378,18.5413387,0 73.9720972,18.5413083,0 73.9721436,18.5412831,0 73.9721886,18.5412497,0 73.9722322,18.5412081,0 73.9722743,18.5411584,0 73.9723151,18.5411005,0 73.9723602,18.5410550,0 73.9724097,18.5410220,0 73.9724635,18.5410013,0 73.9725217,18.5409930,0 73.9725769,18.5409759,0 73.9726290,18.5409499,0 73.9726780,18.5409151,0 73.9727239,18.5408714,0 73.9727586,18.5408318,0 73.9727820,18.5407964,0 73.9727941,18.5407649,0 73.9727950,18.5407376,0 73.9727903,18.5407154,0 73.9727801,18.5406983,0 73.9727643,18.5406863,0 73.9727429,18.5406794,0 73.9727153,18.5406831,0 73.9726815,18.5406975,0 73.9726414,18.5407226,0 73.9725952,18.5407583,0 73.9725387,18.5407856,0 73.9724719,18.5408044,0 73.9723950,18.5408149,0 73.9723078,18.5408169,0 73.9722360,18.5408410,0 73.9721797,18.5408871,0 73.9721387,18.5409553,0 73.9721131,18.5410455,0 73.9720819,18.5411128,0 73.9720451,18.5411571,0 73.9720026,18.5411786,0 73.9719546,18.5411771,0 73.9718891,18.5411931,0 73.9718061,18.5412266,0 73.9717057,18.5412777,0 73.9715879,18.5413462,0 73.9714920,18.5413971,0 73.9714179,18.5414302,0 73.9713657,18.5414457,0 73.9713354,18.5414434,0 73.9713085,18.5414469,0 73.9712851,18.5414563,0 73.9712652,18.5414714,0</coordinates></LinearRing></outerBoundaryIs></Polygon></Placemark>
<Placemark><name>1.8-1.9 m</name><description>Depth class 1.8-1.9 m · area 3,147 m² · ≈31 fused pixels · fill opacity 72%</description><styleUrl>#d3_ab8</styleUrl><Polygon><tessellate>1</tessellate><outerBoundaryIs><LinearRing><coordinates>73.9685855,18.5433827,0 73.9685350,18.5434221,0 73.9685014,18.5434577,0 73.9684847,18.5434896,0 73.9684850,18.5435177,0 73.9685022,18.5435421,0 73.9685356,18.5435671,0 73.9685851,18.5435927,0 73.9686507,18.5436189,0 73.9687326,18.5436458,0 73.9688084,18.5436604,0 73.9688782,18.5436630,0 73.9689421,18.5436534,0 73.9690000,18.5436317,0 73.9690657,18.5436153,0 73.9691393,18.5436040,0 73.9692207,18.5435980,0 73.9693099,18.5435972,0 73.9693846,18.5435885,0 73.9694448,18.5435719,0 73.9694904,18.5435473,0 73.9695215,18.5435148,0 73.9695359,18.5434818,0 73.9695337,18.5434482,0 73.9695147,18.5434142,0 73.9694791,18.5433795,0 73.9694046,18.5433533,0 73.9692913,18.5433355,0 73.9691390,18.5433262,0 73.9689479,18.5433252,0 73.9687920,18.5433343,0 73.9686712,18.5433535,0 73.9685855,18.5433827,0</coordinates></LinearRing></outerBoundaryIs></Polygon></Placemark>
<Placemark><name>1.8-1.9 m</name><description>Depth class 1.8-1.9 m · area 2,779 m² · ≈28 fused pixels · fill opacity 72%</description><styleUrl>#d3_ab8</styleUrl><Polygon><tessellate>1</tessellate><outerBoundaryIs><LinearRing><coordinates>73.8908926,18.5433367,0 73.8908479,18.5433962,0 73.8908262,18.5434535,0 73.8908276,18.5435085,0 73.8908521,18.5435612,0 73.8908996,18.5436116,0 73.8909462,18.5436472,0 73.8909918,18.5436681,0 73.8910366,18.5436742,0 73.8910805,18.5436654,0 73.8911264,18.5436674,0 73.8911743,18.5436800,0 73.8912243,18.5437032,0 73.8912764,18.5437372,0 73.8913239,18.5437558,0 73.8913670,18.5437592,0 73.8914056,18.5437473,0 73.8914396,18.5437201,0 73.8914592,18.5436878,0 73.8914642,18.5436504,0 73.8914547,18.5436079,0 73.8914306,18.5435604,0 73.8914146,18.5435099,0 73.8914065,18.5434565,0 73.8914064,18.5434002,0 73.8914143,18.5433411,0 73.8913910,18.5432964,0 73.8913367,18.5432662,0 73.8912512,18.5432505,0 73.8911346,18.5432492,0 73.8910360,18.5432632,0 73.8909553,18.5432924,0 73.8908926,18.5433367,0</coordinates></LinearRing></outerBoundaryIs></Polygon></Placemark>
<Placemark><name>1.8-1.9 m</name><description>Depth class 1.8-1.9 m · area 2,756 m² · ≈28 fused pixels · fill opacity 72%</description><styleUrl>#d3_ab8</styleUrl><Polygon><tessellate>1</tessellate><outerBoundaryIs><LinearRing><coordinates>73.8959718,18.5428949,0 73.8959527,18.5430073,0 73.8959503,18.5430920,0 73.8959645,18.5431489,0 73.8959955,18.5431781,0 73.8960432,18.5431795,0 73.8960915,18.5431698,0 73.8961406,18.5431491,0 73.8961903,18.5431173,0 73.8962408,18.5430743,0 73.8963024,18.5430415,0 73.8963752,18.5430187,0 73.8964591,18.5430060,0 73.8965541,18.5430034,0 73.8966344,18.5429896,0 73.8967002,18.5429647,0 73.8967512,18.5429286,0 73.8967876,18.5428814,0 73.8968059,18.5428413,0 73.8968061,18.5428084,0 73.8967882,18.5427827,0 73.8967522,18.5427641,0 73.8966962,18.5427531,0 73.8966202,18.5427495,0 73.8965243,18.5427533,0 73.8964083,18.5427646,0 73.8963067,18.5427697,0 73.8962195,18.5427684,0 73.8961466,18.5427609,0 73.8960882,18.5427471,0 73.8960395,18.5427648,0 73.8960007,18.5428141,0 73.8959718,18.5428949,0</coordinates></LinearRing></outerBoundaryIs></Polygon></Placemark>
<Placemark><name>1.8-1.9 m</name><description>Depth class 1.8-1.9 m · area 2,552 m² · ≈26 fused pixels · fill opacity 72%</description><styleUrl>#d3_ab8</styleUrl><Polygon><tessellate>1</tessellate><outerBoundaryIs><LinearRing><coordinates>73.9048903,18.5416199,0 73.9049669,18.5417185,0 73.9050377,18.5417919,0 73.9051025,18.5418402,0 73.9051615,18.5418634,0 73.9052145,18.5418615,0 73.9052482,18.5418442,0 73.9052627,18.5418115,0 73.9052579,18.5417635,0 73.9052337,18.5417002,0 73.9052249,18.5416387,0 73.9052313,18.5415791,0 73.9052530,18.5415213,0 73.9052899,18.5414653,0 73.9053114,18.5414161,0 73.9053175,18.5413735,0 73.9053082,18.5413376,0 73.9052835,18.5413084,0 73.9052383,18.5412857,0 73.9051725,18.5412695,0 73.9050861,18.5412599,0 73.9049792,18.5412567,0 73.9048963,18.5412681,0 73.9048374,18.5412940,0 73.9048025,18.5413345,0 73.9047916,18.5413895,0 73.9048026,18.5414554,0 73.9048355,18.5415322,0 73.9048903,18.5416199,0</coordinates></LinearRing></outerBoundaryIs></Polygon></Placemark>
<Placemark><name>1.8-1.9 m</name><description>Depth class 1.8-1.9 m · area 2,488 m² · ≈25 fused pixels · fill opacity 55%</description><styleUrl>#d3_a8c</styleUrl><Polygon><tessellate>1</tessellate><outerBoundaryIs><LinearRing><coordinates>73.9258515,18.5389485,0 73.9258699,18.5389648,0 73.9259024,18.5389678,0 73.9259492,18.5389575,0 73.9260100,18.5389340,0 73.9260851,18.5388971,0 73.9261810,18.5388694,0 73.9262978,18.5388510,0 73.9264355,18.5388418,0 73.9265940,18.5388418,0 73.9267190,18.5388339,0 73.9268104,18.5388181,0 73.9268683,18.5387944,0 73.9268926,18.5387627,0 73.9268736,18.5387299,0 73.9268114,18.5386960,0 73.9267059,18.5386609,0 73.9265571,18.5386247,0 73.9264156,18.5386093,0 73.9262814,18.5386146,0 73.9261545,18.5386408,0 73.9260348,18.5386877,0 73.9259430,18.5387333,0 73.9258793,18.5387775,0 73.9258435,18.5388203,0 73.9258356,18.5388618,0 73.9258344,18.5388970,0 73.9258396,18.5389259,0 73.9258515,18.5389485,0</coordinates></LinearRing></outerBoundaryIs></Polygon></Placemark>
<Placemark><name>1.8-1.9 m</name><description>Depth class 1.8-1.9 m · area 2,096 m² · ≈21 fused pixels · fill opacity 55%</description><styleUrl>#d3_a8c</styleUrl><Polygon><tessellate>1</tessellate><outerBoundaryIs><LinearRing><coordinates>73.9755430,18.5373469,0 73.9755864,18.5373574,0 73.9756204,18.5373489,0 73.9756449,18.5373213,0 73.9756599,18.5372746,0 73.9756655,18.5372088,0 73.9756752,18.5371531,0 73.9756889,18.5371076,0 73.9757066,18.5370722,0 73.9757284,18.5370470,0 73.9757391,18.5370181,0 73.9757387,18.5369854,0 73.9757272,18.5369490,0 73.9757046,18.5369089,0 73.9756936,18.5368655,0 73.9756942,18.5368188,0 73.9757064,18.5367689,0 73.9757302,18.5367156,0 73.9757447,18.5366631,0 73.9757500,18.5366112,0 73.9757461,18.5365600,0 73.9757329,18.5365095,0 73.9757087,18.5364785,0 73.9756735,18.5364672,0 73.9756272,18.5364754,0 73.9755698,18.5365032,0 73.9755264,18.5365732,0 73.9754970,18.5366853,0 73.9754816,18.5368397,0 73.9754801,18.5370362,0 73.9754898,18.5371863,0 73.9755108,18.5372898,0 73.9755430,18.5373469,0</coordinates></LinearRing></outerBoundaryIs></Polygon></Placemark>
<Placemark><name>1.8-1.9 m</name><description>Depth class 1.8-1.9 m · area 2,065 m² · ≈21 fused pixels · fill opacity 55%</description><styleUrl>#d3_a8c</styleUrl><Polygon><tessellate>1</tessellate><outerBoundaryIs><LinearRing><coordinates>73.9127931,18.5403606,0 73.9127461,18.5403996,0 73.9127148,18.5404346,0 73.9126993,18.5404656,0 73.9126995,18.5404928,0 73.9127153,18.5405160,0 73.9127396,18.5405347,0 73.9127722,18.5405490,0 73.9128131,18.5405589,0 73.9128624,18.5405643,0 73.9129089,18.5405565,0 73.9129524,18.5405355,0 73.9129931,18.5405013,0 73.9130308,18.5404539,0 73.9130969,18.5404190,0 73.9131911,18.5403967,0 73.9133137,18.5403870,0 73.9134645,18.5403899,0 73.9135814,18.5403877,0 73.9136646,18.5403805,0 73.9137139,18.5403681,0 73.9137293,18.5403507,0 73.9137348,18.5403307,0 73.9137303,18.5403083,0 73.9137159,18.5402834,0 73.9136915,18.5402560,0 73.9136424,18.5402352,0 73.9135685,18.5402210,0 73.9134698,18.5402135,0 73.9133464,18.5402125,0 73.9132473,18.5402179,0 73.9131726,18.5402297,0 73.9131222,18.5402478,0 73.9130962,18.5402722,0 73.9130645,18.5402902,0 73.9130273,18.5403016,0 73.9129845,18.5403064,0 73.9129361,18.5403047,0 73.9128881,18.5403132,0 73.9128404,18.5403318,0 73.9127931,18.5403606,0</coordinates></LinearRing></outerBoundaryIs></Polygon></Placemark>
<Placemark><name>1.8-1.9 m</name><description>Depth class 1.8-1.9 m · area 1,845 m² · ≈18 fused pixels · fill opacity 55%</description><styleUrl>#d3_a8c</styleUrl><Polygon><tessellate>1</tessellate><outerBoundaryIs><LinearRing><coordinates>73.9757989,18.5360559,0 73.9758146,18.5361114,0 73.9758332,18.5361485,0 73.9758547,18.5361675,0 73.9758791,18.5361681,0 73.9759065,18.5361505,0 73.9759465,18.5361018,0 73.9759994,18.5360221,0 73.9760649,18.5359113,0 73.9761433,18.5357695,0 73.9762125,18.5356532,0 73.9762727,18.5355624,0 73.9763237,18.5354972,0 73.9763657,18.5354575,0 73.9763958,18.5354200,0 73.9764141,18.5353846,0 73.9764206,18.5353513,0 73.9764152,18.5353202,0 73.9763900,18.5353117,0 73.9763450,18.5353258,0 73.9762802,18.5353626,0 73.9761955,18.5354221,0 73.9761244,18.5354852,0 73.9760668,18.5355521,0 73.9760227,18.5356226,0 73.9759920,18.5356969,0 73.9759584,18.5357629,0 73.9759218,18.5358205,0 73.9758821,18.5358699,0 73.9758394,18.5359111,0 73.9758113,18.5359558,0 73.9757978,18.5360040,0 73.9757989,18.5360559,0</coordinates></LinearRing></outerBoundaryIs></Polygon></Placemark>
<Placemark><name>1.8-1.9 m</name><description>Depth class 1.8-1.9 m · area 1,753 m² · ≈18 fused pixels · fill opacity 55%</description><styleUrl>#d3_a8c</styleUrl><Polygon><tessellate>1</tessellate><outerBoundaryIs><LinearRing><coordinates>73.9305146,18.5369335,0 73.9305143,18.5369796,0 73.9305376,18.5370146,0 73.9305845,18.5370383,0 73.9306549,18.5370508,0 73.9307489,18.5370522,0 73.9308333,18.5370379,0 73.9309081,18.5370081,0 73.9309733,18.5369627,0 73.9310289,18.5369017,0 73.9310649,18.5368492,0 73.9310812,18.5368050,0 73.9310778,18.5367692,0 73.9310548,18.5367418,0 73.9310182,18.5367210,0 73.9309680,18.5367068,0 73.9309042,18.5366992,0 73.9308269,18.5366981,0 73.9307566,18.5367078,0 73.9306934,18.5367282,0 73.9306374,18.5367594,0 73.9305885,18.5368013,0 73.9305517,18.5368443,0 73.9305271,18.5368884,0 73.9305146,18.5369335,0</coordinates></LinearRing></outerBoundaryIs></Polygon></Placemark>
<Placemark><name>1.8-1.9 m</name><description>Depth class 1.8-1.9 m · area 1,692 m² · ≈17 fused pixels · fill opacity 55%</description><styleUrl>#d3_a8c</styleUrl><Polygon><tessellate>1</tessellate><outerBoundaryIs><LinearRing><coordinates>73.9583633,18.5461302,0 73.9583307,18.5461710,0 73.9583138,18.5462083,0 73.9583128,18.5462420,0 73.9583275,18.5462721,0 73.9583581,18.5462986,0 73.9584202,18.5463155,0 73.9585140,18.5463228,0 73.9586394,18.5463205,0 73.9587965,18.5463086,0 73.9589110,18.5462861,0 73.9589830,18.5462529,0 73.9590125,18.5462091,0 73.9589994,18.5461547,0 73.9589541,18.5461136,0 73.9588766,18.5460859,0 73.9587670,18.5460715,0 73.9586251,18.5460705,0 73.9585105,18.5460799,0 73.9584233,18.5460998,0 73.9583633,18.5461302,0</coordinates></LinearRing></outerBoundaryIs></Polygon></Placemark>
<Placemark><name>1.8-1.9 m</name><description>Depth class 1.8-1.9 m · area 1,651 m² · ≈17 fused pixels · fill opacity 55%</description><styleUrl>#d3_a8c</styleUrl><Polygon><tessellate>1</tessellate><outerBoundaryIs><LinearRing><coordinates>73.9891750,18.5243437,0 73.9892231,18.5244193,0 73.9892815,18.5244851,0 73.9893503,18.5245408,0 73.9894294,18.5245866,0 73.9895189,18.5246225,0 73.9895865,18.5246368,0 73.9896324,18.5246295,0 73.9896563,18.5246006,0 73.9896585,18.5245501,0 73.9896427,18.5244952,0 73.9896088,18.5244358,0 73.9895570,18.5243720,0 73.9894872,18.5243038,0 73.9894213,18.5242478,0 73.9893593,18.5242040,0 73.9893012,18.5241726,0 73.9892470,18.5241533,0 73.9892024,18.5241455,0 73.9891675,18.5241491,0 73.9891421,18.5241641,0 73.9891264,18.5241905,0 73.9891266,18.5242293,0 73.9891428,18.5242803,0 73.9891750,18.5243437,0</coordinates></LinearRing></outerBoundaryIs></Polygon></Placemark>
<Placemark><name>1.8-1.9 m</name><description>Depth class 1.8-1.9 m · area 1,267 m² · ≈13 fused pixels · fill opacity 55%</description><styleUrl>#d3_a8c</styleUrl><Polygon><tessellate>1</tessellate><outerBoundaryIs><LinearRing><coordinates>73.9657458,18.5441379,0 73.9657527,18.5441667,0 73.9657860,18.5441885,0 73.9658455,18.5442032,0 73.9659314,18.5442109,0 73.9660436,18.5442115,0 73.9661398,18.5441985,0 73.9662199,18.5441718,0 73.9662840,18.5441313,0 73.9663321,18.5440772,0 73.9663487,18.5440334,0 73.9663339,18.5439997,0 73.9662875,18.5439763,0 73.9662097,18.5439630,0 73.9661289,18.5439626,0 73.9660453,18.5439749,0 73.9659588,18.5440000,0 73.9658695,18.5440378,0 73.9658042,18.5440734,0 73.9657629,18.5441068,0 73.9657458,18.5441379,0</coordinates></LinearRing></outerBoundaryIs></Polygon></Placemark>
<Placemark><name>1.8-1.9 m</name><description>Depth class 1.8-1.9 m · area 1,246 m² · ≈12 fused pixels · fill opacity 55%</description><styleUrl>#d3_a8c</styleUrl><Polygon><tessellate>1</tessellate><outerBoundaryIs><LinearRing><coordinates>73.9733855,18.5410380,0 73.9734117,18.5410378,0 73.9734363,18.5410235,0 73.9734595,18.5409952,0 73.9734812,18.5409529,0 73.9735013,18.5408965,0 73.9735347,18.5408545,0 73.9735814,18.5408269,0 73.9736414,18.5408136,0 73.9737147,18.5408147,0 73.9737742,18.5408063,0 73.9738201,18.5407885,0 73.9738524,18.5407613,0 73.9738709,18.5407247,0 73.9738660,18.5406954,0 73.9738376,18.5406735,0 73.9737858,18.5406588,0 73.9737104,18.5406515,0 73.9736406,18.5406521,0 73.9735761,18.5406608,0 73.9735171,18.5406776,0 73.9734636,18.5407023,0 73.9734168,18.5407282,0 73.9733769,18.5407554,0 73.9733438,18.5407838,0 73.9733175,18.5408133,0 73.9733020,18.5408468,0 73.9732974,18.5408842,0 73.9733036,18.5409255,0 73.9733207,18.5409706,0 73.9733400,18.5410045,0 73.9733616,18.5410269,0 73.9733855,18.5410380,0</coordinates></LinearRing></outerBoundaryIs></Polygon></Placemark>
<Placemark><name>1.8-1.9 m</name><description>Depth class 1.8-1.9 m · area 1,230 m² · ≈12 fused pixels · fill opacity 55%</description><styleUrl>#d3_a8c</styleUrl><Polygon><tessellate>1</tessellate><outerBoundaryIs><LinearRing><coordinates>73.9145055,18.5400193,0 73.9146065,18.5400983,0 73.9146982,18.5401493,0 73.9147805,18.5401723,0 73.9148536,18.5401673,0 73.9149175,18.5401343,0 73.9149633,18.5401017,0 73.9149912,18.5400693,0 73.9150011,18.5400372,0 73.9149930,18.5400055,0 73.9149646,18.5399808,0 73.9149159,18.5399631,0 73.9148468,18.5399525,0 73.9147574,18.5399490,0 73.9146790,18.5399372,0 73.9146116,18.5399173,0 73.9145551,18.5398892,0 73.9145096,18.5398528,0 73.9144701,18.5398320,0 73.9144364,18.5398266,0 73.9144087,18.5398367,0 73.9143868,18.5398623,0 73.9143957,18.5399013,0 73.9144353,18.5399536,0 73.9145055,18.5400193,0</coordinates></LinearRing></outerBoundaryIs></Polygon></Placemark>
<Placemark><name>1.8-1.9 m</name><description>Depth class 1.8-1.9 m · area 1,118 m² · ≈11 fused pixels · fill opacity 55%</description><styleUrl>#d3_a8c</styleUrl><Polygon><tessellate>1</tessellate><outerBoundaryIs><LinearRing><coordinates>73.9036710,18.5413204,0 73.9036598,18.5414168,0 73.9036661,18.5414953,0 73.9036900,18.5415557,0 73.9037314,18.5415982,0 73.9037903,18.5416227,0 73.9038371,18.5416119,0 73.9038716,18.5415656,0 73.9038939,18.5414840,0 73.9039040,18.5413671,0 73.9039015,18.5412752,0 73.9038863,18.5412084,0 73.9038584,18.5411667,0 73.9038179,18.5411500,0 73.9037832,18.5411407,0 73.9037542,18.5411388,0 73.9037311,18.5411441,0 73.9037137,18.5411568,0 73.9036979,18.5411904,0 73.9036837,18.5412449,0 73.9036710,18.5413204,0</coordinates></LinearRing></outerBoundaryIs></Polygon></Placemark>
<Placemark><name>1.8-1.9 m</name><description>Depth class 1.8-1.9 m · area 1,118 m² · ≈11 fused pixels · fill opacity 55%</description><styleUrl>#d3_a8c</styleUrl><Polygon><tessellate>1</tessellate><outerBoundaryIs><LinearRing><coordinates>73.8936525,18.5427347,0 73.8936578,18.5427631,0 73.8936838,18.5427844,0 73.8937306,18.5427987,0 73.8937981,18.5428058,0 73.8938864,18.5428058,0 73.8939590,18.5427860,0 73.8940160,18.5427465,0 73.8940574,18.5426871,0 73.8940832,18.5426081,0 73.8940942,18.5425466,0 73.8940907,18.5425026,0 73.8940725,18.5424762,0 73.8940396,18.5424673,0 73.8939933,18.5424755,0 73.8939337,18.5425009,0 73.8938606,18.5425433,0 73.8937742,18.5426028,0 73.8937107,18.5426545,0 73.8936701,18.5426985,0 73.8936525,18.5427347,0</coordinates></LinearRing></outerBoundaryIs></Polygon></Placemark>
<Placemark><name>1.8-1.9 m</name><description>Depth class 1.8-1.9 m · area 999 m² · ≈10 fused pixels · fill opacity 55%</description><styleUrl>#d3_a8c</styleUrl><Polygon><tessellate>1</tessellate><outerBoundaryIs><LinearRing><coordinates>73.9795285,18.5312621,0 73.9795387,18.5313025,0 73.9795694,18.5313326,0 73.9796207,18.5313525,0 73.9796927,18.5313621,0 73.9797852,18.5313614,0 73.9798570,18.5313468,0 73.9799080,18.5313183,0 73.9799383,18.5312758,0 73.9799479,18.5312194,0 73.9799390,18.5311747,0 73.9799116,18.5311419,0 73.9798657,18.5311209,0 73.9798014,18.5311117,0 73.9797412,18.5311113,0 73.9796851,18.5311197,0 73.9796331,18.5311368,0 73.9795852,18.5311627,0 73.9795518,18.5311922,0 73.9795329,18.5312253,0 73.9795285,18.5312621,0</coordinates></LinearRing></outerBoundaryIs></Polygon></Placemark>
<Placemark><name>1.8-1.9 m</name><description>Depth class 1.8-1.9 m · area 917 m² · ≈9 fused pixels · fill opacity 55%</description><styleUrl>#d3_a8c</styleUrl><Polygon><tessellate>1</tessellate><outerBoundaryIs><LinearRing><coordinates>73.9128958,18.5397701,0 73.9128956,18.5397953,0 73.9129118,18.5398207,0 73.9129443,18.5398465,0 73.9129932,18.5398725,0 73.9130584,18.5398989,0 73.9131161,18.5399183,0 73.9131661,18.5399307,0 73.9132086,18.5399363,0 73.9132435,18.5399349,0 73.9132747,18.5399279,0 73.9133021,18.5399153,0 73.9133258,18.5398971,0 73.9133456,18.5398733,0 73.9133486,18.5398449,0 73.9133347,18.5398121,0 73.9133039,18.5397747,0 73.9132562,18.5397328,0 73.9132024,18.5397053,0 73.9131425,18.5396922,0 73.9130764,18.5396934,0 73.9130043,18.5397090,0 73.9129501,18.5397269,0 73.9129139,18.5397473,0 73.9128958,18.5397701,0</coordinates></LinearRing></outerBoundaryIs></Polygon></Placemark>
<Placemark><name>1.8-1.9 m</name><description>Depth class 1.8-1.9 m · area 908 m² · ≈9 fused pixels · fill opacity 55%</description><styleUrl>#d3_a8c</styleUrl><Polygon><tessellate>1</tessellate><outerBoundaryIs><LinearRing><coordinates>73.9628012,18.5442096,0 73.9628033,18.5442368,0 73.9628173,18.5442574,0 73.9628429,18.5442715,0 73.9628804,18.5442791,0 73.9629295,18.5442801,0 73.9629793,18.5442747,0 73.9630298,18.5442628,0 73.9630809,18.5442445,0 73.9631326,18.5442197,0 73.9631814,18.5441877,0 73.9632272,18.5441485,0 73.9632702,18.5441021,0 73.9633101,18.5440485,0 73.9633319,18.5440060,0 73.9633354,18.5439746,0 73.9633207,18.5439543,0 73.9632877,18.5439451,0 73.9632517,18.5439496,0 73.9632127,18.5439679,0 73.9631706,18.5440000,0 73.9631255,18.5440458,0 73.9630754,18.5440835,0 73.9630203,18.5441132,0 73.9629603,18.5441349,0 73.9628953,18.5441485,0 73.9628472,18.5441655,0 73.9628158,18.5441858,0 73.9628012,18.5442096,0</coordinates></LinearRing></outerBoundaryIs></Polygon></Placemark>
<Placemark><name>1.8-1.9 m</name><description>Depth class 1.8-1.9 m · area 877 m² · ≈9 fused pixels · fill opacity 55%</description><styleUrl>#d3_a8c</styleUrl><Polygon><tessellate>1</tessellate><outerBoundaryIs><LinearRing><coordinates>73.8937330,18.5434665,0 73.8938110,18.5435144,0 73.8938770,18.5435367,0 73.8939311,18.5435333,0 73.8939731,18.5435043,0 73.8940033,18.5434497,0 73.8940188,18.5434022,0 73.8940196,18.5433621,0 73.8940059,18.5433291,0 73.8939776,18.5433034,0 73.8939413,18.5432844,0 73.8938971,18.5432719,0 73.8938449,18.5432662,0 73.8937849,18.5432670,0 73.8937349,18.5432756,0 73.8936950,18.5432918,0 73.8936653,18.5433157,0 73.8936456,18.5433473,0 73.8936503,18.5433829,0 73.8936795,18.5434227,0 73.8937330,18.5434665,0</coordinates></LinearRing></outerBoundaryIs></Polygon></Placemark>
<Placemark><name>1.8-1.9 m</name><description>Depth class 1.8-1.9 m · area 853 m² · ≈9 fused pixels · fill opacity 55%</description><styleUrl>#d3_a8c</styleUrl><Polygon><tessellate>1</tessellate><outerBoundaryIs><LinearRing><coordinates>73.9510111,18.5458420,0 73.9510056,18.5459067,0 73.9510166,18.5459559,0 73.9510443,18.5459896,0 73.9510886,18.5460077,0 73.9511496,18.5460103,0 73.9511960,18.5459883,0 73.9512280,18.5459417,0 73.9512454,18.5458705,0 73.9512484,18.5457748,0 73.9512453,18.5457019,0 73.9512362,18.5456520,0 73.9512210,18.5456249,0 73.9511998,18.5456208,0 73.9511746,18.5456258,0 73.9511454,18.5456400,0 73.9511123,18.5456635,0 73.9510751,18.5456961,0 73.9510459,18.5457367,0 73.9510245,18.5457854,0 73.9510111,18.5458420,0</coordinates></LinearRing></outerBoundaryIs></Polygon></Placemark>
<Placemark><name>1.8-1.9 m</name><description>Depth class 1.8-1.9 m · area 761 m² · ≈8 fused pixels · fill opacity 35%</description><styleUrl>#d3_a59</styleUrl><Polygon><tessellate>1</tessellate><outerBoundaryIs><LinearRing><coordinates>73.9545657,18.5464741,0 73.9545070,18.5465138,0 73.9544684,18.5465498,0 73.9544497,18.5465823,0 73.9544510,18.5466112,0 73.9544723,18.5466366,0 73.9545104,18.5466535,0 73.9545652,18.5466620,0 73.9546367,18.5466621,0 73.9547249,18.5466538,0 73.9547905,18.5466403,0 73.9548334,18.5466216,0 73.9548536,18.5465976,0 73.9548513,18.5465684,0 73.9548373,18.5465396,0 73.9548119,18.5465113,0 73.9547749,18.5464834,0 73.9547265,18.5464559,0 73.9546754,18.5464452,0 73.9546219,18.5464513,0 73.9545657,18.5464741,0</coordinates></LinearRing></outerBoundaryIs></Polygon></Placemark>
<Placemark><name>1.8-1.9 m</name><description>Depth class 1.8-1.9 m · area 669 m² · ≈7 fused pixels · fill opacity 35%</description><styleUrl>#d3_a59</styleUrl><Polygon><tessellate>1</tessellate><outerBoundaryIs><LinearRing><coordinates>73.8653652,18.5380564,0 73.8653480,18.5380726,0 73.8653392,18.5380913,0 73.8653386,18.5381126,0 73.8653463,18.5381363,0 73.8653624,18.5381626,0 73.8653870,18.5381939,0 73.8654203,18.5382302,0 73.8654623,18.5382715,0 73.8655128,18.5383177,0 73.8655581,18.5383520,0 73.8655980,18.5383744,0 73.8656325,18.5383847,0 73.8656618,18.5383831,0 73.8656813,18.5383722,0 73.8656911,18.5383520,0 73.8656911,18.5383225,0 73.8656814,18.5382836,0 73.8656568,18.5382424,0 73.8656175,18.5381989,0 73.8655634,18.5381529,0 73.8654944,18.5381046,0 73.8654384,18.5380724,0 73.8653953,18.5380564,0 73.8653652,18.5380564,0</coordinates></LinearRing></outerBoundaryIs></Polygon></Placemark>
<Placemark><name>1.8-1.9 m</name><description>Depth class 1.8-1.9 m · area 561 m² · ≈6 fused pixels · fill opacity 35%</description><styleUrl>#d3_a59</styleUrl><Polygon><tessellate>1</tessellate><outerBoundaryIs><LinearRing><coordinates>73.8757511,18.5416341,0 73.8757548,18.5416620,0 73.8757737,18.5416831,0 73.8758079,18.5416975,0 73.8758572,18.5417052,0 73.8759218,18.5417062,0 73.8759732,18.5416948,0 73.8760114,18.5416712,0 73.8760363,18.5416353,0 73.8760480,18.5415872,0 73.8760515,18.5415483,0 73.8760469,18.5415186,0 73.8760341,18.5414983,0 73.8760131,18.5414872,0 73.8759826,18.5414865,0 73.8759426,18.5414962,0 73.8758931,18.5415162,0 73.8758341,18.5415466,0 73.8757907,18.5415764,0 73.8757631,18.5416056,0 73.8757511,18.5416341,0</coordinates></LinearRing></outerBoundaryIs></Polygon></Placemark>
<Placemark><name>1.8-1.9 m</name><description>Depth class 1.8-1.9 m · area 553 m² · ≈6 fused pixels · fill opacity 35%</description><styleUrl>#d3_a59</styleUrl><Polygon><tessellate>1</tessellate><outerBoundaryIs><LinearRing><coordinates>73.8915522,18.5442562,0 73.8915534,18.5442824,0 73.8915656,18.5443027,0 73.8915889,18.5443172,0 73.8916232,18.5443259,0 73.8916685,18.5443289,0 73.8917111,18.5443224,0 73.8917509,18.5443065,0 73.8917880,18.5442813,0 73.8918223,18.5442466,0 73.8918388,18.5442124,0 73.8918374,18.5441786,0 73.8918182,18.5441454,0 73.8917811,18.5441126,0 73.8917424,18.5440975,0 73.8917020,18.5441004,0 73.8916599,18.5441210,0 73.8916161,18.5441594,0 73.8915836,18.5441947,0 73.8915623,18.5442270,0 73.8915522,18.5442562,0</coordinates></LinearRing></outerBoundaryIs></Polygon></Placemark>
<Placemark><name>1.8-1.9 m</name><description>Depth class 1.8-1.9 m · area 514 m² · ≈5 fused pixels · fill opacity 35%</description><styleUrl>#d3_a59</styleUrl><Polygon><tessellate>1</tessellate><outerBoundaryIs><LinearRing><coordinates>73.9139823,18.5401865,0 73.9139800,18.5402683,0 73.9139892,18.5403283,0 73.9140098,18.5403664,0 73.9140418,18.5403825,0 73.9140851,18.5403768,0 73.9141166,18.5403525,0 73.9141362,18.5403094,0 73.9141439,18.5402477,0 73.9141397,18.5401672,0 73.9141273,18.5401080,0 73.9141067,18.5400699,0 73.9140780,18.5400530,0 73.9140410,18.5400573,0 73.9140128,18.5400810,0 73.9139932,18.5401240,0 73.9139823,18.5401865,0</coordinates></LinearRing></outerBoundaryIs></Polygon></Placemark>
<Placemark><name>1.8-1.9 m</name><description>Depth class 1.8-1.9 m · area 476 m² · ≈5 fused pixels · fill opacity 35%</description><styleUrl>#d3_a59</styleUrl><Polygon><tessellate>1</tessellate><outerBoundaryIs><LinearRing><coordinates>73.9753084,18.5383198,0 73.9753257,18.5383362,0 73.9753457,18.5383437,0 73.9753684,18.5383424,0 73.9753938,18.5383323,0 73.9754220,18.5383133,0 73.9754414,18.5382836,0 73.9754522,18.5382430,0 73.9754542,18.5381916,0 73.9754476,18.5381294,0 73.9754335,18.5380844,0 73.9754119,18.5380566,0 73.9753830,18.5380459,0 73.9753466,18.5380524,0 73.9753187,18.5380718,0 73.9752993,18.5381042,0 73.9752885,18.5381496,0 73.9752861,18.5382079,0 73.9752887,18.5382557,0 73.9752961,18.5382930,0 73.9753084,18.5383198,0</coordinates></LinearRing></outerBoundaryIs></Polygon></Placemark>
<Placemark><name>1.8-1.9 m</name><description>Depth class 1.8-1.9 m · area 454 m² · ≈5 fused pixels · fill opacity 35%</description><styleUrl>#d3_a59</styleUrl><Polygon><tessellate>1</tessellate><outerBoundaryIs><LinearRing><coordinates>73.8717963,18.5395428,0 73.8717792,18.5395603,0 73.8717716,18.5395801,0 73.8717736,18.5396020,0 73.8717852,18.5396262,0 73.8718064,18.5396527,0 73.8718314,18.5396726,0 73.8718603,18.5396859,0 73.8718931,18.5396927,0 73.8719297,18.5396929,0 73.8719622,18.5396878,0 73.8719905,18.5396773,0 73.8720147,18.5396613,0 73.8720348,18.5396400,0 73.8720475,18.5396187,0 73.8720530,18.5395974,0 73.8720512,18.5395761,0 73.8720421,18.5395547,0 73.8720224,18.5395384,0 73.8719920,18.5395269,0 73.8719510,18.5395204,0 73.8718994,18.5395189,0 73.8718564,18.5395221,0 73.8718220,18.5395301,0 73.8717963,18.5395428,0</coordinates></LinearRing></outerBoundaryIs></Polygon></Placemark>
<Placemark><name>1.8-1.9 m</name><description>Depth class 1.8-1.9 m · area 357 m² · ≈4 fused pixels · fill opacity 35%</description><styleUrl>#d3_a59</styleUrl><Polygon><tessellate>1</tessellate><outerBoundaryIs><LinearRing><coordinates>73.8921374,18.5429975,0 73.8921443,18.5430263,0 73.8921678,18.5430449,0 73.8922079,18.5430531,0 73.8922645,18.5430511,0 73.8923377,18.5430387,0 73.8923894,18.5430215,0 73.8924194,18.5429994,0 73.8924278,18.5429724,0 73.8924146,18.5429406,0 73.8923880,18.5429205,0 73.8923479,18.5429123,0 73.8922944,18.5429158,0 73.8922274,18.5429312,0 73.8921789,18.5429499,0 73.8921489,18.5429720,0 73.8921374,18.5429975,0</coordinates></LinearRing></outerBoundaryIs></Polygon></Placemark>
<Placemark><name>1.8-1.9 m</name><description>Depth class 1.8-1.9 m · area 355 m² · ≈4 fused pixels · fill opacity 35%</description><styleUrl>#d3_a59</styleUrl><Polygon><tessellate>1</tessellate><outerBoundaryIs><LinearRing><coordinates>73.9589065,18.5471735,0 73.9589138,18.5472021,0 73.9589375,18.5472205,0 73.9589776,18.5472286,0 73.9590340,18.5472264,0 73.9591068,18.5472140,0 73.9591581,18.5471968,0 73.9591880,18.5471747,0 73.9591963,18.5471477,0 73.9591831,18.5471158,0 73.9591564,18.5470959,0 73.9591163,18.5470878,0 73.9590628,18.5470915,0 73.9589959,18.5471072,0 73.9589475,18.5471261,0 73.9589177,18.5471482,0 73.9589065,18.5471735,0</coordinates></LinearRing></outerBoundaryIs></Polygon></Placemark>
<Placemark><name>1.8-1.9 m</name><description>Depth class 1.8-1.9 m · area 332 m² · ≈3 fused pixels · fill opacity 35%</description><styleUrl>#d3_a59</styleUrl><Polygon><tessellate>1</tessellate><outerBoundaryIs><LinearRing><coordinates>73.9597544,18.5459928,0 73.9597137,18.5460542,0 73.9596905,18.5461012,0 73.9596848,18.5461339,0 73.9596967,18.5461521,0 73.9597261,18.5461558,0 73.9597592,18.5461447,0 73.9597961,18.5461185,0 73.9598367,18.5460775,0 73.9598810,18.5460214,0 73.9599059,18.5459771,0 73.9599116,18.5459445,0 73.9598980,18.5459236,0 73.9598650,18.5459144,0 73.9598301,18.5459228,0 73.9597933,18.5459490,0 73.9597544,18.5459928,0</coordinates></LinearRing></outerBoundaryIs></Polygon></Placemark>
<Placemark><name>1.8-1.9 m</name><description>Depth class 1.8-1.9 m · area 321 m² · ≈3 fused pixels · fill opacity 35%</description><styleUrl>#d3_a59</styleUrl><Polygon><tessellate>1</tessellate><outerBoundaryIs><LinearRing><coordinates>73.8790679,18.5431081,0 73.8790507,18.5431240,0 73.8790418,18.5431420,0 73.8790410,18.5431622,0 73.8790485,18.5431845,0 73.8790642,18.5432088,0 73.8790866,18.5432272,0 73.8791157,18.5432396,0 73.8791517,18.5432460,0 73.8791943,18.5432463,0 73.8792264,18.5432377,0 73.8792478,18.5432200,0 73.8792587,18.5431934,0 73.8792589,18.5431577,0 73.8792487,18.5431297,0 73.8792281,18.5431094,0 73.8791971,18.5430967,0 73.8791557,18.5430917,0 73.8791204,18.5430919,0 73.8790911,18.5430974,0 73.8790679,18.5431081,0</coordinates></LinearRing></outerBoundaryIs></Polygon></Placemark>
<Placemark><name>1.8-1.9 m</name><description>Depth class 1.8-1.9 m · area 320 m² · ≈3 fused pixels · fill opacity 35%</description><styleUrl>#d3_a59</styleUrl><Polygon><tessellate>1</tessellate><outerBoundaryIs><LinearRing><coordinates>73.8702573,18.5402320,0 73.8702991,18.5402512,0 73.8703317,18.5402530,0 73.8703551,18.5402375,0 73.8703693,18.5402047,0 73.8703744,18.5401544,0 73.8703649,18.5401156,0 73.8703410,18.5400880,0 73.8703025,18.5400718,0 73.8702496,18.5400670,0 73.8702114,18.5400723,0 73.8701880,18.5400878,0 73.8701794,18.5401135,0 73.8701855,18.5401494,0 73.8702005,18.5401811,0 73.8702245,18.5402086,0 73.8702573,18.5402320,0</coordinates></LinearRing></outerBoundaryIs></Polygon></Placemark>
<Placemark><name>1.8-1.9 m</name><description>Depth class 1.8-1.9 m · area 312 m² · ≈3 fused pixels · fill opacity 35%</description><styleUrl>#d3_a59</styleUrl><Polygon><tessellate>1</tessellate><outerBoundaryIs><LinearRing><coordinates>73.8718035,18.5407221,0 73.8717424,18.5407350,0 73.8717012,18.5407513,0 73.8716798,18.5407710,0 73.8716782,18.5407941,0 73.8716965,18.5408206,0 73.8717246,18.5408394,0 73.8717628,18.5408506,0 73.8718108,18.5408542,0 73.8718688,18.5408501,0 73.8719084,18.5408382,0 73.8719298,18.5408185,0 73.8719330,18.5407910,0 73.8719178,18.5407557,0 73.8718912,18.5407325,0 73.8718531,18.5407213,0 73.8718035,18.5407221,0</coordinates></LinearRing></outerBoundaryIs></Polygon></Placemark>
<Placemark><name>1.8-1.9 m</name><description>Depth class 1.8-1.9 m · area 311 m² · ≈3 fused pixels · fill opacity 35%</description><styleUrl>#d3_a59</styleUrl><Polygon><tessellate>1</tessellate><outerBoundaryIs><LinearRing><coordinates>73.8889292,18.5443485,0 73.8888683,18.5443616,0 73.8888271,18.5443780,0 73.8888057,18.5443977,0 73.8888041,18.5444207,0 73.8888222,18.5444470,0 73.8888502,18.5444657,0 73.8888883,18.5444768,0 73.8889364,18.5444803,0 73.8889944,18.5444763,0 73.8890341,18.5444645,0 73.8890555,18.5444448,0 73.8890586,18.5444172,0 73.8890434,18.5443819,0 73.8890167,18.5443586,0 73.8889787,18.5443475,0 73.8889292,18.5443485,0</coordinates></LinearRing></outerBoundaryIs></Polygon></Placemark>
<Placemark><name>1.8-1.9 m</name><description>Depth class 1.8-1.9 m · area 261 m² · ≈3 fused pixels · fill opacity 18%</description><styleUrl>#d3_a2e</styleUrl><Polygon><tessellate>1</tessellate><outerBoundaryIs><LinearRing><coordinates>73.8643321,18.5373409,0 73.8643178,18.5373661,0 73.8643201,18.5373931,0 73.8643392,18.5374220,0 73.8643749,18.5374527,0 73.8644274,18.5374852,0 73.8644679,18.5375014,0 73.8644966,18.5375014,0 73.8645134,18.5374852,0 73.8645183,18.5374527,0 73.8645113,18.5374221,0 73.8644922,18.5373932,0 73.8644612,18.5373662,0 73.8644182,18.5373409,0 73.8643823,18.5373283,0 73.8643536,18.5373282,0 73.8643321,18.5373409,0</coordinates></LinearRing></outerBoundaryIs></Polygon></Placemark>
<Placemark><name>1.8-1.9 m</name><description>Depth class 1.8-1.9 m · area 260 m² · ≈3 fused pixels · fill opacity 18%</description><styleUrl>#d3_a2e</styleUrl><Polygon><tessellate>1</tessellate><outerBoundaryIs><LinearRing><coordinates>73.8555579,18.5328928,0 73.8555239,18.5329397,0 73.8555030,18.5329781,0 73.8554951,18.5330081,0 73.8555004,18.5330296,0 73.8555187,18.5330428,0 73.8555437,18.5330414,0 73.8555753,18.5330255,0 73.8556137,18.5329951,0 73.8556587,18.5329501,0 73.8556851,18.5329127,0 73.8556929,18.5328827,0 73.8556822,18.5328602,0 73.8556529,18.5328451,0 73.8556224,18.5328456,0 73.8555907,18.5328615,0 73.8555579,18.5328928,0</coordinates></LinearRing></outerBoundaryIs></Polygon></Placemark>
<Placemark><name>1.8-1.9 m</name><description>Depth class 1.8-1.9 m · area 248 m² · ≈2 fused pixels · fill opacity 18%</description><styleUrl>#d3_a2e</styleUrl><Polygon><tessellate>1</tessellate><outerBoundaryIs><LinearRing><coordinates>73.9635654,18.5437649,0 73.9635704,18.5437928,0 73.9635870,18.5438112,0 73.9636152,18.5438199,0 73.9636548,18.5438190,0 73.9637060,18.5438085,0 73.9637416,18.5437924,0 73.9637616,18.5437706,0 73.9637660,18.5437432,0 73.9637549,18.5437102,0 73.9637352,18.5436894,0 73.9637071,18.5436807,0 73.9636705,18.5436841,0 73.9636254,18.5436996,0 73.9635929,18.5437182,0 73.9635729,18.5437400,0 73.9635654,18.5437649,0</coordinates></LinearRing></outerBoundaryIs></Polygon></Placemark>
<Placemark><name>1.8-1.9 m</name><description>Depth class 1.8-1.9 m · area 236 m² · ≈2 fused pixels · fill opacity 18%</description><styleUrl>#d3_a2e</styleUrl><Polygon><tessellate>1</tessellate><outerBoundaryIs><LinearRing><coordinates>73.8603042,18.5307487,0 73.8602758,18.5307554,0 73.8602568,18.5307719,0 73.8602473,18.5307982,0 73.8602472,18.5308345,0 73.8602565,18.5308807,0 73.8602721,18.5309126,0 73.8602941,18.5309304,0 73.8603224,18.5309340,0 73.8603570,18.5309233,0 73.8603790,18.5309048,0 73.8603886,18.5308784,0 73.8603856,18.5308441,0 73.8603701,18.5308020,0 73.8603514,18.5307721,0 73.8603294,18.5307543,0 73.8603042,18.5307487,0</coordinates></LinearRing></outerBoundaryIs></Polygon></Placemark>
<Placemark><name>1.8-1.9 m</name><description>Depth class 1.8-1.9 m · area 195 m² · ≈2 fused pixels · fill opacity 18%</description><styleUrl>#d3_a2e</styleUrl><Polygon><tessellate>1</tessellate><outerBoundaryIs><LinearRing><coordinates>73.8924088,18.5440830,0 73.8924123,18.5441104,0 73.8924260,18.5441288,0 73.8924498,18.5441383,0 73.8924839,18.5441388,0 73.8925281,18.5441304,0 73.8925563,18.5441156,0 73.8925687,18.5440945,0 73.8925650,18.5440671,0 73.8925455,18.5440333,0 73.8925238,18.5440117,0 73.8924999,18.5440023,0 73.8924739,18.5440049,0 73.8924458,18.5440197,0 73.8924255,18.5440377,0 73.8924132,18.5440588,0 73.8924088,18.5440830,0</coordinates></LinearRing></outerBoundaryIs></Polygon></Placemark>
<Placemark><name>1.8-1.9 m</name><description>Depth class 1.8-1.9 m · area 194 m² · ≈2 fused pixels · fill opacity 18%</description><styleUrl>#d3_a2e</styleUrl><Polygon><tessellate>1</tessellate><outerBoundaryIs><LinearRing><coordinates>73.9557774,18.5467934,0 73.9557815,18.5468210,0 73.9557954,18.5468396,0 73.9558192,18.5468492,0 73.9558528,18.5468496,0 73.9558962,18.5468411,0 73.9559238,18.5468262,0 73.9559358,18.5468051,0 73.9559320,18.5467776,0 73.9559124,18.5467439,0 73.9558907,18.5467223,0 73.9558670,18.5467127,0 73.9558411,18.5467153,0 73.9558131,18.5467299,0 73.9557932,18.5467478,0 73.9557813,18.5467690,0 73.9557774,18.5467934,0</coordinates></LinearRing></outerBoundaryIs></Polygon></Placemark>
<Placemark><name>1.8-1.9 m</name><description>Depth class 1.8-1.9 m · area 189 m² · ≈2 fused pixels · fill opacity 18%</description><styleUrl>#d3_a2e</styleUrl><Polygon><tessellate>1</tessellate><outerBoundaryIs><LinearRing><coordinates>73.9520720,18.5461860,0 73.9521048,18.5461979,0 73.9521288,18.5461949,0 73.9521441,18.5461768,0 73.9521508,18.5461439,0 73.9521487,18.5460959,0 73.9521405,18.5460608,0 73.9521262,18.5460386,0 73.9521057,18.5460292,0 73.9520791,18.5460327,0 73.9520582,18.5460434,0 73.9520428,18.5460615,0 73.9520331,18.5460868,0 73.9520291,18.5461193,0 73.9520342,18.5461467,0 73.9520485,18.5461690,0 73.9520720,18.5461860,0</coordinates></LinearRing></outerBoundaryIs></Polygon></Placemark>
<Placemark><name>1.8-1.9 m</name><description>Depth class 1.8-1.9 m · area 179 m² · ≈2 fused pixels · fill opacity 18%</description><styleUrl>#d3_a2e</styleUrl><Polygon><tessellate>1</tessellate><outerBoundaryIs><LinearRing><coordinates>73.9907527,18.5242081,0 73.9907792,18.5242225,0 73.9908036,18.5242226,0 73.9908260,18.5242085,0 73.9908464,18.5241800,0 73.9908647,18.5241372,0 73.9908725,18.5241040,0 73.9908699,18.5240803,0 73.9908567,18.5240661,0 73.9908331,18.5240615,0 73.9908101,18.5240663,0 73.9907877,18.5240805,0 73.9907659,18.5241040,0 73.9907447,18.5241370,0 73.9907354,18.5241653,0 73.9907381,18.5241890,0 73.9907527,18.5242081,0</coordinates></LinearRing></outerBoundaryIs></Polygon></Placemark>
<Placemark><name>1.8-1.9 m</name><description>Depth class 1.8-1.9 m · area 177 m² · ≈2 fused pixels · fill opacity 18%</description><styleUrl>#d3_a2e</styleUrl><Polygon><tessellate>1</tessellate><outerBoundaryIs><LinearRing><coordinates>73.9749590,18.5355999,0 73.9749855,18.5356144,0 73.9750098,18.5356146,0 73.9750319,18.5356006,0 73.9750518,18.5355723,0 73.9750696,18.5355298,0 73.9750769,18.5354968,0 73.9750738,18.5354734,0 73.9750603,18.5354595,0 73.9750364,18.5354551,0 73.9750134,18.5354600,0 73.9749913,18.5354740,0 73.9749700,18.5354972,0 73.9749497,18.5355296,0 73.9749411,18.5355575,0 73.9749442,18.5355810,0 73.9749590,18.5355999,0</coordinates></LinearRing></outerBoundaryIs></Polygon></Placemark>
<Placemark><name>1.8-1.9 m</name><description>Depth class 1.8-1.9 m · area 175 m² · ≈2 fused pixels · fill opacity 18%</description><styleUrl>#d3_a2e</styleUrl><Polygon><tessellate>1</tessellate><outerBoundaryIs><LinearRing><coordinates>73.9904517,18.5244050,0 73.9904433,18.5244339,0 73.9904422,18.5244583,0 73.9904486,18.5244783,0 73.9904624,18.5244938,0 73.9904836,18.5245047,0 73.9905057,18.5245027,0 73.9905287,18.5244876,0 73.9905526,18.5244594,0 73.9905775,18.5244183,0 73.9905867,18.5243877,0 73.9905803,18.5243678,0 73.9905583,18.5243584,0 73.9905208,18.5243597,0 73.9904905,18.5243678,0 73.9904674,18.5243829,0 73.9904517,18.5244050,0</coordinates></LinearRing></outerBoundaryIs></Polygon></Placemark>
<Placemark><name>1.8-1.9 m</name><description>Depth class 1.8-1.9 m · area 121 m² · ≈1 fused pixels · fill opacity 18%</description><styleUrl>#d3_a2e</styleUrl><Polygon><tessellate>1</tessellate><outerBoundaryIs><LinearRing><coordinates>73.8625863,18.5347310,0 73.8626028,18.5347104,0 73.8626086,18.5346907,0 73.8626036,18.5346719,0 73.8625878,18.5346540,0 73.8625612,18.5346370,0 73.8625383,18.5346308,0 73.8625191,18.5346352,0 73.8625035,18.5346504,0 73.8624916,18.5346763,0 73.8624881,18.5346987,0 73.8624931,18.5347175,0 73.8625066,18.5347327,0 73.8625285,18.5347444,0 73.8625491,18.5347480,0 73.8625684,18.5347436,0 73.8625863,18.5347310,0</coordinates></LinearRing></outerBoundaryIs></Polygon></Placemark>
<Placemark><name>1.8-1.9 m</name><description>Depth class 1.8-1.9 m · area 118 m² · ≈1 fused pixels · fill opacity 18%</description><styleUrl>#d3_a2e</styleUrl><Polygon><tessellate>1</tessellate><outerBoundaryIs><LinearRing><coordinates>73.9475559,18.5452243,0 73.9475390,18.5452437,0 73.9475327,18.5452627,0 73.9475369,18.5452814,0 73.9475516,18.5452997,0 73.9475769,18.5453177,0 73.9475992,18.5453252,0 73.9476187,18.5453221,0 73.9476351,18.5453085,0 73.9476487,18.5452844,0 73.9476533,18.5452630,0 73.9476491,18.5452443,0 73.9476360,18.5452283,0 73.9476141,18.5452151,0 73.9475934,18.5452100,0 73.9475740,18.5452131,0 73.9475559,18.5452243,0</coordinates></LinearRing></outerBoundaryIs></Polygon></Placemark>
</Folder>
<Folder><name>1.9-2.0 m</name>
<Placemark><name>1.9-2.0 m</name><description>Depth class 1.9-2.0 m · area 15,160 m² · ≈152 fused pixels · fill opacity 85%</description><styleUrl>#d4_ad9</styleUrl><Polygon><tessellate>1</tessellate><outerBoundaryIs><LinearRing><coordinates>73.8625405,18.5350034,0 73.8625878,18.5350745,0 73.8626284,18.5351263,0 73.8626623,18.5351588,0 73.8626895,18.5351720,0 73.8627100,18.5351660,0 73.8627288,18.5351497,0 73.8627458,18.5351231,0 73.8627611,18.5350863,0 73.8627746,18.5350393,0 73.8627949,18.5350028,0 73.8628220,18.5349769,0 73.8628559,18.5349616,0 73.8628966,18.5349567,0 73.8629530,18.5349657,0 73.8630253,18.5349886,0 73.8631135,18.5350252,0 73.8632174,18.5350757,0 73.8633166,18.5351344,0 73.8634110,18.5352012,0 73.8635007,18.5352762,0 73.8635857,18.5353594,0 73.8636609,18.5354222,0 73.8637265,18.5354647,0 73.8637824,18.5354869,0 73.8638287,18.5354888,0 73.8638667,18.5354853,0 73.8638965,18.5354764,0 73.8639180,18.5354622,0 73.8639313,18.5354425,0 73.8639285,18.5353998,0 73.8639095,18.5353341,0 73.8638743,18.5352453,0 73.8638230,18.5351334,0 73.8637895,18.5350394,0 73.8637738,18.5349632,0 73.8637759,18.5349048,0 73.8637959,18.5348643,0 73.8638332,18.5348264,0 73.8638877,18.5347909,0 73.8639594,18.5347580,0 73.8640484,18.5347276,0 73.8641308,18.5347103,0 73.8642065,18.5347062,0 73.8642755,18.5347152,0 73.8643380,18.5347373,0 73.8643914,18.5347488,0 73.8644360,18.5347496,0 73.8644716,18.5347398,0 73.8644982,18.5347193,0 73.8645348,18.5347032,0 73.8645813,18.5346916,0 73.8646377,18.5346844,0 73.8647040,18.5346816,0 73.8647559,18.5346719,0 73.8647935,18.5346555,0 73.8648167,18.5346322,0 73.8648256,18.5346021,0 73.8647770,18.5345582,0 73.8646710,18.5345006,0 73.8645075,18.5344291,0 73.8642866,18.5343439,0 73.8641016,18.5342638,0 73.8639526,18.5341889,0 73.8638395,18.5341191,0 73.8637624,18.5340545,0 73.8636642,18.5340548,0 73.8635449,18.5341201,0 73.8634046,18.5342503,0 73.8632433,18.5344454,0 73.8630921,18.5345935,0 73.8629511,18.5346943,0 73.8628203,18.5347480,0 73.8626997,18.5347546,0 73.8626062,18.5347678,0 73.8625398,18.5347877,0 73.8625004,18.5348141,0 73.8624880,18.5348472,0 73.8624906,18.5348898,0 73.8625081,18.5349418,0 73.8625405,18.5350034,0</coordinates></LinearRing></outerBoundaryIs></Polygon></Placemark>
<Placemark><name>1.9-2.0 m</name><description>Depth class 1.9-2.0 m · area 8,238 m² · ≈82 fused pixels · fill opacity 72%</description><styleUrl>#d4_ab8</styleUrl><Polygon><tessellate>1</tessellate><outerBoundaryIs><LinearRing><coordinates>73.8993832,18.5415623,0 73.8994513,18.5417037,0 73.8995033,18.5418215,0 73.8995393,18.5419159,0 73.8995591,18.5419867,0 73.8995629,18.5420340,0 73.8995787,18.5420817,0 73.8996066,18.5421296,0 73.8996466,18.5421779,0 73.8996987,18.5422265,0 73.8997587,18.5422627,0 73.8998266,18.5422866,0 73.8999025,18.5422982,0 73.8999862,18.5422975,0 73.9000662,18.5422778,0 73.9001424,18.5422390,0 73.9002148,18.5421812,0 73.9002834,18.5421045,0 73.9003649,18.5420496,0 73.9004590,18.5420166,0 73.9005660,18.5420055,0 73.9006858,18.5420162,0 73.9007888,18.5420115,0 73.9008752,18.5419913,0 73.9009449,18.5419556,0 73.9009979,18.5419043,0 73.9010289,18.5418565,0 73.9010379,18.5418120,0 73.9010250,18.5417708,0 73.9009901,18.5417331,0 73.9009382,18.5417132,0 73.9008693,18.5417112,0 73.9007834,18.5417271,0 73.9006805,18.5417609,0 73.9005812,18.5417832,0 73.9004855,18.5417940,0 73.9003933,18.5417932,0 73.9003047,18.5417809,0 73.9002301,18.5417772,0 73.9001696,18.5417819,0 73.9001230,18.5417951,0 73.9000904,18.5418169,0 73.9000452,18.5418329,0 73.8999873,18.5418433,0 73.8999169,18.5418479,0 73.8998338,18.5418469,0 73.8997665,18.5418392,0 73.8997149,18.5418247,0 73.8996791,18.5418036,0 73.8996590,18.5417758,0 73.8996517,18.5417319,0 73.8996572,18.5416719,0 73.8996755,18.5415959,0 73.8997067,18.5415038,0 73.8997292,18.5414213,0 73.8997432,18.5413484,0 73.8997486,18.5412851,0 73.8997454,18.5412314,0 73.8997275,18.5411899,0 73.8996950,18.5411605,0 73.8996479,18.5411433,0 73.8995861,18.5411382,0 73.8995278,18.5411408,0 73.8994730,18.5411512,0 73.8994216,18.5411693,0 73.8993737,18.5411952,0 73.8993364,18.5412219,0 73.8993099,18.5412493,0 73.8992940,18.5412776,0 73.8992888,18.5413067,0 73.8993020,18.5413638,0 73.8993334,18.5414490,0 73.8993832,18.5415623,0</coordinates></LinearRing></outerBoundaryIs></Polygon></Placemark>
<Placemark><name>1.9-2.0 m</name><description>Depth class 1.9-2.0 m · area 3,601 m² · ≈36 fused pixels · fill opacity 72%</description><styleUrl>#d4_ab8</styleUrl><Polygon><tessellate>1</tessellate><outerBoundaryIs><LinearRing><coordinates>73.9676217,18.5437738,0 73.9676522,18.5438073,0 73.9676949,18.5438326,0 73.9677497,18.5438498,0 73.9678167,18.5438588,0 73.9678959,18.5438596,0 73.9679630,18.5438549,0 73.9680180,18.5438445,0 73.9680610,18.5438286,0 73.9680919,18.5438070,0 73.9681552,18.5437851,0 73.9682509,18.5437629,0 73.9683788,18.5437402,0 73.9685392,18.5437172,0 73.9686652,18.5436933,0 73.9687569,18.5436683,0 73.9688143,18.5436424,0 73.9688373,18.5436154,0 73.9688658,18.5435963,0 73.9688997,18.5435849,0 73.9689389,18.5435813,0 73.9689835,18.5435855,0 73.9690196,18.5435809,0 73.9690471,18.5435676,0 73.9690661,18.5435455,0 73.9690765,18.5435147,0 73.9690746,18.5434884,0 73.9690606,18.5434665,0 73.9690344,18.5434491,0 73.9689960,18.5434360,0 73.9689615,18.5434327,0 73.9689308,18.5434390,0 73.9689041,18.5434549,0 73.9688812,18.5434805,0 73.9688502,18.5435018,0 73.9688109,18.5435188,0 73.9687635,18.5435314,0 73.9687079,18.5435398,0 73.9686266,18.5435429,0 73.9685195,18.5435408,0 73.9683867,18.5435334,0 73.9682282,18.5435207,0 73.9681023,18.5435164,0 73.9680090,18.5435205,0 73.9679482,18.5435330,0 73.9679201,18.5435539,0 73.9678824,18.5435702,0 73.9678352,18.5435821,0 73.9677784,18.5435894,0 73.9677122,18.5435922,0 73.9676601,18.5436023,0 73.9676224,18.5436196,0 73.9675989,18.5436441,0 73.9675897,18.5436759,0 73.9675904,18.5437081,0 73.9676011,18.5437407,0 73.9676217,18.5437738,0</coordinates></LinearRing></outerBoundaryIs></Polygon></Placemark>
<Placemark><name>1.9-2.0 m</name><description>Depth class 1.9-2.0 m · area 3,547 m² · ≈35 fused pixels · fill opacity 72%</description><styleUrl>#d4_ab8</styleUrl><Polygon><tessellate>1</tessellate><outerBoundaryIs><LinearRing><coordinates>73.9519959,18.5456252,0 73.9519694,18.5457647,0 73.9519538,18.5458731,0 73.9519490,18.5459502,0 73.9519550,18.5459962,0 73.9519719,18.5460110,0 73.9520209,18.5459994,0 73.9521020,18.5459615,0 73.9522151,18.5458972,0 73.9523604,18.5458066,0 73.9524571,18.5457059,0 73.9525054,18.5455950,0 73.9525051,18.5454741,0 73.9524564,18.5453430,0 73.9524105,18.5452452,0 73.9523675,18.5451807,0 73.9523273,18.5451494,0 73.9522900,18.5451515,0 73.9522497,18.5451694,0 73.9522062,18.5452031,0 73.9521597,18.5452526,0 73.9521100,18.5453179,0 73.9520662,18.5454018,0 73.9520282,18.5455042,0 73.9519959,18.5456252,0</coordinates></LinearRing></outerBoundaryIs></Polygon></Placemark>
<Placemark><name>1.9-2.0 m</name><description>Depth class 1.9-2.0 m · area 2,838 m² · ≈28 fused pixels · fill opacity 72%</description><styleUrl>#d4_ab8</styleUrl><Polygon><tessellate>1</tessellate><outerBoundaryIs><LinearRing><coordinates>73.8602609,18.5320413,0 73.8602914,18.5320748,0 73.8603385,18.5320994,0 73.8604022,18.5321151,0 73.8604825,18.5321219,0 73.8605794,18.5321197,0 73.8606587,18.5321301,0 73.8607203,18.5321531,0 73.8607642,18.5321886,0 73.8607905,18.5322367,0 73.8608247,18.5322701,0 73.8608670,18.5322889,0 73.8609173,18.5322930,0 73.8609756,18.5322825,0 73.8610185,18.5322665,0 73.8610462,18.5322450,0 73.8610586,18.5322180,0 73.8610557,18.5321855,0 73.8610394,18.5321537,0 73.8610097,18.5321225,0 73.8609666,18.5320920,0 73.8609101,18.5320621,0 73.8608533,18.5320236,0 73.8607962,18.5319764,0 73.8607389,18.5319206,0 73.8606814,18.5318561,0 73.8606478,18.5317970,0 73.8606383,18.5317433,0 73.8606528,18.5316950,0 73.8606914,18.5316522,0 73.8607177,18.5316145,0 73.8607316,18.5315822,0 73.8607333,18.5315550,0 73.8607226,18.5315332,0 73.8607031,18.5315177,0 73.8606748,18.5315087,0 73.8606376,18.5315060,0 73.8605915,18.5315098,0 73.8605603,18.5315278,0 73.8605438,18.5315601,0 73.8605420,18.5316065,0 73.8605550,18.5316671,0 73.8605570,18.5317185,0 73.8605478,18.5317607,0 73.8605276,18.5317935,0 73.8604962,18.5318171,0 73.8604601,18.5318357,0 73.8604190,18.5318494,0 73.8603731,18.5318580,0 73.8603224,18.5318617,0 73.8602824,18.5318722,0 73.8602531,18.5318895,0 73.8602346,18.5319136,0 73.8602268,18.5319446,0 73.8602286,18.5319761,0 73.8602400,18.5320084,0 73.8602609,18.5320413,0</coordinates></LinearRing></outerBoundaryIs></Polygon></Placemark>
<Placemark><name>1.9-2.0 m</name><description>Depth class 1.9-2.0 m · area 2,264 m² · ≈23 fused pixels · fill opacity 55%</description><styleUrl>#d4_a8c</styleUrl><Polygon><tessellate>1</tessellate><outerBoundaryIs><LinearRing><coordinates>73.9491993,18.5449693,0 73.9491202,18.5450523,0 73.9490670,18.5451212,0 73.9490399,18.5451760,0 73.9490389,18.5452167,0 73.9490639,18.5452433,0 73.9490976,18.5452639,0 73.9491401,18.5452786,0 73.9491913,18.5452873,0 73.9492513,18.5452900,0 73.9493100,18.5452857,0 73.9493674,18.5452743,0 73.9494236,18.5452557,0 73.9494785,18.5452300,0 73.9495299,18.5451981,0 73.9495779,18.5451599,0 73.9496224,18.5451154,0 73.9496635,18.5450646,0 73.9496831,18.5450179,0 73.9496813,18.5449752,0 73.9496581,18.5449365,0 73.9496135,18.5449018,0 73.9495657,18.5448755,0 73.9495149,18.5448575,0 73.9494609,18.5448479,0 73.9494038,18.5448466,0 73.9493411,18.5448664,0 73.9492730,18.5449073,0 73.9491993,18.5449693,0</coordinates></LinearRing></outerBoundaryIs></Polygon></Placemark>
<Placemark><name>1.9-2.0 m</name><description>Depth class 1.9-2.0 m · area 2,212 m² · ≈22 fused pixels · fill opacity 55%</description><styleUrl>#d4_a8c</styleUrl><Polygon><tessellate>1</tessellate><outerBoundaryIs><LinearRing><coordinates>73.8621715,18.5329279,0 73.8621915,18.5330403,0 73.8622336,18.5331242,0 73.8622977,18.5331796,0 73.8623839,18.5332065,0 73.8624923,18.5332049,0 73.8625741,18.5331892,0 73.8626294,18.5331593,0 73.8626581,18.5331154,0 73.8626604,18.5330574,0 73.8626446,18.5329968,0 73.8626108,18.5329336,0 73.8625591,18.5328679,0 73.8624893,18.5327996,0 73.8624272,18.5327476,0 73.8623728,18.5327119,0 73.8623260,18.5326924,0 73.8622869,18.5326891,0 73.8622521,18.5326914,0 73.8622217,18.5326992,0 73.8621957,18.5327124,0 73.8621741,18.5327312,0 73.8621628,18.5327734,0 73.8621620,18.5328389,0 73.8621715,18.5329279,0</coordinates></LinearRing></outerBoundaryIs></Polygon></Placemark>
<Placemark><name>1.9-2.0 m</name><description>Depth class 1.9-2.0 m · area 2,158 m² · ≈22 fused pixels · fill opacity 55%</description><styleUrl>#d4_a8c</styleUrl><Polygon><tessellate>1</tessellate><outerBoundaryIs><LinearRing><coordinates>73.9129701,18.5404898,0 73.9129192,18.5405524,0 73.9128901,18.5406058,0 73.9128828,18.5406501,0 73.9128973,18.5406853,0 73.9129336,18.5407113,0 73.9129686,18.5407254,0 73.9130023,18.5407277,0 73.9130345,18.5407182,0 73.9130655,18.5406968,0 73.9131118,18.5406802,0 73.9131734,18.5406685,0 73.9132503,18.5406617,0 73.9133425,18.5406597,0 73.9134244,18.5406439,0 73.9134961,18.5406142,0 73.9135574,18.5405706,0 73.9136084,18.5405132,0 73.9136372,18.5404625,0 73.9136438,18.5404185,0 73.9136281,18.5403813,0 73.9135901,18.5403508,0 73.9135539,18.5403332,0 73.9135194,18.5403287,0 73.9134867,18.5403371,0 73.9134557,18.5403585,0 73.9134098,18.5403749,0 73.9133490,18.5403863,0 73.9132732,18.5403926,0 73.9131825,18.5403939,0 73.9131018,18.5404105,0 73.9130310,18.5404425,0 73.9129701,18.5404898,0</coordinates></LinearRing></outerBoundaryIs></Polygon></Placemark>
<Placemark><name>1.9-2.0 m</name><description>Depth class 1.9-2.0 m · area 1,751 m² · ≈18 fused pixels · fill opacity 55%</description><styleUrl>#d4_a8c</styleUrl><Polygon><tessellate>1</tessellate><outerBoundaryIs><LinearRing><coordinates>73.9186971,18.5393726,0 73.9186812,18.5393951,0 73.9186813,18.5394232,0 73.9186973,18.5394571,0 73.9187294,18.5394967,0 73.9187774,18.5395420,0 73.9188224,18.5395706,0 73.9188643,18.5395824,0 73.9189033,18.5395776,0 73.9189392,18.5395560,0 73.9189888,18.5395395,0 73.9190521,18.5395280,0 73.9191291,18.5395217,0 73.9192198,18.5395204,0 73.9192951,18.5395117,0 73.9193549,18.5394956,0 73.9193993,18.5394721,0 73.9194283,18.5394412,0 73.9194416,18.5394091,0 73.9194394,18.5393759,0 73.9194216,18.5393415,0 73.9193882,18.5393059,0 73.9193476,18.5392847,0 73.9192998,18.5392779,0 73.9192447,18.5392855,0 73.9191824,18.5393075,0 73.9191127,18.5393239,0 73.9190355,18.5393347,0 73.9189510,18.5393399,0 73.9188590,18.5393396,0 73.9187860,18.5393449,0 73.9187320,18.5393559,0 73.9186971,18.5393726,0</coordinates></LinearRing></outerBoundaryIs></Polygon></Placemark>
<Placemark><name>1.9-2.0 m</name><description>Depth class 1.9-2.0 m · area 1,660 m² · ≈17 fused pixels · fill opacity 55%</description><styleUrl>#d4_a8c</styleUrl><Polygon><tessellate>1</tessellate><outerBoundaryIs><LinearRing><coordinates>73.8595036,18.5319463,0 73.8595342,18.5319799,0 73.8595763,18.5320050,0 73.8596302,18.5320217,0 73.8596957,18.5320301,0 73.8597728,18.5320300,0 73.8598331,18.5320090,0 73.8598766,18.5319670,0 73.8599032,18.5319041,0 73.8599130,18.5318203,0 73.8599102,18.5317507,0 73.8598949,18.5316954,0 73.8598669,18.5316544,0 73.8598264,18.5316277,0 73.8597781,18.5316184,0 73.8597220,18.5316268,0 73.8596580,18.5316526,0 73.8595863,18.5316960,0 73.8595312,18.5317369,0 73.8594928,18.5317755,0 73.8594709,18.5318117,0 73.8594657,18.5318454,0 73.8594694,18.5318791,0 73.8594821,18.5319127,0 73.8595036,18.5319463,0</coordinates></LinearRing></outerBoundaryIs></Polygon></Placemark>
<Placemark><name>1.9-2.0 m</name><description>Depth class 1.9-2.0 m · area 1,358 m² · ≈14 fused pixels · fill opacity 55%</description><styleUrl>#d4_a8c</styleUrl><Polygon><tessellate>1</tessellate><outerBoundaryIs><LinearRing><coordinates>73.8710287,18.5395566,0 73.8711159,18.5395569,0 73.8711812,18.5395387,0 73.8712247,18.5395020,0 73.8712464,18.5394469,0 73.8712463,18.5393733,0 73.8712343,18.5393074,0 73.8712104,18.5392493,0 73.8711745,18.5391989,0 73.8711266,18.5391561,0 73.8710795,18.5391406,0 73.8710330,18.5391524,0 73.8709873,18.5391913,0 73.8709423,18.5392575,0 73.8709099,18.5393196,0 73.8708903,18.5393776,0 73.8708835,18.5394315,0 73.8708893,18.5394814,0 73.8709154,18.5395188,0 73.8709619,18.5395439,0 73.8710287,18.5395566,0</coordinates></LinearRing></outerBoundaryIs></Polygon></Placemark>
<Placemark><name>1.9-2.0 m</name><description>Depth class 1.9-2.0 m · area 1,303 m² · ≈13 fused pixels · fill opacity 55%</description><styleUrl>#d4_a8c</styleUrl><Polygon><tessellate>1</tessellate><outerBoundaryIs><LinearRing><coordinates>73.9035216,18.5417272,0 73.9035460,18.5418194,0 73.9035729,18.5418883,0 73.9036023,18.5419338,0 73.9036341,18.5419559,0 73.9036685,18.5419546,0 73.9037064,18.5419418,0 73.9037478,18.5419175,0 73.9037928,18.5418818,0 73.9038414,18.5418346,0 73.9038721,18.5417900,0 73.9038849,18.5417481,0 73.9038797,18.5417089,0 73.9038567,18.5416723,0 73.9038267,18.5416386,0 73.9037896,18.5416078,0 73.9037455,18.5415798,0 73.9036943,18.5415546,0 73.9036477,18.5415403,0 73.9036055,18.5415367,0 73.9035678,18.5415439,0 73.9035347,18.5415618,0 73.9035159,18.5415984,0 73.9035116,18.5416535,0 73.9035216,18.5417272,0</coordinates></LinearRing></outerBoundaryIs></Polygon></Placemark>
<Placemark><name>1.9-2.0 m</name><description>Depth class 1.9-2.0 m · area 1,164 m² · ≈12 fused pixels · fill opacity 55%</description><styleUrl>#d4_a8c</styleUrl><Polygon><tessellate>1</tessellate><outerBoundaryIs><LinearRing><coordinates>73.9171324,18.5397787,0 73.9171280,18.5398445,0 73.9171441,18.5398940,0 73.9171807,18.5399271,0 73.9172379,18.5399437,0 73.9173157,18.5399440,0 73.9173740,18.5399184,0 73.9174129,18.5398668,0 73.9174323,18.5397894,0 73.9174322,18.5396861,0 73.9174245,18.5396079,0 73.9174091,18.5395548,0 73.9173861,18.5395267,0 73.9173554,18.5395238,0 73.9173217,18.5395316,0 73.9172851,18.5395502,0 73.9172455,18.5395795,0 73.9172029,18.5396196,0 73.9171699,18.5396662,0 73.9171464,18.5397192,0 73.9171324,18.5397787,0</coordinates></LinearRing></outerBoundaryIs></Polygon></Placemark>
<Placemark><name>1.9-2.0 m</name><description>Depth class 1.9-2.0 m · area 1,133 m² · ≈11 fused pixels · fill opacity 55%</description><styleUrl>#d4_a8c</styleUrl><Polygon><tessellate>1</tessellate><outerBoundaryIs><LinearRing><coordinates>73.8700111,18.5386750,0 73.8700654,18.5387542,0 73.8701220,18.5388004,0 73.8701808,18.5388136,0 73.8702418,18.5387939,0 73.8703051,18.5387413,0 73.8703330,18.5386868,0 73.8703254,18.5386306,0 73.8702824,18.5385726,0 73.8702038,18.5385128,0 73.8701368,18.5384687,0 73.8700812,18.5384404,0 73.8700371,18.5384278,0 73.8700044,18.5384310,0 73.8699783,18.5384409,0 73.8699588,18.5384576,0 73.8699458,18.5384810,0 73.8699394,18.5385111,0 73.8699481,18.5385535,0 73.8699720,18.5386081,0 73.8700111,18.5386750,0</coordinates></LinearRing></outerBoundaryIs></Polygon></Placemark>
<Placemark><name>1.9-2.0 m</name><description>Depth class 1.9-2.0 m · area 1,032 m² · ≈10 fused pixels · fill opacity 55%</description><styleUrl>#d4_a8c</styleUrl><Polygon><tessellate>1</tessellate><outerBoundaryIs><LinearRing><coordinates>73.9635618,18.5450374,0 73.9634593,18.5450479,0 73.9633843,18.5450630,0 73.9633366,18.5450830,0 73.9633163,18.5451076,0 73.9633233,18.5451370,0 73.9633475,18.5451598,0 73.9633886,18.5451761,0 73.9634469,18.5451858,0 73.9635222,18.5451889,0 73.9635856,18.5451852,0 73.9636371,18.5451745,0 73.9636767,18.5451569,0 73.9637044,18.5451323,0 73.9637380,18.5451141,0 73.9637776,18.5451020,0 73.9638231,18.5450963,0 73.9638746,18.5450968,0 73.9639180,18.5450902,0 73.9639535,18.5450766,0 73.9639809,18.5450559,0 73.9640004,18.5450281,0 73.9640022,18.5450033,0 73.9639866,18.5449816,0 73.9639533,18.5449629,0 73.9639025,18.5449472,0 73.9638575,18.5449415,0 73.9638182,18.5449459,0 73.9637847,18.5449604,0 73.9637570,18.5449850,0 73.9637107,18.5450060,0 73.9636456,18.5450235,0 73.9635618,18.5450374,0</coordinates></LinearRing></outerBoundaryIs></Polygon></Placemark>
<Placemark><name>1.9-2.0 m</name><description>Depth class 1.9-2.0 m · area 999 m² · ≈10 fused pixels · fill opacity 55%</description><styleUrl>#d4_a8c</styleUrl><Polygon><tessellate>1</tessellate><outerBoundaryIs><LinearRing><coordinates>73.9016966,18.5413332,0 73.9016994,18.5413994,0 73.9017203,18.5414490,0 73.9017595,18.5414819,0 73.9018169,18.5414981,0 73.9018924,18.5414976,0 73.9019561,18.5414906,0 73.9020079,18.5414771,0 73.9020478,18.5414572,0 73.9020758,18.5414308,0 73.9020969,18.5414035,0 73.9021110,18.5413753,0 73.9021181,18.5413463,0 73.9021183,18.5413164,0 73.9020918,18.5412916,0 73.9020386,18.5412719,0 73.9019588,18.5412574,0 73.9018522,18.5412480,0 73.9017730,18.5412575,0 73.9017211,18.5412859,0 73.9016966,18.5413332,0</coordinates></LinearRing></outerBoundaryIs></Polygon></Placemark>
<Placemark><name>1.9-2.0 m</name><description>Depth class 1.9-2.0 m · area 958 m² · ≈10 fused pixels · fill opacity 55%</description><styleUrl>#d4_a8c</styleUrl><Polygon><tessellate>1</tessellate><outerBoundaryIs><LinearRing><coordinates>73.9012370,18.5418033,0 73.9012254,18.5418233,0 73.9012229,18.5418443,0 73.9012296,18.5418662,0 73.9012453,18.5418892,0 73.9012702,18.5419132,0 73.9013137,18.5419313,0 73.9013760,18.5419435,0 73.9014569,18.5419498,0 73.9015564,18.5419501,0 73.9016368,18.5419441,0 73.9016978,18.5419317,0 73.9017396,18.5419128,0 73.9017621,18.5418876,0 73.9017752,18.5418643,0 73.9017789,18.5418427,0 73.9017731,18.5418230,0 73.9017580,18.5418051,0 73.9017165,18.5417914,0 73.9016488,18.5417819,0 73.9015549,18.5417765,0 73.9014347,18.5417752,0 73.9013416,18.5417793,0 73.9012757,18.5417887,0 73.9012370,18.5418033,0</coordinates></LinearRing></outerBoundaryIs></Polygon></Placemark>
<Placemark><name>1.9-2.0 m</name><description>Depth class 1.9-2.0 m · area 940 m² · ≈9 fused pixels · fill opacity 55%</description><styleUrl>#d4_a8c</styleUrl><Polygon><tessellate>1</tessellate><outerBoundaryIs><LinearRing><coordinates>73.8809835,18.5427945,0 73.8809492,18.5428343,0 73.8809307,18.5428709,0 73.8809280,18.5429043,0 73.8809411,18.5429346,0 73.8809700,18.5429617,0 73.8810194,18.5429795,0 73.8810892,18.5429880,0 73.8811795,18.5429871,0 73.8812902,18.5429769,0 73.8813705,18.5429610,0 73.8814202,18.5429394,0 73.8814396,18.5429121,0 73.8814284,18.5428791,0 73.8814044,18.5428538,0 73.8813675,18.5428362,0 73.8813178,18.5428264,0 73.8812551,18.5428242,0 73.8812003,18.5428172,0 73.8811532,18.5428053,0 73.8811139,18.5427886,0 73.8810823,18.5427671,0 73.8810501,18.5427609,0 73.8810171,18.5427701,0 73.8809835,18.5427945,0</coordinates></LinearRing></outerBoundaryIs></Polygon></Placemark>
<Placemark><name>1.9-2.0 m</name><description>Depth class 1.9-2.0 m · area 921 m² · ≈9 fused pixels · fill opacity 55%</description><styleUrl>#d4_a8c</styleUrl><Polygon><tessellate>1</tessellate><outerBoundaryIs><LinearRing><coordinates>73.9024795,18.5417541,0 73.9025288,18.5418305,0 73.9025762,18.5418824,0 73.9026218,18.5419098,0 73.9026656,18.5419127,0 73.9027075,18.5418911,0 73.9027259,18.5418510,0 73.9027207,18.5417925,0 73.9026920,18.5417155,0 73.9026396,18.5416200,0 73.9025917,18.5415509,0 73.9025483,18.5415082,0 73.9025093,18.5414920,0 73.9024748,18.5415022,0 73.9024478,18.5415175,0 73.9024284,18.5415378,0 73.9024165,18.5415633,0 73.9024122,18.5415938,0 73.9024212,18.5416357,0 73.9024437,18.5416892,0 73.9024795,18.5417541,0</coordinates></LinearRing></outerBoundaryIs></Polygon></Placemark>
<Placemark><name>1.9-2.0 m</name><description>Depth class 1.9-2.0 m · area 820 m² · ≈8 fused pixels · fill opacity 55%</description><styleUrl>#d4_a8c</styleUrl><Polygon><tessellate>1</tessellate><outerBoundaryIs><LinearRing><coordinates>73.8556475,18.5330054,0 73.8556192,18.5330651,0 73.8556099,18.5331155,0 73.8556195,18.5331567,0 73.8556481,18.5331887,0 73.8556955,18.5332115,0 73.8557422,18.5332171,0 73.8557880,18.5332056,0 73.8558331,18.5331770,0 73.8558773,18.5331313,0 73.8559072,18.5330878,0 73.8559227,18.5330465,0 73.8559239,18.5330075,0 73.8559107,18.5329707,0 73.8558883,18.5329432,0 73.8558566,18.5329248,0 73.8558156,18.5329157,0 73.8557653,18.5329158,0 73.8557205,18.5329308,0 73.8556813,18.5329606,0 73.8556475,18.5330054,0</coordinates></LinearRing></outerBoundaryIs></Polygon></Placemark>
<Placemark><name>1.9-2.0 m</name><description>Depth class 1.9-2.0 m · area 804 m² · ≈8 fused pixels · fill opacity 55%</description><styleUrl>#d4_a8c</styleUrl><Polygon><tessellate>1</tessellate><outerBoundaryIs><LinearRing><coordinates>73.9178960,18.5393968,0 73.9178191,18.5394378,0 73.9177697,18.5394841,0 73.9177475,18.5395356,0 73.9177528,18.5395925,0 73.9177854,18.5396546,0 73.9178274,18.5396832,0 73.9178790,18.5396784,0 73.9179400,18.5396400,0 73.9180104,18.5395682,0 73.9180567,18.5395065,0 73.9180789,18.5394549,0 73.9180768,18.5394135,0 73.9180506,18.5393822,0 73.9180117,18.5393690,0 73.9179602,18.5393738,0 73.9178960,18.5393968,0</coordinates></LinearRing></outerBoundaryIs></Polygon></Placemark>
<Placemark><name>1.9-2.0 m</name><description>Depth class 1.9-2.0 m · area 738 m² · ≈7 fused pixels · fill opacity 35%</description><styleUrl>#d4_a59</styleUrl><Polygon><tessellate>1</tessellate><outerBoundaryIs><LinearRing><coordinates>73.8981962,18.5423974,0 73.8981973,18.5424235,0 73.8982095,18.5424438,0 73.8982328,18.5424584,0 73.8982671,18.5424671,0 73.8983124,18.5424700,0 73.8983590,18.5424623,0 73.8984067,18.5424440,0 73.8984557,18.5424151,0 73.8985059,18.5423756,0 73.8985386,18.5423394,0 73.8985538,18.5423066,0 73.8985514,18.5422772,0 73.8985316,18.5422511,0 73.8985084,18.5422311,0 73.8984819,18.5422170,0 73.8984521,18.5422090,0 73.8984191,18.5422069,0 73.8983833,18.5422150,0 73.8983449,18.5422333,0 73.8983038,18.5422617,0 73.8982600,18.5423003,0 73.8982275,18.5423358,0 73.8982062,18.5423681,0 73.8981962,18.5423974,0</coordinates></LinearRing></outerBoundaryIs></Polygon></Placemark>
<Placemark><name>1.9-2.0 m</name><description>Depth class 1.9-2.0 m · area 736 m² · ≈7 fused pixels · fill opacity 35%</description><styleUrl>#d4_a59</styleUrl><Polygon><tessellate>1</tessellate><outerBoundaryIs><LinearRing><coordinates>73.9629857,18.5440256,0 73.9629839,18.5440498,0 73.9629898,18.5440689,0 73.9630036,18.5440830,0 73.9630252,18.5440919,0 73.9630546,18.5440957,0 73.9630880,18.5440870,0 73.9631253,18.5440660,0 73.9631665,18.5440326,0 73.9632116,18.5439869,0 73.9632534,18.5439519,0 73.9632918,18.5439277,0 73.9633269,18.5439144,0 73.9633587,18.5439119,0 73.9633860,18.5439022,0 73.9634091,18.5438852,0 73.9634277,18.5438609,0 73.9634419,18.5438294,0 73.9634445,18.5438038,0 73.9634355,18.5437841,0 73.9634148,18.5437704,0 73.9633824,18.5437626,0 73.9633365,18.5437717,0 73.9632771,18.5437976,0 73.9632043,18.5438403,0 73.9631180,18.5438998,0 73.9630527,18.5439506,0 73.9630087,18.5439925,0 73.9629857,18.5440256,0</coordinates></LinearRing></outerBoundaryIs></Polygon></Placemark>
<Placemark><name>1.9-2.0 m</name><description>Depth class 1.9-2.0 m · area 673 m² · ≈7 fused pixels · fill opacity 35%</description><styleUrl>#d4_a59</styleUrl><Polygon><tessellate>1</tessellate><outerBoundaryIs><LinearRing><coordinates>73.8638659,18.5360618,0 73.8638360,18.5361126,0 73.8638194,18.5361572,0 73.8638164,18.5361954,0 73.8638267,18.5362273,0 73.8638505,18.5362530,0 73.8638789,18.5362717,0 73.8639119,18.5362835,0 73.8639496,18.5362884,0 73.8639919,18.5362864,0 73.8640247,18.5362715,0 73.8640478,18.5362437,0 73.8640613,18.5362031,0 73.8640652,18.5361496,0 73.8640632,18.5361044,0 73.8640555,18.5360675,0 73.8640419,18.5360390,0 73.8640225,18.5360189,0 73.8640028,18.5360035,0 73.8639827,18.5359931,0 73.8639624,18.5359875,0 73.8639418,18.5359867,0 73.8639188,18.5359988,0 73.8638935,18.5360239,0 73.8638659,18.5360618,0</coordinates></LinearRing></outerBoundaryIs></Polygon></Placemark>
<Placemark><name>1.9-2.0 m</name><description>Depth class 1.9-2.0 m · area 655 m² · ≈7 fused pixels · fill opacity 35%</description><styleUrl>#d4_a59</styleUrl><Polygon><tessellate>1</tessellate><outerBoundaryIs><LinearRing><coordinates>73.8701952,18.5390250,0 73.8701664,18.5390293,0 73.8701447,18.5390481,0 73.8701299,18.5390814,0 73.8701220,18.5391293,0 73.8701210,18.5391918,0 73.8701351,18.5392409,0 73.8701642,18.5392767,0 73.8702083,18.5392992,0 73.8702675,18.5393084,0 73.8703143,18.5393056,0 73.8703486,18.5392908,0 73.8703705,18.5392641,0 73.8703800,18.5392255,0 73.8703773,18.5391872,0 73.8703626,18.5391492,0 73.8703357,18.5391117,0 73.8702967,18.5390745,0 73.8702603,18.5390476,0 73.8702264,18.5390311,0 73.8701952,18.5390250,0</coordinates></LinearRing></outerBoundaryIs></Polygon></Placemark>
<Placemark><name>1.9-2.0 m</name><description>Depth class 1.9-2.0 m · area 582 m² · ≈6 fused pixels · fill opacity 35%</description><styleUrl>#d4_a59</styleUrl><Polygon><tessellate>1</tessellate><outerBoundaryIs><LinearRing><coordinates>73.9718679,18.5411277,0 73.9718803,18.5411477,0 73.9719026,18.5411617,0 73.9719350,18.5411698,0 73.9719775,18.5411719,0 73.9720299,18.5411681,0 73.9720706,18.5411508,0 73.9720993,18.5411200,0 73.9721162,18.5410757,0 73.9721213,18.5410179,0 73.9721146,18.5409734,0 73.9720961,18.5409422,0 73.9720659,18.5409242,0 73.9720240,18.5409195,0 73.9719855,18.5409275,0 73.9719506,18.5409483,0 73.9719192,18.5409819,0 73.9718913,18.5410282,0 73.9718734,18.5410680,0 73.9718656,18.5411011,0 73.9718679,18.5411277,0</coordinates></LinearRing></outerBoundaryIs></Polygon></Placemark>
<Placemark><name>1.9-2.0 m</name><description>Depth class 1.9-2.0 m · area 528 m² · ≈5 fused pixels · fill opacity 35%</description><styleUrl>#d4_a59</styleUrl><Polygon><tessellate>1</tessellate><outerBoundaryIs><LinearRing><coordinates>73.9025847,18.5414003,0 73.9026207,18.5414072,0 73.9026557,18.5413998,0 73.9026896,18.5413779,0 73.9027224,18.5413416,0 73.9027541,18.5412909,0 73.9027572,18.5412491,0 73.9027317,18.5412162,0 73.9026776,18.5411921,0 73.9025949,18.5411768,0 73.9025366,18.5411802,0 73.9025027,18.5412020,0 73.9024933,18.5412425,0 73.9025082,18.5413015,0 73.9025284,18.5413475,0 73.9025539,18.5413804,0 73.9025847,18.5414003,0</coordinates></LinearRing></outerBoundaryIs></Polygon></Placemark>
<Placemark><name>1.9-2.0 m</name><description>Depth class 1.9-2.0 m · area 501 m² · ≈5 fused pixels · fill opacity 35%</description><styleUrl>#d4_a59</styleUrl><Polygon><tessellate>1</tessellate><outerBoundaryIs><LinearRing><coordinates>73.9099386,18.5412808,0 73.9099691,18.5413144,0 73.9100059,18.5413369,0 73.9100488,18.5413484,0 73.9100980,18.5413488,0 73.9101534,18.5413383,0 73.9101910,18.5413229,0 73.9102107,18.5413026,0 73.9102125,18.5412775,0 73.9101965,18.5412474,0 73.9101727,18.5412203,0 73.9101409,18.5411960,0 73.9101012,18.5411746,0 73.9100537,18.5411561,0 73.9100125,18.5411486,0 73.9099775,18.5411522,0 73.9099488,18.5411667,0 73.9099264,18.5411922,0 73.9099173,18.5412198,0 73.9099213,18.5412493,0 73.9099386,18.5412808,0</coordinates></LinearRing></outerBoundaryIs></Polygon></Placemark>
<Placemark><name>1.9-2.0 m</name><description>Depth class 1.9-2.0 m · area 470 m² · ≈5 fused pixels · fill opacity 35%</description><styleUrl>#d4_a59</styleUrl><Polygon><tessellate>1</tessellate><outerBoundaryIs><LinearRing><coordinates>73.8947000,18.5422896,0 73.8947069,18.5423184,0 73.8947363,18.5423370,0 73.8947882,18.5423453,0 73.8948626,18.5423434,0 73.8949595,18.5423311,0 73.8950289,18.5423140,0 73.8950708,18.5422920,0 73.8950851,18.5422650,0 73.8950719,18.5422332,0 73.8950394,18.5422131,0 73.8949875,18.5422048,0 73.8949162,18.5422082,0 73.8948255,18.5422235,0 73.8947593,18.5422421,0 73.8947174,18.5422641,0 73.8947000,18.5422896,0</coordinates></LinearRing></outerBoundaryIs></Polygon></Placemark>
<Placemark><name>1.9-2.0 m</name><description>Depth class 1.9-2.0 m · area 320 m² · ≈3 fused pixels · fill opacity 35%</description><styleUrl>#d4_a59</styleUrl><Polygon><tessellate>1</tessellate><outerBoundaryIs><LinearRing><coordinates>73.9076001,18.5410164,0 73.9075829,18.5410326,0 73.9075739,18.5410508,0 73.9075731,18.5410710,0 73.9075805,18.5410932,0 73.9075960,18.5411175,0 73.9076182,18.5411357,0 73.9076472,18.5411479,0 73.9076829,18.5411542,0 73.9077254,18.5411544,0 73.9077573,18.5411457,0 73.9077786,18.5411280,0 73.9077894,18.5411013,0 73.9077896,18.5410657,0 73.9077795,18.5410377,0 73.9077591,18.5410173,0 73.9077284,18.5410047,0 73.9076874,18.5409997,0 73.9076523,18.5410000,0 73.9076232,18.5410056,0 73.9076001,18.5410164,0</coordinates></LinearRing></outerBoundaryIs></Polygon></Placemark>
<Placemark><name>1.9-2.0 m</name><description>Depth class 1.9-2.0 m · area 302 m² · ≈3 fused pixels · fill opacity 35%</description><styleUrl>#d4_a59</styleUrl><Polygon><tessellate>1</tessellate><outerBoundaryIs><LinearRing><coordinates>73.8962560,18.5430682,0 73.8962356,18.5431105,0 73.8962312,18.5431430,0 73.8962427,18.5431657,0 73.8962702,18.5431785,0 73.8963137,18.5431815,0 73.8963534,18.5431766,0 73.8963891,18.5431637,0 73.8964209,18.5431429,0 73.8964488,18.5431141,0 73.8964570,18.5430884,0 73.8964455,18.5430658,0 73.8964142,18.5430462,0 73.8963632,18.5430296,0 73.8963198,18.5430277,0 73.8962841,18.5430406,0 73.8962560,18.5430682,0</coordinates></LinearRing></outerBoundaryIs></Polygon></Placemark>
<Placemark><name>1.9-2.0 m</name><description>Depth class 1.9-2.0 m · area 239 m² · ≈2 fused pixels · fill opacity 18%</description><styleUrl>#d4_a2e</styleUrl><Polygon><tessellate>1</tessellate><outerBoundaryIs><LinearRing><coordinates>73.8707525,18.5389189,0 73.8706959,18.5388856,0 73.8706525,18.5388675,0 73.8706223,18.5388647,0 73.8706052,18.5388771,0 73.8706013,18.5389047,0 73.8706112,18.5389321,0 73.8706348,18.5389594,0 73.8706722,18.5389865,0 73.8707233,18.5390133,0 73.8707640,18.5390282,0 73.8707942,18.5390310,0 73.8708140,18.5390218,0 73.8708234,18.5390006,0 73.8708163,18.5389764,0 73.8707926,18.5389491,0 73.8707525,18.5389189,0</coordinates></LinearRing></outerBoundaryIs></Polygon></Placemark>
<Placemark><name>1.9-2.0 m</name><description>Depth class 1.9-2.0 m · area 180 m² · ≈2 fused pixels · fill opacity 18%</description><styleUrl>#d4_a2e</styleUrl><Polygon><tessellate>1</tessellate><outerBoundaryIs><LinearRing><coordinates>73.9087411,18.5410366,0 73.9087268,18.5410618,0 73.9087273,18.5410851,0 73.9087426,18.5411065,0 73.9087726,18.5411258,0 73.9088176,18.5411433,0 73.9088525,18.5411508,0 73.9088775,18.5411483,0 73.9088926,18.5411360,0 73.9088977,18.5411136,0 73.9088927,18.5410918,0 73.9088774,18.5410705,0 73.9088519,18.5410496,0 73.9088162,18.5410293,0 73.9087858,18.5410203,0 73.9087608,18.5410228,0 73.9087411,18.5410366,0</coordinates></LinearRing></outerBoundaryIs></Polygon></Placemark>
<Placemark><name>1.9-2.0 m</name><description>Depth class 1.9-2.0 m · area 180 m² · ≈2 fused pixels · fill opacity 18%</description><styleUrl>#d4_a2e</styleUrl><Polygon><tessellate>1</tessellate><outerBoundaryIs><LinearRing><coordinates>73.8716136,18.5393726,0 73.8715993,18.5393978,0 73.8715997,18.5394211,0 73.8716150,18.5394424,0 73.8716451,18.5394618,0 73.8716900,18.5394793,0 73.8717250,18.5394868,0 73.8717500,18.5394843,0 73.8717651,18.5394720,0 73.8717702,18.5394497,0 73.8717651,18.5394278,0 73.8717498,18.5394065,0 73.8717244,18.5393856,0 73.8716887,18.5393653,0 73.8716583,18.5393563,0 73.8716333,18.5393587,0 73.8716136,18.5393726,0</coordinates></LinearRing></outerBoundaryIs></Polygon></Placemark>
<Placemark><name>1.9-2.0 m</name><description>Depth class 1.9-2.0 m · area 176 m² · ≈2 fused pixels · fill opacity 18%</description><styleUrl>#d4_a2e</styleUrl><Polygon><tessellate>1</tessellate><outerBoundaryIs><LinearRing><coordinates>73.9646113,18.5446750,0 73.9646219,18.5447039,0 73.9646396,18.5447185,0 73.9646642,18.5447188,0 73.9646959,18.5447047,0 73.9647346,18.5446763,0 73.9647593,18.5446508,0 73.9647702,18.5446283,0 73.9647671,18.5446087,0 73.9647502,18.5445920,0 73.9647294,18.5445836,0 73.9647047,18.5445833,0 73.9646762,18.5445913,0 73.9646439,18.5446074,0 73.9646223,18.5446268,0 73.9646114,18.5446493,0 73.9646113,18.5446750,0</coordinates></LinearRing></outerBoundaryIs></Polygon></Placemark>
<Placemark><name>1.9-2.0 m</name><description>Depth class 1.9-2.0 m · area 176 m² · ≈2 fused pixels · fill opacity 18%</description><styleUrl>#d4_a2e</styleUrl><Polygon><tessellate>1</tessellate><outerBoundaryIs><LinearRing><coordinates>73.9713580,18.5413682,0 73.9713686,18.5413971,0 73.9713863,18.5414117,0 73.9714109,18.5414120,0 73.9714426,18.5413979,0 73.9714812,18.5413695,0 73.9715060,18.5413440,0 73.9715169,18.5413215,0 73.9715138,18.5413019,0 73.9714969,18.5412852,0 73.9714760,18.5412768,0 73.9714514,18.5412765,0 73.9714229,18.5412845,0 73.9713905,18.5413006,0 73.9713689,18.5413200,0 73.9713581,18.5413425,0 73.9713580,18.5413682,0</coordinates></LinearRing></outerBoundaryIs></Polygon></Placemark>
<Placemark><name>1.9-2.0 m</name><description>Depth class 1.9-2.0 m · area 120 m² · ≈1 fused pixels · fill opacity 18%</description><styleUrl>#d4_a2e</styleUrl><Polygon><tessellate>1</tessellate><outerBoundaryIs><LinearRing><coordinates>73.9734994,18.5409296,0 73.9735211,18.5409453,0 73.9735417,18.5409508,0 73.9735613,18.5409460,0 73.9735799,18.5409308,0 73.9735974,18.5409054,0 73.9736038,18.5408835,0 73.9735991,18.5408651,0 73.9735832,18.5408504,0 73.9735563,18.5408391,0 73.9735330,18.5408360,0 73.9735134,18.5408408,0 73.9734975,18.5408537,0 73.9734852,18.5408746,0 73.9734815,18.5408942,0 73.9734862,18.5409125,0 73.9734994,18.5409296,0</coordinates></LinearRing></outerBoundaryIs></Polygon></Placemark>
<Placemark><name>1.9-2.0 m</name><description>Depth class 1.9-2.0 m · area 119 m² · ≈1 fused pixels · fill opacity 18%</description><styleUrl>#d4_a2e</styleUrl><Polygon><tessellate>1</tessellate><outerBoundaryIs><LinearRing><coordinates>73.8798376,18.5426004,0 73.8798113,18.5426002,0 73.8797920,18.5426071,0 73.8797799,18.5426210,0 73.8797750,18.5426420,0 73.8797772,18.5426700,0 73.8797861,18.5426905,0 73.8798019,18.5427034,0 73.8798244,18.5427089,0 73.8798538,18.5427068,0 73.8798745,18.5426988,0 73.8798866,18.5426849,0 73.8798901,18.5426650,0 73.8798849,18.5426393,0 73.8798744,18.5426199,0 73.8798587,18.5426069,0 73.8798376,18.5426004,0</coordinates></LinearRing></outerBoundaryIs></Polygon></Placemark>
<Placemark><name>1.9-2.0 m</name><description>Depth class 1.9-2.0 m · area 119 m² · ≈1 fused pixels · fill opacity 18%</description><styleUrl>#d4_a2e</styleUrl><Polygon><tessellate>1</tessellate><outerBoundaryIs><LinearRing><coordinates>73.9107077,18.5412034,0 73.9107075,18.5412285,0 73.9107147,18.5412469,0 73.9107293,18.5412584,0 73.9107513,18.5412632,0 73.9107806,18.5412611,0 73.9108021,18.5412525,0 73.9108156,18.5412375,0 73.9108213,18.5412159,0 73.9108191,18.5411879,0 73.9108108,18.5411682,0 73.9107962,18.5411566,0 73.9107754,18.5411533,0 73.9107484,18.5411582,0 73.9107281,18.5411682,0 73.9107145,18.5411833,0 73.9107077,18.5412034,0</coordinates></LinearRing></outerBoundaryIs></Polygon></Placemark>
<Placemark><name>1.9-2.0 m</name><description>Depth class 1.9-2.0 m · area 118 m² · ≈1 fused pixels · fill opacity 18%</description><styleUrl>#d4_a2e</styleUrl><Polygon><tessellate>1</tessellate><outerBoundaryIs><LinearRing><coordinates>73.9653285,18.5444087,0 73.9653488,18.5444247,0 73.9653687,18.5444308,0 73.9653883,18.5444267,0 73.9654075,18.5444127,0 73.9654264,18.5443886,0 73.9654342,18.5443672,0 73.9654310,18.5443487,0 73.9654167,18.5443330,0 73.9653914,18.5443200,0 73.9653690,18.5443156,0 73.9653494,18.5443196,0 73.9653327,18.5443321,0 73.9653188,18.5443531,0 73.9653135,18.5443728,0 73.9653167,18.5443914,0 73.9653285,18.5444087,0</coordinates></LinearRing></outerBoundaryIs></Polygon></Placemark>
</Folder>
</Document>
</kml>
