latitude,longitude,depth_m
18.54719302,73.95746459,1.756580706
18.54719354,73.95755934,1.759131436
18.54719406,73.95765408,1.753527712
18.54719459,73.95774882,1.751614234
18.54719511,73.95784356,1.756287837
18.54719563,73.95793831,1.750377067
18.54719615,73.95803305,1.755808688
18.54719668,73.95812779,1.75989268
18.5471972,73.95822254,1.766252721
18.54719772,73.95831728,1.787244517
18.54719824,73.95841202,1.782497474
18.54719877,73.95850677,1.768269508
18.54719929,73.95860151,1.744941319
18.54719981,73.95869625,1.770185693
18.54720033,73.95879099,1.799334797
18.54720086,73.95888574,1.822816838
18.54720138,73.95898048,1.838090519
18.5472019,73.95907522,1.851497633
18.54720242,73.95916997,1.860231262
18.54710003,73.95699143,1.752138855
18.54710056,73.95708617,1.739940679
18.54710108,73.95718091,1.788507036
18.5471016,73.95727566,1.811373034
18.54710213,73.9573704,1.771565694
18.54710265,73.95746514,1.740306863
18.54710317,73.95755988,1.720113199
18.5471037,73.95765463,1.733626653
18.54710422,73.95774937,1.738706879
18.54710474,73.95784411,1.745427837
18.54710526,73.95793886,1.747329218
18.54710579,73.9580336,1.737495351
18.54710631,73.95812834,1.745126663
18.54710683,73.95822308,1.765492174
18.54710736,73.95831783,1.758892661
18.54710788,73.95841257,1.749966238
18.5471084,73.95850731,1.740361524
18.54710892,73.95860206,1.736190668
18.54710945,73.9586968,1.72439535
18.54710997,73.95879154,1.745611836
18.54711049,73.95888628,1.77708308
18.54711101,73.95898103,1.81016991
18.54711154,73.95907577,1.81967158
18.54711206,73.95917051,1.808322135
18.54711258,73.95926526,1.781039478
18.54700757,73.95661301,1.778640062
18.5470081,73.95670775,1.782512039
18.54700862,73.95680249,1.765598068
18.54700914,73.95689723,1.752710972
18.54700967,73.95699198,1.72869388
18.54701019,73.95708672,1.726282959
18.54701071,73.95718146,1.739673378
18.54701124,73.9572762,1.760341674
18.54701176,73.95737095,1.764158657
18.54701228,73.95746569,1.740370442
18.54701281,73.95756043,1.721221308
18.54701333,73.95765518,1.713236797
18.54701385,73.95774992,1.742360486
18.54701438,73.95784466,1.757421233
18.5470149,73.9579394,1.754053909
18.54701542,73.95803415,1.752111668
18.54701594,73.95812889,1.750604043
18.54701647,73.95822363,1.765870403
18.54701699,73.95831838,1.765537157
18.54701751,73.95841312,1.747590357
18.54701803,73.95850786,1.737551881
18.54701856,73.9586026,1.724538518
18.54701908,73.95869735,1.739146451
18.5470196,73.95879209,1.744618988
18.54702012,73.95888683,1.764542224
18.54702065,73.95898157,1.775965234
18.54702117,73.95907632,1.781053944
18.54702169,73.95917106,1.77395831
18.54702221,73.9592658,1.749130854
18.54702274,73.95936055,1.740320526
18.54702326,73.95945529,1.736211177
18.54702378,73.95955003,1.733283277
18.5470243,73.95964477,1.737209389
18.54702482,73.95973952,1.765593376
18.54702535,73.95983426,1.785128938
18.54702587,73.959929,1.776300549
18.54702639,73.96002375,1.79326761
18.54702691,73.96011849,1.800758646
18.54691668,73.95651881,1.753174313
18.54691721,73.95661355,1.765700851
18.54691773,73.9567083,1.772481746
18.54691825,73.95680304,1.772000706
18.54691878,73.95689778,1.729671631
18.5469193,73.95699253,1.711483288
18.54691982,73.95708727,1.722632132
18.54692035,73.95718201,1.743943358
18.54692087,73.95727675,1.751597279
18.54692139,73.9573715,1.740494338
18.54692192,73.95746624,1.744079271
18.54692244,73.95756098,1.730621905
18.54692296,73.95765572,1.74733956
18.54692349,73.95775047,1.758544192
18.54692401,73.95784521,1.756706226
18.54692453,73.95793995,1.76262844
18.54692506,73.95803469,1.76262844
18.54692558,73.95812944,1.76262844
18.5469261,73.95822418,1.76262844
18.54692662,73.95831892,1.76262844
18.54692715,73.95841367,1.76262844
18.54692767,73.95850841,1.743540881
18.54692819,73.95860315,1.751437905
18.54692871,73.95869789,1.74996988
18.54692924,73.95879264,1.76262844
18.54692976,73.95888738,1.76262844
18.54693028,73.95898212,1.759608305
18.5469308,73.95907686,1.766177373
18.54693133,73.95917161,1.77017454
18.54693185,73.95926635,1.751129976
18.54693237,73.95936109,1.736674669
18.54693289,73.95945584,1.73863247
18.54693341,73.95955058,1.745441661
18.54693394,73.95964532,1.749819483
18.54693446,73.95974006,1.75676971
18.54693498,73.95983481,1.753599535
18.5469355,73.95992955,1.748388409
18.54693602,73.96002429,1.758658759
18.54693654,73.96011904,1.750625386
18.54682213,73.95576142,1.864411603
18.54682265,73.95585616,1.836893783
18.54682318,73.95595091,1.82499147
18.54682684,73.9566141,1.757901377
18.54682737,73.95670885,1.768871967
18.54682789,73.95680359,1.766674855
18.54682841,73.95689833,1.75778768
18.54682894,73.95699307,1.72842995
18.54682946,73.95708782,1.729616467
18.54682998,73.95718256,1.741223909
18.54683051,73.9572773,1.758051763
18.54683103,73.95737204,1.765056251
18.54683155,73.95746679,1.742573323
18.54683207,73.95756153,1.76262844
18.5468326,73.95765627,1.76262844
18.54683312,73.95775102,1.76262844
18.54683364,73.95784576,1.76262844
18.54683417,73.9579405,1.76262844
18.54683469,73.95803524,1.76262844
18.54683521,73.95812999,1.76262844
18.54683573,73.95822473,1.76262844
18.54683626,73.95831947,1.76262844
18.54683678,73.95841421,1.76262844
18.5468373,73.95850896,1.76262844
18.54683782,73.9586037,1.76262844
18.54683835,73.95869844,1.76262844
18.54683887,73.95879318,1.76262844
18.54683939,73.95888793,1.76262844
18.54683991,73.95898267,1.76262844
18.54684044,73.95907741,1.76262844
18.54684096,73.95917216,1.76262844
18.54684148,73.9592669,1.76262844
18.546842,73.95936164,1.746139784
18.54684253,73.95945638,1.755159768
18.54684305,73.95955113,1.764435641
18.54684357,73.95964587,1.752425191
18.54684409,73.95974061,1.724934147
18.54684461,73.95983535,1.727900344
18.54684513,73.9599301,1.762490917
18.54684566,73.96002484,1.737784213
18.54684618,73.96011958,1.697755241
18.5468467,73.96021433,1.681716918
18.54684722,73.96030907,1.686376895
18.54673229,73.95585671,1.802788025
18.54673281,73.95595145,1.793204455
18.54673648,73.95661465,1.76262844
18.546737,73.95670939,1.76262844
18.54673752,73.95680414,1.76262844
18.54673805,73.95689888,1.76262844
18.54673857,73.95699362,1.76262844
18.54673909,73.95708837,1.743019855
18.54673962,73.95718311,1.756495508
18.54674014,73.95727785,1.76262844
18.54674066,73.95737259,1.76262844
18.54674119,73.95746734,1.76262844
18.54674171,73.95756208,1.76262844
18.54674223,73.95765682,1.76262844
18.54674275,73.95775156,1.76262844
18.54674328,73.95784631,1.76262844
18.5467438,73.95794105,1.76262844
18.54674432,73.95803579,1.76262844
18.54674485,73.95813053,1.76262844
18.54674537,73.95822528,1.76262844
18.54674589,73.95832002,1.76262844
18.54674641,73.95841476,1.76262844
18.54674694,73.9585095,1.76262844
18.54674746,73.95860425,1.76262844
18.54674798,73.95869899,1.76262844
18.5467485,73.95879373,1.76262844
18.54674903,73.95888847,1.76262844
18.54674955,73.95898322,1.76262844
18.54675007,73.95907796,1.76262844
18.54675059,73.9591727,1.76262844
18.54675111,73.95926745,1.76262844
18.54675164,73.95936219,1.76262844
18.54675216,73.95945693,1.76262844
18.54675268,73.95955167,1.76262844
18.5467532,73.95964642,1.76262844
18.54675372,73.95974116,1.74856394
18.54675425,73.9598359,1.741025655
18.54675477,73.95993064,1.743071519
18.54675529,73.96002539,1.742380262
18.54675581,73.96012013,1.726841253
18.54675633,73.96021487,1.714971224
18.54663458,73.95453087,1.875319134
18.54663511,73.95462561,1.881254803
18.54663563,73.95472035,1.863165034
18.54663615,73.95481509,1.890391403
18.54664192,73.95585726,1.761900383
18.54664244,73.955952,1.765367654
18.54664611,73.9566152,1.76262844
18.54664663,73.95670994,1.76262844
18.54664716,73.95680469,1.76262844
18.54664768,73.95689943,1.76262844
18.5466482,73.95699417,1.76262844
18.54664873,73.95708891,1.76262844
18.54664925,73.95718366,1.76262844
18.54664977,73.9572784,1.76262844
18.5466503,73.95737314,1.76262844
18.54665082,73.95746788,1.76262844
18.54665134,73.95756263,1.76262844
18.54665186,73.95765737,1.76262844
18.54665239,73.95775211,1.76262844
18.54665291,73.95784685,1.76262844
18.54665343,73.9579416,1.76262844
18.54665396,73.95803634,1.76262844
18.54665448,73.95813108,1.76262844
18.546655,73.95822582,1.76262844
18.54665552,73.95832057,1.76262844
18.54665605,73.95841531,1.76262844
18.54665657,73.95851005,1.76262844
18.54665709,73.95860479,1.76262844
18.54665761,73.95869954,1.745152968
18.54665814,73.95879428,1.753463742
18.54665866,73.95888902,1.748873995
18.54665918,73.95898377,1.76262844
18.5466597,73.95907851,1.76262844
18.54666023,73.95917325,1.76262844
18.54666075,73.95926799,1.76262844
18.54666127,73.95936274,1.76262844
18.54666179,73.95945748,1.76262844
18.54666231,73.95955222,1.76262844
18.54666284,73.95964696,1.76262844
18.54666336,73.95974171,1.76262844
18.54666388,73.95983645,1.76262844
18.5466644,73.95993119,1.742426252
18.54666492,73.96002593,1.753159751
18.54666545,73.96012068,1.762170366
18.54666649,73.96031016,1.727876976
18.54666701,73.9604049,1.76262844
18.54666805,73.96059439,1.76262844
18.54653687,73.95320502,1.833213841
18.54653739,73.95329977,1.83577331
18.54653792,73.95339451,1.839544146
18.54653844,73.95348925,1.831795187
18.54653897,73.95358399,1.833030506
18.54653949,73.95367874,1.832453906
18.54654002,73.95377348,1.844819836
18.54654054,73.95386822,1.850100966
18.54654107,73.95396296,1.855968217
18.54654159,73.9540577,1.863243818
18.54654212,73.95415245,1.858015417
18.54654264,73.95424719,1.838492738
18.54654317,73.95434193,1.83900707
18.54654369,73.95443667,1.843210716
18.54654422,73.95453142,1.854581986
18.54654474,73.95462616,1.841657356
18.54654526,73.9547209,1.843090698
18.54654579,73.95481564,1.840007192
18.54655103,73.95576307,1.76262844
18.54655155,73.95585781,1.761428431
18.54655208,73.95595255,1.753764122
18.54655574,73.95661575,1.76262844
18.54655627,73.95671049,1.76262844
18.54655679,73.95680524,1.76262844
18.54655731,73.95689998,1.76262844
18.54655784,73.95699472,1.743548576
18.54655836,73.95708946,1.752370911
18.54655888,73.9571842,1.76262844
18.54655941,73.95727895,1.749662733
18.54655993,73.95737369,1.753201508
18.54656045,73.95746843,1.752621857
18.54656098,73.95756317,1.76262844
18.5465615,73.95765792,1.76262844
18.54656202,73.95775266,1.76262844
18.54656254,73.9578474,1.76262844
18.54656307,73.95794214,1.76262844
18.54656359,73.95803689,1.76262844
18.54656411,73.95813163,1.76262844
18.54656464,73.95822637,1.743253959
18.54656516,73.95832111,1.759707496
18.54656568,73.95841586,1.75965463
18.5465662,73.9585106,1.768429796
18.54656673,73.95860534,1.754762896
18.54656725,73.95870009,1.742262064
18.54656777,73.95879483,1.725575455
18.54656829,73.95888957,1.748951779
18.54656882,73.95898431,1.751823052
18.54656934,73.95907906,1.75331196
18.54656986,73.9591738,1.746724617
18.54657038,73.95926854,1.76262844
18.5465709,73.95936328,1.76262844
18.54657143,73.95945803,1.76262844
18.54657195,73.95955277,1.76262844
18.54657247,73.95964751,1.76262844
18.54657299,73.95974225,1.76262844
18.54657351,73.959837,1.76262844
18.54657404,73.95993174,1.76262844
18.54657456,73.96002648,1.76262844
18.54657664,73.96040545,1.76262844
18.54657717,73.96050019,1.76262844
18.54657769,73.96059494,1.76262844
18.54657821,73.96068968,1.76262844
18.54657873,73.96078442,1.76262844
18.5464465,73.95320557,1.860500518
18.54644703,73.95330032,1.857081313
18.54644755,73.95339506,1.860488411
18.54644808,73.9534898,1.861644818
18.5464486,73.95358454,1.856029402
18.54644913,73.95367929,1.850840012
18.54644965,73.95377403,1.851935184
18.54645018,73.95386877,1.860366144
18.5464507,73.95396351,1.862094494
18.54645123,73.95405825,1.863129532
18.54645175,73.954153,1.834835684
18.54645228,73.95424774,1.787165285
18.5464528,73.95434248,1.776511035
18.54645332,73.95443722,1.781261349
18.54645385,73.95453197,1.797220766
18.54645437,73.95462671,1.804000265
18.5464549,73.95472145,1.79832748
18.54646066,73.95576362,1.76262844
18.54646119,73.95585836,1.76262844
18.54646171,73.9559531,1.76262844
18.54646538,73.9566163,1.76262844
18.5464659,73.95671104,1.76262844
18.54646642,73.95680578,1.76262844
18.54646695,73.95690053,1.741737851
18.54646747,73.95699527,1.739852953
18.54646799,73.95709001,1.741577719
18.54646852,73.95718475,1.74585442
18.54646904,73.9572795,1.744451675
18.54646956,73.95737424,1.732877505
18.54647009,73.95746898,1.759438856
18.54647061,73.95756372,1.756723115
18.54647113,73.95765847,1.761307425
18.54647166,73.95775321,1.759773829
18.54647218,73.95784795,1.757324827
18.5464727,73.95794269,1.753133591
18.54647322,73.95803744,1.759245126
18.54647375,73.95813218,1.74899229
18.54647427,73.95822692,1.749699495
18.54647479,73.95832166,1.745835117
18.54647531,73.95841641,1.766533134
18.54647584,73.95851115,1.758781692
18.54647636,73.95860589,1.758997266
18.54647688,73.95870063,1.746871208
18.5464774,73.95879538,1.74913747
18.54647793,73.95889012,1.746572256
18.54647845,73.95898486,1.743634716
18.54647897,73.9590796,1.731579639
18.54647949,73.95917435,1.74434071
18.54648002,73.95926909,1.745014027
18.54648054,73.95936383,1.760961591
18.54648106,73.95945857,1.76262844
18.54648158,73.95955332,1.76262844
18.5464821,73.95964806,1.76262844
18.54648263,73.9597428,1.76262844
18.54648315,73.95983754,1.76262844
18.54648367,73.95993229,1.76262844
18.54648628,73.960406,1.76262844
18.5464868,73.96050074,1.76262844
18.54648732,73.96059548,1.76262844
18.54648784,73.96069023,1.76262844
18.54648836,73.96078497,1.76262844
18.54648889,73.96087971,1.76262844
18.54635561,73.95311138,1.881240028
18.54635613,73.95320612,1.874855017
18.54635666,73.95330087,1.871039365
18.54635719,73.95339561,1.867729702
18.54635771,73.95349035,1.875069182
18.54635824,73.95358509,1.862205291
18.54635876,73.95367984,1.851062213
18.54635929,73.95377458,1.860164322
18.54635981,73.95386932,1.862955343
18.54636033,73.95396406,1.868423104
18.54636086,73.95405881,1.845814143
18.54636138,73.95415355,1.805039472
18.54636191,73.95424829,1.75130234
18.54636243,73.95434303,1.709433467
18.54636296,73.95443777,1.722472819
18.54636348,73.95453252,1.741243392
18.54636401,73.95462726,1.756284116
18.54636453,73.954722,1.755784471
18.54636506,73.95481674,1.756042152
18.54636558,73.95491149,1.76262844
18.5463703,73.95576417,1.76262844
18.54637082,73.95585891,1.76262844
18.54637135,73.95595365,1.76262844
18.54637501,73.95661685,1.76262844
18.54637553,73.95671159,1.76262844
18.54637606,73.95680633,1.741572732
18.54637658,73.95690107,1.743933911
18.5463771,73.95699582,1.754808598
18.54637763,73.95709056,1.739872691
18.54637815,73.9571853,1.727118647
18.54637867,73.95728004,1.730839783
18.5463792,73.95737479,1.752563049
18.54637972,73.95746953,1.752438882
18.54638024,73.95756427,1.762184988
18.54638077,73.95765901,1.765216319
18.54638129,73.95775376,1.760001217
18.54638181,73.9578485,1.752137473
18.54638233,73.95794324,1.742931516
18.54638286,73.95803798,1.733904601
18.54638338,73.95813273,1.756993923
18.5463839,73.95822747,1.772574702
18.54638443,73.95832221,1.774304716
18.54638495,73.95841695,1.774162705
18.54638547,73.9585117,1.790796367
18.54638599,73.95860644,1.774324787
18.54638652,73.95870118,1.793219799
18.54638704,73.95879592,1.782231888
18.54638756,73.95889067,1.777931739
18.54638808,73.95898541,1.750363846
18.54638861,73.95908015,1.764770278
18.54638913,73.95917489,1.749466863
18.54638965,73.95926964,1.743321611
18.54639017,73.95936438,1.748043102
18.54639069,73.95945912,1.758087677
18.54639122,73.95955386,1.757370682
18.54639174,73.9596486,1.76262844
18.54639226,73.95974335,1.76262844
18.54639278,73.95983809,1.76262844
18.54639591,73.96040654,1.76262844
18.54639643,73.96050129,1.76262844
18.54639696,73.96059603,1.76262844
18.54639748,73.96069077,1.76262844
18.546398,73.96078551,1.76262844
18.54639852,73.96088026,1.76262844
18.54639904,73.960975,1.76262844
18.54625999,73.95216451,1.81735677
18.54626051,73.95225925,1.770494786
18.54626104,73.952354,1.778919703
18.54626157,73.95244874,1.829968554
18.54626209,73.95254348,1.871932316
18.54626262,73.95263822,1.876935409
18.54626314,73.95273296,1.878348447
18.54626367,73.95282771,1.902315495
18.54626419,73.95292245,1.896253218
18.54626472,73.95301719,1.893984695
18.54626524,73.95311193,1.892884274
18.54626577,73.95320668,1.887650973
18.54626629,73.95330142,1.874618495
18.54626682,73.95339616,1.872757293
18.54626734,73.9534909,1.867403039
18.54626787,73.95358564,1.865713474
18.54626839,73.95368039,1.867600758
18.54626892,73.95377513,1.861640907
18.54626944,73.95386987,1.865640079
18.54626997,73.95396461,1.871245771
18.54627049,73.95405936,1.849567822
18.54627102,73.9541541,1.798114182
18.54627154,73.95424884,1.724935268
18.54627207,73.95434358,1.69236018
18.54627259,73.95443832,1.695078103
18.54627312,73.95453307,1.720699096
18.54627364,73.95462781,1.735785346
18.54627417,73.95472255,1.743441504
18.54627469,73.95481729,1.752730203
18.54627521,73.95491204,1.76262844
18.54627941,73.95566997,1.76262844
18.54627993,73.95576472,1.76262844
18.54628046,73.95585946,1.76262844
18.54628517,73.95671214,1.759774442
18.54628569,73.95680688,1.775011228
18.54628621,73.95690162,1.771473045
18.54628674,73.95699637,1.767971507
18.54628726,73.95709111,1.766327261
18.54628778,73.95718585,1.769762142
18.54628831,73.95728059,1.784947041
18.54628883,73.95737534,1.764447491
18.54628935,73.95747008,1.771952068
18.54628988,73.95756482,1.790552565
18.5462904,73.95765956,1.798540107
18.54629092,73.9577543,1.775422738
18.54629145,73.95784905,1.7527682
18.54629197,73.95794379,1.752051706
18.54629249,73.95803853,1.765049619
18.54629301,73.95813327,1.771967479
18.54629354,73.95822802,1.792721201
18.54629406,73.95832276,1.797475198
18.54629458,73.9584175,1.820911383
18.5462951,73.95851224,1.821469584
18.54629563,73.95860699,1.821041423
18.54629615,73.95870173,1.80792365
18.54629667,73.95879647,1.824648227
18.54629719,73.95889121,1.815725128
18.54629772,73.95898596,1.809173691
18.54629824,73.9590807,1.762890517
18.54629876,73.95917544,1.748063493
18.54629928,73.95927018,1.767466279
18.54629981,73.95936492,1.780378631
18.54630033,73.95945967,1.764612676
18.54630085,73.95955441,1.749872116
18.54630137,73.95964915,1.762651518
18.54630189,73.95974389,1.760413833
18.54630242,73.95983864,1.76262844
18.54630294,73.95993338,1.76262844
18.54630502,73.96031235,1.76262844
18.54630555,73.96040709,1.76262844
18.54630607,73.96050183,1.76262844
18.54630659,73.96059658,1.76262844
18.54630711,73.96069132,1.76262844
18.54630763,73.96078606,1.76262844
18.54630815,73.9608808,1.76262844
18.54630867,73.96097555,1.76262844
18.5463092,73.96107029,1.76262844
18.5461691,73.95207032,1.833248662
18.54616962,73.95216506,1.797342472
18.54617015,73.9522598,1.76129062
18.54617067,73.95235455,1.758801106
18.5461712,73.95244929,1.77193579
18.54617173,73.95254403,1.807737643
18.54617225,73.95263877,1.837569088
18.54617278,73.95273352,1.846126008
18.5461733,73.95282826,1.858062892
18.54617383,73.952923,1.877001036
18.54617435,73.95301774,1.8829977
18.54617488,73.95311248,1.894811406
18.5461754,73.95320723,1.882877949
18.54617593,73.95330197,1.860677143
18.54617645,73.95339671,1.85876296
18.54617698,73.95349145,1.849423669
18.5461775,73.95358619,1.853828665
18.54617803,73.95368094,1.860948812
18.54617855,73.95377568,1.847249317
18.54617908,73.95387042,1.840083569
18.5461796,73.95396516,1.846293082
18.54618013,73.95405991,1.835707018
18.54618065,73.95415465,1.78155093
18.54618118,73.95424939,1.749185361
18.5461817,73.95434413,1.702694165
18.54618223,73.95443887,1.713064251
18.54618275,73.95453362,1.727277087
18.54618328,73.95462836,1.754253009
18.5461838,73.9547231,1.754253009
18.54618432,73.95481784,1.753555056
18.54618485,73.95491259,1.750530595
18.54618904,73.95567052,1.76262844
18.54618957,73.95576527,1.76262844
18.54619009,73.95586001,1.76262844
18.5461948,73.95671269,1.775035994
18.54619533,73.95680743,1.782771187
18.54619585,73.95690217,1.793434284
18.54619637,73.95699691,1.77779062
18.54620003,73.95766011,1.812044381
18.54620056,73.95775485,1.794578191
18.54620108,73.9578496,1.779398214
18.54620265,73.95813382,1.832455813
18.54620317,73.95822856,1.824071415
18.54620369,73.95832331,1.852997181
18.54620422,73.95841805,1.843887978
18.54620474,73.95851279,1.839724052
18.54620526,73.95860753,1.839552309
18.54620578,73.95870228,1.830225832
18.54620631,73.95879702,1.834606421
18.54620683,73.95889176,1.842141155
18.54620735,73.9589865,1.821580326
18.54620787,73.95908125,1.785787601
18.5462084,73.95917599,1.770933034
18.54620892,73.95927073,1.787230291
18.54620944,73.95936547,1.78376715
18.54620996,73.95946021,1.776831015
18.54621048,73.95955496,1.77939136
18.54621101,73.9596497,1.770383354
18.54621153,73.95974444,1.772413038
18.54621205,73.95983918,1.762487291
18.54621257,73.95993393,1.744694031
18.54621309,73.96002867,1.76262844
18.54621361,73.96012341,1.76262844
18.54621414,73.96021815,1.76262844
18.54621466,73.9603129,1.76262844
18.54621518,73.96040764,1.76262844
18.5462157,73.96050238,1.76262844
18.54621622,73.96059712,1.76262844
18.54621674,73.96069187,1.76262844
18.54621727,73.96078661,1.76262844
18.54621779,73.96088135,1.76262844
18.54621831,73.96097609,1.76262844
18.54621883,73.96107084,1.76262844
18.54621935,73.96116558,1.76262844
18.54607873,73.95207087,1.870454963
18.54607926,73.95216561,1.793418211
18.54607978,73.95226036,1.745527866
18.54608031,73.9523551,1.723493287
18.54608083,73.95244984,1.747520885
18.54608136,73.95254458,1.748839163
18.54608188,73.95263932,1.780799643
18.54608241,73.95273407,1.790527002
18.54608294,73.95282881,1.807160599
18.54608346,73.95292355,1.840185597
18.54608399,73.95301829,1.857693577
18.54608451,73.95311303,1.84830517
18.54608504,73.95320778,1.835089908
18.54608556,73.95330252,1.822337069
18.54608609,73.95339726,1.812531288
18.54608661,73.953492,1.807286717
18.54608714,73.95358675,1.805985443
18.54608766,73.95368149,1.797636951
18.54608819,73.95377623,1.794514889
18.54608871,73.95387097,1.782641935
18.54608924,73.95396571,1.767564069
18.54608976,73.95406046,1.767465586
18.54609029,73.9541552,1.771154709
18.54609081,73.95424994,1.739122652
18.54609134,73.95434468,1.733771805
18.54609186,73.95443942,1.728276546
18.54609238,73.95453417,1.76262844
18.54609291,73.95462891,1.754253009
18.54609343,73.95472365,1.754253009
18.54609396,73.95481839,1.753555056
18.54609448,73.95491313,1.76262844
18.54609868,73.95567107,1.76262844
18.5460992,73.95576581,1.76262844
18.54609972,73.95586056,1.76262844
18.54611385,73.9584186,1.862414352
18.54611437,73.95851334,1.845637661
18.54611489,73.95860808,1.845118738
18.54611542,73.95870282,1.852460803
18.54611594,73.95879757,1.855563669
18.54611646,73.95889231,1.841720067
18.54611698,73.95898705,1.813776101
18.54612012,73.9595555,1.804754652
18.54612064,73.95965025,1.806482412
18.54612116,73.95974499,1.800060437
18.54612168,73.95983973,1.774448673
18.5461222,73.95993447,1.752002843
18.54612273,73.96002922,1.738321901
18.54612325,73.96012396,1.76262844
18.54612377,73.9602187,1.76262844
18.54612429,73.96031344,1.76262844
18.54612481,73.96040819,1.76262844
18.54612533,73.96050293,1.76262844
18.54612586,73.96059767,1.76262844
18.54612638,73.96069241,1.76262844
18.5461269,73.96078715,1.76262844
18.54612742,73.9608819,1.76262844
18.54612794,73.96097664,1.76262844
18.54612846,73.96107138,1.76262844
18.54612898,73.96116612,1.75119493
18.54612951,73.96126087,1.750416933
18.54598784,73.95197668,1.953019936
18.54598836,73.95207142,1.901860189
18.54598889,73.95216616,1.847819074
18.54598942,73.95226091,1.774701765
18.54598994,73.95235565,1.753938997
18.54599047,73.95245039,1.759548886
18.54599099,73.95254513,1.765037787
18.54599152,73.95263988,1.731605471
18.54599204,73.95273462,1.750878864
18.54599362,73.95301884,1.816516871
18.54599415,73.95311359,1.797702179
18.54599467,73.95320833,1.778002244
18.5459952,73.95330307,1.755984272
18.54599572,73.95339781,1.73219858
18.54599625,73.95349255,1.731470096
18.54599677,73.9535873,1.741173254
18.5459973,73.95368204,1.726150235
18.54599782,73.95377678,1.718711945
18.54599835,73.95387152,1.704348997
18.54599887,73.95396626,1.699896564
18.5459994,73.95406101,1.718797177
18.54599992,73.95415575,1.724241142
18.54600044,73.95425049,1.728089867
18.54600097,73.95434523,1.731265924
18.54600149,73.95443997,1.76262844
18.54600202,73.95453472,1.76262844
18.54600254,73.95462946,1.76262844
18.54600307,73.9547242,1.754253009
18.54600359,73.95481894,1.76262844
18.54600412,73.95491368,1.76262844
18.54600464,73.95500843,1.76262844
18.54603079,73.95974554,1.814832225
18.54603132,73.95984028,1.809688817
18.54603184,73.95993502,1.784144554
18.54603236,73.96002976,1.759363076
18.54603288,73.96012451,1.736704211
18.54603445,73.96040873,1.76262844
18.54603497,73.96050347,1.76262844
18.54603549,73.96059822,1.76262844
18.54603601,73.96069296,1.76262844
18.54603653,73.9607877,1.76262844
18.54603705,73.96088244,1.769823092
18.54603758,73.96097719,1.76262844
18.5460381,73.96107193,1.753833433
18.54603862,73.96116667,1.75136417
18.54603914,73.96126141,1.746348398
18.54603966,73.96135616,1.755892291
18.54589747,73.95197723,1.965897371
18.545898,73.95207197,1.938909815
18.54589852,73.95216672,1.900324456
18.54589905,73.95226146,1.851609388
18.54589958,73.9523562,1.808415979
18.5459001,73.95245094,1.807698722
18.54590063,73.95254568,1.803588706
18.54590115,73.95264043,1.761379224
18.54590378,73.95311414,1.785539368
18.5459043,73.95320888,1.731688086
18.54590483,73.95330362,1.738064208
18.54590535,73.95339836,1.722999025
18.54590588,73.9534931,1.727847199
18.5459064,73.95358785,1.732750208
18.54590693,73.95368259,1.734419392
18.54590745,73.95377733,1.724167138
18.54590798,73.95387207,1.71408118
18.5459085,73.95396681,1.715088199
18.54590903,73.95406156,1.714617948
18.54590955,73.9541563,1.734867209
18.54591008,73.95425104,1.739486359
18.5459106,73.95434578,1.76262844
18.54591113,73.95444052,1.76262844
18.54591165,73.95453527,1.76262844
18.54591218,73.95463001,1.76262844
18.5459127,73.95472475,1.76262844
18.54591323,73.95481949,1.76262844
18.54591375,73.95491423,1.76262844
18.54594095,73.95984083,1.816666988
18.54594147,73.95993557,1.812857502
18.54594199,73.96003031,1.794953354
18.54594356,73.96031454,1.745936823
18.54594408,73.96040928,1.764478908
18.5459446,73.96050402,1.763308176
18.54594512,73.96059876,1.761863883
18.54594565,73.96069351,1.76262844
18.54594617,73.96078825,1.770163222
18.54594669,73.96088299,1.788082443
18.54594721,73.96097773,1.753085625
18.54594773,73.96107247,1.75136417
18.54594825,73.96116722,1.747468815
18.54594877,73.96126196,1.766683605
18.54594929,73.9613567,1.776196639
18.54594982,73.96145144,1.764255157
18.54580711,73.95197778,1.996593332
18.54580763,73.95207253,1.971597875
18.54580816,73.95216727,1.948885285
18.54580868,73.95226201,1.918374859
18.54580921,73.95235675,1.910967229
18.54580974,73.95245149,1.876074247
18.54581026,73.95254623,1.845023842
18.54581079,73.95264098,1.834859821
18.54581394,73.95320943,1.711440934
18.54581446,73.95330417,1.719911264
18.54581499,73.95339891,1.750256194
18.54581551,73.95349365,1.748796826
18.54581604,73.9535884,1.744687826
18.54581656,73.95368314,1.750053218
18.54581709,73.95377788,1.749103512
18.54581761,73.95387262,1.74372798
18.54581814,73.95396736,1.743094122
18.54581866,73.95406211,1.747762066
18.54581919,73.95415685,1.746862331
18.54581971,73.95425159,1.76262844
18.54582024,73.95434633,1.76262844
18.54582076,73.95444107,1.76262844
18.54582129,73.95453582,1.76262844
18.54582181,73.95463056,1.76262844
18.54582234,73.9547253,1.76262844
18.54582286,73.95482004,1.76262844
18.54585163,73.96003086,1.814607685
18.54585215,73.9601256,1.790003162
18.54585267,73.96022034,1.773479826
18.54585319,73.96031508,1.771072857
18.54585371,73.96040983,1.762328904
18.54585424,73.96050457,1.769792323
18.54585476,73.96059931,1.772112345
18.54585528,73.96069405,1.777783436
18.5458558,73.96078879,1.801085253
18.54585632,73.96088354,1.794271258
18.54585684,73.96097828,1.784714873
18.54585736,73.96107302,1.760916542
18.54585789,73.96116776,1.772175674
18.54585841,73.96126251,1.762672161
18.54585893,73.96135725,1.790851386
18.54585945,73.96145199,1.795630175
18.54571674,73.95197833,2
18.54571727,73.95207308,1.997522423
18.54571779,73.95216782,1.981312469
18.54571832,73.95226256,1.965306179
18.54571884,73.9523573,1.957238077
18.54571937,73.95245204,1.939263971
18.54571989,73.95254679,1.888076723
18.54572042,73.95264153,1.861525857
18.54572095,73.95273627,1.858813671
18.54572357,73.95320998,1.69127392
18.5457241,73.95330472,1.719972185
18.54572462,73.95339946,1.743369572
18.54572515,73.9534942,1.76262844
18.54572567,73.95358895,1.76262844
18.5457262,73.95368369,1.76262844
18.54572672,73.95377843,1.76262844
18.54572725,73.95387317,1.76262844
18.54572777,73.95396791,1.76262844
18.5457283,73.95406266,1.76262844
18.54572882,73.9541574,1.76262844
18.54572935,73.95425214,1.76262844
18.54572987,73.95434688,1.76262844
18.5457304,73.95444162,1.76262844
18.54573092,73.95453637,1.76262844
18.54573144,73.95463111,1.76262844
18.54573197,73.95472585,1.76262844
18.54573249,73.95482059,1.76262844
18.54576283,73.96031563,1.797859804
18.54576335,73.96041037,1.806212842
18.54576387,73.96050511,1.796223529
18.54576439,73.96059986,1.795988027
18.54576491,73.9606946,1.823034976
18.54576543,73.96078934,1.825762713
18.54576596,73.96088408,1.819953727
18.54576648,73.96097883,1.796033716
18.545767,73.96107357,1.771320745
18.54576752,73.96116831,1.74990118
18.54576804,73.96126305,1.775959226
18.54576856,73.96135779,1.760105971
18.54576908,73.96145254,1.767929514
18.5457696,73.96154728,1.745422025
18.5456269,73.95207363,2
18.54562743,73.95216837,2
18.54562795,73.95226311,1.980571231
18.54562848,73.95235785,1.963881451
18.545629,73.9524526,1.950059672
18.54562953,73.95254734,1.909377447
18.54563005,73.95264208,1.87459978
18.54563058,73.95273682,1.854096301
18.54563268,73.95311579,1.633426632
18.54563321,73.95321053,1.684851878
18.54563373,73.95330527,1.6877969
18.54563426,73.95340001,1.722310115
18.54563478,73.95349476,1.745205333
18.54563531,73.9535895,1.76262844
18.54563583,73.95368424,1.76262844
18.54563636,73.95377898,1.76262844
18.54563688,73.95387372,1.76262844
18.54563741,73.95396846,1.76262844
18.54563793,73.95406321,1.76262844
18.54563846,73.95415795,1.76262844
18.54563898,73.95425269,1.76262844
18.5456395,73.95434743,1.76262844
18.54564003,73.95444217,1.76262844
18.54567246,73.96031618,1.853174681
18.54567298,73.96041092,1.850847522
18.5456735,73.96050566,1.85388706
18.54567402,73.9606004,1.842621708
18.54567455,73.96069515,1.845467052
18.54567507,73.96078989,1.867001975
18.54567559,73.96088463,1.861011411
18.54567611,73.96097937,1.829581059
18.54567663,73.96107411,1.743706237
18.54567715,73.96116886,1.7430222
18.54567767,73.9612636,1.749874091
18.5456782,73.96135834,1.733966987
18.54567872,73.96145308,1.711131912
18.54567924,73.96154782,1.714522091
18.54567976,73.96164257,1.695671251
18.54568028,73.96173731,1.726320327
18.5456808,73.96183205,1.714911582
18.54568132,73.96192679,1.735789465
18.54568184,73.96202154,1.786114705
18.54568236,73.96211628,1.781439247
18.54553653,73.95207418,2
18.54553706,73.95216892,1.985172729
18.54553759,73.95226366,1.977359079
18.54553811,73.9523584,1.963062203
18.54553864,73.95245315,1.936255688
18.54553916,73.95254789,1.891841141
18.54553969,73.95264263,1.86389595
18.54554021,73.95273737,1.842763371
18.54554179,73.9530216,1.697411015
18.54554231,73.95311634,1.675542354
18.54554284,73.95321108,1.656436828
18.54554337,73.95330582,1.673740329
18.54554389,73.95340056,1.687356204
18.54554442,73.95349531,1.725003145
18.54554494,73.95359005,1.745205333
18.54554547,73.95368479,1.76262844
18.54554599,73.95377953,1.76262844
18.54554652,73.95387427,1.76262844
18.54554704,73.95396901,1.76262844
18.54554756,73.95406376,1.76262844
18.54554809,73.9541585,1.76262844
18.54554861,73.95425324,1.76262844
18.54554914,73.95434798,1.76262844
18.54558262,73.96041147,1.89088663
18.54558314,73.96050621,1.885146297
18.54558366,73.96060095,1.878563161
18.54558418,73.96069569,1.872948181
18.5455847,73.96079043,1.878992055
18.54558522,73.96088518,1.87951529
18.54558574,73.96097992,1.81541547
18.54558627,73.96107466,1.771362792
18.54558679,73.9611694,1.730646145
18.54558731,73.96126414,1.704805824
18.54558783,73.96135889,1.700295545
18.54558835,73.96145363,1.709861427
18.54558887,73.96154837,1.688196599
18.54558939,73.96164311,1.685917654
18.54558991,73.96173786,1.687219256
18.54559043,73.9618326,1.697796304
18.54559095,73.96192734,1.731500943
18.54559148,73.96202208,1.745158648
18.545592,73.96211682,1.759499858
18.54559252,73.96221157,1.754039373
18.54559304,73.96230631,1.752006183
18.54559356,73.96240105,1.738392504
18.54544617,73.95207473,1.985391018
18.54544669,73.95216947,1.979768691
18.54544722,73.95226421,1.972585619
18.54544775,73.95235896,1.961338395
18.54544827,73.9524537,1.914616205
18.5454488,73.95254844,1.852456281
18.54544932,73.95264318,1.810583452
18.54544985,73.95273792,1.802403654
18.54545037,73.95283266,1.786260957
18.5454509,73.95292741,1.74782832
18.54545142,73.95302215,1.727602209
18.54545195,73.95311689,1.695341213
18.54545247,73.95321163,1.668897628
18.545453,73.95330637,1.662562098
18.54545352,73.95340111,1.67990084
18.54545405,73.95349586,1.705059697
18.54545457,73.9535906,1.718162182
18.5454551,73.95368534,1.73746173
18.54549329,73.9606015,1.88741046
18.54549381,73.96069624,1.888378507
18.54549434,73.96079098,1.881486134
18.54549486,73.96088572,1.85403283
18.54549538,73.96098047,1.805114712
18.5454959,73.96107521,1.782429352
18.54549642,73.96116995,1.724389637
18.54549694,73.96126469,1.710015867
18.54549746,73.96135943,1.719055997
18.54549798,73.96145418,1.689087554
18.5454985,73.96154892,1.689779172
18.54549903,73.96164366,1.693019963
18.54549955,73.9617384,1.68613107
18.54550007,73.96183314,1.679404004
18.54550059,73.96192789,1.662908566
18.54550111,73.96202263,1.698367095
18.54550163,73.96211737,1.700271905
18.54550215,73.96221211,1.696043089
18.54550267,73.96230685,1.705238919
18.54550319,73.9624016,1.747211285
18.54550371,73.96249634,1.750553506
18.54550423,73.96259108,1.693932744
18.54535633,73.95217002,1.985741761
18.54535685,73.95226476,1.954771607
18.54535738,73.95235951,1.930243905
18.54535791,73.95245425,1.878889253
18.54535843,73.95254899,1.813983754
18.54535896,73.95264373,1.770910436
18.54535948,73.95273847,1.780398631
18.54536001,73.95283321,1.785415576
18.54536053,73.95292796,1.78352851
18.54536106,73.9530227,1.753605298
18.54536158,73.95311744,1.750028384
18.54536211,73.95321218,1.710828252
18.54536263,73.95330692,1.701776449
18.54536316,73.95340166,1.685241028
18.54536368,73.95349641,1.696393684
18.54536421,73.95359115,1.73746173
18.54536473,73.95368589,1.76262844
18.54540345,73.96069679,1.875937777
18.54540397,73.96079153,1.880902865
18.54540449,73.96088627,1.867004444
18.54540501,73.96098101,1.825500246
18.54540553,73.96107575,1.77965413
18.54540605,73.9611705,1.759057982
18.54540658,73.96126524,1.732292855
18.5454071,73.96135998,1.736549212
18.54540762,73.96145472,1.728986955
18.54540814,73.96154946,1.732199154
18.54540866,73.96164421,1.720505387
18.54540918,73.96173895,1.694178568
18.5454097,73.96183369,1.673826189
18.54541022,73.96192843,1.664065291
18.54541074,73.96202317,1.631940712
18.54541126,73.96211792,1.702897238
18.54541178,73.96221266,1.695776763
18.5454123,73.9623074,1.68959386
18.54541283,73.96240214,1.718199449
18.54541335,73.96249688,1.744504841
18.54541387,73.96259163,1.749683808
18.54541439,73.96268637,1.735630264
18.54541491,73.96278111,1.745610454
18.54526649,73.95226532,1.919827624
18.54526701,73.95236006,1.896945597
18.54526754,73.9524548,1.860289936
18.54526806,73.95254954,1.800644917
18.54526859,73.95264428,1.773139219
18.54526912,73.95273902,1.773929954
18.54526964,73.95283377,1.802834972
18.54527017,73.95292851,1.80873452
18.54527069,73.95302325,1.807190909
18.54527122,73.95311799,1.774515167
18.54527174,73.95321273,1.757165103
18.54527227,73.95330747,1.751153706
18.54527279,73.95340222,1.7401899
18.54527332,73.95349696,1.702110554
18.54531412,73.96088682,1.888265802
18.54531465,73.96098156,1.8510812
18.54531517,73.9610763,1.821447915
18.54531569,73.96117104,1.804201984
18.54531621,73.96126578,1.791044589
18.54531673,73.96136053,1.744795375
18.54531725,73.96145527,1.76262844
18.54531777,73.96155001,1.76262844
18.54531829,73.96164475,1.743868256
18.54531881,73.96173949,1.719129034
18.54531933,73.96183424,1.704050452
18.54531986,73.96192898,1.674107158
18.54532038,73.96202372,1.687703311
18.5453209,73.96211846,1.665632385
18.54532142,73.9622132,1.722973539
18.54532194,73.96230795,1.732972738
18.54532246,73.96240269,1.746185363
18.54532298,73.96249743,1.746265551
18.5453235,73.96259217,1.749456071
18.54532402,73.96268691,1.742156032
18.54532454,73.96278165,1.764165187
18.54532506,73.9628764,1.781745807
18.54532558,73.96297114,1.812416646
18.5453261,73.96306588,1.818545544
18.54517612,73.95226587,1.902894639
18.54517665,73.95236061,1.904508856
18.54517717,73.95245535,1.847737036
18.5451777,73.95255009,1.817969343
18.54517822,73.95264483,1.808412516
18.54517875,73.95273957,1.825428833
18.54517927,73.95283432,1.843816795
18.5451798,73.95292906,1.846915285
18.54518033,73.9530238,1.827205512
18.54518085,73.95311854,1.822118472
18.54518138,73.95321328,1.807237838
18.5451819,73.95330802,1.788636463
18.54518243,73.95340277,1.780408375
18.54522428,73.9609821,1.907665459
18.5452248,73.96107685,1.861861117
18.54522532,73.96117159,1.859386857
18.54522584,73.96126633,1.82588372
18.54522636,73.96136107,1.805516566
18.54522688,73.96145581,1.77860001
18.54522741,73.96155056,1.757628341
18.54522793,73.9616453,1.76262844
18.54522845,73.96174004,1.76262844
18.54522897,73.96183478,1.716702728
18.54522949,73.96192952,1.721679189
18.54523001,73.96202427,1.715169756
18.54523053,73.96211901,1.725618179
18.54523105,73.96221375,1.712598272
18.54523157,73.96230849,1.765639739
18.54523209,73.96240323,1.76492023
18.54523261,73.96249797,1.766647376
18.54523313,73.96259272,1.733956808
18.54523365,73.96268746,1.725184614
18.54523417,73.9627822,1.747932248
18.54523469,73.96287694,1.78576448
18.54523521,73.96297168,1.798561846
18.54523574,73.96306643,1.837815758
18.54523626,73.96316117,1.846127126
18.54523678,73.96325591,1.867162616
18.54508523,73.95217168,1.829217944
18.54508576,73.95226642,1.879328579
18.54508628,73.95236116,1.878004424
18.54508681,73.9524559,1.860454789
18.54508733,73.95255064,1.833120983
18.54508786,73.95264538,1.842012511
18.54508838,73.95274013,1.848955199
18.54508891,73.95283487,1.857786625
18.54508943,73.95292961,1.852312802
18.54508996,73.95302435,1.827873425
18.54509048,73.95311909,1.820035564
18.54509101,73.95321383,1.824798806
18.54509153,73.95330857,1.81664382
18.54509206,73.95340332,1.802845738
18.54513495,73.96117213,1.885061241
18.54513548,73.96126688,1.872850946
18.545136,73.96136162,1.847291219
18.54513652,73.96145636,1.80976212
18.54513704,73.9615511,1.782985433
18.54513756,73.96164584,1.761699713
18.54513808,73.96174059,1.76262844
18.5451386,73.96183533,1.76262844
18.54513912,73.96193007,1.717298826
18.54513964,73.96202481,1.732863204
18.54514016,73.96211955,1.738530983
18.54514068,73.96221429,1.752049684
18.54514121,73.96230904,1.72707316
18.54514173,73.96240378,1.732438529
18.54514225,73.96249852,1.722048544
18.54514277,73.96259326,1.707622383
18.54514329,73.962688,1.693391559
18.54514381,73.96278275,1.74276395
18.54514433,73.96287749,1.761453255
18.54514485,73.96297223,1.761164289
18.54514537,73.96306697,1.801666522
18.54514589,73.96316171,1.844150435
18.54514641,73.96325646,1.887712866
18.54514693,73.9633512,1.912973581
18.54514745,73.96344594,1.922016373
18.54514797,73.96354068,1.926915829
18.54514849,73.96363542,1.912763679
18.54499486,73.95217223,1.845471601
18.54499539,73.95226697,1.840290275
18.54499592,73.95236171,1.863218171
18.54499644,73.95245645,1.870886675
18.54499697,73.95255119,1.850602784
18.54499749,73.95264593,1.831654333
18.54499802,73.95274068,1.851444136
18.54499854,73.95283542,1.851116873
18.54499907,73.95293016,1.851719701
18.54499959,73.9530249,1.838650951
18.54500012,73.95311964,1.819549318
18.54500064,73.95321438,1.828044671
18.54504511,73.96126742,1.906735985
18.54504563,73.96136216,1.872145855
18.54504615,73.96145691,1.860771974
18.54504667,73.96155165,1.830761513
18.54504719,73.96164639,1.799428797
18.54504771,73.96174113,1.769598894
18.54504824,73.96183587,1.753239571
18.54504876,73.96193062,1.76262844
18.54504928,73.96202536,1.737148983
18.5450498,73.9621201,1.752320866
18.54505032,73.96221484,1.730872746
18.54505084,73.96230958,1.731592716
18.54505136,73.96240432,1.722795285
18.54505188,73.96249907,1.711784118
18.5450524,73.96259381,1.670341154
18.54505292,73.96268855,1.697611695
18.54505344,73.96278329,1.694303762
18.54505396,73.96287803,1.730069551
18.54505448,73.96297278,1.76229927
18.545055,73.96306752,1.774409614
18.54505552,73.96316226,1.808296645
18.54505604,73.963257,1.870629115
18.54505656,73.96335174,1.917538301
18.54505708,73.96344648,1.915132465
18.5450576,73.96354123,1.906140995
18.54505812,73.96363597,1.902983972
18.54505864,73.96373071,1.919351665
18.54505916,73.96382545,1.924405674
18.54505968,73.96392019,1.913368075
18.54490502,73.95226752,1.846684131
18.54490555,73.95236226,1.851013777
18.54490607,73.952457,1.84688655
18.5449066,73.95255174,1.822945222
18.54490713,73.95264649,1.829764732
18.54490765,73.95274123,1.85102392
18.54490818,73.95283597,1.849482947
18.5449087,73.95293071,1.844169988
18.54495579,73.96145745,1.893958329
18.54495631,73.96155219,1.871543964
18.54495683,73.96164694,1.843285319
18.54495735,73.96174168,1.806291684
18.54495787,73.96183642,1.776534576
18.54495839,73.96193116,1.758338251
18.54495891,73.9620259,1.750753483
18.54495943,73.96212064,1.750075669
18.54495995,73.96221539,1.760074381
18.54496047,73.96231013,1.73152758
18.54496099,73.96240487,1.735234937
18.54496151,73.96249961,1.706900652
18.54496203,73.96259435,1.703370761
18.54496255,73.9626891,1.693974254
18.54496308,73.96278384,1.702461853
18.5449636,73.96287858,1.708702675
18.54496412,73.96297332,1.742456503
18.54496464,73.96306806,1.757566919
18.54496516,73.9631628,1.78128457
18.54496568,73.96325755,1.831401873
18.5449662,73.96335229,1.872142076
18.54496672,73.96344703,1.886004625
18.54496724,73.96354177,1.857918994
18.54496776,73.96363651,1.867223231
18.54496828,73.96373125,1.896863441
18.5449688,73.963826,1.910335531
18.54496932,73.96392074,1.906689943
18.54496984,73.96401548,1.89642014
18.54497036,73.96411022,1.917741539
18.54481676,73.95264704,1.844845601
18.54486594,73.96155274,1.904890892
18.54486646,73.96164748,1.871839697
18.54486698,73.96174222,1.852617286
18.5448675,73.96183697,1.821534039
18.54486802,73.96193171,1.780331628
18.54486854,73.96202645,1.758178728
18.54486907,73.96212119,1.751641503
18.54486959,73.96221593,1.76262844
18.54487011,73.96231067,1.76262844
18.54487063,73.96240542,1.74347372
18.54487115,73.96250016,1.752569026
18.54487167,73.9625949,1.720405322
18.54487219,73.96268964,1.715980004
18.54487271,73.96278438,1.743901985
18.54487323,73.96287912,1.736568103
18.54487375,73.96297387,1.725385141
18.54487427,73.96306861,1.735250984
18.54487479,73.96316335,1.759893667
18.54487531,73.96325809,1.782427945
18.54487583,73.96335283,1.812587557
18.54487635,73.96344757,1.81805136
18.54487687,73.96354232,1.795580467
18.54487739,73.96363706,1.811218794
18.54487791,73.9637318,1.838913787
18.54487843,73.96382654,1.86570871
18.54487895,73.96392128,1.885715813
18.54487947,73.96401603,1.8784741
18.54487999,73.96411077,1.895185146
18.54488051,73.96420551,1.902665739
18.54488103,73.96430025,1.889429311
18.54488155,73.96439499,1.887372225
18.54477662,73.96174277,1.881714533
18.54477714,73.96183751,1.84945419
18.54477766,73.96193225,1.830382242
18.54477818,73.96202699,1.810221381
18.5447787,73.96212174,1.779761333
18.54477922,73.96221648,1.744690362
18.54477974,73.96231122,1.74614551
18.54478026,73.96240596,1.76262844
18.54478078,73.9625007,1.76262844
18.5447813,73.96259544,1.752569026
18.54478182,73.96269019,1.738681435
18.54478234,73.96278493,1.744951987
18.54478286,73.96287967,1.755613643
18.54478338,73.96297441,1.747634061
18.5447839,73.96306915,1.731385871
18.54478442,73.96316389,1.71712815
18.54478494,73.96325864,1.753133107
18.54478546,73.96335338,1.760036601
18.54478598,73.96344812,1.727428662
18.5447865,73.96354286,1.737745784
18.54478702,73.9636376,1.755125773
18.54478754,73.96373235,1.775220263
18.54478806,73.96382709,1.795215977
18.54478858,73.96392183,1.812573363
18.5447891,73.96401657,1.835284419
18.54478962,73.96411131,1.860011161
18.54479014,73.96420605,1.886855386
18.54479066,73.9643008,1.877215079
18.54479118,73.96439554,1.870786725
18.5447917,73.96449028,1.864524517
18.54479222,73.96458502,1.881806779
18.54468677,73.96183806,1.90339138
18.54468729,73.9619328,1.879074123
18.54468781,73.96202754,1.860683329
18.54468833,73.96212228,1.814380121
18.54468885,73.96221702,1.776286685
18.54468937,73.96231177,1.741544823
18.54468989,73.96240651,1.74614551
18.54469041,73.96250125,1.76262844
18.54469094,73.96259599,1.76262844
18.54469146,73.96269073,1.76262844
18.54469198,73.96278547,1.754376137
18.5446925,73.96288022,1.756451849
18.54469302,73.96297496,1.748762599
18.54469354,73.9630697,1.733211729
18.54469406,73.96316444,1.726076137
18.54469458,73.96325918,1.737747365
18.5446951,73.96335392,1.722931486
18.54469562,73.96344867,1.709822071
18.54469614,73.96354341,1.694599788
18.54469666,73.96363815,1.681905765
18.54469718,73.96373289,1.723578847
18.5446977,73.96382763,1.739467346
18.54469822,73.96392237,1.748434726
18.54469874,73.96401712,1.758943436
18.54469926,73.96411186,1.819866793
18.54469978,73.9642066,1.85163562
18.5447003,73.96430134,1.851234836
18.54470081,73.96439608,1.843789363
18.54470133,73.96449082,1.873974297
18.54470185,73.96458557,1.902666001
18.54470237,73.96468031,1.90895589
18.54470289,73.96477505,1.899392425
18.54470341,73.96486979,1.896188106
18.54459745,73.96202809,1.873917076
18.54459797,73.96212283,1.848793648
18.54459849,73.96221757,1.815393444
18.54459901,73.96231231,1.7806412
18.54459953,73.96240705,1.753251988
18.54460005,73.96250179,1.745537564
18.54460057,73.96259654,1.74623764
18.54460109,73.96269128,1.747892815
18.54460161,73.96278602,1.749419131
18.54460213,73.96288076,1.76262844
18.54460265,73.9629755,1.753023371
18.54460317,73.96307024,1.752422788
18.54460369,73.96316499,1.741252943
18.54460421,73.96325973,1.720064037
18.54460473,73.96335447,1.734562458
18.54460525,73.96344921,1.720043862
18.54460577,73.96354395,1.682541549
18.54460629,73.96363869,1.666013731
18.54460681,73.96373344,1.681363501
18.54460733,73.96382818,1.700140042
18.54460785,73.96392292,1.687312363
18.54460837,73.96401766,1.728861083
18.54460889,73.9641124,1.767047524
18.54460941,73.96420714,1.798950326
18.54460993,73.96430188,1.806409385
18.54461045,73.96439663,1.826025221
18.54461097,73.96449137,1.863029964
18.54461149,73.96458611,1.8819147
18.54461201,73.96468085,1.909205543
18.54461253,73.96477559,1.913780673
18.54461305,73.96487033,1.906815764
18.54461356,73.96496508,1.898459936
18.54461408,73.96505982,1.887378867
18.5445076,73.96212337,1.887736259
18.54450812,73.96221812,1.84410426
18.54450864,73.96231286,1.830022069
18.54450916,73.9624076,1.80297853
18.54450968,73.96250234,1.77293378
18.5445102,73.96259708,1.737903843
18.54451072,73.96269182,1.715920931
18.54451124,73.96278656,1.715768327
18.54451176,73.96288131,1.749419131
18.54451228,73.96297605,1.76262844
18.5445128,73.96307079,1.76262844
18.54451332,73.96316553,1.750048322
18.54451384,73.96326027,1.75754668
18.54451436,73.96335501,1.7425794
18.54451488,73.96344976,1.721876596
18.5445154,73.9635445,1.699909108
18.54451592,73.96363924,1.708830992
18.54451644,73.96373398,1.703223123
18.54451696,73.96382872,1.674312312
18.54451748,73.96392346,1.696155291
18.544518,73.9640182,1.711258251
18.54451852,73.96411295,1.744665962
18.54451904,73.96420769,1.748750808
18.54451956,73.96430243,1.775597672
18.54452008,73.96439717,1.791364041
18.5445206,73.96449191,1.803397291
18.54452112,73.96458665,1.835990836
18.54452164,73.9646814,1.865899091
18.54452216,73.96477614,1.889828577
18.54452268,73.96487088,1.88710649
18.5445232,73.96496562,1.872719188
18.54452372,73.96506036,1.894138016
18.54452424,73.9651551,1.894303538
18.54452476,73.96524985,1.895339919
18.54441827,73.9623134,1.856506892
18.5444188,73.96240814,1.841028889
18.54441932,73.96250289,1.810336962
18.54441984,73.96259763,1.765571696
18.54442036,73.96269237,1.719950123
18.54442088,73.96278711,1.709208581
18.5444214,73.96288185,1.716498929
18.54442192,73.96297659,1.731062877
18.54442244,73.96307133,1.76262844
18.54442296,73.96316608,1.76262844
18.54442348,73.96326082,1.76262844
18.544424,73.96335556,1.76262844
18.54442452,73.9634503,1.747278175
18.54442504,73.96354504,1.737453787
18.54442556,73.96363978,1.733419453
18.54442608,73.96373453,1.720983961
18.5444266,73.96382927,1.735645713
18.54442712,73.96392401,1.727497099
18.54442764,73.96401875,1.735308873
18.54442816,73.96411349,1.746394471
18.54442868,73.96420823,1.761512442
18.5444292,73.96430297,1.74014659
18.54442972,73.96439772,1.735982589
18.54443024,73.96449246,1.763185407
18.54443075,73.9645872,1.800760589
18.54443127,73.96468194,1.814698225
18.54443179,73.96477668,1.816243496
18.54443231,73.96487142,1.823071829
18.54443283,73.96496616,1.848704033
18.54443335,73.96506091,1.856217045
18.54443387,73.96515565,1.885051852
18.54443439,73.96525039,1.897739449
18.54443491,73.96534513,1.924165492
18.54432843,73.96240869,1.897486395
18.54432895,73.96250343,1.853052157
18.54432947,73.96259817,1.813168469
18.54432999,73.96269291,1.780066076
18.54433051,73.96278766,1.765093438
18.54433103,73.9628824,1.736196003
18.54433155,73.96297714,1.737690691
18.54433207,73.96307188,1.750467434
18.54433259,73.96316662,1.7584856
18.54433311,73.96326136,1.747101036
18.54433363,73.9633561,1.76262844
18.54433415,73.96345085,1.76262844
18.54433467,73.96354559,1.76262844
18.54433519,73.96364033,1.744712719
18.54433571,73.96373507,1.756229211
18.54433623,73.96382981,1.754911743
18.54433675,73.96392455,1.76262844
18.54433727,73.96401929,1.74614551
18.54433779,73.96411404,1.76262844
18.54433831,73.96420878,1.76262844
18.54433883,73.96430352,1.746964885
18.54433935,73.96439826,1.753989515
18.54433987,73.964493,1.749896553
18.54434039,73.96458774,1.757815167
18.54434091,73.96468248,1.760632691
18.54434143,73.96477723,1.772381872
18.54434195,73.96487197,1.799178509
18.54434247,73.96496671,1.810612692
18.54434298,73.96506145,1.816622296
18.5443435,73.96515619,1.830790542
18.54434402,73.96525093,1.88379778
18.54434454,73.96534568,1.909133594
18.54434506,73.96544042,1.914516865
18.5442391,73.96259872,1.891261317
18.54423962,73.96269346,1.854044046
18.54424014,73.9627882,1.818509757
18.54424066,73.96288294,1.813094763
18.54424118,73.96297768,1.80674995
18.5442417,73.96307243,1.775235172
18.54424223,73.96316717,1.742615745
18.54424275,73.96326191,1.745936949
18.54424327,73.96335665,1.733499892
18.54424379,73.96345139,1.76262844
18.54424431,73.96354613,1.76262844
18.54424483,73.96364087,1.76262844
18.54424535,73.96373562,1.76262844
18.54424586,73.96383036,1.76262844
18.54424638,73.9639251,1.76262844
18.5442469,73.96401984,1.76262844
18.54424742,73.96411458,1.76262844
18.54424794,73.96420932,1.76262844
18.54424846,73.96430406,1.76262844
18.54424898,73.96439881,1.76262844
18.5442495,73.96449355,1.74872814
18.54425002,73.96458829,1.744639049
18.54425054,73.96468303,1.750393095
18.54425106,73.96477777,1.747747141
18.54425158,73.96487251,1.748550822
18.5442521,73.96496725,1.744393067
18.54425262,73.965062,1.754684788
18.54425314,73.96515674,1.803952684
18.54425366,73.96525148,1.823482389
18.54425418,73.96534622,1.847087535
18.54425469,73.96544096,1.868929638
18.54425521,73.9655357,1.887538833
18.54425573,73.96563044,1.900517486
18.54425625,73.96572519,1.912204719
18.54425677,73.96581993,1.911694708
18.54414978,73.96278875,1.904724009
18.5441503,73.96288349,1.890391303
18.54415082,73.96297823,1.858412571
18.54415134,73.96307297,1.820699924
18.54415186,73.96316771,1.809274331
18.54415238,73.96326245,1.768522161
18.5441529,73.96335719,1.744684599
18.54415342,73.96345194,1.730880391
18.54415394,73.96354668,1.743420489
18.54415446,73.96364142,1.743548576
18.54415498,73.96373616,1.76262844
18.5441555,73.9638309,1.76262844
18.54415602,73.96392564,1.76262844
18.54415654,73.96402038,1.76262844
18.54415706,73.96411513,1.76262844
18.54415758,73.96420987,1.76262844
18.5441581,73.96430461,1.76262844
18.54415862,73.96439935,1.74872814
18.54415914,73.96449409,1.74872814
18.54415966,73.96458883,1.739927719
18.54416017,73.96468357,1.732324851
18.54416069,73.96477832,1.722601036
18.54416121,73.96487306,1.733740488
18.54416173,73.9649678,1.712429026
18.54416225,73.96506254,1.725678507
18.54416277,73.96515728,1.741033975
18.54416329,73.96525202,1.768212222
18.54416381,73.96534676,1.798413318
18.54416433,73.96544151,1.826106009
18.54416485,73.96553625,1.820744065
18.54416537,73.96563099,1.827673911
18.54416589,73.96572573,1.847144508
18.5441664,73.96582047,1.862473691
18.54416692,73.96591521,1.881261008
18.54416744,73.96600995,1.853993671
18.54416796,73.9661047,1.871190497
18.54416848,73.96619944,1.873449996
18.54405993,73.96288403,1.952306055
18.54406045,73.96297877,1.922723298
18.54406097,73.96307352,1.915698898
18.54406149,73.96316826,1.856811202
18.54406201,73.963263,1.826655554
18.54406253,73.96335774,1.793728272
18.54406305,73.96345248,1.754922861
18.54406357,73.96354722,1.705624777
18.54406409,73.96364196,1.710610322
18.54406461,73.96373671,1.743548576
18.54406513,73.96383145,1.76262844
18.54406565,73.96392619,1.76262844
18.54406617,73.96402093,1.76262844
18.54406669,73.96411567,1.76262844
18.54406721,73.96421041,1.76262844
18.54406773,73.96430515,1.74872814
18.54406825,73.96439989,1.74872814
18.54406877,73.96449464,1.739927719
18.54406929,73.96458938,1.718424551
18.54406981,73.96468412,1.703505402
18.54407033,73.96477886,1.704825583
18.54407085,73.9648736,1.693688498
18.54407137,73.96496834,1.717408068
18.54407189,73.96506308,1.720641807
18.5440724,73.96515783,1.724802729
18.54407292,73.96525257,1.746198489
18.54407344,73.96534731,1.760224889
18.54407396,73.96544205,1.759901349
18.54407448,73.96553679,1.768298552
18.544075,73.96563153,1.78846828
18.54407552,73.96572627,1.795184362
18.54407604,73.96582101,1.813094645
18.54407656,73.96591576,1.806695948
18.54407707,73.9660105,1.818371728
18.54407759,73.96610524,1.832985778
18.54407811,73.96619998,1.852919216
18.54407863,73.96629472,1.853429458
18.54397061,73.96307406,1.973359172
18.54397113,73.9631688,1.942443961
18.54397165,73.96326354,1.881817085
18.54397217,73.96335829,1.843956416
18.54397269,73.96345303,1.784330171
18.54397321,73.96354777,1.746246711
18.54397373,73.96364251,1.71539858
18.54397425,73.96373725,1.706707032
18.54397477,73.96383199,1.743548576
18.54397529,73.96392673,1.76262844
18.54397581,73.96402147,1.76262844
18.54397632,73.96411622,1.76262844
18.54397684,73.96421096,1.76262844
18.54397736,73.9643057,1.76262844
18.54397788,73.96440044,1.74872814
18.5439784,73.96449518,1.743532806
18.54397892,73.96458992,1.719813236
18.54397944,73.96468466,1.717405701
18.54397996,73.9647794,1.717405701
18.54398048,73.96487415,1.713626004
18.543981,73.96496889,1.718796753
18.54398152,73.96506363,1.733715902
18.54398204,73.96515837,1.74629602
18.54398256,73.96525311,1.76262844
18.54398308,73.96534785,1.76262844
18.5439836,73.96544259,1.752290821
18.54398411,73.96553733,1.757485185
18.54398463,73.96563208,1.752851768
18.54398515,73.96572682,1.754198018
18.54398567,73.96582156,1.757433911
18.54398619,73.9659163,1.777271026
18.54398671,73.96601104,1.795498124
18.54398723,73.96610578,1.801377705
18.54398775,73.96620052,1.802101703
18.54398826,73.96629527,1.828047349
18.54398878,73.96639001,1.80038737
18.5439893,73.96648475,1.778977005
18.54399086,73.96676897,1.883782831
18.54399137,73.96686371,1.912482341
18.54399189,73.96695845,1.918381233
18.54399241,73.9670532,1.902923489
18.54399293,73.96714794,1.888935135
18.54399345,73.96724268,1.877709635
18.54399397,73.96733742,1.880418309
18.54388076,73.96316935,1.984882937
18.54388128,73.96326409,1.962998125
18.5438818,73.96335883,1.904225929
18.54388232,73.96345357,1.84352623
18.54388284,73.96354831,1.795223966
18.54388336,73.96364305,1.757092017
18.54388388,73.9637378,1.74849706
18.5438844,73.96383254,1.74759832
18.54388492,73.96392728,1.751618071
18.54388544,73.96402202,1.76262844
18.54388596,73.96411676,1.76262844
18.54388648,73.9642115,1.76262844
18.543887,73.96430624,1.76262844
18.54388752,73.96440098,1.76262844
18.54388804,73.96449572,1.74872814
18.54388856,73.96459047,1.757433105
18.54388908,73.96468521,1.733713535
18.54388959,73.96477995,1.726206122
18.54389011,73.96487469,1.74770929
18.54389063,73.96496943,1.750048322
18.54389115,73.96506417,1.74629602
18.54389167,73.96515891,1.76262844
18.54389219,73.96525365,1.76262844
18.54389271,73.9653484,1.76262844
18.54389323,73.96544314,1.76262844
18.54389375,73.96553788,1.76262844
18.54389427,73.96563262,1.749960133
18.54389479,73.96572736,1.756427471
18.5438953,73.9658221,1.76169957
18.54389582,73.96591684,1.75416696
18.54389634,73.96601159,1.76135832
18.54389686,73.96610633,1.76215865
18.54389738,73.96620107,1.789480186
18.5438979,73.96629581,1.766487773
18.54389842,73.96639055,1.735844944
18.54389893,73.96648529,1.704607939
18.54389945,73.96658003,1.719428027
18.54389997,73.96667477,1.74843562
18.54390049,73.96676952,1.831871326
18.54390101,73.96686426,1.84851521
18.54390153,73.966959,1.878656577
18.54390204,73.96705374,1.892023427
18.54390256,73.96714848,1.895144486
18.54390308,73.96724322,1.890545706
18.5439036,73.96733796,1.873982127
18.54390412,73.9674327,1.862638319
18.54390464,73.96752745,1.868096325
18.54390515,73.96762219,1.871892679
18.54379143,73.96335938,1.972423265
18.54379195,73.96345412,1.91722331
18.54379247,73.96354886,1.839879313
18.54379299,73.9636436,1.817168032
18.54379351,73.96373834,1.806643102
18.54379403,73.96383308,1.776459462
18.54379455,73.96392782,1.749292406
18.54379507,73.96402256,1.759398754
18.54379559,73.9641173,1.76262844
18.54379611,73.96421205,1.76262844
18.54379663,73.96430679,1.76262844
18.54379715,73.96440153,1.76262844
18.54379767,73.96449627,1.76262844
18.54379819,73.96459101,1.76262844
18.54379871,73.96468575,1.757433105
18.54379923,73.96478049,1.74770929
18.54379975,73.96487523,1.76262844
18.54380027,73.96496998,1.76262844
18.54380079,73.96506472,1.76262844
18.54380131,73.96515946,1.76262844
18.54380182,73.9652542,1.76262844
18.54380234,73.96534894,1.76262844
18.54380286,73.96544368,1.76262844
18.54380338,73.96553842,1.76262844
18.5438039,73.96563316,1.76262844
18.54380442,73.96572791,1.76262844
18.54380494,73.96582265,1.76262844
18.54380546,73.96591739,1.76262844
18.54380598,73.96601213,1.747624751
18.54380649,73.96610687,1.761227842
18.54380701,73.96620161,1.73797369
18.54380753,73.96629635,1.712162297
18.54380805,73.96639109,1.672017002
18.54380857,73.96648584,1.659382166
18.54380909,73.96658058,1.630181015
18.54380961,73.96667532,1.690843606
18.54381012,73.96677006,1.748639488
18.54381064,73.9668648,1.79158814
18.54381116,73.96695954,1.808404592
18.54381168,73.96705428,1.829712888
18.5438122,73.96714902,1.890029444
18.54381271,73.96724377,1.894827959
18.54381323,73.96733851,1.879251385
18.54381375,73.96743325,1.88677064
18.54381427,73.96752799,1.877703712
18.54381479,73.96762273,1.89008329
18.5438153,73.96771747,1.919566432
18.54381582,73.96781221,1.94417861
18.54381634,73.96790695,1.954578067
18.54381686,73.9680017,1.959276807
18.54370211,73.9635494,1.924307018
18.54370263,73.96364414,1.854056513
18.54370315,73.96373889,1.824705657
18.54370367,73.96383363,1.787818197
18.54370419,73.96392837,1.781540979
18.54370471,73.96402311,1.76188837
18.54370523,73.96411785,1.759129613
18.54370575,73.96421259,1.76262844
18.54370626,73.96430733,1.76262844
18.54370678,73.96440207,1.76262844
18.5437073,73.96449681,1.76262844
18.54370782,73.96459156,1.76262844
18.54370834,73.9646863,1.76262844
18.54370886,73.96478104,1.76262844
18.54370938,73.96487578,1.76262844
18.5437099,73.96497052,1.76262844
18.54371042,73.96506526,1.76262844
18.54371094,73.96516,1.76262844
18.54371146,73.96525474,1.76262844
18.54371198,73.96534948,1.76262844
18.5437125,73.96544423,1.76262844
18.54371301,73.96553897,1.76262844
18.54371353,73.96563371,1.76262844
18.54371405,73.96572845,1.76262844
18.54371457,73.96582319,1.76262844
18.54371509,73.96591793,1.76262844
18.54371561,73.96601267,1.76262844
18.54371613,73.96610741,1.750243322
18.54371665,73.96620216,1.736145552
18.54371716,73.9662969,1.697676368
18.54371768,73.96639164,1.664359943
18.5437182,73.96648638,1.619508845
18.54371872,73.96658112,1.649845277
18.54371924,73.96667586,1.663758471
18.54371976,73.9667706,1.695663096
18.54372028,73.96686534,1.729242977
18.54372079,73.96696008,1.76049318
18.54372131,73.96705483,1.793596815
18.54372183,73.96714957,1.829083306
18.54372235,73.96724431,1.854765002
18.54372287,73.96733905,1.886127155
18.54372338,73.96743379,1.889693887
18.5437239,73.96752853,1.891411516
18.54372442,73.96762327,1.915928845
18.54372494,73.96771801,1.941201028
18.54372546,73.96781276,1.957488798
18.54372597,73.9679075,1.969080097
18.54372649,73.96800224,1.97324448
18.54372701,73.96809698,1.962316836
18.54372753,73.96819172,1.963474072
18.54372804,73.96828646,1.950682687
18.54372856,73.9683812,1.936388005
18.54372908,73.96847594,1.921593757
18.54361434,73.96402365,1.756630451
18.54361486,73.96411839,1.775272048
18.54361538,73.96421314,1.773867203
18.5436159,73.96430788,1.76262844
18.54361642,73.96440262,1.76262844
18.54361694,73.96449736,1.76262844
18.54361746,73.9645921,1.76262844
18.54361798,73.96468684,1.76262844
18.5436185,73.96478158,1.76262844
18.54361901,73.96487632,1.76262844
18.54361953,73.96497106,1.76262844
18.54362005,73.96506581,1.76262844
18.54362057,73.96516055,1.76262844
18.54362109,73.96525529,1.76262844
18.54362161,73.96535003,1.76262844
18.54362213,73.96544477,1.76262844
18.54362265,73.96553951,1.76262844
18.54362317,73.96563425,1.76262844
18.54362369,73.96572899,1.76262844
18.54362421,73.96582373,1.76262844
18.54362472,73.96591848,1.76262844
18.54362524,73.96601322,1.76262844
18.54362576,73.96610796,1.76262844
18.54362628,73.9662027,1.750243322
18.5436268,73.96629744,1.736145552
18.54362732,73.96639218,1.696902712
18.54362784,73.96648692,1.692002417
18.54362835,73.96658166,1.687699556
18.54362887,73.9666764,1.720816461
18.54362939,73.96677115,1.717135282
18.54362991,73.96686589,1.714491272
18.54363043,73.96696063,1.724547299
18.54363095,73.96705537,1.772733403
18.54363146,73.96715011,1.78861873
18.54363198,73.96724485,1.805452969
18.5436325,73.96733959,1.832199378
18.54363302,73.96743433,1.84787312
18.54363354,73.96752907,1.875814263
18.54363405,73.96762382,1.915816023
18.54363457,73.96771856,1.921098847
18.54363509,73.9678133,1.938479617
18.54363561,73.96790804,1.964949449
18.54363612,73.96800278,1.969243364
18.54363664,73.96809752,1.96540147
18.54363716,73.96819226,1.951818354
18.54363768,73.968287,1.942648957
18.5436382,73.96838175,1.927959503
18.54363871,73.96847649,1.91894614
18.54363923,73.96857123,1.905942067
18.54363975,73.96866597,1.908242422
18.54364026,73.96876071,1.911204081
18.54364078,73.96885545,1.894145671
18.5436413,73.96895019,1.898696402
18.54352709,73.96459264,1.76262844
18.54352761,73.96468739,1.76262844
18.54352813,73.96478213,1.76262844
18.54352865,73.96487687,1.76262844
18.54352917,73.96497161,1.76262844
18.54352969,73.96506635,1.76262844
18.54353021,73.96516109,1.76262844
18.54353073,73.96525583,1.76262844
18.54353124,73.96535057,1.76262844
18.54353176,73.96544531,1.76262844
18.54353228,73.96554005,1.76262844
18.5435328,73.9656348,1.76262844
18.54353332,73.96572954,1.76262844
18.54353384,73.96582428,1.76262844
18.54353436,73.96591902,1.76262844
18.54353488,73.96601376,1.76262844
18.54353539,73.9661085,1.76262844
18.54353591,73.96620324,1.76262844
18.54353643,73.96629798,1.750243322
18.54353695,73.96639272,1.74853067
18.54353747,73.96648747,1.743587787
18.54353799,73.96658221,1.743124876
18.54353851,73.96667695,1.744208941
18.54353902,73.96677169,1.76262844
18.54353954,73.96686643,1.742426252
18.54354006,73.96696117,1.731114748
18.54354058,73.96705591,1.728263007
18.5435411,73.96715065,1.749851848
18.54354162,73.96724539,1.771231517
18.54354213,73.96734014,1.775349152
18.54354265,73.96743488,1.7895148
18.54354317,73.96752962,1.831362973
18.54354369,73.96762436,1.838956689
18.5435442,73.9677191,1.859053594
18.54354472,73.96781384,1.886162078
18.54354524,73.96790858,1.899371392
18.54354576,73.96800332,1.931461395
18.54354628,73.96809806,1.946334947
18.54354679,73.96819281,1.921751004
18.54354731,73.96828755,1.908475363
18.54354783,73.96838229,1.916248282
18.54354835,73.96847703,1.903467244
18.54354886,73.96857177,1.891930229
18.54354938,73.96866651,1.895329923
18.5435499,73.96876125,1.911905002
18.54355042,73.96885599,1.905246318
18.54355093,73.96895074,1.899741186
18.54355145,73.96904548,1.90851264
18.54355197,73.96914022,1.892762669
18.54355248,73.96923496,1.884527061
18.543553,73.9693297,1.881596888
18.54355352,73.96942444,1.87106846
18.54343776,73.96478267,1.76262844
18.54343828,73.96487741,1.76262844
18.5434388,73.96497215,1.76262844
18.54343932,73.96506689,1.76262844
18.54343984,73.96516163,1.76262844
18.54344036,73.96525638,1.76262844
18.54344088,73.96535112,1.76262844
18.5434414,73.96544586,1.76262844
18.54344192,73.9655406,1.76262844
18.54344243,73.96563534,1.76262844
18.54344295,73.96573008,1.76262844
18.54344347,73.96582482,1.76262844
18.54344399,73.96591956,1.76262844
18.54344451,73.9660143,1.76262844
18.54344503,73.96610905,1.76262844
18.54344555,73.96620379,1.76262844
18.54344607,73.96629853,1.76262844
18.54344658,73.96639327,1.76262844
18.5434471,73.96648801,1.76262844
18.54344762,73.96658275,1.76262844
18.54344814,73.96667749,1.76262844
18.54344866,73.96677223,1.76262844
18.54344918,73.96686697,1.76262844
18.54344969,73.96696171,1.76262844
18.54345021,73.96705646,1.742426252
18.54345073,73.9671512,1.750676323
18.54345125,73.96724594,1.744095738
18.54345177,73.96734068,1.73732939
18.54345228,73.96743542,1.771739193
18.5434528,73.96753016,1.772421144
18.54345332,73.9676249,1.775517234
18.54345384,73.96771964,1.79807696
18.54345436,73.96781438,1.80923312
18.54345487,73.96790913,1.804370064
18.54345539,73.96800387,1.839366292
18.54345591,73.96809861,1.852831945
18.54345643,73.96819335,1.86065601
18.54345694,73.96828809,1.859114947
18.54345746,73.96838283,1.857578148
18.54345798,73.96847757,1.862198284
18.5434585,73.96857231,1.851838344
18.54345901,73.96866705,1.865653773
18.54345953,73.9687618,1.882679017
18.54346005,73.96885654,1.897089017
18.54346057,73.96895128,1.906540447
18.54346108,73.96904602,1.907222752
18.5434616,73.96914076,1.874712873
18.54346212,73.9692355,1.864801208
18.54346263,73.96933024,1.865344922
18.54346315,73.96942498,1.852517953
18.54346367,73.96951972,1.841947412
18.54346419,73.96961447,1.808090058
18.5434647,73.96970921,1.740873548
18.54334843,73.9649727,1.76262844
18.54334895,73.96506744,1.76262844
18.54334947,73.96516218,1.76262844
18.54334999,73.96525692,1.76262844
18.54335051,73.96535166,1.76262844
18.54335103,73.9654464,1.76262844
18.54335155,73.96554114,1.76262844
18.54335207,73.96563588,1.76262844
18.54335259,73.96573062,1.76262844
18.54335311,73.96582537,1.76262844
18.54335362,73.96592011,1.76262844
18.54335414,73.96601485,1.76262844
18.54335466,73.96610959,1.76262844
18.54335518,73.96620433,1.76262844
18.5433557,73.96629907,1.76262844
18.54335622,73.96639381,1.76262844
18.54335674,73.96648855,1.76262844
18.54335725,73.96658329,1.76262844
18.54335777,73.96667803,1.76262844
18.54335829,73.96677278,1.76262844
18.54335881,73.96686752,1.76262844
18.54335933,73.96696226,1.76262844
18.54335985,73.967057,1.746290286
18.54336036,73.96715174,1.748684327
18.54336088,73.96724648,1.742977377
18.5433614,73.96734122,1.755802972
18.54336192,73.96743596,1.759875327
18.54336244,73.9675307,1.765499692
18.54336295,73.96762544,1.758295147
18.54336347,73.96772019,1.740800812
18.54336399,73.96781493,1.728110433
18.54336451,73.96790967,1.749209755
18.54336503,73.96800441,1.741601354
18.54336554,73.96809915,1.748919212
18.54336606,73.96819389,1.77380402
18.54336658,73.96828863,1.791411254
18.5433671,73.96838337,1.791126946
18.54336761,73.96847811,1.78100272
18.54336813,73.96857286,1.789799688
18.54336865,73.9686676,1.802130863
18.54336917,73.96876234,1.829937876
18.54336968,73.96885708,1.84511411
18.5433702,73.96895182,1.873871011
18.54337072,73.96904656,1.850817444
18.54337123,73.9691413,1.846044459
18.54337175,73.96923604,1.826313631
18.54337227,73.96933078,1.809780981
18.54337279,73.96942553,1.802406982
18.5433733,73.96952027,1.781983
18.54337382,73.96961501,1.744261073
18.54337434,73.96970975,1.712759788
18.54337485,73.96980449,1.663494137
18.54337537,73.96989923,1.637994517
18.54326014,73.96535221,1.76262844
18.54326066,73.96544695,1.76262844
18.54326118,73.96554169,1.76262844
18.5432617,73.96563643,1.76262844
18.54326222,73.96573117,1.76262844
18.54326274,73.96582591,1.76262844
18.54326326,73.96592065,1.76262844
18.54326378,73.96601539,1.76262844
18.5432643,73.96611013,1.76262844
18.54326481,73.96620487,1.742426252
18.54326533,73.96629961,1.76262844
18.54326585,73.96639436,1.76262844
18.54326637,73.9664891,1.76262844
18.54326689,73.96658384,1.742659285
18.54326741,73.96667858,1.76262844
18.54326792,73.96677332,1.76262844
18.54326844,73.96686806,1.76262844
18.54326896,73.9669628,1.746290286
18.54326948,73.96705754,1.732346174
18.54327,73.96715228,1.732346174
18.54327052,73.96724702,1.748684327
18.54327103,73.96734176,1.76262844
18.54327155,73.96743651,1.76262844
18.54327207,73.96753125,1.76262844
18.54327259,73.96762599,1.76262844
18.54327311,73.96772073,1.727035728
18.54327362,73.96781547,1.713886562
18.54327414,73.96791021,1.708990304
18.54327466,73.96800495,1.716639889
18.54327518,73.96809969,1.712104517
18.54327569,73.96819443,1.723978451
18.54327621,73.96828917,1.735501649
18.54327673,73.96838392,1.749929286
18.54327725,73.96847866,1.749966789
18.54327776,73.9685734,1.73778919
18.54327828,73.96866814,1.758323943
18.5432788,73.96876288,1.751467486
18.54327932,73.96885762,1.786394262
18.54327983,73.96895236,1.782643278
18.54328035,73.9690471,1.784801169
18.54328087,73.96914184,1.766865952
18.54328138,73.96923659,1.753560254
18.5432819,73.96933133,1.738450372
18.54328242,73.96942607,1.738803448
18.54328294,73.96952081,1.73076109
18.54328345,73.96961555,1.684646443
18.54328397,73.96971029,1.669501228
18.54328449,73.96980503,1.641102696
18.543285,73.96989977,1.642443592
18.54328552,73.96999451,1.640792604
18.54317185,73.96573171,1.76262844
18.54317237,73.96582645,1.76262844
18.54317289,73.96592119,1.76262844
18.54317341,73.96601594,1.76262844
18.54317393,73.96611068,1.740742736
18.54317445,73.96620542,1.740742736
18.54317497,73.96630016,1.740742736
18.54317548,73.9663949,1.76262844
18.543176,73.96648964,1.742659285
18.54317652,73.96658438,1.742659285
18.54317704,73.96667912,1.742659285
18.54317756,73.96677386,1.76262844
18.54317808,73.9668686,1.746290286
18.54317859,73.96696334,1.717646893
18.54317911,73.96705809,1.716316877
18.54317963,73.96715283,1.732346174
18.54318015,73.96724757,1.732346174
18.54318067,73.96734231,1.748684327
18.54318119,73.96743705,1.76262844
18.5431817,73.96753179,1.76262844
18.54318222,73.96762653,1.76262844
18.54318274,73.96772127,1.76262844
18.54318326,73.96781601,1.742426252
18.54318377,73.96791075,1.721187662
18.54318429,73.96800549,1.71101581
18.54318481,73.96810024,1.734691249
18.54318533,73.96819498,1.73545136
18.54318584,73.96828972,1.75028473
18.54318636,73.96838446,1.763517788
18.54318688,73.9684792,1.74733127
18.5431874,73.96857394,1.732577906
18.54318791,73.96866868,1.717552593
18.54318843,73.96876342,1.741943649
18.54318895,73.96885816,1.730731395
18.54318947,73.9689529,1.734617366
18.54318998,73.96904765,1.716900684
18.5431905,73.96914239,1.712615212
18.54319102,73.96923713,1.687072721
18.54319153,73.96933187,1.697573728
18.54319205,73.96942661,1.709252168
18.54319257,73.96952135,1.679092915
18.54319309,73.96961609,1.676135977
18.5431936,73.96971083,1.649046396
18.54319412,73.96980557,1.650340505
18.54319464,73.96990031,1.645556341
18.54319515,73.96999506,1.655538743
18.54319567,73.9700898,1.678148248
18.54319619,73.97018454,1.698082767
18.5431967,73.97027928,1.740308369
18.54319722,73.97037402,1.757973147
18.54308304,73.96601648,1.725110091
18.54308356,73.96611122,1.729799885
18.54308408,73.96620596,1.733447502
18.5430846,73.9663007,1.736365596
18.54308512,73.96639544,1.715153217
18.54308564,73.96649018,1.740995189
18.54308615,73.96658492,1.740995189
18.54308667,73.96667967,1.740995189
18.54308719,73.96677441,1.740995189
18.54308771,73.96686915,1.746704219
18.54308823,73.96696389,1.711639482
18.54308875,73.96705863,1.69653336
18.54308926,73.96715337,1.712457581
18.54308978,73.96724811,1.747522318
18.5430903,73.96734285,1.74957812
18.54309082,73.96743759,1.754976892
18.54309134,73.96753233,1.744730711
18.54309185,73.96762707,1.76262844
18.54309237,73.96772181,1.747973485
18.54309289,73.96781656,1.750932559
18.54309341,73.9679113,1.724229691
18.54309393,73.96800604,1.739639097
18.54309444,73.96810078,1.746625559
18.54309496,73.96819552,1.76262844
18.54309548,73.96829026,1.76262844
18.543096,73.968385,1.76262844
18.54309651,73.96847974,1.76262844
18.54309703,73.96857448,1.747278175
18.54309755,73.96866922,1.751424088
18.54309807,73.96876396,1.741485588
18.54309858,73.96885871,1.742397146
18.5430991,73.96895345,1.724424556
18.54309962,73.96904819,1.737989247
18.54310013,73.96914293,1.707072559
18.54310065,73.96923767,1.716508705
18.54310117,73.96933241,1.726975235
18.54310169,73.96942715,1.682160205
18.5431022,73.96952189,1.705814356
18.54310272,73.96961663,1.696578671
18.54310324,73.96971137,1.703345305
18.54310375,73.96980611,1.672715011
18.54310427,73.96990086,1.670467599
18.54310479,73.9699956,1.683127371
18.5431053,73.97009034,1.70361265
18.54310582,73.97018508,1.716682968
18.54310634,73.97027982,1.745575836
18.54310685,73.97037456,1.759958962
18.54310737,73.9704693,1.77095159
18.54310789,73.97056404,1.745920698
18.5431084,73.97065878,1.771436336
18.54310892,73.97075352,1.77602442
18.54299475,73.96639599,1.76262844
18.54299527,73.96649073,1.730178563
18.54299579,73.96658547,1.733784105
18.54299631,73.96668021,1.733784105
18.54299683,73.96677495,1.741396146
18.54299734,73.96686969,1.718242718
18.54299786,73.96696443,1.718242718
18.54299838,73.96705917,1.694643163
18.5429989,73.96715391,1.698101222
18.54299942,73.96724865,1.724824939
18.54299993,73.96734339,1.738162597
18.54300045,73.96743814,1.720812211
18.54300097,73.96753288,1.734950057
18.54300149,73.96762762,1.727363033
18.54300201,73.96772236,1.734081702
18.54300252,73.9678171,1.714368762
18.54300304,73.96791184,1.71917075
18.54300356,73.96800658,1.731841287
18.54300408,73.96810132,1.751554228
18.54300459,73.96819606,1.76262844
18.54300511,73.9682908,1.76262844
18.54300563,73.96838554,1.76262844
18.54300615,73.96848028,1.76262844
18.54300666,73.96857503,1.76262844
18.54300718,73.96866977,1.76262844
18.5430077,73.96876451,1.76262844
18.54300822,73.96885925,1.742477404
18.54300873,73.96895399,1.76262844
18.54300925,73.96904873,1.744208941
18.54300977,73.96914347,1.745055586
18.54301028,73.96923821,1.747823762
18.5430108,73.96933295,1.734119218
18.54301132,73.96942769,1.732783334
18.54301184,73.96952243,1.709280894
18.54301235,73.96961717,1.738367811
18.54301287,73.96971192,1.70956611
18.54301339,73.96980666,1.727894233
18.5430139,73.9699014,1.731272358
18.54301442,73.96999614,1.711291102
18.54301494,73.97009088,1.715030791
18.54301545,73.97018562,1.74073039
18.54301597,73.97028036,1.74657169
18.54301649,73.9703751,1.753984299
18.543017,73.97046984,1.734105217
18.54301752,73.97056458,1.726088108
18.54301804,73.97065933,1.723800143
18.54301855,73.97075407,1.73308828
18.54301907,73.97084881,1.738559026
18.54290957,73.96734394,1.690943476
18.54291009,73.96743868,1.699904097
18.5429106,73.96753342,1.685705201
18.54291112,73.96762816,1.687661613
18.54291164,73.9677229,1.672429927
18.54291216,73.96781764,1.683516586
18.54291267,73.96791238,1.683516586
18.54291319,73.96800712,1.704684853
18.54291371,73.96810186,1.721578903
18.54291423,73.9681966,1.747862824
18.54291475,73.96829135,1.76262844
18.54291526,73.96838609,1.76262844
18.54291578,73.96848083,1.76262844
18.5429163,73.96857557,1.76262844
18.54291682,73.96867031,1.76262844
18.54291733,73.96876505,1.76262844
18.54291785,73.96885979,1.76262844
18.54291837,73.96895453,1.76262844
18.54291888,73.96904927,1.76262844
18.5429194,73.96914401,1.76262844
18.54291992,73.96923875,1.746467967
18.54292044,73.96933349,1.746467967
18.54292095,73.96942824,1.746467967
18.54292147,73.96952298,1.746467967
18.54292199,73.96961772,1.726599725
18.5429225,73.96971246,1.76262844
18.54292302,73.9698072,1.736796346
18.54292354,73.96990194,1.751589891
18.54292405,73.96999668,1.738336143
18.54292457,73.97009142,1.748701411
18.54292509,73.97018616,1.763321299
18.5429256,73.9702809,1.760322246
18.54292612,73.97037564,1.729822118
18.54292664,73.97047038,1.721424123
18.54292715,73.97056513,1.714519956
18.54292767,73.97065987,1.71083209
18.54292819,73.97075461,1.702655418
18.5429287,73.97084935,1.664639955
18.54292922,73.97094409,1.694759616
18.54282645,73.96867085,1.76262844
18.54282697,73.96876559,1.76262844
18.54282748,73.96886033,1.76262844
18.542828,73.96895507,1.76262844
18.54282852,73.96904981,1.76262844
18.54282903,73.96914455,1.745195412
18.54282955,73.9692393,1.76262844
18.54283007,73.96933404,1.746467967
18.54283059,73.96942878,1.746467967
18.5428311,73.96952352,1.746467967
18.54283162,73.96961826,1.76262844
18.54283214,73.969713,1.746178201
18.54283265,73.96980774,1.76262844
18.54283317,73.96990248,1.747725011
18.54283369,73.96999722,1.76262844
18.5428342,73.97009196,1.76262844
18.54283472,73.9701867,1.76262844
18.54283524,73.97028144,1.76262844
18.54283575,73.97037619,1.76262844
18.54283627,73.97047093,1.729782001
18.54283679,73.97056567,1.717269326
18.5428373,73.97066041,1.695030662
18.54283782,73.97075515,1.682676574
18.54283833,73.97084989,1.68651904
18.54283885,73.97094463,1.654501495
18.54283937,73.97103937,1.678393929
18.54273712,73.96886087,1.76262844
18.54273763,73.96895562,1.76262844
18.54273815,73.96905036,1.739965504
18.54273867,73.9691451,1.742025771
18.54273919,73.96923984,1.745195412
18.5427397,73.96933458,1.76262844
18.54274022,73.96942932,1.746467967
18.54274074,73.96952406,1.745522795
18.54274125,73.9696188,1.746178201
18.54274177,73.96971354,1.746178201
18.54274229,73.96980828,1.746178201
18.5427428,73.96990302,1.76262844
18.54274332,73.96999776,1.76262844
18.54274384,73.9700925,1.76262844
18.54274435,73.97018725,1.76262844
18.54274487,73.97028199,1.76262844
18.54274539,73.97037673,1.76262844
18.5427459,73.97047147,1.76262844
18.54274642,73.97056621,1.743172313
18.54274694,73.97066095,1.718274224
18.54274745,73.97075569,1.707610615
18.54274797,73.97085043,1.694744263
18.54274848,73.97094517,1.675463745
18.542749,73.97103991,1.704267675
18.54274952,73.97113465,1.748245456
18.54275003,73.97122939,1.780726585
18.5426483,73.96914564,1.73429977
18.54264882,73.96924038,1.739965504
18.54264934,73.96933512,1.74374266
18.54264985,73.96942986,1.745522795
18.54265037,73.9695246,1.729072557
18.54265089,73.96961934,1.729072557
18.5426514,73.96971408,1.746178201
18.54265192,73.96980882,1.746178201
18.54265244,73.96990356,1.746178201
18.54265295,73.96999831,1.76262844
18.54265347,73.97009305,1.76262844
18.54265399,73.97018779,1.76262844
18.5426545,73.97028253,1.76262844
18.54265502,73.97037727,1.76262844
18.54265554,73.97047201,1.76262844
18.54265605,73.97056675,1.76262844
18.54265657,73.97066149,1.76262844
18.54265709,73.97075623,1.72828447
18.5426576,73.97085097,1.71541449
18.54265812,73.97094571,1.707096648
18.54265863,73.97104045,1.730607388
18.54265915,73.97113519,1.772004203
18.54265967,73.97122993,1.751067964
18.54266018,73.97132468,1.727433087
18.5426607,73.97141942,1.699711719
18.54266121,73.97151416,1.647613287
18.54255845,73.96924092,1.730252817
18.54255897,73.96933566,1.737920286
18.54255949,73.9694304,1.742412678
18.54256,73.96952514,1.744097325
18.54256052,73.96961988,1.726276233
18.54256104,73.96971462,1.726276233
18.54256155,73.96980937,1.744807348
18.54256207,73.96990411,1.76262844
18.54256259,73.96999885,1.76262844
18.5425631,73.97009359,1.76262844
18.54256362,73.97018833,1.76262844
18.54256414,73.97028307,1.76262844
18.54256465,73.97037781,1.76262844
18.54256517,73.97047255,1.76262844
18.54256569,73.97056729,1.76262844
18.5425662,73.97066203,1.76262844
18.54256672,73.97075677,1.745949635
18.54256723,73.97085151,1.727300366
18.54256775,73.97094625,1.74485903
18.54256827,73.97104099,1.734277717
18.54256878,73.97113574,1.724934748
18.5425693,73.97123048,1.728617422
18.54256982,73.97132522,1.675493164
18.54257033,73.97141996,1.661620238
18.54257085,73.9715147,1.632891185
18.54257136,73.97160944,1.593331764
18.54246912,73.96943095,1.730860814
18.54246964,73.96952569,1.734831767
18.54247015,73.96962043,1.737920286
18.54247067,73.96971517,1.738866984
18.54247119,73.96980991,1.76262844
18.5424717,73.96990465,1.76262844
18.54247222,73.96999939,1.76262844
18.54247274,73.97009413,1.76262844
18.54247325,73.97018887,1.76262844
18.54247377,73.97028361,1.76262844
18.54247429,73.97037835,1.76262844
18.5424748,73.97047309,1.76262844
18.54247532,73.97056783,1.76262844
18.54247584,73.97066257,1.76262844
18.54247635,73.97075731,1.76262844
18.54247687,73.97085205,1.745949635
18.54247738,73.97094679,1.745949635
18.5424779,73.97104154,1.724656843
18.54247842,73.97113628,1.729821259
18.54247893,73.97123102,1.70358799
18.54247945,73.97132576,1.673922964
18.54247996,73.9714205,1.613466538
18.54248048,73.97151524,1.642792116
18.542481,73.97160998,1.656170202
18.54248151,73.97170472,1.634433289
18.54238134,73.96990519,1.76262844
18.54238185,73.96999993,1.76262844
18.54238237,73.97009467,1.76262844
18.54238289,73.97018941,1.76262844
18.5423834,73.97028415,1.76262844
18.54238392,73.97037889,1.76262844
18.54238444,73.97047363,1.76262844
18.54238495,73.97056837,1.76262844
18.54238547,73.97066311,1.76262844
18.54238599,73.97075785,1.76262844
18.5423865,73.9708526,1.76262844
18.54238702,73.97094734,1.745949635
18.54238753,73.97104208,1.76262844
18.54238805,73.97113682,1.72578873
18.54238857,73.97123156,1.706997673
18.54238908,73.9713263,1.677588968
18.5423896,73.97142104,1.684552059
18.54239011,73.97151578,1.669562289
18.54239063,73.97161052,1.683739116
18.54239115,73.97170526,1.694682138
18.54239166,73.9718,1.710446014
18.54229252,73.97018995,1.76262844
18.54229304,73.97028469,1.76262844
18.54229355,73.97037943,1.76262844
18.54229407,73.97047417,1.76262844
18.54229459,73.97056892,1.76262844
18.5422951,73.97066366,1.76262844
18.54229562,73.9707584,1.76262844
18.54229613,73.97085314,1.76262844
18.54229665,73.97094788,1.76262844
18.54229717,73.97104262,1.76262844
18.54229768,73.97113736,1.76262844
18.5422982,73.9712321,1.705758769
18.54229872,73.97132684,1.710307203
18.54229923,73.97142158,1.725960957
18.54229975,73.97151632,1.725218766
18.54230026,73.97161106,1.722444355
18.54230078,73.9717058,1.730516178
18.54230129,73.97180054,1.743881019
18.54230181,73.97189528,1.742006277
18.54230233,73.97199002,1.759018199
18.54230284,73.97208476,1.730554516
18.54230336,73.9721795,1.698716415
18.54220267,73.97028524,1.76262844
18.54220319,73.97037998,1.76262844
18.5422037,73.97047472,1.76262844
18.54220422,73.97056946,1.757433105
18.54220474,73.9706642,1.76262844
18.54220525,73.97075894,1.76262844
18.54220577,73.97085368,1.76262844
18.54220628,73.97094842,1.76262844
18.5422068,73.97104316,1.76262844
18.54220732,73.9711379,1.76262844
18.54220783,73.97123264,1.76262844
18.54220835,73.97132738,1.725960957
18.54220886,73.97142212,1.742598479
18.54220938,73.97151686,1.742598479
18.5422099,73.9716116,1.76262844
18.54221041,73.97170634,1.76262844
18.54221093,73.97180108,1.746765238
18.54221144,73.97189582,1.76262844
18.54221196,73.97199056,1.743953505
18.54221248,73.9720853,1.725346426
18.54221299,73.97218005,1.698537527
18.54221351,73.97227479,1.655847451
18.54221402,73.97236953,1.629980335
18.54211334,73.97047526,1.754186021
18.54211385,73.97057,1.755874505
18.54211437,73.97066474,1.742232234
18.54211489,73.97075948,1.76262844
18.5421154,73.97085422,1.76262844
18.54211592,73.97094896,1.76262844
18.54211643,73.9710437,1.76262844
18.54211695,73.97113844,1.76262844
18.54211747,73.97123318,1.76262844
18.54211798,73.97132792,1.76262844
18.5421185,73.97142266,1.722396291
18.54211901,73.9715174,1.76262844
18.54211953,73.97161214,1.76262844
18.54212005,73.97170688,1.76262844
18.54212056,73.97180162,1.76262844
18.54212108,73.97189636,1.76262844
18.54212159,73.9719911,1.76262844
18.54212211,73.97208585,1.725573432
18.54212262,73.97218059,1.68870314
18.54212314,73.97227533,1.685250379
18.54212366,73.97237007,1.692184689
18.54212417,73.97246481,1.698422849
18.54202349,73.97057054,1.729484606
18.542024,73.97066528,1.736113373
18.54202452,73.97076002,1.722877898
18.54202504,73.97085476,1.76262844
18.54202555,73.9709495,1.76262844
18.54202607,73.97104424,1.76262844
18.54202658,73.97113898,1.76262844
18.5420271,73.97123372,1.76262844
18.54202762,73.97132846,1.742426252
18.54202813,73.9714232,1.742426252
18.54202865,73.97151794,1.742426252
18.54202916,73.97161268,1.76262844
18.54202968,73.97170742,1.76262844
18.54203019,73.97180216,1.76262844
18.54203071,73.9718969,1.76262844
18.54203123,73.97199165,1.76262844
18.54203174,73.97208639,1.76262844
18.54203226,73.97218113,1.725573432
18.54203277,73.97227587,1.708440939
18.54203329,73.97237061,1.723117307
18.5420338,73.97246535,1.737025554
18.54203432,73.97256009,1.76262844
18.54193364,73.97066582,1.69803381
18.54193415,73.97076056,1.717706671
18.54193467,73.9708553,1.72994478
18.54193518,73.97095004,1.749462214
18.5419357,73.97104478,1.76262844
18.54193622,73.97113952,1.76262844
18.54193673,73.97123426,1.742426252
18.54193725,73.971329,1.742426252
18.54193776,73.97142374,1.742426252
18.54193828,73.97151848,1.742426252
18.5419388,73.97161322,1.742426252
18.54193931,73.97170796,1.76262844
18.54193983,73.97180271,1.76262844
18.54194034,73.97189745,1.76262844
18.54194086,73.97199219,1.76262844
18.54194138,73.97208693,1.76262844
18.54194189,73.97218167,1.76262844
18.54194241,73.97227641,1.742811834
18.54194292,73.97237115,1.742933912
18.54194344,73.97246589,1.76262844
18.54194395,73.97256063,1.76262844
18.54194447,73.97265537,1.76262844
18.54184379,73.9707611,1.709517492
18.5418443,73.97085584,1.72278472
18.54184482,73.97095058,1.72942534
18.54184533,73.97104532,1.741511773
18.54184585,73.97114006,1.761367339
18.54184637,73.9712348,1.752638047
18.54184688,73.97132954,1.726401003
18.5418474,73.97142428,1.742426252
18.54184791,73.97151902,1.742426252
18.54184843,73.97161377,1.76262844
18.54184895,73.97170851,1.76262844
18.54184946,73.97180325,1.76262844
18.54184998,73.97189799,1.76262844
18.54185049,73.97199273,1.76262844
18.54185101,73.97208747,1.76262844
18.54185152,73.97218221,1.76262844
18.54185204,73.97227695,1.76262844
18.54185256,73.97237169,1.76262844
18.54185307,73.97246643,1.76262844
18.54185359,73.97256117,1.76262844
18.5418541,73.97265591,1.76262844
18.54185462,73.97275065,1.76262844
18.54175394,73.97085638,1.70570884
18.54175445,73.97095112,1.734829932
18.54175497,73.97104586,1.738393815
18.54175548,73.9711406,1.746445065
18.541756,73.97123534,1.742696453
18.54175652,73.97133009,1.737211429
18.54175703,73.97142483,1.70736035
18.54175755,73.97151957,1.76262844
18.54175806,73.97161431,1.76262844
18.54175858,73.97170905,1.76262844
18.5417591,73.97180379,1.76262844
18.54175961,73.97189853,1.76262844
18.54176013,73.97199327,1.76262844
18.54176064,73.97208801,1.76262844
18.54176116,73.97218275,1.76262844
18.54176167,73.97227749,1.76262844
18.54176219,73.97237223,1.76262844
18.5417627,73.97246697,1.76262844
18.54176322,73.97256171,1.76262844
18.54176373,73.97265645,1.76262844
18.54176425,73.97275119,1.749481768
18.54176477,73.97284593,1.735755229
18.54176528,73.97294067,1.702203087
18.5417658,73.97303541,1.703663032
18.5416646,73.97104641,1.736330456
18.54166512,73.97114115,1.747421505
18.54166563,73.97123589,1.767638056
18.54166615,73.97133063,1.741913856
18.54166667,73.97142537,1.732322708
18.54166718,73.97152011,1.73829385
18.5416677,73.97161485,1.755802972
18.54166821,73.97170959,1.76262844
18.54166873,73.97180433,1.746674649
18.54166924,73.97189907,1.76262844
18.54166976,73.97199381,1.76262844
18.54167028,73.97208855,1.76262844
18.54167079,73.97218329,1.76262844
18.54167131,73.97227803,1.76262844
18.54167182,73.97237277,1.76262844
18.54167234,73.97246751,1.76262844
18.54167285,73.97256225,1.76262844
18.54167337,73.97265699,1.76262844
18.54167388,73.97275173,1.745621318
18.5416744,73.97284647,1.714263716
18.54167491,73.97294121,1.708660558
18.54167543,73.97303595,1.721386896
18.54167594,73.97313069,1.780602807
18.54157475,73.97114169,1.796810095
18.54157527,73.97123643,1.777680919
18.54157578,73.97133117,1.803181594
18.5415763,73.97142591,1.793163598
18.54157681,73.97152065,1.780503545
18.54157733,73.97161539,1.760631294
18.54157785,73.97171013,1.739443622
18.54157836,73.97180487,1.746674649
18.54157888,73.97189961,1.746674649
18.54157939,73.97199435,1.76262844
18.54157991,73.97208909,1.76262844
18.54158042,73.97218383,1.76262844
18.54158094,73.97227857,1.76262844
18.54158146,73.97237331,1.76262844
18.54158197,73.97246805,1.76262844
18.54158249,73.97256279,1.76262844
18.541583,73.97265753,1.76262844
18.54158352,73.97275227,1.744562537
18.54158403,73.97284701,1.707729089
18.54158455,73.97294175,1.706361996
18.54158506,73.97303649,1.750290757
18.54158558,73.97313123,1.763367997
18.54158609,73.97322597,1.832627021
18.5414849,73.97123697,1.885509406
18.54148542,73.97133171,1.840895041
18.54148593,73.97142645,1.85381751
18.54148645,73.97152119,1.840236781
18.54148696,73.97161593,1.811583366
18.54148748,73.97171067,1.779118552
18.541488,73.97180541,1.751648914
18.54148851,73.97190015,1.748653635
18.54148903,73.97199489,1.72922029
18.54148954,73.97208963,1.76262844
18.54149006,73.97218437,1.76262844
18.54149057,73.97227911,1.76262844
18.54149109,73.97237385,1.76262844
18.5414916,73.97246859,1.76262844
18.54149212,73.97256333,1.76262844
18.54149263,73.97265807,1.742977377
18.54149315,73.97275281,1.76262844
18.54149367,73.97284755,1.744562537
18.54149418,73.97294229,1.715182237
18.5414947,73.97303703,1.738646668
18.54149521,73.97313177,1.788644679
18.54149573,73.97322651,1.823661461
18.54139505,73.97133225,1.935404743
18.54139557,73.97142699,1.90415257
18.54139608,73.97152173,1.89140904
18.5413966,73.97161647,1.866734081
18.54139711,73.97171121,1.832970718
18.54139763,73.97180595,1.806454199
18.54139814,73.97190069,1.758397821
18.54139866,73.97199543,1.758203929
18.54139918,73.97209017,1.747865385
18.54139969,73.97218491,1.756459296
18.54140021,73.97227965,1.76262844
18.54140072,73.97237439,1.76262844
18.54140124,73.97246913,1.76262844
18.54140175,73.97256387,1.742977377
18.54140227,73.97265861,1.742977377
18.54140278,73.97275335,1.742977377
18.5414033,73.97284809,1.76262844
18.54140381,73.97294283,1.728833793
18.54140433,73.97303757,1.736014857
18.54140484,73.97313231,1.782754305
18.54140536,73.97322705,1.811640675
18.5413052,73.97142753,1.952496137
18.54130571,73.97152227,1.948200448
18.54130623,73.97161701,1.907689535
18.54130675,73.97171175,1.890640808
18.54130726,73.97180649,1.830609106
18.54130778,73.97190123,1.836808948
18.54130829,73.97199597,1.806562384
18.54130881,73.97209071,1.771609508
18.54130932,73.97218545,1.759955592
18.54130984,73.97228019,1.762800953
18.54131036,73.97237493,1.757968946
18.54131087,73.97246967,1.724402189
18.54131139,73.97256441,1.742977377
18.5413119,73.97265915,1.742977377
18.54131242,73.97275389,1.742977377
18.54131293,73.97284863,1.722775189
18.54131345,73.97294337,1.76262844
18.54131396,73.97303811,1.741564577
18.54131448,73.97313285,1.759024617
18.54131499,73.97322759,1.769748184
18.54131551,73.97332233,1.823112903
18.54121638,73.97171229,1.937535173
18.5412169,73.97180703,1.921364533
18.54121741,73.97190177,1.887913345
18.54121793,73.97199651,1.858525676
18.54121844,73.97209125,1.839611082
18.54121896,73.97218599,1.822761764
18.54121947,73.97228073,1.782793479
18.54121999,73.97237547,1.742771813
18.5412205,73.97247021,1.732509801
18.54122102,73.97256495,1.715670685
18.54122153,73.97265969,1.734939758
18.54122205,73.97275443,1.722775189
18.54122257,73.97284917,1.722224064
18.54122308,73.97294391,1.724323716
18.5412236,73.97303865,1.757293321
18.54122411,73.97313339,1.729814503
18.54122463,73.97322813,1.763233242
18.54122514,73.97332287,1.783605641
18.54112704,73.97190231,1.959205533
18.54112756,73.97199705,1.931701657
18.54112808,73.97209179,1.911147491
18.54112859,73.97218653,1.849393474
18.54112911,73.97228127,1.788263237
18.54112962,73.97237601,1.775382995
18.54113014,73.97247075,1.7453658
18.54113065,73.97256549,1.722307269
18.54113117,73.97266023,1.683172537
18.54113168,73.97275497,1.714186446
18.5411322,73.97284971,1.704121529
18.54113271,73.97294445,1.684541458
18.54113323,73.97303919,1.704121529
18.54113374,73.97313393,1.733262717
18.54113426,73.97322867,1.728733195
18.54113477,73.97332341,1.798422507
18.54113529,73.97341815,1.827101339
18.54103668,73.97190285,1.991365666
18.54103719,73.97199759,1.972564971
18.54103771,73.97209233,1.93381635
18.54103822,73.97218707,1.876372505
18.54103874,73.97228181,1.812213615
18.54103926,73.97237655,1.777165254
18.54103977,73.97247129,1.768613191
18.54104029,73.97256603,1.752585377
18.5410408,73.97266077,1.731757155
18.54104132,73.97275551,1.68045113
18.54104183,73.97285025,1.659141702
18.54104235,73.97294499,1.669990393
18.54104286,73.97303973,1.686810109
18.54104338,73.97313447,1.701302682
18.54104389,73.97322921,1.731812262
18.54104441,73.97332395,1.796904448
18.54104492,73.97341869,1.864527797
18.54094683,73.97199813,1.955612895
18.54094734,73.97209287,1.92082678
18.54094786,73.97218761,1.876779234
18.54094837,73.97228235,1.838444397
18.54094889,73.97237709,1.819780186
18.5409494,73.97247183,1.81103448
18.54094992,73.97256657,1.823978161
18.54095043,73.97266131,1.796914321
18.54095095,73.97275605,1.71787735
18.54095147,73.97285079,1.631854826
18.54095198,73.97294553,1.654896907
18.5409525,73.97304027,1.672461078
18.54095301,73.97313501,1.710917216
18.54095353,73.97322975,1.750499045
18.54095404,73.97332449,1.812010814
18.54095456,73.97341923,1.876100249
18.54095507,73.97351397,1.926103896
18.54085749,73.97218815,1.843751091
18.54085801,73.97228289,1.845105573
18.54085852,73.97237763,1.872640784
18.54085904,73.97247237,1.896821612
18.54085955,73.97256711,1.884674774
18.54086007,73.97266185,1.835465156
18.54086058,73.97275659,1.775212647
18.5408611,73.97285133,1.673421548
18.54086161,73.97294607,1.658584006
18.54086213,73.97304081,1.69320163
18.54086264,73.97313555,1.720158624
18.54086316,73.97323029,1.756772246
18.54086367,73.97332503,1.8006392
18.54086419,73.97341977,1.874595122
18.5408647,73.97351451,1.918585225
18.54086522,73.97360925,1.91534087
18.54086573,73.97370399,1.925288536
18.54076816,73.97237817,1.907370472
18.54076867,73.97247291,1.947918107
18.54076919,73.97256765,1.951233611
18.5407697,73.97266239,1.887743209
18.54077022,73.97275713,1.825477234
18.54077073,73.97285187,1.759163941
18.54077125,73.97294661,1.672048962
18.54077176,73.97304135,1.716271684
18.54077228,73.97313609,1.744694903
18.54077279,73.97323083,1.752563132
18.54077331,73.97332557,1.78594758
18.54077382,73.97342031,1.823367545
18.54077434,73.97351505,1.852139197
18.54077485,73.97360979,1.879186329
18.54077537,73.97370453,1.879391917
18.54077588,73.97379927,1.866953853
18.54067933,73.97266293,1.931978574
18.54067985,73.97275767,1.860624362
18.54068037,73.97285241,1.782205351
18.54068088,73.97294715,1.752044728
18.5406814,73.97304189,1.71829687
18.54068191,73.97313663,1.748058289
18.54068243,73.97323137,1.731743146
18.54068294,73.97332611,1.756248144
18.54068346,73.97342085,1.765414306
18.54068397,73.97351559,1.76565206
18.54068448,73.97361033,1.820462688
18.540685,73.97370507,1.801612443
18.54068551,73.97379981,1.822436275
18.54068603,73.97389455,1.818108314
18.54059,73.97285295,1.804965936
18.54059051,73.97294769,1.782410663
18.54059103,73.97304243,1.768126416
18.54059154,73.97313717,1.723811723
18.54059206,73.97323191,1.727856101
18.54059257,73.97332665,1.731743146
18.54059309,73.97342139,1.729149082
18.5405936,73.97351613,1.74392955
18.54059412,73.97361087,1.74747402
18.54059463,73.97370561,1.777182627
18.54059515,73.97380035,1.768286568
18.54059566,73.97389509,1.798979102
18.54059618,73.97398983,1.777839076
18.54050015,73.97294823,1.782853494
18.54050066,73.97304297,1.76280701
18.54050118,73.97313771,1.734663239
18.54050169,73.97323245,1.705671217
18.54050221,73.97332719,1.699150611
18.54050272,73.97342193,1.741008467
18.54050324,73.97351667,1.741631676
18.54050375,73.97361141,1.738847175
18.54050427,73.97370615,1.721236706
18.54050478,73.97380089,1.762173298
18.5405053,73.97389563,1.748248679
18.54050581,73.97399037,1.765498788
18.54050632,73.97408511,1.788374276
18.54050684,73.97417985,1.818009676
18.5404103,73.97304351,1.761625169
18.54041081,73.97313825,1.743602131
18.54041133,73.97323299,1.693071494
18.54041184,73.97332773,1.698900587
18.54041236,73.97342247,1.703945792
18.54041287,73.97351721,1.75365684
18.54041338,73.97361195,1.724866676
18.5404139,73.97370669,1.725898503
18.54041441,73.97380143,1.716723939
18.54041493,73.97389617,1.754611421
18.54041544,73.97399091,1.755113911
18.54041596,73.97408565,1.756425763
18.54041647,73.97418039,1.805169138
18.54041699,73.97427513,1.837740458
18.54031993,73.97304405,1.786813496
18.54032044,73.97313879,1.732838029
18.54032096,73.97323353,1.720940927
18.54032147,73.97332827,1.700629319
18.54032199,73.97342301,1.72312338
18.5403225,73.97351775,1.707838622
18.54032302,73.97361249,1.736358548
18.54032353,73.97370723,1.718939954
18.54032405,73.97380197,1.718775303
18.54032456,73.97389671,1.754394971
18.54032508,73.97399145,1.77560852
18.54032559,73.97408619,1.765523237
18.54032611,73.97418093,1.793518104
18.54032662,73.97427566,1.854880567
18.54032713,73.9743704,1.886730044
18.54023008,73.97313933,1.798710335
18.54023059,73.97323407,1.744118822
18.54023111,73.97332881,1.733405254
18.54023162,73.97342355,1.718411671
18.54023214,73.97351829,1.71983314
18.54023265,73.97361303,1.708857896
18.54023317,73.97370777,1.722169677
18.54023368,73.97380251,1.748798426
18.5402342,73.97389725,1.753835493
18.54023471,73.97399199,1.77843166
18.54023522,73.97408673,1.785248544
18.54023574,73.97418146,1.830893145
18.54023625,73.9742762,1.859825974
18.54023677,73.97437094,1.87974136
18.54013971,73.97313987,1.834555381
18.54014023,73.97323461,1.789203469
18.54014074,73.97332935,1.741679086
18.54014126,73.97342409,1.765662158
18.54014177,73.97351883,1.739922095
18.54014331,73.97380305,1.749100945
18.54014383,73.97389779,1.770346868
18.54014434,73.97399253,1.740214419
18.54014486,73.97408726,1.783919127
18.54014537,73.974182,1.828361815
18.54014589,73.97427674,1.846061199
18.5401464,73.97437148,1.888076839
18.54014692,73.97446622,1.900133238
18.54004934,73.97314041,1.921531949
18.54005346,73.97389833,1.701601034
18.54005398,73.97399306,1.721982609
18.54005449,73.9740878,1.754601262
18.54005501,73.97418254,1.747077853
18.54005552,73.97427728,1.820771761
18.54005603,73.97437202,1.860594729
18.54005655,73.97446676,1.890434585
18.54005706,73.9745615,1.895825593
18.5399631,73.97389886,1.674566935
18.53996361,73.9739936,1.693510086
18.53996412,73.97408834,1.680628804
18.53996464,73.97418308,1.73091253
18.53996515,73.97427782,1.773284524
18.53996567,73.97437256,1.833346818
18.53996618,73.9744673,1.857937566
18.5399667,73.97456204,1.896300199
18.53987273,73.9738994,1.708971011
18.53987324,73.97399414,1.677130064
18.53987376,73.97408888,1.699581559
18.53987427,73.97418362,1.736193034
18.53987479,73.97427836,1.76462081
18.5398753,73.9743731,1.784390632
18.53987582,73.97446784,1.858947194
18.53987633,73.97456258,1.880900177
18.53987684,73.97465732,1.888924389
18.53978236,73.97389994,1.714895519
18.53978288,73.97399468,1.746188565
18.53978339,73.97408942,1.722224064
18.53978391,73.97418416,1.74941785
18.53978442,73.9742789,1.742979306
18.53978493,73.97437364,1.805589724
18.53978545,73.97446838,1.828649467
18.53978596,73.97456312,1.849475327
18.53978648,73.97465786,1.878824686
18.539692,73.97390048,1.722369707
18.53969251,73.97399522,1.731582748
18.53969302,73.97408996,1.76262844
18.53969354,73.9741847,1.742426252
18.53969405,73.97427944,1.766224781
18.53969457,73.97437418,1.782109573
18.53969508,73.97446892,1.797134803
18.5396956,73.97456366,1.831023007
18.53969611,73.9746584,1.86573177
18.53969662,73.97475314,1.860030747
18.53960163,73.97390102,1.683928398
18.53960214,73.97399576,1.70285872
18.53960266,73.9740905,1.71376869
18.53960317,73.97418524,1.744248172
18.53960369,73.97427998,1.76262844
18.5396042,73.97437472,1.766224781
18.53960472,73.97446946,1.782248787
18.53960523,73.9745642,1.809278672
18.53960574,73.97465894,1.84753206
18.53960626,73.97475368,1.861479264
18.53951126,73.97390156,1.660198976
18.53951178,73.9739963,1.657988504
18.53951229,73.97409104,1.683805246
18.53951281,73.97418578,1.71539903
18.53951332,73.97428052,1.72672086
18.53951383,73.97437526,1.76262844
18.53951435,73.97447,1.781315207
18.53951486,73.97456474,1.799184733
18.53951538,73.97465948,1.830379103
18.53951589,73.97475421,1.875940278
18.53942089,73.9739021,1.629302842
18.53942141,73.97399684,1.658189203
18.53942192,73.97409158,1.678248792
18.53942244,73.97418632,1.689236318
18.53942295,73.97428106,1.696164576
18.53942347,73.9743758,1.72672086
18.53942398,73.97447054,1.774805518
18.5394245,73.97456528,1.798405712
18.53942501,73.97466001,1.829085684
18.53942552,73.97475475,1.862059733
18.53942604,73.97484949,1.883530038
18.53933053,73.97390264,1.679380275
18.53933104,73.97399738,1.69588184
18.53933156,73.97409212,1.694456835
18.53933207,73.97418686,1.691939929
18.53933259,73.9742816,1.69949811
18.5393331,73.97437634,1.734747031
18.53933362,73.97447108,1.748276961
18.53933413,73.97456581,1.787282208
18.53933464,73.97466055,1.819631389
18.53933516,73.97475529,1.817334388
18.53933567,73.97485003,1.846268461
18.53924016,73.97390318,1.726593571
18.53924068,73.97399792,1.721726392
18.53924119,73.97409266,1.729671442
18.53924171,73.9741874,1.700192198
18.53924222,73.97428214,1.703638881
18.53924273,73.97437688,1.721645132
18.53924325,73.97447161,1.751618071
18.53924376,73.97456635,1.767369501
18.53924428,73.97466109,1.779195588
18.53924479,73.97475583,1.790768493
18.53924531,73.97485057,1.794602246
18.53924582,73.97494531,1.799995941
18.53914979,73.97390372,1.721033494
18.53915031,73.97399846,1.729242048
18.53915082,73.9740932,1.718697206
18.53915134,73.97418794,1.718206199
18.53915185,73.97428268,1.695502087
18.53915237,73.97437742,1.709541476
18.53915288,73.97447215,1.74570102
18.5391534,73.97456689,1.743284317
18.53915391,73.97466163,1.747240139
18.53915442,73.97475637,1.761403783
18.53915494,73.97485111,1.766279702
18.53915545,73.97494585,1.740325137
18.53915597,73.97504059,1.798276411
18.53905994,73.973999,1.727937093
18.53906046,73.97409374,1.724082962
18.53906097,73.97418848,1.710081842
18.53906149,73.97428322,1.709541476
18.539062,73.97437795,1.727415427
18.53906251,73.97447269,1.744342847
18.53906303,73.97456743,1.76262844
18.53906354,73.97466217,1.743284317
18.53906406,73.97475691,1.733792129
18.53906457,73.97485165,1.731382697
18.53906509,73.97494639,1.756911442
18.5390656,73.97504113,1.77188857
18.53896958,73.97399954,1.711382437
18.53897009,73.97409428,1.746430662
18.5389706,73.97418902,1.737479265
18.53897112,73.97428375,1.727415427
18.53897163,73.97437849,1.744342847
18.53897215,73.97447323,1.76262844
18.53897266,73.97456797,1.76262844
18.53897318,73.97466271,1.76262844
18.53897369,73.97475745,1.727694177
18.53897421,73.97485219,1.738208195
18.53897472,73.97494693,1.753567161
18.53897523,73.97504167,1.768504723
18.53897575,73.9751364,1.816091758
18.53887921,73.97400008,1.708171639
18.53887972,73.97409482,1.741444991
18.53888024,73.97418956,1.76262844
18.53888075,73.97428429,1.744342847
18.53888127,73.97437903,1.743153076
18.53888178,73.97447377,1.746625559
18.5388823,73.97456851,1.76262844
18.53888281,73.97466325,1.76262844
18.53888332,73.97475799,1.75374629
18.53888384,73.97485273,1.738248427
18.53888435,73.97494747,1.744875588
18.53888487,73.9750422,1.772262474
18.53888538,73.97513694,1.815022655
18.53878884,73.97400062,1.726313957
18.53878936,73.97409536,1.739519223
18.53878987,73.97419009,1.743074487
18.53879039,73.97428483,1.743153076
18.5387909,73.97437957,1.710985352
18.53879141,73.97447431,1.710032683
18.53879193,73.97456905,1.746625559
18.53879244,73.97466379,1.76262844
18.53879296,73.97475853,1.76262844
18.53879347,73.97485327,1.749403926
18.53879399,73.974948,1.734144591
18.5387945,73.97504274,1.780118133
18.53879501,73.97513748,1.804012714
18.53869899,73.9740959,1.734383842
18.5386995,73.97419063,1.74153013
18.53870002,73.97428537,1.710985352
18.53870053,73.97438011,1.67469154
18.53870105,73.97447485,1.693867839
18.53870156,73.97456959,1.710032683
18.53870208,73.97466433,1.746625559
18.53870259,73.97475907,1.76262844
18.5387031,73.9748538,1.755957968
18.53870362,73.97494854,1.750529794
18.53870413,73.97504328,1.774902466
18.53870465,73.97513802,1.78182756
18.53870516,73.97523276,1.803003929
18.53860862,73.97409643,1.76262844
18.53860914,73.97419117,1.743524533
18.53860965,73.97428591,1.690694421
18.53861017,73.97438065,1.67469154
18.53861068,73.97447539,1.67469154
18.5386112,73.97457013,1.713343203
18.53861171,73.97466487,1.745510927
18.53861222,73.97475961,1.76262844
18.53861274,73.97485434,1.76262844
18.53861325,73.97494908,1.756703473
18.53861377,73.97504382,1.754088868
18.53861428,73.97513856,1.755475715
18.53861479,73.9752333,1.788419381
18.53851877,73.97419171,1.73492934
18.53851929,73.97428645,1.724342201
18.5385198,73.97438119,1.690694421
18.53852031,73.97447593,1.694166903
18.53852083,73.97457067,1.726334628
18.53852134,73.97466541,1.742426252
18.53852186,73.97476014,1.743979171
18.53852237,73.97485488,1.76262844
18.53852289,73.97494962,1.751212696
18.5385234,73.97504436,1.728229682
18.53852391,73.9751391,1.755812546
18.53852443,73.97523384,1.768708971
18.53852494,73.97532858,1.826856614
18.5384284,73.97419225,1.76262844
18.53842892,73.97428699,1.719026699
18.53842943,73.97438173,1.727287296
18.53842995,73.97447647,1.726334628
18.53843046,73.97457121,1.742426252
18.53843098,73.97466594,1.723776983
18.53843149,73.97476068,1.723776983
18.538432,73.97485542,1.743979171
18.53843252,73.97495016,1.74570102
18.53843303,73.9750449,1.732182306
18.53843355,73.97513964,1.744810741
18.53843406,73.97523438,1.765478437
18.53843457,73.97532911,1.812305869
18.53833855,73.97428753,1.737036523
18.53833907,73.97438227,1.722660177
18.53833958,73.97447701,1.742426252
18.5383401,73.97457175,1.723776983
18.53834061,73.97466648,1.723776983
18.53834112,73.97476122,1.723776983
18.53834164,73.97485596,1.723776983
18.53834215,73.9749507,1.743979171
18.53834267,73.97504544,1.742959208
18.53834318,73.97514018,1.735415441
18.53834369,73.97523491,1.774864242
18.53834421,73.97532965,1.817951526
18.53824819,73.97428807,1.729724546
18.5382487,73.97438281,1.741689598
18.53824921,73.97447755,1.744910959
18.53824973,73.97457228,1.742426252
18.53825024,73.97466702,1.723776983
18.53825076,73.97476176,1.723776983
18.53825127,73.9748565,1.743979171
18.53825178,73.97495124,1.76262844
18.5382523,73.97504598,1.750344036
18.53825281,73.97514072,1.739613233
18.53825333,73.97523545,1.780343165
18.53825384,73.97533019,1.816029693
18.53825435,73.97542493,1.838335793
18.53815833,73.97438335,1.739595714
18.53815885,73.97447809,1.76262844
18.53815936,73.97457282,1.76262844
18.53815988,73.97466756,1.742426252
18.53816039,73.9747623,1.743979171
18.5381609,73.97485704,1.76262844
18.53816142,73.97495178,1.76262844
18.53816193,73.97504652,1.76262844
18.53816245,73.97514125,1.756899915
18.53816296,73.97523599,1.773347045
18.53816347,73.97533073,1.809806223
18.53816399,73.97542547,1.83434853
18.53806797,73.97438389,1.76262844
18.53806848,73.97447862,1.740742736
18.53806899,73.97457336,1.76262844
18.53806951,73.9746681,1.76262844
18.53807002,73.97476284,1.76262844
18.53807054,73.97485758,1.76262844
18.53807105,73.97495232,1.76262844
18.53807157,73.97504705,1.76262844
18.53807208,73.97514179,1.763682273
18.53807259,73.97523653,1.768692452
18.53807311,73.97533127,1.800630689
18.53807362,73.97542601,1.822135439
18.5379776,73.97438443,1.729799885
18.53797811,73.97447916,1.740742736
18.53797863,73.9745739,1.742426252
18.53797914,73.97466864,1.76262844
18.53797966,73.97476338,1.76262844
18.53798017,73.97485812,1.76262844
18.53798068,73.97495285,1.76262844
18.5379812,73.97504759,1.76262844
18.53798171,73.97514233,1.763004077
18.53798223,73.97523707,1.762653385
18.53798274,73.97533181,1.782653039
18.53798325,73.97542655,1.79900001
18.53788723,73.97438496,1.725110091
18.53788775,73.9744797,1.738753127
18.53788826,73.97457444,1.742426252
18.53788878,73.97466918,1.742426252
18.53788929,73.97476392,1.76262844
18.5378898,73.97485866,1.76262844
18.53789032,73.97495339,1.76262844
18.53789083,73.97504813,1.76262844
18.53789135,73.97514287,1.753239571
18.53789186,73.97523761,1.752864106
18.53789237,73.97533235,1.762660869
18.53779738,73.97448024,1.736365596
18.53779789,73.97457498,1.740742736
18.53779841,73.97466972,1.76262844
18.53779892,73.97476446,1.76262844
18.53779944,73.97485919,1.76262844
18.53779995,73.97495393,1.76262844
18.53780047,73.97504867,1.76262844
18.53780098,73.97514341,1.76262844
18.53780149,73.97523815,1.752457166
18.53780201,73.97533289,1.761342574
18.53770701,73.97448078,1.733447502
18.53770753,73.97457552,1.76262844
18.53770804,73.97467026,1.76262844
18.53770856,73.974765,1.76262844
18.53770907,73.97485973,1.76262844
18.53770958,73.97495447,1.76262844
18.5377101,73.97504921,1.76262844
18.53771061,73.97514395,1.76262844
18.53771113,73.97523869,1.770652543
18.53771164,73.97533342,1.760831966
18.53771215,73.97542816,1.771447677
18.53761665,73.97448132,1.734466223
18.53761716,73.97457606,1.76262844
18.53761768,73.9746708,1.76262844
18.53761819,73.97476553,1.76262844
18.5376187,73.97486027,1.76262844
18.53761922,73.97495501,1.76262844
18.53761973,73.97504975,1.76262844
18.53762025,73.97514449,1.76262844
18.53762076,73.97523922,1.762473112
18.53762127,73.97533396,1.767772995
18.53762179,73.9754287,1.747169534
18.53752628,73.97448186,1.730945946
18.53752679,73.9745766,1.721015333
18.53752731,73.97467134,1.76262844
18.53752782,73.97476607,1.76262844
18.53752834,73.97486081,1.76262844
18.53752885,73.97495555,1.76262844
18.53752936,73.97505029,1.76262844
18.53752988,73.97514503,1.76262844
18.53753039,73.97523976,1.759508484
18.53753091,73.9753345,1.743629724
18.53753142,73.97542924,1.746384611
18.53743591,73.9744824,1.691291685
18.53743643,73.97457714,1.712692711
18.53743694,73.97467187,1.724216341
18.53743746,73.97476661,1.76262844
18.53743797,73.97486135,1.76262844
18.53743848,73.97495609,1.76262844
18.537439,73.97505083,1.76262844
18.53743951,73.97514556,1.76262844
18.53744003,73.9752403,1.748366447
18.53744054,73.97533504,1.742264412
18.53744105,73.97542978,1.746006927
18.53744157,73.97552452,1.79757374
18.53734606,73.97457768,1.700208779
18.53734657,73.97467241,1.740274136
18.53734709,73.97476715,1.74371326
18.5373476,73.97486189,1.76262844
18.53734812,73.97495663,1.76262844
18.53734863,73.97505137,1.76262844
18.53734915,73.9751461,1.76262844
18.53734966,73.97524084,1.747588168
18.53735017,73.97533558,1.739781174
18.53735069,73.97543032,1.761857824
18.5373512,73.97552506,1.819272319
18.53735171,73.97561979,1.889101175
18.53725621,73.97467295,1.735306513
18.53725672,73.97476769,1.76262844
18.53725724,73.97486243,1.76262844
18.53725775,73.97495717,1.76262844
18.53725826,73.9750519,1.76262844
18.53725878,73.97514664,1.76262844
18.53725929,73.97524138,1.756198637
18.53725981,73.97533612,1.740966374
18.53726032,73.97543086,1.764966445
18.53726083,73.97552559,1.829939624
18.53726135,73.97562033,1.901984359
18.53716584,73.97467349,1.76262844
18.53716636,73.97476823,1.76262844
18.53716687,73.97486297,1.742916651
18.53716738,73.97495771,1.76262844
18.5371679,73.97505244,1.76262844
18.53716841,73.97514718,1.76262844
18.53716893,73.97524192,1.746782826
18.53716944,73.97533666,1.751036119
18.53716995,73.97543139,1.771794276
18.53717047,73.97552613,1.83607119
18.53717098,73.97562087,1.882408607
18.53717149,73.97571561,1.921230677
18.53707599,73.97476877,1.737003114
18.5370765,73.97486351,1.741274002
18.53707702,73.97495824,1.742916651
18.53707753,73.97505298,1.76262844
18.53707804,73.97514772,1.76262844
18.53707856,73.97524246,1.76262844
18.53707907,73.9753372,1.752407844
18.53707959,73.97543193,1.758435824
18.5370801,73.97552667,1.828564096
18.53708061,73.97562141,1.885758494
18.53698562,73.97476931,1.734155856
18.53698614,73.97486405,1.741274002
18.53698665,73.97495878,1.742916651
18.53698716,73.97505352,1.742916651
18.53698768,73.97514826,1.76262844
18.53698819,73.975243,1.76262844
18.53698871,73.97533773,1.753305729
18.53698922,73.97543247,1.761698934
18.53698973,73.97552721,1.830800106
18.53699025,73.97562195,1.877698796
18.53699076,73.97571668,1.898203591
18.53689526,73.97476985,1.705162126
18.53689577,73.97486458,1.741274002
18.53689628,73.97495932,1.742916651
18.5368968,73.97505406,1.76262844
18.53689731,73.9751488,1.76262844
18.53689783,73.97524353,1.752789155
18.53689834,73.97533827,1.759065944
18.53689885,73.97543301,1.778894701
18.53689937,73.97552775,1.819205916
18.53689988,73.97562249,1.867979275
18.53680489,73.97477039,1.73363471
18.5368054,73.97486512,1.719528705
18.53680592,73.97495986,1.76262844
18.53680643,73.9750546,1.76262844
18.53680694,73.97514934,1.76262844
18.53680746,73.97524407,1.76262844
18.53680797,73.97533881,1.739628812
18.53680849,73.97543355,1.79027689
18.536809,73.97552829,1.82977979
18.53680951,73.97562302,1.878810027
18.53681003,73.97571776,1.915423065
18.53671452,73.97477092,1.73363471
18.53671504,73.97486566,1.740883142
18.53671555,73.9749604,1.742555858
18.53671606,73.97505514,1.76262844
18.53671658,73.97514987,1.76262844
18.53671709,73.97524461,1.742663247
18.53671761,73.97533935,1.73829214
18.53671812,73.97543409,1.779668142
18.53671863,73.97552883,1.850720589
18.53671915,73.97562356,1.884034968
18.53671966,73.9757183,1.909598524
18.53662415,73.97477146,1.730010494
18.53662467,73.9748662,1.740883142
18.53662518,73.97496094,1.76262844
18.5366257,73.97505568,1.76262844
18.53662621,73.97515041,1.742663247
18.53662672,73.97524515,1.733767931
18.53662724,73.97533989,1.753404535
18.53662775,73.97543463,1.773577028
18.53662827,73.97552936,1.845919809
18.53662878,73.9756241,1.889627707
18.53662929,73.97571884,1.895453555
18.53653379,73.974772,1.725350787
18.5365343,73.97486674,1.76262844
18.53653482,73.97496148,1.76262844
18.53653533,73.97505621,1.76262844
18.53653584,73.97515095,1.7473241
18.53653636,73.97524569,1.737914093
18.53653687,73.97534043,1.751155473
18.53653739,73.97543516,1.778846671
18.5365379,73.9755299,1.817733612
18.53653841,73.97562464,1.879938313
18.53653893,73.97571938,1.870725811
18.53644394,73.97486728,1.736365596
18.53644445,73.97496202,1.76262844
18.53644496,73.97505675,1.76262844
18.53644548,73.97515149,1.76262844
18.53644599,73.97524623,1.740680799
18.5364465,73.97534097,1.74209914
18.53644702,73.9754357,1.772980029
18.53644753,73.97553044,1.79902276
18.53644805,73.97562518,1.786880155
18.53644856,73.97571992,1.841554598
18.53635357,73.97486782,1.736365596
18.53635408,73.97496256,1.740742736
18.5363546,73.97505729,1.76262844
18.53635511,73.97515203,1.76262844
18.53635562,73.97524677,1.76262844
18.53635614,73.9753415,1.727335276
18.53635665,73.97543624,1.76402315
18.53635717,73.97553098,1.751117972
18.53635768,73.97562572,1.754964675
18.53635819,73.97572045,1.77059895
18.53626269,73.97477362,1.726166266
18.5362632,73.97486836,1.730759145
18.53626372,73.97496309,1.742426252
18.53626423,73.97505783,1.742426252
18.53626474,73.97515257,1.76262844
18.53626526,73.97524731,1.76262844
18.53626577,73.97534204,1.76262844
18.53626629,73.97543678,1.722437429
18.5362668,73.97553152,1.739909078
18.53626731,73.97562626,1.748207948
18.53626783,73.97572099,1.775255626
18.53626834,73.97581573,1.807548132
18.53617232,73.97477416,1.749276138
18.53617283,73.9748689,1.736863451
18.53617335,73.97496363,1.735662113
18.53617386,73.97505837,1.76262844
18.53617438,73.97515311,1.76262844
18.53617489,73.97524784,1.76262844
18.5361754,73.97534258,1.76262844
18.53617592,73.97543732,1.76262844
18.53617643,73.97553206,1.72908073
18.53617695,73.97562679,1.756635997
18.53617746,73.97572153,1.790239325
18.53617797,73.97581627,1.831502285
18.53608195,73.9747747,1.800321432
18.53608247,73.97486943,1.75427124
18.53608298,73.97496417,1.745609512
18.5360835,73.97505891,1.76262844
18.53608401,73.97515365,1.76262844
18.53608452,73.97524838,1.76262844
18.53608504,73.97534312,1.76262844
18.53608555,73.97543786,1.76262844
18.53608607,73.9755326,1.76262844
18.53608658,73.97562733,1.753757494
18.53608709,73.97572207,1.79602116
18.53608761,73.97581681,1.845844033
18.53608812,73.97591154,1.882222872
18.53599159,73.97477524,1.830764585
18.5359921,73.97486997,1.777437301
18.53599262,73.97496471,1.754345392
18.53599313,73.97505945,1.738276664
18.53599364,73.97515418,1.76262844
18.53599416,73.97524892,1.76262844
18.53599467,73.97534366,1.76262844
18.53599518,73.9754384,1.76262844
18.5359957,73.97553313,1.76262844
18.53599621,73.97562787,1.758829478
18.53599673,73.97572261,1.782217886
18.53599724,73.97581735,1.81233051
18.53599775,73.97591208,1.866323406
18.53590173,73.97487051,1.793534265
18.53590225,73.97496525,1.74613289
18.53590276,73.97505999,1.743184982
18.53590328,73.97515472,1.7228901
18.53590379,73.97524946,1.743012222
18.5359043,73.9753442,1.76262844
18.53590482,73.97543894,1.76262844
18.53590533,73.97553367,1.76262844
18.53590585,73.97562841,1.76262844
18.53590636,73.97572315,1.74974326
18.53590687,73.97581788,1.791064126
18.53590739,73.97591262,1.811312789
18.5359079,73.97600736,1.884199129
18.53581137,73.97487105,1.786546583
18.53581188,73.97496579,1.754596279
18.5358124,73.97506053,1.711262328
18.53581291,73.97515526,1.714387413
18.53581342,73.97525,1.723476069
18.53581394,73.97534474,1.743012222
18.53581445,73.97543947,1.742426252
18.53581496,73.97553421,1.76262844
18.53581548,73.97562895,1.74334982
18.53581599,73.97572369,1.746831606
18.53581651,73.97581842,1.751941856
18.53581702,73.97591316,1.791503718
18.53581753,73.9760079,1.822751562
18.53581805,73.97610263,1.894884485
18.535721,73.97487159,1.801213049
18.53572151,73.97496633,1.748437513
18.53572203,73.97506106,1.72756266
18.53572254,73.9751558,1.696315751
18.53572306,73.97525054,1.714387413
18.53572357,73.97534528,1.692773501
18.53572408,73.97544001,1.715797501
18.5357246,73.97553475,1.742426252
18.53572511,73.97562949,1.76262844
18.53572563,73.97572422,1.732649445
18.53572614,73.97581896,1.730811801
18.53572665,73.9759137,1.742493774
18.53572717,73.97600843,1.82373369
18.53572768,73.97610317,1.845807356
18.53563115,73.97496687,1.816272792
18.53563166,73.9750616,1.764697692
18.53563218,73.97515634,1.710115533
18.53563269,73.97525108,1.663763693
18.5356332,73.97534581,1.684147996
18.53563372,73.97544055,1.714212963
18.53563423,73.97553529,1.718717434
18.53563474,73.97563002,1.742426252
18.53563526,73.97572476,1.755321226
18.53563577,73.9758195,1.702679035
18.53563629,73.97591424,1.737521873
18.5356368,73.97600897,1.770221013
18.53563731,73.97610371,1.839400224
18.53563783,73.97619845,1.889016677
18.53554078,73.9749674,1.836691336
18.5355413,73.97506214,1.801030749
18.53554181,73.97515688,1.712049412
18.53554232,73.97525162,1.671324134
18.53554284,73.97534635,1.667123973
18.53554335,73.97544109,1.681562888
18.53554386,73.97553583,1.68186882
18.53554438,73.97563056,1.738919622
18.53554489,73.9757253,1.744540284
18.53554541,73.97582004,1.737233071
18.53554592,73.97591477,1.718322124
18.53554643,73.97600951,1.747338269
18.53554695,73.97610425,1.807767651
18.53554746,73.97619899,1.860892146
18.53554797,73.97629372,1.905159555
18.53545093,73.97506268,1.790918688
18.53545144,73.97515742,1.728600112
18.53545196,73.97525215,1.681896335
18.53545247,73.97534689,1.675487902
18.53545298,73.97544163,1.648756475
18.5354535,73.97553637,1.696617598
18.53545401,73.9756311,1.719583921
18.53545452,73.97572584,1.745932154
18.53545504,73.97582058,1.744540284
18.53545555,73.97591531,1.732238754
18.53545607,73.97601005,1.742571138
18.53545658,73.97610479,1.795194735
18.53545709,73.97619952,1.834801457
18.53545761,73.97629426,1.845618622
18.53536056,73.97506322,1.817992957
18.53536108,73.97515796,1.740043564
18.53536159,73.97525269,1.71757715
18.5353621,73.97534743,1.667168942
18.53536262,73.97544217,1.696617598
18.53536313,73.9755369,1.719583921
18.53536364,73.97563164,1.730284297
18.53536416,73.97572638,1.746980582
18.53536467,73.97582111,1.76262844
18.53536519,73.97591585,1.744540284
18.5353657,73.97601059,1.750180377
18.53536621,73.97610532,1.747014861
18.53536673,73.97620006,1.79241268
18.53536724,73.9762948,1.831611148
18.53536775,73.97638954,1.828256142
18.53527122,73.97525323,1.701012637
18.53527174,73.97534797,1.73169606
18.53527225,73.97544271,1.723144174
18.53527276,73.97553744,1.730284297
18.53527328,73.97563218,1.746980582
18.53527379,73.97572692,1.76262844
18.5352743,73.97582165,1.76262844
18.53527482,73.97591639,1.76262844
18.53527533,73.97601113,1.744208941
18.53527585,73.97610586,1.717668131
18.53527636,73.9762006,1.746010491
18.53527687,73.97629534,1.785612953
18.53527739,73.97639007,1.812137829
18.5352779,73.97648481,1.778092469
18.53518086,73.97525377,1.739229971
18.53518137,73.97534851,1.742915599
18.53518188,73.97544324,1.750029264
18.5351824,73.97553798,1.73384455
18.53518291,73.97563272,1.76262844
18.53518342,73.97572745,1.76262844
18.53518394,73.97582219,1.76262844
18.53518445,73.97591693,1.724010074
18.53518496,73.97601166,1.724006754
18.53518548,73.9761064,1.744208941
18.53518599,73.97620114,1.714379148
18.53518651,73.97629587,1.737801418
18.53518702,73.97639061,1.758744945
18.53518753,73.97648535,1.748891012
18.535091,73.97534905,1.738534968
18.53509152,73.97544378,1.72701817
18.53509203,73.97553852,1.763165296
18.53509254,73.97563326,1.76262844
18.53509306,73.97572799,1.76262844
18.53509357,73.97582273,1.742429573
18.53509408,73.97591747,1.70509954
18.5350946,73.9760122,1.689577039
18.53509511,73.97610694,1.708003873
18.53509562,73.97620168,1.731204566
18.53509614,73.97629641,1.740252392
18.53509665,73.97639115,1.718290644
18.53509716,73.97648589,1.730818469
18.53509768,73.97658062,1.696562679
18.53500064,73.97534958,1.701582263
18.53500115,73.97544432,1.739305274
18.53500166,73.97553906,1.742356597
18.53500218,73.97563379,1.76262844
18.53500269,73.97572853,1.742429573
18.5350032,73.97582327,1.70509954
18.53500372,73.975918,1.678900166
18.53500423,73.97601274,1.664562378
18.53500474,73.97610748,1.652747911
18.53500526,73.97620221,1.702220418
18.53500577,73.97629695,1.719531021
18.53500628,73.97639169,1.725560914
18.5350068,73.97648642,1.716296195
18.53500731,73.97658116,1.689401119
18.53491078,73.97544486,1.733346889
18.5349113,73.9755396,1.745088273
18.53491181,73.97563433,1.746437517
18.53491232,73.97572907,1.745500595
18.53491284,73.97582381,1.699102354
18.53491335,73.97591854,1.650104982
18.53491386,73.97601328,1.632840684
18.53491438,73.97610802,1.648196657
18.53491489,73.97620275,1.669958437
18.5349154,73.97629749,1.704359906
18.53491592,73.97639223,1.715939569
18.53491643,73.97648696,1.725208946
18.53482042,73.9754454,1.732559583
18.53482093,73.97554013,1.723756712
18.53482144,73.97563487,1.76262844
18.53482196,73.97572961,1.750659912
18.53482247,73.97582434,1.720739764
18.53482298,73.97591908,1.659538641
18.5348235,73.97601382,1.630944002
18.53482401,73.97610855,1.647853829
18.53482452,73.97620329,1.668493607
18.53482504,73.97629803,1.700192165
18.53482555,73.97639276,1.730928722
18.53482606,73.9764875,1.711020893
18.53473056,73.97554067,1.732913621
18.53473108,73.97563541,1.744536189
18.53473159,73.97573015,1.76013957
18.5347321,73.97582488,1.729221507
18.53473262,73.97591962,1.680377752
18.53473313,73.97601436,1.648675462
18.53473364,73.97610909,1.648780815
18.53473416,73.97620383,1.681444338
18.53473467,73.97629857,1.71562617
18.53473518,73.9763933,1.704125686
18.5347357,73.97648804,1.753463002
18.53473621,73.97658278,1.75551483
18.5346402,73.97554121,1.714382594
18.53464071,73.97563595,1.737866091
18.53464122,73.97573068,1.725905283
18.53464174,73.97582542,1.72324424
18.53464225,73.97592016,1.697920128
18.53464276,73.97601489,1.676130279
18.53464328,73.97610963,1.66875196
18.53464379,73.97620437,1.684324791
18.5346443,73.9762991,1.683326168
18.53464482,73.97639384,1.708820276
18.53464533,73.97648858,1.739764597
18.53464584,73.97658331,1.759080027
18.53464636,73.97667805,1.775178061
18.53454983,73.97554175,1.708351864
18.53455034,73.97563649,1.706484809
18.53455086,73.97573122,1.756471426
18.53455137,73.97582596,1.742605823
18.53455188,73.9759207,1.72324424
18.5345524,73.97601543,1.712377525
18.53455291,73.97611017,1.707872118
18.53455342,73.97620491,1.683326168
18.53455394,73.97629964,1.683017406
18.53455445,73.97639438,1.706678069
18.53455496,73.97648911,1.725299266
18.53455548,73.97658385,1.751865047
18.53455599,73.97667859,1.776611239
18.5345565,73.97677332,1.778385502
18.53455702,73.97686806,1.809098254
18.53445946,73.97554229,1.666382215
18.53445998,73.97563703,1.73021039
18.53446049,73.97573176,1.729040115
18.534461,73.9758265,1.76262844
18.53446152,73.97592123,1.742605823
18.53446203,73.97601597,1.745755726
18.53446254,73.97611071,1.733076334
18.53446306,73.97620544,1.701503643
18.53446357,73.97630018,1.681730399
18.53446408,73.97639492,1.701932586
18.5344646,73.97648965,1.706678069
18.53446511,73.97658439,1.739651814
18.53446562,73.97667913,1.7748998
18.53446614,73.97677386,1.763593849
18.53446665,73.9768686,1.80132864
18.53436961,73.97563756,1.749427482
18.53437012,73.9757323,1.752326906
18.53437064,73.97582704,1.739583532
18.53437115,73.97592177,1.76262844
18.53437166,73.97601651,1.76262844
18.53437218,73.97611125,1.753798709
18.53437269,73.97620598,1.71847308
18.5343732,73.97630072,1.700216635
18.53437372,73.97639545,1.681730399
18.53437423,73.97649019,1.735542264
18.53437474,73.97658493,1.753294958
18.53437526,73.97667966,1.745610353
18.53437577,73.9767744,1.772235227
18.53437628,73.97686914,1.767756726
18.5343768,73.97696387,1.846882901
18.53427924,73.9756381,1.794964356
18.53427976,73.97573284,1.759340878
18.53428027,73.97582757,1.752941316
18.53428078,73.97592231,1.758007453
18.5342813,73.97601705,1.76262844
18.53428181,73.97611178,1.742426252
18.53428232,73.97620652,1.733596521
18.53428284,73.97630126,1.71847308
18.53428335,73.97639599,1.715340076
18.53428386,73.97649073,1.742426252
18.53428438,73.97658546,1.743746614
18.53428489,73.9766802,1.735414343
18.5342854,73.97677494,1.745177896
18.53428592,73.97686967,1.783182865
18.53428643,73.97696441,1.788028016
18.53418888,73.97563864,1.807955311
18.53418939,73.97573338,1.782180342
18.5341899,73.97582811,1.739017803
18.53419042,73.97592285,1.74986861
18.53419093,73.97601759,1.76262844
18.53419144,73.97611232,1.76262844
18.53419196,73.97620706,1.742426252
18.53419247,73.97630179,1.733596521
18.53419298,73.97639653,1.742426252
18.5341935,73.97649127,1.76262844
18.53419401,73.976586,1.76262844
18.53419452,73.97668074,1.732396253
18.53419504,73.97677548,1.735450581
18.53419555,73.97687021,1.762859644
18.53419606,73.97696495,1.797618873
18.53409851,73.97563918,1.829136843
18.53409902,73.97573392,1.781430353
18.53409954,73.97582865,1.748728947
18.53410005,73.97592339,1.722056635
18.53410056,73.97601812,1.744026504
18.53410108,73.97611286,1.76262844
18.53410159,73.9762076,1.76262844
18.5341021,73.97630233,1.742426252
18.53410262,73.97639707,1.76262844
18.53410313,73.9764918,1.76262844
18.53410364,73.97658654,1.76262844
18.53410416,73.97668128,1.76262844
18.53410467,73.97677601,1.729290697
18.53410518,73.97687075,1.755963388
18.53410569,73.97696549,1.780799084
18.53400814,73.97563972,1.83475705
18.53400866,73.97573445,1.768926012
18.53400917,73.97582919,1.75419701
18.53400968,73.97592393,1.728423497
18.5340102,73.97601866,1.749924183
18.53401071,73.9761134,1.76262844
18.53401122,73.97620813,1.76262844
18.53401174,73.97630287,1.76262844
18.53401225,73.97639761,1.76262844
18.53401276,73.97649234,1.76262844
18.53401328,73.97658708,1.76262844
18.53401379,73.97668181,1.76262844
18.5340143,73.97677655,1.76262844
18.53401481,73.97687129,1.746967863
18.53401533,73.97696602,1.773393793
18.5339188,73.97582973,1.727456087
18.53391932,73.97592446,1.756367247
18.53391983,73.9760192,1.754624554
18.53392034,73.97611394,1.76262844
18.53392086,73.97620867,1.76262844
18.53392137,73.97630341,1.76262844
18.53392188,73.97639814,1.76262844
18.5339224,73.97649288,1.76262844
18.53392291,73.97658762,1.76262844
18.53392342,73.97668235,1.76262844
18.53392393,73.97677709,1.76262844
18.53392445,73.97687182,1.76262844
18.53392496,73.97696656,1.758958236
18.53392547,73.9770613,1.76262844
18.53382844,73.97583027,1.751894967
18.53382895,73.975925,1.771630542
18.53382946,73.97601974,1.7559618
18.53382998,73.97611447,1.755054946
18.53383049,73.97620921,1.76262844
18.533831,73.97630395,1.76262844
18.53383152,73.97639868,1.76262844
18.53383203,73.97649342,1.76262844
18.53383254,73.97658815,1.76262844
18.53383306,73.97668289,1.76262844
18.53383357,73.97677763,1.76262844
18.53383408,73.97687236,1.76262844
18.53383459,73.9769671,1.76262844
18.53383511,73.97706183,1.76262844
18.53373858,73.97592554,1.751795151
18.5337391,73.97602028,1.741150501
18.53373961,73.97611501,1.753680442
18.53374012,73.97620975,1.76262844
18.53374064,73.97630448,1.76262844
18.53374115,73.97639922,1.76262844
18.53374166,73.97649396,1.76262844
18.53374218,73.97658869,1.76262844
18.53374269,73.97668343,1.76262844
18.5337432,73.97677816,1.76262844
18.53374371,73.9768729,1.76262844
18.53374423,73.97696764,1.76262844
18.53374474,73.97706237,1.76262844
18.53374525,73.97715711,1.76262844
18.53364873,73.97602081,1.748087943
18.53364924,73.97611555,1.744400197
18.53364976,73.97621029,1.748606715
18.53365027,73.97630502,1.76262844
18.53365078,73.97639976,1.76262844
18.5336513,73.97649449,1.76262844
18.53365181,73.97658923,1.76262844
18.53365232,73.97668397,1.76262844
18.53365283,73.9767787,1.742426252
18.53365335,73.97687344,1.743872953
18.53365386,73.97696817,1.76262844
18.53365437,73.97706291,1.745380261
18.53365489,73.97715765,1.76262844
18.5336554,73.97725238,1.76262844
18.53355888,73.97611609,1.739843137
18.53355939,73.97621082,1.76262844
18.5335599,73.97630556,1.76262844
18.53356042,73.9764003,1.76262844
18.53356093,73.97649503,1.76262844
18.53356144,73.97658977,1.76262844
18.53356195,73.9766845,1.742426252
18.53356247,73.97677924,1.723670765
18.53356298,73.97687398,1.723670765
18.53356349,73.97696871,1.726624774
18.53356401,73.97706345,1.728248003
18.53356452,73.97715818,1.745380261
18.53356503,73.97725292,1.76262844
18.53356554,73.97734766,1.733447502
18.53356606,73.97744239,1.76262844
18.53346902,73.97621136,1.76262844
18.53346953,73.9763061,1.76262844
18.53347005,73.97640083,1.76262844
18.53347056,73.97649557,1.76262844
18.53347107,73.97659031,1.742426252
18.53347159,73.97668504,1.723670765
18.5334721,73.97677978,1.723670765
18.53347261,73.97687451,1.706422587
18.53347313,73.97696925,1.689290329
18.53347364,73.97706399,1.709492516
18.53347415,73.97715872,1.728248003
18.53347467,73.97725346,1.725178073
18.53347518,73.97734819,1.738753127
18.53347569,73.97744293,1.733447502
18.53337917,73.97630664,1.76262844
18.53337968,73.97640137,1.76262844
18.53338019,73.97649611,1.76262844
18.53338071,73.97659084,1.76262844
18.53338122,73.97668558,1.742426252
18.53338173,73.97678032,1.723670765
18.53338225,73.97687505,1.706538507
18.53338276,73.97696979,1.709492516
18.53338327,73.97706452,1.728248003
18.53338379,73.97715926,1.708045815
18.5333843,73.97725399,1.725293994
18.53338481,73.97734873,1.742426252
18.53338532,73.97744347,1.727794667
18.53338584,73.9775382,1.705146723
18.53338635,73.97763294,1.692739228
18.53328931,73.97640191,1.76262844
18.53328983,73.97649665,1.76262844
18.53329034,73.97659138,1.76262844
18.53329085,73.97668612,1.76262844
18.53329137,73.97678085,1.742426252
18.53329188,73.97687559,1.743872953
18.53329239,73.97697033,1.745496181
18.53329291,73.97706506,1.728248003
18.53329342,73.9771598,1.745496181
18.53329393,73.97725453,1.739548918
18.53329444,73.97734927,1.722437579
18.53329496,73.977444,1.734785469
18.53329547,73.97753874,1.721859733
18.53329598,73.97763348,1.713792034
18.53329649,73.97772821,1.696978078
18.53319895,73.97640245,1.76262844
18.53319946,73.97649718,1.76262844
18.53319997,73.97659192,1.76262844
18.53320049,73.97668666,1.76262844
18.533201,73.97678139,1.76262844
18.53320151,73.97687613,1.76262844
18.53320203,73.97697086,1.76262844
18.53320254,73.9770656,1.745496181
18.53320305,73.97716033,1.759751106
18.53320356,73.97725507,1.739762433
18.53320408,73.97734981,1.719560245
18.53320459,73.97744454,1.730158736
18.5332051,73.97753928,1.747420943
18.53320562,73.97763401,1.725782967
18.53320613,73.97772875,1.711251439
18.53310909,73.97649772,1.76262844
18.53310961,73.97659246,1.76262844
18.53311012,73.97668719,1.76262844
18.53311063,73.97678193,1.76262844
18.53311115,73.97687666,1.76262844
18.53311166,73.9769714,1.76262844
18.53311217,73.97706614,1.759751106
18.53311268,73.97716087,1.739762433
18.5331132,73.97725561,1.739762433
18.53311371,73.97735034,1.739762433
18.53311422,73.97744508,1.719560245
18.53311474,73.97753981,1.726863739
18.53311525,73.97763455,1.713949098
18.53311576,73.97772929,1.720937297
18.53311627,73.97782402,1.760041071
18.53301924,73.976593,1.76262844
18.53301975,73.97668773,1.76262844
18.53302027,73.97678247,1.76262844
18.53302078,73.9768772,1.76262844
18.53302129,73.97697194,1.76262844
18.53302181,73.97706667,1.76262844
18.53302232,73.97716141,1.759751106
18.53302283,73.97725615,1.739762433
18.53302334,73.97735088,1.70173004
18.53302386,73.97744562,1.722259731
18.53302437,73.97754035,1.71258308
18.53302488,73.97763509,1.704336585
18.53302539,73.97772982,1.729471671
18.53302591,73.97782456,1.749142924
18.53302642,73.97791929,1.804794622
18.53292887,73.97659353,1.76262844
18.53292939,73.97668827,1.75158472
18.5329299,73.976783,1.76262844
18.53293041,73.97687774,1.76262844
18.53293093,73.97697248,1.76262844
18.53293144,73.97706721,1.76262844
18.53293195,73.97716195,1.76262844
18.53293246,73.97725668,1.721718713
18.53293298,73.97735142,1.694224276
18.53293349,73.97744615,1.694751005
18.532934,73.97754089,1.690511183
18.53293451,73.97763563,1.699022837
18.53293503,73.97773036,1.731155664
18.53293554,73.9778251,1.730602279
18.53293605,73.97791983,1.792048724
18.53283902,73.97668881,1.74913056
18.53283953,73.97678354,1.75250503
18.53284005,73.97687828,1.76262844
18.53284056,73.97697301,1.76262844
18.53284107,73.97706775,1.76262844
18.53284158,73.97716248,1.744798234
18.5328421,73.97725722,1.734415137
18.53284261,73.97735196,1.689373461
18.53284312,73.97744669,1.695264751
18.53284364,73.97754143,1.664494913
18.53284415,73.97763616,1.691812365
18.53284466,73.9777309,1.704954905
18.53284517,73.97782563,1.763899897
18.53284569,73.97792037,1.787897591
18.5328462,73.9780151,1.83962993
18.53274865,73.97668935,1.745274023
18.53274917,73.97678408,1.750480348
18.53274968,73.97687882,1.753283754
18.53275019,73.97697355,1.76262844
18.5327507,73.97706829,1.76262844
18.53275122,73.97716302,1.752423191
18.53275173,73.97725776,1.711603149
18.53275224,73.97735249,1.683963691
18.53275276,73.97744723,1.65917582
18.53275327,73.97754196,1.699906119
18.53275378,73.9776367,1.674171368
18.53275429,73.97773144,1.676975864
18.53275481,73.97782617,1.75399346
18.53275532,73.97792091,1.771351132
18.53275583,73.97801564,1.797283767
18.5326588,73.97678462,1.747443325
18.53265931,73.97687935,1.76262844
18.53265982,73.97697409,1.76262844
18.53266034,73.97706882,1.75293554
18.53266085,73.97716356,1.747253957
18.53266136,73.9772583,1.719011841
18.53266188,73.97735303,1.674178165
18.53266239,73.97744777,1.669787653
18.5326629,73.9775425,1.694973184
18.53266341,73.97763724,1.699552034
18.53266393,73.97773197,1.683456384
18.53266444,73.97782671,1.69061432
18.53266495,73.97792144,1.743253006
18.53266546,73.97801618,1.807590072
18.53266598,73.97811091,1.83892993
18.53256894,73.97687989,1.76262844
18.53256946,73.97697463,1.751173195
18.53256997,73.97706936,1.75293554
18.53257048,73.9771641,1.734898673
18.532571,73.97725883,1.729217089
18.53257151,73.97735357,1.719011841
18.53257202,73.9774483,1.702213619
18.53257253,73.97754304,1.682958399
18.53257305,73.97763777,1.709035227
18.53257356,73.97773251,1.716670015
18.53257407,73.97782725,1.695420016
18.53257458,73.97792198,1.73327527
18.5325751,73.97801672,1.788660708
18.53257561,73.97811145,1.84988802
18.53257612,73.97820619,1.883919091
18.53247909,73.97697516,1.748627585
18.5324796,73.9770699,1.752127798
18.53248012,73.97716464,1.75293554
18.53248063,73.97725937,1.734898673
18.53248114,73.97735411,1.710641901
18.53248165,73.97744884,1.744591572
18.53248217,73.97754358,1.743240322
18.53248268,73.97763831,1.729808125
18.53248319,73.97773305,1.73340989
18.53248371,73.97782778,1.729134867
18.53248422,73.97792252,1.748986452
18.53248473,73.97801725,1.786379851
18.53248524,73.97811199,1.847361976
18.53248575,73.97820672,1.889853361
18.53248627,73.97830146,1.894980594
18.53238872,73.9769757,1.74462734
18.53238924,73.97707044,1.75002767
18.53238975,73.97716517,1.75293554
18.53239026,73.97725991,1.744053252
18.53239078,73.97735464,1.726016384
18.53239129,73.97744938,1.744053252
18.5323918,73.97754411,1.76262844
18.53239231,73.97763885,1.76262844
18.53239283,73.97773358,1.742426252
18.53239334,73.97782832,1.75089653
18.53239385,73.97792306,1.726085694
18.53239436,73.97801779,1.786474626
18.53239488,73.97811253,1.832459223
18.53239539,73.97820726,1.856209525
18.5323959,73.978302,1.85340657
18.53239641,73.97839673,1.835307579
18.53239692,73.97849147,1.811191839
18.53229887,73.97707098,1.746877478
18.53229938,73.97716571,1.738480695
18.5322999,73.97726045,1.750076162
18.53230041,73.97735518,1.736957647
18.53230092,73.97744992,1.723851064
18.53230143,73.97754465,1.744053252
18.53230195,73.97763939,1.76262844
18.53230246,73.97773412,1.76262844
18.53230297,73.97782886,1.732337531
18.53230348,73.97792359,1.721693696
18.532304,73.97801833,1.751950483
18.53230451,73.97811306,1.796390613
18.53230502,73.9782078,1.810116402
18.53230553,73.97830253,1.805277106
18.53230605,73.97839727,1.803430988
18.53230656,73.978492,1.806794837
18.53230707,73.97858674,1.815970674
18.53220902,73.97716625,1.772415668
18.53220953,73.97726098,1.737086192
18.53221004,73.97735572,1.732909315
18.53221055,73.97745045,1.71675546
18.53221107,73.97754519,1.742426252
18.53221158,73.97763992,1.76262844
18.53221209,73.97773466,1.742569797
18.5322126,73.97782939,1.742569797
18.53221312,73.97792413,1.732337531
18.53221363,73.97801886,1.728813981
18.53221414,73.9781136,1.748011089
18.53221465,73.97820834,1.794729722
18.53221517,73.97830307,1.795143629
18.53221568,73.97839781,1.798749
18.53221619,73.97849254,1.811104417
18.5322167,73.97858728,1.820922101
18.53221721,73.97868201,1.833830342
18.53211916,73.97726152,1.744519543
18.53211967,73.97735626,1.723993578
18.53212019,73.97745099,1.751484503
18.5321207,73.97754573,1.735330648
18.53212121,73.97764046,1.742426252
18.53212172,73.9777352,1.76262844
18.53212224,73.97782993,1.725029367
18.53212275,73.97792467,1.742569797
18.53212326,73.9780194,1.737212285
18.53212377,73.97811414,1.774150384
18.53212429,73.97820887,1.792478467
18.5321248,73.97830361,1.812271303
18.53212531,73.97839834,1.814036565
18.53212582,73.97849308,1.828332967
18.53212634,73.97858781,1.849934094
18.53212685,73.97868255,1.854427321
18.53212736,73.97877728,1.852808182
18.53202931,73.97735679,1.744519543
18.53202982,73.97745153,1.740311539
18.53203033,73.97754626,1.752557198
18.53203085,73.977641,1.76262844
18.53203136,73.97773573,1.74508801
18.53203187,73.97783047,1.74508801
18.53203238,73.9779252,1.725029367
18.5320329,73.97801994,1.768775105
18.53203341,73.97811467,1.783487346
18.53203392,73.97820941,1.791422385
18.53203443,73.97830414,1.797726574
18.53203494,73.97839888,1.811505397
18.53203546,73.97849361,1.831145688
18.53203597,73.97858835,1.848773177
18.53203648,73.97868308,1.882306417
18.53203699,73.97877782,1.85897762
18.5320375,73.97887255,1.864819845
18.53193945,73.97745207,1.746262672
18.53193997,73.9775468,1.76262844
18.53194048,73.97764154,1.743626307
18.53194099,73.97773627,1.74508801
18.5319415,73.97783101,1.74508801
18.53194202,73.97792574,1.74508801
18.53194253,73.97802048,1.74508801
18.53194304,73.97811521,1.770948478
18.53194355,73.97820995,1.777674143
18.53194407,73.97830468,1.766700161
18.53194458,73.97839942,1.760749825
18.53194509,73.97849415,1.772858977
18.5319456,73.97858889,1.831629544
18.53194611,73.97868362,1.864290962
18.53194663,73.97877836,1.889048678
18.53194714,73.97887309,1.867767127
18.53194765,73.97896783,1.856889955
18.5318496,73.97754734,1.76262844
18.53185011,73.97764207,1.76262844
18.53185062,73.97773681,1.743626307
18.53185114,73.97783154,1.74508801
18.53185165,73.97792628,1.74508801
18.53185216,73.97802101,1.76262844
18.53185267,73.97811575,1.74368073
18.53185319,73.97821048,1.737824138
18.5318537,73.97830522,1.741894945
18.53185421,73.97839995,1.716316483
18.53185472,73.97849469,1.722582867
18.53185523,73.97858942,1.765759595
18.53185575,73.97868416,1.812778802
18.53185626,73.97877889,1.868099224
18.53185677,73.97887363,1.866784664
18.53185728,73.97896836,1.830670259
18.53185779,73.9790631,1.824017011
18.53176026,73.97773735,1.76262844
18.53176077,73.97783208,1.743626307
18.53176128,73.97792682,1.76262844
18.53176179,73.97802155,1.76262844
18.53176231,73.97811629,1.76262844
18.53176282,73.97821102,1.74368073
18.53176333,73.97830576,1.71743594
18.53176384,73.97840049,1.71233431
18.53176436,73.97849523,1.722715564
18.53176487,73.97858996,1.744637313
18.53176538,73.97868469,1.786285341
18.53176589,73.97877943,1.810119706
18.5317664,73.97887416,1.818099092
18.53176692,73.9789689,1.804292833
18.53176743,73.97906363,1.80547553
18.53176794,73.97915837,1.805197269
18.53166989,73.97773788,1.76262844
18.5316704,73.97783262,1.76262844
18.53167092,73.97792735,1.76262844
18.53167143,73.97802209,1.76262844
18.53167194,73.97811682,1.76262844
18.53167245,73.97821156,1.76262844
18.53167296,73.97830629,1.74368073
18.53167348,73.97840103,1.734210277
18.53167399,73.97849576,1.718367841
18.5316745,73.9785905,1.729301988
18.53167501,73.97868523,1.776965833
18.53167552,73.97877997,1.779517713
18.53167604,73.9788747,1.752616619
18.53167655,73.97896944,1.764064224
18.53167706,73.97906417,1.750594731
18.53167757,73.97915891,1.786721846
18.53167808,73.97925364,1.825403538
18.53158004,73.97783315,1.76262844
18.53158055,73.97792789,1.76262844
18.53158106,73.97802262,1.76262844
18.53158157,73.97811736,1.76262844
18.53158209,73.97821209,1.76262844
18.5315826,73.97830683,1.76262844
18.53158311,73.97840156,1.76262844
18.53158362,73.9784963,1.748386908
18.53158413,73.97859103,1.743190521
18.53158465,73.97868577,1.755120084
18.53158516,73.9787805,1.726563515
18.53158567,73.97887524,1.750254095
18.53158618,73.97896997,1.716378196
18.53158669,73.97906471,1.732008996
18.53158721,73.97915944,1.744723184
18.53158772,73.97925418,1.799845572
18.53158823,73.97934891,1.798705545
18.53149018,73.97792843,1.76262844
18.53149069,73.97802316,1.76262844
18.53149121,73.9781179,1.76262844
18.53149172,73.97821263,1.76262844
18.53149223,73.97830737,1.76262844
18.53149274,73.9784021,1.76262844
18.53149325,73.97849684,1.76262844
18.53149377,73.97859157,1.76262844
18.53149428,73.97868631,1.728974246
18.53149479,73.97878104,1.724788944
18.5314953,73.97887577,1.708225022
18.53149581,73.97897051,1.709735342
18.53149633,73.97906524,1.684852345
18.53149684,73.97915998,1.731098834
18.53149735,73.97925471,1.727430101
18.53149786,73.97934945,1.77514705
18.53140033,73.9780237,1.76262844
18.53140084,73.97811843,1.76262844
18.53140135,73.97821317,1.76262844
18.53140186,73.9783079,1.76262844
18.53140238,73.97840264,1.76262844
18.53140289,73.97849737,1.76262844
18.5314034,73.97859211,1.745103921
18.53140391,73.97868684,1.726410965
18.53140442,73.97878158,1.719474785
18.53140494,73.97887631,1.695572602
18.53140545,73.97897105,1.666685383
18.53140596,73.97906578,1.693687074
18.53140647,73.97916052,1.666088195
18.53140698,73.97925525,1.726455584
18.53140749,73.97934999,1.730323671
18.53131047,73.97811897,1.76262844
18.53131098,73.97821371,1.76262844
18.5313115,73.97830844,1.76262844
18.53131201,73.97840317,1.76262844
18.53131252,73.97849791,1.76262844
18.53131303,73.97859264,1.743935484
18.53131355,73.97868738,1.719474785
18.53131406,73.97878211,1.695572602
18.53131457,73.97887685,1.681644518
18.53131508,73.97897158,1.703692863
18.53131559,73.97906632,1.671232625
18.5313161,73.97916105,1.703758329
18.53131662,73.97925579,1.703497533
18.53131713,73.97935052,1.750554435
18.53131764,73.97944526,1.751450474
18.53131815,73.97953999,1.827616832
18.53131866,73.97963473,1.861758332
18.53131917,73.97972946,1.861504932
18.53131969,73.9798242,1.862633216
18.5313202,73.97991893,1.88082197
18.53122062,73.97821424,1.76262844
18.53122113,73.97830898,1.76262844
18.53122164,73.97840371,1.76262844
18.53122215,73.97849845,1.76262844
18.53122267,73.97859318,1.76262844
18.53122318,73.97868792,1.729714331
18.53122369,73.97878265,1.708865979
18.5312242,73.97887738,1.721233292
18.53122471,73.97897212,1.703273142
18.53122523,73.97906685,1.718479076
18.53122574,73.97916159,1.724741473
18.53122625,73.97925632,1.774582699
18.53122676,73.97935106,1.744765552
18.53122727,73.97944579,1.783590127
18.53122778,73.97954053,1.812794139
18.5312283,73.97963526,1.850611378
18.53122881,73.97973,1.847495278
18.53122932,73.97982473,1.837197897
18.53122983,73.97991947,1.868198226
18.53113025,73.97821478,1.76262844
18.53113076,73.97830951,1.76262844
18.53113127,73.97840425,1.76262844
18.53113179,73.97849898,1.76262844
18.5311323,73.97859372,1.76262844
18.53113281,73.97868845,1.76262844
18.53113332,73.97878319,1.729714331
18.53113384,73.97887792,1.736014618
18.53113435,73.97897266,1.746435464
18.53113486,73.97906739,1.755833039
18.53113537,73.97916213,1.78180007
18.53113588,73.97925686,1.748330838
18.53113639,73.97935159,1.784534818
18.53113691,73.97944633,1.775298999
18.53113742,73.97954106,1.778041659
18.53113793,73.9796358,1.798329056
18.53113844,73.97973053,1.804293268
18.53113895,73.97982527,1.8073578
18.53113946,73.97992,1.800996402
18.5310404,73.97831005,1.76262844
18.53104091,73.97840479,1.76262844
18.53104142,73.97849952,1.76262844
18.53104193,73.97859425,1.76262844
18.53104244,73.97868899,1.76262844
18.53104296,73.97878372,1.76262844
18.53104347,73.97887846,1.748407287
18.53104398,73.97897319,1.760606496
18.53104449,73.97906793,1.781288118
18.531045,73.97916266,1.76520797
18.53104552,73.9792574,1.771238762
18.53104603,73.97935213,1.727370123
18.53104654,73.97944687,1.730656827
18.53104705,73.9795416,1.725338787
18.53104756,73.97963633,1.737583747
18.53104807,73.97973107,1.755496552
18.53104858,73.9798258,1.761865373
18.5310491,73.97992054,1.75619643
18.53095054,73.97840532,1.76262844
18.53095105,73.97850006,1.76262844
18.53095157,73.97859479,1.76262844
18.53095208,73.97868953,1.76262844
18.53095259,73.97878426,1.76262844
18.5309531,73.97887899,1.76262844
18.53095361,73.97897373,1.76262844
18.53095412,73.97906846,1.737639814
18.53095464,73.9791632,1.756398401
18.53095515,73.97925793,1.741382483
18.53095566,73.97935267,1.699329364
18.53095617,73.9794474,1.65177245
18.53095668,73.97954214,1.682568416
18.53095719,73.97963687,1.717772426
18.53095771,73.97973161,1.7095792
18.53095822,73.97982634,1.720102663
18.53095873,73.97992107,1.728347618
18.53086069,73.97850059,1.76262844
18.5308612,73.97859533,1.76262844
18.53086171,73.97869006,1.76262844
18.53086222,73.9787848,1.76262844
18.53086273,73.97887953,1.76262844
18.53086325,73.97897427,1.76262844
18.53086376,73.979069,1.76262844
18.53086427,73.97916373,1.733559782
18.53086478,73.97925847,1.722797685
18.53086529,73.9793532,1.683059954
18.5308658,73.97944794,1.654253638
18.53086632,73.97954267,1.664058071
18.53086683,73.97963741,1.696418481
18.53086734,73.97973214,1.71628679
18.53086785,73.97982688,1.70369347
18.53086836,73.97992161,1.70720937
18.53086887,73.98001635,1.731687432
18.53077083,73.97859586,1.76262844
18.53077134,73.9786906,1.76262844
18.53077186,73.97878533,1.76262844
18.53077237,73.97888007,1.76262844
18.53077288,73.9789748,1.76262844
18.53077339,73.97906954,1.76262844
18.5307739,73.97916427,1.76262844
18.53077441,73.97925901,1.719002143
18.53077493,73.97935374,1.701817563
18.53077544,73.97944847,1.686214848
18.53077595,73.97954321,1.681635565
18.53077646,73.97963794,1.698050277
18.53077697,73.97973268,1.705587396
18.53077748,73.97982741,1.704072178
18.530778,73.97992215,1.69919249
18.53077851,73.98001688,1.695912118
18.53068046,73.9785964,1.76262844
18.53068098,73.97869114,1.76262844
18.53068149,73.97878587,1.76262844
18.530682,73.9788806,1.76262844
18.53068251,73.97897534,1.76262844
18.53068302,73.97907007,1.76262844
18.53068354,73.97916481,1.76262844
18.53068405,73.97925954,1.76262844
18.53068456,73.97935428,1.738356479
18.53068507,73.97944901,1.725046821
18.53068558,73.97954375,1.718806181
18.53068609,73.97963848,1.732177307
18.53068661,73.97973321,1.720732721
18.53068712,73.97982795,1.704072178
18.53068763,73.97992268,1.714898714
18.53068814,73.98001742,1.721678052
18.53068865,73.98011215,1.734319767
18.53068916,73.98020689,1.76262844
18.53059112,73.97878641,1.76262844
18.53059163,73.97888114,1.76262844
18.53059215,73.97897588,1.76262844
18.53059266,73.97907061,1.76262844
18.53059317,73.97916534,1.76262844
18.53059368,73.97926008,1.76262844
18.53059419,73.97935481,1.76262844
18.5305947,73.97944955,1.751505347
18.53059522,73.97954428,1.744545345
18.53059573,73.97963902,1.76262844
18.53059624,73.97973375,1.750260401
18.53059675,73.97982848,1.731559257
18.53059726,73.97992322,1.724828082
18.53059777,73.98001795,1.743030128
18.53059828,73.98011269,1.76262844
18.5305988,73.98020742,1.751988598
18.53059931,73.98030216,1.749328638
18.53050127,73.97888168,1.76262844
18.53050178,73.97897641,1.76262844
18.53050331,73.97926062,1.76262844
18.53050383,73.97935535,1.76262844
18.53050434,73.97945008,1.76262844
18.53050485,73.97954482,1.76262844
18.53050536,73.97963955,1.76262844
18.53050587,73.97973429,1.76262844
18.53050638,73.97982902,1.761086937
18.53050689,73.97992376,1.743030128
18.53050741,73.98001849,1.76262844
18.53050792,73.98011322,1.754443946
18.53050843,73.98020796,1.754443946
18.53050894,73.98030269,1.732064985
18.53050945,73.98039743,1.716500083
18.53041397,73.97945062,1.76262844
18.53041448,73.97954535,1.76262844
18.53041499,73.97964009,1.76262844
18.5304155,73.97973482,1.76262844
18.53041602,73.97982956,1.76262844
18.53041653,73.97992429,1.76262844
18.53041704,73.98001903,1.76262844
18.53041755,73.98011376,1.76262844
18.53041806,73.98020849,1.73911809
18.53041857,73.98030323,1.718915902
18.53041908,73.98039796,1.685648605
18.53041959,73.9804927,1.729799885
18.53032411,73.97954589,1.76262844
18.53032463,73.97964062,1.76262844
18.53032514,73.97973536,1.76262844
18.53032565,73.97983009,1.76262844
18.53032616,73.97992483,1.76262844
18.53032667,73.98001956,1.76262844
18.53032718,73.9801143,1.747302584
18.53032769,73.98020903,1.727100396
18.53032821,73.98030376,1.703413182
18.53032872,73.9803985,1.711597676
18.53032923,73.98049323,1.696288447
18.53032974,73.98058797,1.729799885
18.53023426,73.97964116,1.76262844
18.53023477,73.9797359,1.76262844
18.53023528,73.97983063,1.76262844
18.53023579,73.97992536,1.76262844
18.5302363,73.9800201,1.76262844
18.53023682,73.98011483,1.76262844
18.53023733,73.98020957,1.711597676
18.53023784,73.9803043,1.711597676
18.53023835,73.98039903,1.711597676
18.53023886,73.98049377,1.726923532
18.53023937,73.9805885,1.742474903
18.53023988,73.98068324,1.76262844
18.53014389,73.9796417,1.76262844
18.5301444,73.97973643,1.76262844
18.53014491,73.97983117,1.746787353
18.53014543,73.9799259,1.76262844
18.53014594,73.98002063,1.76262844
18.53014645,73.98011537,1.742426252
18.53014696,73.9802101,1.742426252
18.53014747,73.98030484,1.711597676
18.53014798,73.98039957,1.726923532
18.53014849,73.9804943,1.74712572
18.530149,73.98058904,1.76262844
18.53014952,73.98068377,1.76262844
18.53015003,73.98077851,1.76262844
18.53015054,73.98087324,1.76262844
18.53005404,73.97973697,1.736886674
18.53005455,73.9798317,1.743907156
18.53005506,73.97992644,1.746787353
18.53005557,73.98002117,1.742426252
18.53005608,73.9801159,1.742426252
18.53005659,73.98021064,1.742426252
18.5300571,73.98030537,1.742426252
18.53005762,73.98040011,1.726923532
18.53005813,73.98049484,1.76262844
18.53005864,73.98058957,1.76262844
18.53005915,73.98068431,1.76262844
18.53005966,73.98077904,1.76262844
18.53006017,73.98087378,1.76262844
18.53006068,73.98096851,1.76262844
18.53006119,73.98106324,1.76262844
18.52996418,73.97983224,1.73974687
18.52996469,73.97992697,1.745467263
18.5299652,73.98002171,1.746787353
18.52996571,73.98011644,1.742426252
18.52996623,73.98021117,1.742426252
18.52996674,73.98030591,1.742426252
18.52996725,73.98040064,1.76262844
18.52996776,73.98049538,1.76262844
18.52996827,73.98059011,1.76262844
18.52996878,73.98068484,1.76262844
18.52996929,73.98077958,1.76262844
18.5299698,73.98087431,1.76262844
18.52997031,73.98096905,1.746035096
18.52997083,73.98106378,1.76262844
18.52997134,73.98115851,1.76262844
18.52987381,73.97983277,1.733209279
18.52987433,73.97992751,1.742035027
18.52987484,73.98002224,1.76262844
18.52987535,73.98011698,1.76262844
18.52987586,73.98021171,1.742426252
18.52987637,73.98030644,1.76262844
18.52987688,73.98040118,1.76262844
18.52987739,73.98049591,1.76262844
18.5298779,73.98059065,1.76262844
18.52987841,73.98068538,1.751116179
18.52987893,73.98078011,1.763811114
18.52987944,73.98087485,1.746616638
18.52987995,73.98096958,1.747029942
18.52988046,73.98106432,1.733827525
18.52988097,73.98115905,1.76262844
18.52988148,73.98125378,1.76262844
18.52978396,73.97992804,1.76262844
18.52978447,73.98002278,1.76262844
18.52978498,73.98011751,1.76262844
18.52978549,73.98021225,1.76262844
18.529786,73.98030698,1.76262844
18.52978651,73.98040171,1.76262844
18.52978703,73.98049645,1.76262844
18.52978754,73.98059118,1.751116179
18.52978805,73.98068592,1.752298853
18.52978856,73.98078065,1.736287051
18.52978907,73.98087538,1.733912164
18.52978958,73.98097012,1.725048471
18.52979009,73.98106485,1.726067234
18.5297906,73.98115959,1.716884948
18.52979111,73.98125432,1.76262844
18.52979162,73.98134905,1.736817613
18.5296941,73.98002331,1.76262844
18.52969461,73.98011805,1.76262844
18.52969513,73.98021278,1.76262844
18.52969564,73.98030752,1.742426252
18.52969615,73.98040225,1.76262844
18.52969666,73.98049698,1.751116179
18.52969717,73.98059172,1.752298853
18.52969768,73.98068645,1.751603983
18.52969819,73.98078118,1.737716835
18.5296987,73.98087592,1.701113301
18.52969921,73.98097065,1.705146837
18.52969972,73.98106539,1.700627169
18.52970023,73.98116012,1.72444159
18.52970075,73.98125485,1.716318295
18.52970126,73.98134959,1.741979779
18.52970177,73.98144432,1.736817613
18.52960425,73.98011858,1.76262844
18.52960476,73.98021332,1.736365596
18.52960527,73.98030805,1.740742736
18.52960578,73.98040279,1.742426252
18.52960629,73.98049752,1.74846286
18.5296068,73.98059225,1.751116179
18.52960731,73.98068699,1.73869327
18.52960782,73.98078172,1.730195782
18.52960834,73.98087645,1.714296689
18.52960885,73.98097119,1.687021587
18.52960936,73.98106592,1.703033388
18.52960987,73.98116066,1.701036952
18.52961038,73.98125539,1.722323553
18.52961089,73.98135012,1.729802278
18.5296114,73.98144486,1.741979779
18.52961191,73.98153959,1.736817613
18.52951439,73.98021385,1.725110091
18.5295149,73.98030859,1.733447502
18.52951541,73.98040332,1.722011987
18.52951592,73.98049805,1.728260672
18.52951644,73.98059279,1.74846286
18.52951695,73.98068752,1.737359538
18.52951746,73.98078226,1.713530624
18.52951797,73.98087699,1.715000397
18.52951848,73.98097172,1.714245661
18.52951899,73.98106646,1.718876334
18.5295195,73.98116119,1.738207138
18.52952001,73.98125593,1.729802278
18.52952052,73.98135066,1.741888128
18.52952103,73.98144539,1.736568567
18.52952154,73.98154013,1.741146061
18.52952205,73.98163486,1.76262844
18.52952256,73.98172959,1.725684438
18.52942505,73.98040386,1.706780818
18.52942556,73.98049859,1.744213186
18.52942607,73.98059332,1.734706219
18.52942658,73.98068806,1.698031312
18.52942709,73.98078279,1.695817513
18.5294276,73.98087753,1.712836113
18.52942811,73.98097226,1.740062592
18.52942862,73.98106699,1.752481938
18.52942913,73.98116173,1.742599584
18.52942964,73.98125646,1.741354591
18.52943016,73.98135119,1.722423313
18.52943067,73.98144593,1.726574825
18.52943118,73.98154066,1.734109635
18.52943169,73.9816354,1.710324887
18.5294322,73.98173013,1.703922549
18.52943271,73.98182486,1.684370435
18.52943322,73.9819196,1.728467219
18.52933519,73.98049913,1.717254831
18.5293357,73.98059386,1.704198555
18.52933621,73.98068859,1.715468576
18.52933672,73.98078333,1.690549231
18.52933723,73.98087806,1.720262827
18.52933775,73.98097279,1.754165789
18.52933826,73.98106753,1.787173367
18.52933877,73.98116226,1.755854825
18.52933928,73.981257,1.706893393
18.52933979,73.98135173,1.68490303
18.5293403,73.98144646,1.717121177
18.52934081,73.9815412,1.696306901
18.52934132,73.98163593,1.674225539
18.52934183,73.98173066,1.668675755
18.52934234,73.9818254,1.691599249
18.52934285,73.98192013,1.698599163
18.52934336,73.98201487,1.738715585
18.52934387,73.9821096,1.76262844
18.52934438,73.98220433,1.76262844
18.52924533,73.9805944,1.723202509
18.52924585,73.98068913,1.701540123
18.52924636,73.98078386,1.725890963
18.52924687,73.9808786,1.719342253
18.52924738,73.98097333,1.787064684
18.52924789,73.98106806,1.792857267
18.5292484,73.9811628,1.752010281
18.52924891,73.98125753,1.702861321
18.52924942,73.98135226,1.677439667
18.52924993,73.981447,1.661822457
18.52925044,73.98154173,1.700381234
18.52925095,73.98163647,1.684061935
18.52925146,73.9817312,1.686688032
18.52925197,73.98182593,1.686853152
18.52925248,73.98192067,1.716955957
18.52925299,73.9820154,1.745412982
18.5292535,73.98211013,1.76262844
18.52925401,73.98220487,1.76262844
18.52925452,73.9822996,1.76262844
18.52915548,73.98068966,1.716910382
18.52915599,73.9807844,1.709123204
18.5291565,73.98087913,1.743534139
18.52915701,73.98097387,1.783903204
18.52915752,73.9810686,1.777080607
18.52915803,73.98116333,1.720138046
18.52915854,73.98125807,1.675731801
18.52915905,73.9813528,1.661628006
18.52915956,73.98144753,1.673527832
18.52916008,73.98154227,1.688731202
18.52916059,73.981637,1.728450983
18.5291611,73.98173173,1.705247656
18.52916161,73.98182647,1.716955957
18.52916212,73.9819212,1.746737248
18.52916263,73.98201594,1.76262844
18.52916314,73.98211067,1.76262844
18.52916365,73.9822054,1.76262844
18.52916416,73.98230014,1.76262844
18.52916467,73.98239487,1.76262844
18.52906562,73.98078493,1.690268702
18.52906613,73.98087967,1.741266008
18.52906664,73.9809744,1.755311357
18.52906715,73.98106913,1.732531782
18.52906767,73.98116387,1.685143185
18.52906818,73.9812586,1.633462744
18.52906869,73.98135334,1.649342019
18.5290692,73.98144807,1.654563948
18.52906971,73.9815428,1.690288779
18.52907022,73.98163754,1.706095117
18.52907073,73.98173227,1.724567517
18.52907124,73.981827,1.746737248
18.52907175,73.98192174,1.76262844
18.52907226,73.98201647,1.76262844
18.52907277,73.9821112,1.76262844
18.52907328,73.98220594,1.76262844
18.52907379,73.98230067,1.76262844
18.5290743,73.9823954,1.76262844
18.52907481,73.98249014,1.76262844
18.52897628,73.98097494,1.690379486
18.52897679,73.98106967,1.699108004
18.5289773,73.9811644,1.66486443
18.52897781,73.98125914,1.639957796
18.52897832,73.98135387,1.606695344
18.52897883,73.9814486,1.65359451
18.52897934,73.98154334,1.665524027
18.52897985,73.98163807,1.690052183
18.52898036,73.9817328,1.710857403
18.52898087,73.98182754,1.727818413
18.52898138,73.98192227,1.756386053
18.52898189,73.98201701,1.76310584
18.5289824,73.98211174,1.747878161
18.52898291,73.98220647,1.76262844
18.52898342,73.98230121,1.76262844
18.52898393,73.98239594,1.76262844
18.52898444,73.98249067,1.76262844
18.52898495,73.98258541,1.76262844
18.52898546,73.98268014,1.76262844
18.52888693,73.98116494,1.65917071
18.52888744,73.98125967,1.637276309
18.52888795,73.98135441,1.635390601
18.52888846,73.98144914,1.655527623
18.52888897,73.98154387,1.679928682
18.52888948,73.98163861,1.688054264
18.52888999,73.98173334,1.709373698
18.52889051,73.98182807,1.70971238
18.52889102,73.98192281,1.736633412
18.52889153,73.98201754,1.750614407
18.52889204,73.98211227,1.752906236
18.52889255,73.98220701,1.736241669
18.52889306,73.98230174,1.751237117
18.52889357,73.98239647,1.76262844
18.52889408,73.98249121,1.76262844
18.52889459,73.98258594,1.76262844
18.5288951,73.98268067,1.76262844
18.52889561,73.98277541,1.737390763
18.52889612,73.98287014,1.72846221
18.52879708,73.98126021,1.652236653
18.52879759,73.98135494,1.673324536
18.5287981,73.98144967,1.690375835
18.52879861,73.98154441,1.703059297
18.52879912,73.98163914,1.709373698
18.52879963,73.98173387,1.70971238
18.52880014,73.98182861,1.71972638
18.52880065,73.98192334,1.718322364
18.52880116,73.98201808,1.746312453
18.52880167,73.98211281,1.741990654
18.52880218,73.98220754,1.731099366
18.52880269,73.98230228,1.73561345
18.5288032,73.98239701,1.759239628
18.52880371,73.98249174,1.76877205
18.52880422,73.98258648,1.751132688
18.52880473,73.98268121,1.732491338
18.52880524,73.98277594,1.716465825
18.52880575,73.98287068,1.720222249
18.52880626,73.98296541,1.729180101
18.52870722,73.98135548,1.713656724
18.52870773,73.98145021,1.6940221
18.52870824,73.98154494,1.730270352
18.52870875,73.98163968,1.736325849
18.52870926,73.98173441,1.725491367
18.52870977,73.98182914,1.732595243
18.52871028,73.98192388,1.718434776
18.52871079,73.98201861,1.700907534
18.5287113,73.98211334,1.722424581
18.52871181,73.98220808,1.734483484
18.52871232,73.98230281,1.753695813
18.52871283,73.98239754,1.760613813
18.52871334,73.98249228,1.753715162
18.52871385,73.98258701,1.725857828
18.52871436,73.98268174,1.701172089
18.52871487,73.98277648,1.722682968
18.52871538,73.98287121,1.727734539
18.52871589,73.98296594,1.702048248
18.5287164,73.98306068,1.68615867
18.52861787,73.98154548,1.76262844
18.52861838,73.98164021,1.76262844
18.52861889,73.98173495,1.731522431
18.5286194,73.98182968,1.711147854
18.52861991,73.98192441,1.702064042
18.52862042,73.98201915,1.712646437
18.52862093,73.98211388,1.700718357
18.52862145,73.98220861,1.703704205
18.52862196,73.98230335,1.737640478
18.52862247,73.98239808,1.744387257
18.52862298,73.98249281,1.738233827
18.52862349,73.98258755,1.729617818
18.528624,73.98268228,1.719945961
18.52862451,73.98277701,1.707180784
18.52862502,73.98287175,1.703462427
18.52862553,73.98296648,1.704160524
18.52862603,73.98306121,1.70405722
18.52862654,73.98315595,1.681115197
18.52852853,73.98173548,1.729799885
18.52852904,73.98183021,1.683889299
18.52852955,73.98192495,1.699434119
18.52853006,73.98201968,1.690368215
18.52853057,73.98211441,1.669823603
18.52853108,73.98220915,1.685237332
18.52853159,73.98230388,1.689153228
18.5285321,73.98239861,1.732764229
18.52853261,73.98249335,1.70791944
18.52853312,73.98258808,1.696933121
18.52853363,73.98268281,1.700600886
18.52853414,73.98277755,1.705483529
18.52853465,73.98287228,1.721684475
18.52853516,73.98296701,1.725428679
18.52853567,73.98306175,1.687360921
18.52853618,73.98315648,1.668486701
18.52853669,73.98325121,1.702280988
18.5285372,73.98334595,1.732469369
18.52853771,73.98344068,1.734074637
18.52853822,73.98353541,1.760808885
18.52853873,73.98363015,1.757472121
18.52853923,73.98372488,1.76262844
18.52843867,73.98183075,1.729799885
18.52843918,73.98192548,1.70080533
18.52843969,73.98202021,1.68989685
18.5284402,73.98211495,1.699227861
18.52844071,73.98220968,1.666355726
18.52844122,73.98230441,1.686621271
18.52844173,73.98239915,1.6774371
18.52844224,73.98249388,1.698372801
18.52844275,73.98258861,1.663100852
18.52844326,73.98268335,1.676252504
18.52844377,73.98277808,1.700531524
18.52844428,73.98287281,1.707351169
18.52844479,73.98296755,1.695730673
18.5284453,73.98306228,1.67866106
18.52844581,73.98315701,1.684155386
18.52844632,73.98325175,1.70930633
18.52844683,73.98334648,1.716607009
18.52844734,73.98344121,1.733279822
18.52844785,73.98353595,1.724852971
18.52844836,73.98363068,1.744727246
18.52844887,73.98372541,1.741906294
18.52844938,73.98382015,1.76262844
18.52834881,73.98192602,1.729799885
18.52834932,73.98202075,1.739305642
18.52834983,73.98211548,1.689109707
18.52835034,73.98221022,1.697472042
18.52835085,73.98230495,1.693921008
18.52835136,73.98239968,1.716951488
18.52835187,73.98249442,1.687505322
18.52835238,73.98258915,1.685802738
18.52835289,73.98268388,1.680120738
18.5283534,73.98277862,1.724792458
18.52835391,73.98287335,1.729808819
18.52835442,73.98296808,1.700530201
18.52835493,73.98306282,1.710711639
18.52835544,73.98315755,1.71998061
18.52835595,73.98325228,1.71907231
18.52835646,73.98334701,1.737642619
18.52835697,73.98344175,1.730938796
18.52835748,73.98353648,1.715667408
18.52835799,73.98363121,1.702900415
18.5283585,73.98372595,1.724083524
18.52835901,73.98382068,1.729859257
18.52835952,73.98391541,1.76262844
18.52825896,73.98202128,1.726429805
18.52825947,73.98211602,1.734473946
18.52825998,73.98221075,1.700060501
18.52826049,73.98230548,1.725247887
18.528261,73.98240022,1.708095704
18.52826151,73.98249495,1.727016851
18.52826202,73.98258968,1.708412228
18.52826253,73.98268442,1.70871176
18.52826304,73.98277915,1.714737572
18.52826355,73.98287388,1.709366689
18.52826406,73.98296862,1.722347266
18.52826457,73.98306335,1.717871902
18.52826508,73.98315808,1.742351019
18.52826559,73.98325282,1.752097749
18.5282661,73.98334755,1.735371607
18.5282666,73.98344228,1.718840527
18.52826711,73.98353702,1.702900415
18.52826762,73.98363175,1.706842109
18.52826813,73.98372648,1.69883485
18.52826864,73.98382121,1.719249384
18.52826915,73.98391595,1.736588324
18.52826966,73.98401068,1.76262844
18.52827017,73.98410541,1.76262844
18.52816961,73.98221129,1.726429805
18.52817012,73.98230602,1.710403521
18.52817063,73.98240075,1.76262844
18.52817114,73.98249549,1.730469547
18.52817165,73.98259022,1.728528365
18.52817216,73.98268495,1.728528365
18.52817267,73.98277968,1.702980096
18.52817318,73.98287442,1.698269829
18.52817369,73.98296915,1.696361657
18.5281742,73.98306388,1.715933365
18.52817471,73.98315862,1.715688261
18.52817522,73.98325335,1.756683249
18.52817573,73.98334808,1.76262844
18.52817624,73.98344282,1.732191587
18.52817675,73.98353755,1.722782222
18.52817726,73.98363228,1.69883485
18.52817777,73.98372702,1.719249384
18.52817828,73.98382175,1.731340752
18.52817878,73.98391648,1.744107745
18.52817929,73.98401122,1.751676588
18.5281798,73.98410595,1.76262844
18.52808026,73.98240129,1.76262844
18.52808077,73.98249602,1.76262844
18.52808128,73.98259075,1.727546011
18.52808179,73.98268549,1.720347773
18.5280823,73.98278022,1.724762716
18.52808281,73.98287495,1.705486867
18.52808332,73.98296969,1.660618859
18.52808383,73.98306442,1.656786987
18.52808434,73.98315915,1.693726371
18.52808485,73.98325388,1.743255957
18.52808536,73.98334862,1.76262844
18.52808587,73.98344335,1.76262844
18.52808638,73.98353808,1.745387025
18.52808689,73.98363282,1.741283328
18.5280874,73.98372755,1.731340752
18.52808791,73.98382228,1.744107745
18.52808842,73.98391702,1.753361489
18.52808893,73.98401175,1.76262844
18.52808944,73.98410648,1.76262844
18.52808995,73.98420122,1.76262844
18.52809045,73.98429595,1.76262844
18.52799092,73.98259129,1.76262844
18.52799143,73.98268602,1.738861869
18.52799194,73.98278075,1.719540053
18.52799245,73.98287549,1.687111746
18.52799296,73.98297022,1.650371586
18.52799347,73.98306495,1.657995611
18.52799397,73.98315969,1.669116188
18.52799448,73.98325442,1.702851581
18.52799499,73.98334915,1.726390173
18.5279955,73.98344388,1.76262844
18.52799601,73.98353862,1.76262844
18.52799652,73.98363335,1.745409726
18.52799703,73.98372808,1.753374696
18.52799754,73.98382282,1.753361489
18.52799805,73.98391755,1.76262844
18.52799856,73.98401228,1.76262844
18.52799907,73.98410702,1.76262844
18.52799958,73.98420175,1.76262844
18.52800009,73.98429648,1.76262844
18.5280006,73.98439122,1.76262844
18.52800111,73.98448595,1.76262844
18.52800161,73.98458068,1.76262844
18.52800212,73.98467541,1.762629938
18.52790106,73.98268655,1.76262844
18.52790157,73.98278129,1.74018089
18.52790208,73.98287602,1.69725675
18.52790259,73.98297075,1.686493304
18.5279031,73.98306549,1.653575576
18.52790361,73.98316022,1.673765726
18.52790412,73.98325495,1.672440553
18.52790463,73.98334969,1.70535828
18.52790514,73.98344442,1.730379413
18.52790565,73.98353915,1.745409726
18.52790616,73.98363388,1.743961192
18.52790666,73.98372862,1.730213359
18.52790717,73.98382335,1.76262844
18.52790768,73.98391808,1.76262844
18.52790819,73.98401282,1.76262844
18.5279087,73.98410755,1.76262844
18.52790921,73.98420228,1.76262844
18.52790972,73.98429702,1.76262844
18.52791023,73.98439175,1.76262844
18.52791074,73.98448648,1.76262844
18.52791125,73.98458121,1.762629314
18.52791176,73.98467595,1.762629489
18.52791227,73.98477068,1.735285687
18.52781171,73.98287656,1.737374947
18.52781222,73.98297129,1.698569633
18.52781273,73.98306602,1.693138209
18.52781324,73.98316075,1.672440553
18.52781375,73.98325549,1.671610848
18.52781426,73.98335022,1.676429793
18.52781477,73.98344495,1.680255629
18.52781528,73.98353969,1.70117817
18.52781579,73.98363442,1.723284279
18.5278163,73.98372915,1.721267705
18.52781681,73.98382388,1.714596213
18.52781732,73.98391862,1.76262844
18.52781783,73.98401335,1.76262844
18.52781833,73.98410808,1.76262844
18.52781884,73.98420282,1.76262844
18.52781935,73.98429755,1.76262844
18.52781986,73.98439228,1.76262844
18.52782037,73.98448702,1.76262844
18.52782088,73.98458175,1.76262844
18.52782139,73.98467648,1.74580213
18.5278219,73.98477121,1.740754237
18.52782241,73.98486595,1.735285687
18.52772185,73.98297182,1.737374947
18.52772236,73.98306656,1.718756778
18.52772287,73.98316129,1.682297315
18.52772338,73.98325602,1.669246572
18.52772389,73.98335075,1.670159131
18.5277244,73.98344549,1.657178057
18.52772491,73.98354022,1.664461971
18.52772542,73.98363495,1.689869922
18.52772593,73.98372969,1.700170015
18.52772644,73.98382442,1.704142303
18.52772695,73.98391915,1.715397804
18.52772746,73.98401388,1.749437434
18.52772797,73.98410862,1.743676148
18.52772848,73.98420335,1.74371326
18.52772899,73.98429808,1.749105284
18.5277295,73.98439282,1.751552607
18.52773,73.98448755,1.76262844
18.52773051,73.98458228,1.76262844
18.52773102,73.98467701,1.76262844
18.52773153,73.98477175,1.74580213
18.52773204,73.98486648,1.740753188
18.52773255,73.98496121,1.711435278
18.527632,73.98306709,1.76262844
18.52763251,73.98316182,1.707788862
18.52763302,73.98325656,1.685917956
18.52763353,73.98335129,1.624120257
18.52763404,73.98344602,1.67903473
18.52763454,73.98354075,1.699937335
18.52763505,73.98363549,1.676933137
18.52763556,73.98373022,1.667925575
18.52763607,73.98382495,1.68369317
18.52763658,73.98391969,1.673288595
18.52763709,73.98401442,1.692492101
18.5276376,73.98410915,1.698853739
18.52763811,73.98420388,1.696463248
18.52763862,73.98429862,1.719114271
18.52763913,73.98439335,1.721602823
18.52763964,73.98448808,1.731911865
18.52764015,73.98458282,1.745576996
18.52764065,73.98467755,1.748250341
18.52764116,73.98477228,1.749213028
18.52764167,73.98486701,1.723627837
18.52764218,73.98496175,1.744307523
18.52764269,73.98505648,1.72366486
18.52754418,73.98354129,1.715962627
18.52754469,73.98363602,1.679572283
18.5275452,73.98373075,1.646552005
18.52754571,73.98382549,1.653086407
18.52754622,73.98392022,1.655874649
18.52754672,73.98401495,1.620536982
18.52754723,73.98410968,1.632683241
18.52754774,73.98420442,1.641913114
18.52754825,73.98429915,1.650298273
18.52754876,73.98439388,1.683046901
18.52754927,73.98448862,1.684910637
18.52754978,73.98458335,1.700482323
18.52755029,73.98467808,1.717783486
18.5275508,73.98477281,1.727337811
18.52755131,73.98486755,1.742299265
18.52755181,73.98496228,1.726680471
18.52755232,73.98505701,1.722985006
18.52755283,73.98515175,1.713128599
18.52755334,73.98524648,1.726212208
18.52755385,73.98534121,1.76262844
18.52745432,73.98363655,1.693368162
18.52745483,73.98373129,1.656995984
18.52745534,73.98382602,1.641564144
18.52745585,73.98392075,1.638202266
18.52745636,73.98401549,1.615381325
18.52745687,73.98411022,1.591998672
18.52745738,73.98420495,1.599528193
18.52745788,73.98429968,1.604468313
18.52745839,73.98439442,1.631271371
18.5274589,73.98448915,1.684055695
18.52745941,73.98458388,1.681716116
18.52745992,73.98467862,1.690645625
18.52746043,73.98477335,1.710869722
18.52746094,73.98486808,1.697196695
18.52746145,73.98496281,1.717791216
18.52746196,73.98505755,1.691912434
18.52746246,73.98515228,1.722340165
18.52746297,73.98524701,1.722852371
18.52746348,73.98534174,1.733495454
18.52746399,73.98543648,1.76262844
18.52736446,73.98373182,1.693651991
18.52736497,73.98382655,1.628176624
18.52736548,73.98392129,1.639066978
18.52736599,73.98401602,1.612008032
18.5273665,73.98411075,1.600699504
18.52736701,73.98420549,1.604363535
18.52736752,73.98430022,1.62101026
18.52736803,73.98439495,1.644195249
18.52736854,73.98448968,1.657265154
18.52736904,73.98458442,1.711558155
18.52736955,73.98467915,1.717783486
18.52737006,73.98477388,1.70591456
18.52737057,73.98486861,1.719819852
18.52737108,73.98496335,1.689819537
18.52737159,73.98505808,1.696237168
18.5273721,73.98515281,1.684061381
18.52737261,73.98524755,1.727009151
18.52737311,73.98534228,1.744307339
18.52737362,73.98543701,1.722398232
18.52737413,73.98553174,1.729799885
18.52727511,73.98392182,1.623381458
18.52727562,73.98401655,1.633457079
18.52727613,73.98411129,1.612537675
18.52727664,73.98420602,1.622589801
18.52727715,73.98430075,1.665387607
18.52727766,73.98439548,1.668992166
18.52727817,73.98449022,1.67932126
18.52727868,73.98458495,1.711995039
18.52727919,73.98467968,1.731883707
18.5272797,73.98477441,1.732846394
18.5272802,73.98486915,1.704598726
18.52728071,73.98496388,1.696614481
18.52728122,73.98505861,1.665491336
18.52728173,73.98515335,1.67950531
18.52728224,73.98524808,1.68569083
18.52728275,73.98534281,1.72453415
18.52728326,73.98543754,1.712138672
18.52728376,73.98553228,1.722615945
18.52728427,73.98562701,1.724377173
18.52728478,73.98572174,1.725148848
18.52718526,73.98401709,1.636714213
18.52718576,73.98411182,1.655623413
18.52718627,73.98420655,1.669876458
18.52718678,73.98430129,1.685418794
18.52718729,73.98439602,1.698962002
18.5271878,73.98449075,1.713820215
18.52718831,73.98458548,1.734022403
18.52718882,73.98468022,1.749248671
18.52718933,73.98477495,1.736765125
18.52718984,73.98486968,1.721756567
18.52719035,73.98496441,1.670378136
18.52719085,73.98505915,1.676364133
18.52719136,73.98515388,1.667160251
18.52719187,73.98524861,1.660761313
18.52719238,73.98534334,1.673134826
18.52719289,73.98543808,1.708966533
18.5271934,73.98553281,1.689632863
18.52719391,73.98562754,1.675668527
18.52719441,73.98572227,1.7074813
18.52719492,73.98581701,1.736392726
18.52719543,73.98591174,1.76262844
18.52719594,73.98600647,1.76262844
18.52719645,73.98610121,1.76262844
18.52709591,73.98420709,1.746204628
18.52709642,73.98430182,1.723518615
18.52709693,73.98439655,1.709752863
18.52709743,73.98449128,1.734022403
18.52709794,73.98458602,1.734022403
18.52709845,73.98468075,1.747402172
18.52709896,73.98477548,1.752152696
18.52709947,73.98487021,1.715705477
18.52709998,73.98496495,1.720306179
18.52710049,73.98505968,1.668837646
18.527101,73.98515441,1.670647979
18.5271015,73.98524914,1.672999333
18.52710201,73.98534388,1.686053945
18.52710252,73.98543861,1.673902239
18.52710303,73.98553334,1.649498359
18.52710354,73.98562808,1.667128735
18.52710405,73.98572281,1.720190314
18.52710456,73.98581754,1.733962598
18.52710506,73.98591227,1.740765345
18.52710557,73.98600701,1.76262844
18.52710608,73.98610174,1.76262844
18.52710659,73.98619647,1.76262844
18.5271071,73.9862912,1.76262844
18.52700605,73.98430235,1.76262844
18.52700656,73.98439709,1.740634942
18.52700707,73.98449182,1.728821305
18.52700758,73.98458655,1.746133316
18.52700808,73.98468128,1.76262844
18.52700859,73.98477602,1.76262844
18.5270091,73.98487075,1.741220983
18.52700961,73.98496548,1.733759235
18.52701012,73.98506021,1.701205179
18.52701063,73.98515495,1.696198467
18.52701114,73.98524968,1.705786804
18.52701165,73.98534441,1.696375295
18.52701215,73.98543914,1.665515852
18.52701266,73.98553388,1.687310054
18.52701317,73.98562861,1.699988127
18.52701368,73.98572334,1.69601229
18.52701419,73.98581807,1.722493936
18.5270147,73.98591281,1.76262844
18.5270152,73.98600754,1.76262844
18.52701571,73.98610227,1.76262844
18.52701622,73.986197,1.76262844
18.52701673,73.98629174,1.76262844
18.52701724,73.98638647,1.76262844
18.5269167,73.98449235,1.734351085
18.52691721,73.98458708,1.76262844
18.52691772,73.98468182,1.76262844
18.52691823,73.98477655,1.748417212
18.52691874,73.98487128,1.751703016
18.52691924,73.98496601,1.732114213
18.52691975,73.98506075,1.748678969
18.52692026,73.98515548,1.703696666
18.52692077,73.98525021,1.719556426
18.52692128,73.98534494,1.729415378
18.52692179,73.98543968,1.71155902
18.5269223,73.98553441,1.715954467
18.5269228,73.98562914,1.705398337
18.52692331,73.98572387,1.722493936
18.52692382,73.98581861,1.74412701
18.52692433,73.98591334,1.76262844
18.52692484,73.98600807,1.76262844
18.52692535,73.9861028,1.76262844
18.52692585,73.98619754,1.76262844
18.52692636,73.98629227,1.76262844
18.52692687,73.986387,1.76262844
18.52692738,73.98648173,1.76262844
18.52692789,73.98657647,1.76262844
18.52692839,73.9866712,1.76262844
18.5269289,73.98676593,1.735086746
18.52682837,73.98487181,1.729773289
18.52682888,73.98496655,1.741976813
18.52682939,73.98506128,1.714419464
18.52682989,73.98515601,1.728762516
18.5268304,73.98525074,1.697953307
18.52683091,73.98534548,1.736263538
18.52683142,73.98544021,1.731951486
18.52683193,73.98553494,1.713391789
18.52683244,73.98562967,1.726184801
18.52683295,73.98572441,1.725762921
18.52683345,73.98581914,1.724901838
18.52683396,73.98591387,1.726839292
18.52683447,73.9860086,1.742426252
18.52683498,73.98610334,1.76262844
18.52683549,73.98619807,1.76262844
18.52683599,73.9862928,1.76262844
18.5268365,73.98638753,1.76262844
18.52683701,73.98648227,1.76262844
18.52683752,73.986577,1.76262844
18.52683803,73.98667173,1.746562452
18.52683853,73.98676646,1.743349254
18.52683904,73.9868612,1.738529457
18.52673902,73.98506181,1.714244151
18.52673953,73.98515655,1.715155602
18.52674004,73.98525128,1.723859717
18.52674054,73.98534601,1.705542106
18.52674105,73.98544074,1.721212601
18.52674156,73.98553547,1.730017282
18.52674207,73.98563021,1.711598011
18.52674258,73.98572494,1.703084701
18.52674309,73.98581967,1.68925003
18.52674359,73.9859144,1.687411932
18.5267441,73.98600914,1.706637104
18.52674461,73.98610387,1.742426252
18.52674512,73.9861986,1.76262844
18.52674563,73.98629333,1.76262844
18.52674614,73.98638807,1.76262844
18.52674664,73.9864828,1.76262844
18.52674715,73.98657753,1.76262844
18.52674766,73.98667226,1.76262844
18.52674817,73.986767,1.747798297
18.52674868,73.98686173,1.721226594
18.52674918,73.98695646,1.696817787
18.52674969,73.98705119,1.704464106
18.5267502,73.98714593,1.733673264
18.52664916,73.98515708,1.719885506
18.52664967,73.98525181,1.706473775
18.52665018,73.98534654,1.738843012
18.52665069,73.98544128,1.738994563
18.52665119,73.98553601,1.72268801
18.5266517,73.98563074,1.705414032
18.52665221,73.98572547,1.665409986
18.52665272,73.9858202,1.658196557
18.52665323,73.98591494,1.659640926
18.52665374,73.98600967,1.705913361
18.52665424,73.9861044,1.725138533
18.52665475,73.98619913,1.722224064
18.52665526,73.98629387,1.76262844
18.52665577,73.9863886,1.76262844
18.52665628,73.98648333,1.76262844
18.52665678,73.98657806,1.76262844
18.52665729,73.9866728,1.76262844
18.5266578,73.98676753,1.742426252
18.52665831,73.98686226,1.727596109
18.52665882,73.98695699,1.740742736
18.52665932,73.98705173,1.723852217
18.52665983,73.98714646,1.720327106
18.52666034,73.98724119,1.740107748
18.52666085,73.98733592,1.76262844
18.52655981,73.98534708,1.751693503
18.52656032,73.98544181,1.724530358
18.52656083,73.98553654,1.739435085
18.52656134,73.98563127,1.720424307
18.52656184,73.98572601,1.693830061
18.52656235,73.98582074,1.63303947
18.52656286,73.98591547,1.659265361
18.52656337,73.9860102,1.704936346
18.52656388,73.98610493,1.722224064
18.52656439,73.98619967,1.742426252
18.52656489,73.9862944,1.742426252
18.5265654,73.98638913,1.76262844
18.52656591,73.98648386,1.76262844
18.52656642,73.9865786,1.76262844
18.52656693,73.98667333,1.76262844
18.52656743,73.98676806,1.76262844
18.52656794,73.98686279,1.742426252
18.52656845,73.98695753,1.742426252
18.52656896,73.98705226,1.742426252
18.52656946,73.98714699,1.747037191
18.52656997,73.98724172,1.76262844
18.52657048,73.98733646,1.76262844
18.52657099,73.98743119,1.76262844
18.52657149,73.98752592,1.76262844
18.52647046,73.98553707,1.729499572
18.52647097,73.98563181,1.708022734
18.52647148,73.98572654,1.688053791
18.52647199,73.98582127,1.665903767
18.52647249,73.985916,1.676779937
18.526473,73.98601073,1.683828368
18.52647351,73.98610547,1.722224064
18.52647402,73.9862002,1.742426252
18.52647453,73.98629493,1.742426252
18.52647503,73.98638966,1.742426252
18.52647554,73.9864844,1.76262844
18.52647605,73.98657913,1.76262844
18.52647656,73.98667386,1.76262844
18.52647707,73.98676859,1.76262844
18.52647757,73.98686333,1.76262844
18.52647808,73.98695806,1.742426252
18.52647859,73.98705279,1.76262844
18.5264791,73.98714752,1.76262844
18.5264796,73.98724225,1.76262844
18.52648011,73.98733699,1.76262844
18.52648062,73.98743172,1.76262844
18.52648113,73.98752645,1.738895061
18.52648163,73.98762118,1.732961716
18.5263806,73.98563234,1.729546964
18.52638111,73.98572707,1.688141934
18.52638162,73.9858218,1.674842483
18.52638213,73.98591654,1.68646881
18.52638263,73.98601127,1.723887492
18.52638314,73.986106,1.742426252
18.52638365,73.98620073,1.724056232
18.52638416,73.98629546,1.742426252
18.52638467,73.9863902,1.76262844
18.52638517,73.98648493,1.76262844
18.52638568,73.98657966,1.76262844
18.52638619,73.98667439,1.76262844
18.5263867,73.98676913,1.76262844
18.52638721,73.98686386,1.76262844
18.52638771,73.98695859,1.74375792
18.52638822,73.98705332,1.76262844
18.52638873,73.98714805,1.76262844
18.52638924,73.98724279,1.76262844
18.52638974,73.98733752,1.76262844
18.52639025,73.98743225,1.744371994
18.52639076,73.98752698,1.744371994
18.52639127,73.98762172,1.738895061
18.52639177,73.98771645,1.701871008
18.52629074,73.9857276,1.682369267
18.52629125,73.98582234,1.689883766
18.52629176,73.98591707,1.704662319
18.52629227,73.9860118,1.724864507
18.52629278,73.98610653,1.725719659
18.52629328,73.98620126,1.724056232
18.52629379,73.986296,1.744258419
18.5262943,73.98639073,1.76262844
18.52629481,73.98648546,1.76262844
18.52629532,73.98658019,1.745132072
18.52629582,73.98667493,1.76262844
18.52629633,73.98676966,1.76262844
18.52629684,73.98686439,1.74375792
18.52629735,73.98695912,1.728693802
18.52629785,73.98705385,1.727566997
18.52629836,73.98714859,1.76262844
18.52629887,73.98724332,1.76262844
18.52629938,73.98733805,1.76262844
18.52629988,73.98743278,1.76262844
18.52630039,73.98752752,1.744371994
18.5263009,73.98762225,1.725239251
18.52630141,73.98771698,1.694732228
18.52630191,73.98781171,1.699513846
18.52630242,73.98790644,1.725371458
18.52620088,73.98582287,1.701262049
18.52620139,73.9859176,1.713535327
18.5262019,73.98601233,1.725719659
18.52620241,73.98610707,1.72544083
18.52620292,73.9862018,1.744258419
18.52620342,73.98629653,1.744258419
18.52620393,73.98639126,1.744258419
18.52620444,73.98648599,1.745132072
18.52620495,73.98658073,1.725019194
18.52620546,73.98667546,1.745132072
18.52620596,73.98677019,1.74375792
18.52620647,73.98686492,1.728693802
18.52620698,73.98695965,1.712502879
18.52620749,73.98705439,1.696975476
18.52620799,73.98714912,1.721940242
18.5262085,73.98724385,1.76262844
18.52620901,73.98733858,1.76262844
18.52620952,73.98743332,1.747846969
18.52621003,73.98752805,1.743495696
18.52621053,73.98762278,1.725239251
18.52621104,73.98771751,1.738995173
18.52621155,73.98781224,1.715292494
18.52621205,73.98790698,1.696341814
18.52621256,73.98800171,1.715748394
18.52621307,73.98809644,1.69317609
18.52611102,73.98591813,1.732502954
18.52611153,73.98601287,1.738165573
18.52611204,73.9861076,1.72544083
18.52611255,73.98620233,1.72544083
18.52611306,73.98629706,1.744258419
18.52611357,73.98639179,1.745132072
18.52611407,73.98648653,1.725019194
18.52611458,73.98658126,1.725019194
18.52611509,73.98667599,1.725019194
18.5261156,73.98677072,1.730067954
18.5261161,73.98686545,1.698979723
18.52611661,73.98696019,1.696975476
18.52611712,73.98705492,1.69134872
18.52611763,73.98714965,1.695603168
18.52611814,73.98724438,1.740810761
18.52611864,73.98733912,1.73086131
18.52611915,73.98743385,1.727996811
18.52611966,73.98752858,1.747846969
18.52612017,73.98762331,1.724566508
18.52612067,73.98771804,1.738995173
18.52612118,73.98781278,1.738995173
18.52612169,73.98790751,1.738066464
18.52612219,73.98800224,1.717239002
18.5261227,73.98809697,1.714011795
18.52612321,73.9881917,1.682952893
18.52602117,73.9860134,1.732049857
18.52602167,73.98610813,1.738165573
18.52602218,73.98620286,1.722341862
18.52602269,73.98629759,1.733605602
18.5260232,73.98639233,1.723492096
18.52602371,73.98648706,1.705480479
18.52602421,73.98658179,1.725019194
18.52602472,73.98667652,1.725019194
18.52602523,73.98677126,1.728992405
18.52602574,73.98686599,1.718513762
18.52602625,73.98696072,1.677825564
18.52602675,73.98705545,1.695603168
18.52602726,73.98715018,1.693443185
18.52602777,73.98724492,1.67864084
18.52602828,73.98733965,1.692296852
18.52602878,73.98743438,1.711011152
18.52602929,73.98752911,1.713568146
18.5260298,73.98762384,1.713216116
18.52603031,73.98771858,1.724566508
18.52603081,73.98781331,1.737925729
18.52603132,73.98790804,1.719775531
18.52603183,73.98800277,1.744478242
18.52603233,73.9880975,1.713597334
18.52603284,73.98819224,1.692858549
18.52603335,73.98828697,1.683917477
18.52603386,73.9883817,1.672619872
18.52593131,73.98610866,1.727681488
18.52593181,73.9862034,1.720706562
18.52593232,73.98629813,1.728085415
18.52593283,73.98639286,1.703643958
18.52593334,73.98648759,1.684625501
18.52593385,73.98658232,1.705480479
18.52593435,73.98667706,1.728992405
18.52593486,73.98677179,1.749105284
18.52593537,73.98686652,1.749105284
18.52593588,73.98696125,1.703897691
18.52593639,73.98705598,1.679920029
18.52593689,73.98715072,1.676198211
18.5259374,73.98724545,1.658787912
18.52593791,73.98734018,1.666857297
18.52593842,73.98743491,1.683494942
18.52593892,73.98752964,1.6763803
18.52593943,73.98762438,1.708147429
18.52593994,73.98771911,1.707795399
18.52594045,73.98781384,1.703294876
18.52594095,73.98790857,1.703183411
18.52594146,73.9880033,1.724276054
18.52594197,73.98809804,1.708401186
18.52594247,73.98819277,1.690130779
18.52594298,73.9882875,1.688237739
18.52594349,73.98838223,1.674891938
18.525944,73.98847696,1.635877563
18.52584196,73.98629866,1.666778657
18.52584246,73.98639339,1.660822368
18.52584297,73.98648812,1.677790047
18.52584348,73.98658286,1.686019055
18.52584399,73.98667759,1.724766062
18.5258445,73.98677232,1.749105284
18.525845,73.98686705,1.749105284
18.52584551,73.98696178,1.731881183
18.52584602,73.98705652,1.67984378
18.52584653,73.98715125,1.695623728
18.52584703,73.98724598,1.684264825
18.52584754,73.98734071,1.66391711
18.52584805,73.98743544,1.651355852
18.52584856,73.98753018,1.695059884
18.52584906,73.98762491,1.688387508
18.52584957,73.98771964,1.667391024
18.52585008,73.98781437,1.666144003
18.52585059,73.9879091,1.703183411
18.52585109,73.98800384,1.667106356
18.5258516,73.98809857,1.675880778
18.52585211,73.9881933,1.713734202
18.52585261,73.98828803,1.665599475
18.52585312,73.98838276,1.664425713
18.52585363,73.9884775,1.66408349
18.52585413,73.98857223,1.664892043
18.5257521,73.98639392,1.617191195
18.5257526,73.98648866,1.666264408
18.52575311,73.98658339,1.684612179
18.52575362,73.98667812,1.718893292
18.52575413,73.98677285,1.744304776
18.52575464,73.98686758,1.735377636
18.52575514,73.98696232,1.743661594
18.52575565,73.98705705,1.726437494
18.52575616,73.98715178,1.695371183
18.52575667,73.98724651,1.700752926
18.52575717,73.98734124,1.691076039
18.52575768,73.98743598,1.704661779
18.52575819,73.98753071,1.695944476
18.5257587,73.98762544,1.671500996
18.5257592,73.98772017,1.626533923
18.52575971,73.9878149,1.655455459
18.52576022,73.98790964,1.670471323
18.52576073,73.98800437,1.695192511
18.52576123,73.9880991,1.684545582
18.52576174,73.98819383,1.678115132
18.52576225,73.98828856,1.683885874
18.52576275,73.98838329,1.685281132
18.52576326,73.98847803,1.702482965
18.52576377,73.98857276,1.653187369
18.52576427,73.98866749,1.652149856
18.52576478,73.98876222,1.690172554
18.52566274,73.98658392,1.691558825
18.52566325,73.98667865,1.730898993
18.52566376,73.98677338,1.724493526
18.52566427,73.98686812,1.693653263
18.52566478,73.98696285,1.729933947
18.52566528,73.98705758,1.743661594
18.52566579,73.98715231,1.711323865
18.5256663,73.98724704,1.702182397
18.52566681,73.98734178,1.707273534
18.52566731,73.98743651,1.681992381
18.52566782,73.98753124,1.663944335
18.52566833,73.98762597,1.611780262
18.52566884,73.9877207,1.642589697
18.52566934,73.98781543,1.615845379
18.52566985,73.98791017,1.654724455
18.52567036,73.9880049,1.668952173
18.52567087,73.98809963,1.687670391
18.52567137,73.98819436,1.667468204
18.52567188,73.98828909,1.714192188
18.52567239,73.98838383,1.719962929
18.52567289,73.98847856,1.681133258
18.5256734,73.98857329,1.681256258
18.52567391,73.98866802,1.671586179
18.52567441,73.98876275,1.646779138
18.52567492,73.98885749,1.624556882
18.52557289,73.98667918,1.700659205
18.52557339,73.98677392,1.687897305
18.5255739,73.98686865,1.717011113
18.52557441,73.98696338,1.698260407
18.52557492,73.98705811,1.70973176
18.52557542,73.98715284,1.743661594
18.52557593,73.98724758,1.730276409
18.52557644,73.98734231,1.666073716
18.52557695,73.98743704,1.66727536
18.52557745,73.98753177,1.649981206
18.52557796,73.9876265,1.616685795
18.52557847,73.98772123,1.576654088
18.52557898,73.98781597,1.63318043
18.52557948,73.9879107,1.62592511
18.52557999,73.98800543,1.68297748
18.5255805,73.98810016,1.686406127
18.52558101,73.98819489,1.703545259
18.52558151,73.98828963,1.715863479
18.52558202,73.98838436,1.69388702
18.52558253,73.98847909,1.711448838
18.52558303,73.98857382,1.676772288
18.52558354,73.98866855,1.651349337
18.52558405,73.98876329,1.604429914
18.52558455,73.98885802,1.638291692
18.52558506,73.98895275,1.625182894
18.52558557,73.98904748,1.588110556
18.52548303,73.98677445,1.688500283
18.52548353,73.98686918,1.695214743
18.52548404,73.98696391,1.684564656
18.52548455,73.98705864,1.678827936
18.52548506,73.98715338,1.72518785
18.52548556,73.98724811,1.708261229
18.52548607,73.98734284,1.6931476
18.52548658,73.98743757,1.653553528
18.52548709,73.9875323,1.650907551
18.52548759,73.98762703,1.589794926
18.5254881,73.98772177,1.605896323
18.52548861,73.9878165,1.591021439
18.52548912,73.98791123,1.657858455
18.52548962,73.98800596,1.692693716
18.52549013,73.98810069,1.693666024
18.52549064,73.98819543,1.714599215
18.52549114,73.98829016,1.70630822
18.52549165,73.98838489,1.731147924
18.52549216,73.98847962,1.671895956
18.52549267,73.98857435,1.681152483
18.52549317,73.98866908,1.616693887
18.52549368,73.98876382,1.63276271
18.52549419,73.98885855,1.618326732
18.52549469,73.98895328,1.593241271
18.5254952,73.98904801,1.614477855
18.52549571,73.98914274,1.652718119
18.52549621,73.98923748,1.709831766
18.52539317,73.98686971,1.62880481
18.52539367,73.98696444,1.659655207
18.52539418,73.98705918,1.699599547
18.52539469,73.98715391,1.692249913
18.5253952,73.98724864,1.698982591
18.5253957,73.98734337,1.686555943
18.52539621,73.9874381,1.656771592
18.52539672,73.98753284,1.646622036
18.52539723,73.98762757,1.6858064
18.52539773,73.9877223,1.630574088
18.52539824,73.98781703,1.62252942
18.52539875,73.98791176,1.64562025
18.52539926,73.98800649,1.684361198
18.52539976,73.98810123,1.721510875
18.52540027,73.98819596,1.724002332
18.52540078,73.98829069,1.728683356
18.52540128,73.98838542,1.700977345
18.52540179,73.98848015,1.690974395
18.5254023,73.98857488,1.622549328
18.52540281,73.98866962,1.635773887
18.52540331,73.98876435,1.635541897
18.52540382,73.98885908,1.620133852
18.52540433,73.98895381,1.626881374
18.52540483,73.98904854,1.647819297
18.52540534,73.98914327,1.689502181
18.52540585,73.98923801,1.751964548
18.52530381,73.98705971,1.675571826
18.52530432,73.98715444,1.703005786
18.52530483,73.98724917,1.690692968
18.52530534,73.9873439,1.672176161
18.52530585,73.98743864,1.679017251
18.52530635,73.98753337,1.707154933
18.52530686,73.9876281,1.667022579
18.52530737,73.98772283,1.673547383
18.52530787,73.98781756,1.673193597
18.52530838,73.98791229,1.683117386
18.52530889,73.98800703,1.6528707
18.5253094,73.98810176,1.708170348
18.5253099,73.98819649,1.748885544
18.52531041,73.98829122,1.696585783
18.52531092,73.98838595,1.665763588
18.52531142,73.98848068,1.64101071
18.52531193,73.98857542,1.653573167
18.52531244,73.98867015,1.630131424
18.52531294,73.98876488,1.633553328
18.52531345,73.98885961,1.61358768
18.52531396,73.98895434,1.628851687
18.52531447,73.98904907,1.675124051
18.52531497,73.98914381,1.732615472
18.52531548,73.98923854,1.781575841
18.52521446,73.9872497,1.705855318
18.52521497,73.98734444,1.654962424
18.52521548,73.98743917,1.6948312
18.52521599,73.9875339,1.694414778
18.52521649,73.98762863,1.692248399
18.525217,73.98772336,1.696938708
18.52521751,73.98781809,1.685569408
18.52521801,73.98791283,1.671829076
18.52521852,73.98800756,1.668473575
18.52521903,73.98810229,1.67755975
18.52521954,73.98819702,1.683800378
18.52522004,73.98829175,1.706167964
18.52522055,73.98838648,1.616630476
18.52522106,73.98848122,1.643053948
18.52522156,73.98857595,1.610168882
18.52522207,73.98867068,1.621217931
18.52522258,73.98876541,1.601448822
18.52522308,73.98886014,1.621661737
18.52522359,73.98895487,1.615745921
18.5252241,73.98904961,1.670187179
18.5252246,73.98914434,1.734184214
18.52522511,73.98923907,1.799052065
18.52512562,73.98753443,1.673523876
18.52512613,73.98762916,1.697950495
18.52512663,73.98772389,1.689582009
18.52512714,73.98781863,1.671732966
18.52512765,73.98791336,1.63769356
18.52512815,73.98800809,1.651306966
18.52512866,73.98810282,1.653798018
18.52512917,73.98819755,1.659848615
18.52512968,73.98829228,1.651426588
18.52513018,73.98838702,1.6641674
18.52513069,73.98848175,1.595071512
18.5251312,73.98857648,1.608676526
18.5251317,73.98867121,1.59003945
18.52513221,73.98876594,1.624285934
18.52513272,73.98886067,1.606437868
18.52513322,73.9889554,1.602924926
18.52513373,73.98905014,1.631214224
18.52513424,73.98914487,1.703594444
18.52503576,73.98762969,1.637405987
18.52503627,73.98772443,1.662081215
18.52503677,73.98781916,1.65765547
18.52503728,73.98791389,1.62310579
18.52503779,73.98800862,1.58411428
18.52503829,73.98810335,1.653798018
18.5250388,73.98819808,1.655658369
18.52503931,73.98829282,1.658208972
18.52503982,73.98838755,1.617387159
18.52504032,73.98848228,1.617417429
18.52504083,73.98857701,1.588951241
18.52504134,73.98867174,1.632975817
18.52504184,73.98876647,1.603758485
18.52504235,73.9888612,1.603143563
18.52504286,73.98895594,1.607180954
18.52504336,73.98905067,1.627900579
18.52494641,73.98781969,1.626320176
18.52494691,73.98791442,1.620781688
18.52494742,73.98800915,1.624736546
18.52494793,73.98810388,1.614843505
18.52494843,73.98819862,1.653481907
18.52494894,73.98829335,1.65063325
18.52494945,73.98838808,1.634523142
18.52494996,73.98848281,1.610922822
18.52495046,73.98857754,1.624998638
18.52495097,73.98867227,1.58977933
18.52495148,73.988767,1.627460723
18.52495198,73.98886174,1.628990554
18.52495249,73.98895647,1.634694699
18.52495705,73.98980905,1.821103282
18.52495755,73.98990378,1.800541521
18.52495806,73.98999851,1.795657188
18.52495857,73.99009325,1.75715055
18.52485655,73.98791495,1.629574955
18.52485705,73.98800968,1.600383937
18.52485756,73.98810442,1.611900056
18.52485807,73.98819915,1.6303653
18.52485857,73.98829388,1.660237568
18.52485908,73.98838861,1.61733675
18.52485959,73.98848334,1.597022995
18.52486009,73.98857807,1.580946006
18.5248606,73.9886728,1.631391825
18.52486111,73.98876754,1.644405065
18.52486162,73.98886227,1.657756025
18.52486212,73.988957,1.607395865
18.52486668,73.98980958,1.784493052
18.52486719,73.98990431,1.796105943
18.52486769,73.98999904,1.770609807
18.5248682,73.99009378,1.783082239
18.5248687,73.99018851,1.74888985
18.52476719,73.98810495,1.626815105
18.5247677,73.98819968,1.626206547
18.52476821,73.98829441,1.606670297
18.52476871,73.98838914,1.613572281
18.52476922,73.98848387,1.600901541
18.52476973,73.9885786,1.602222484
18.52477023,73.98867334,1.618330454
18.52477074,73.98876807,1.65322219
18.52477125,73.9888628,1.650194653
18.52477581,73.98971538,1.799765893
18.52477631,73.98981011,1.786938998
18.52477682,73.98990484,1.760877249
18.52477733,73.98999958,1.778320893
18.52477783,73.99009431,1.752151906
18.52477834,73.99018904,1.748046725
18.52467733,73.98820021,1.61178758
18.52467784,73.98829494,1.597896587
18.52467835,73.98838967,1.594425814
18.52467885,73.9884844,1.604430556
18.52467936,73.98857914,1.601155875
18.52467987,73.98867387,1.616672595
18.52468037,73.9887686,1.645437471
18.52468493,73.98962118,1.811926735
18.52468544,73.98971591,1.790732371
18.52468595,73.98981064,1.761611495
18.52468645,73.98990537,1.74970827
18.52468696,73.99000011,1.728780269
18.52468746,73.99009484,1.728976742
18.52468797,73.99018957,1.717582592
18.52468848,73.9902843,1.772439482
18.52458747,73.98829547,1.623008341
18.52458798,73.9883902,1.592734395
18.52458849,73.98848494,1.598354386
18.52458899,73.98857967,1.596194403
18.5245895,73.9886744,1.616053656
18.52459001,73.98876913,1.650678114
18.52459406,73.98952698,1.847814554
18.52459457,73.98962171,1.810296202
18.52459507,73.98971644,1.767701133
18.52459558,73.98981117,1.735389204
18.52459608,73.98990591,1.69235324
18.52459659,73.99000064,1.6832737
18.5245971,73.99009537,1.684517018
18.5245976,73.9901901,1.724243181
18.52459811,73.99028483,1.732291736
18.52459862,73.99037956,1.795440654
18.52449761,73.98839074,1.608881452
18.52449812,73.98848547,1.581888052
18.52449863,73.9885802,1.599290813
18.52450268,73.98933805,1.873424287
18.52450319,73.98943278,1.835677238
18.52450369,73.98952751,1.840785096
18.5245042,73.98962224,1.804257173
18.5245047,73.98971697,1.745433718
18.52450521,73.9898117,1.690919693
18.52450572,73.98990644,1.676981067
18.52450622,73.99000117,1.650357157
18.52450673,73.9900959,1.648696883
18.52450724,73.99019063,1.676117591
18.52450774,73.99028536,1.737233068
18.52450825,73.99038009,1.792644394
18.52450875,73.99047482,1.858060571
18.52441181,73.98924385,1.892204889
18.52441231,73.98933858,1.871307816
18.52441282,73.98943331,1.853727867
18.52441332,73.98952804,1.804300481
18.52441383,73.98962277,1.781851765
18.52441434,73.9897175,1.736886017
18.52441484,73.98981224,1.679196578
18.52441535,73.98990697,1.65256257
18.52441586,73.9900017,1.654226833
18.52441636,73.99009643,1.634921738
18.52441687,73.99019116,1.648172538
18.52441737,73.99028589,1.704816629
18.52441788,73.99038062,1.78328451
18.52441839,73.99047535,1.82483591
18.52441889,73.99057009,1.858268688
18.52432144,73.98924438,1.883673934
18.52432194,73.98933911,1.843827845
18.52432245,73.98943384,1.813671066
18.52432296,73.98952857,1.789675795
18.52432346,73.9896233,1.771376441
18.52432397,73.98971803,1.72031561
18.52432448,73.98981277,1.67871064
18.52432498,73.9899075,1.663110092
18.52432549,73.99000223,1.656424377
18.52432599,73.99009696,1.640539183
18.5243265,73.99019169,1.626696441
18.52432701,73.99028642,1.675957878
18.52432751,73.99038115,1.730249295
18.52432802,73.99047588,1.782591633
18.52432852,73.99057062,1.806350553
18.52423056,73.98915018,1.874947285
18.52423107,73.98924491,1.836298317
18.52423158,73.98933964,1.806891842
18.52423208,73.98943437,1.781435416
18.52423259,73.9895291,1.778083292
18.5242331,73.98962383,1.739009442
18.5242336,73.98971857,1.695700412
18.52423411,73.9898133,1.69203137
18.52423462,73.98990803,1.703484298
18.52423512,73.99000276,1.686946236
18.52423563,73.99009749,1.668922474
18.52423613,73.99019222,1.658989267
18.52423664,73.99028695,1.665319641
18.52423715,73.99038168,1.694147092
18.52423765,73.99047641,1.732255387
18.52423816,73.99057115,1.768616243
18.52423866,73.99066588,1.785080531
18.52423917,73.99076061,1.8213016
18.5241402,73.98915071,1.808454104
18.5241407,73.98924544,1.799761088
18.52414121,73.98934017,1.774663727
18.52414172,73.9894349,1.744137158
18.52414222,73.98952963,1.719168653
18.52414273,73.98962437,1.714678468
18.52414324,73.9897191,1.708616858
18.52414374,73.98981383,1.712522213
18.52414425,73.98990856,1.726803717
18.52414475,73.99000329,1.720891746
18.52414526,73.99009802,1.735391619
18.52414577,73.99019275,1.705368863
18.52414627,73.99028748,1.669329315
18.52414678,73.99038221,1.68951999
18.52414728,73.99047695,1.708668873
18.52414779,73.99057168,1.734822819
18.5241483,73.99066641,1.775824657
18.5241488,73.99076114,1.808165059
18.52414931,73.99085587,1.854944612
18.52405034,73.98924597,1.78967029
18.52405084,73.9893407,1.752647867
18.52405287,73.98971963,1.712675781
18.52405337,73.98981436,1.71702013
18.52405388,73.98990909,1.739185971
18.52405439,73.99000382,1.771171678
18.52405489,73.99009855,1.74335954
18.5240554,73.99019328,1.71751853
18.5240559,73.99028801,1.685566206
18.52405641,73.99038274,1.665089481
18.52405692,73.99047748,1.687751361
18.52405742,73.99057221,1.697996234
18.52405793,73.99066694,1.736153918
18.52405843,73.99076167,1.777348705
18.52405894,73.9908564,1.831784611
18.52395997,73.9892465,1.791212295
18.52396048,73.98934123,1.743643103
18.5239625,73.98972016,1.716681327
18.52396301,73.98981489,1.721601033
18.52396351,73.98990962,1.741142854
18.52396402,73.99000435,1.738975963
18.52396453,73.99009908,1.726692263
18.52396503,73.99019381,1.708339329
18.52396554,73.99028854,1.673830942
18.52396604,73.99038327,1.637919373
18.52396655,73.99047801,1.62449787
18.52396706,73.99057274,1.654711249
18.52396756,73.99066747,1.683883997
18.52396807,73.9907622,1.744405003
18.52396857,73.99085693,1.777796023
18.52396908,73.99095166,1.794432916
18.52387264,73.98981542,1.725687167
18.52387315,73.98991015,1.726175247
18.52387365,73.99000488,1.720648236
18.52387416,73.99009961,1.699005169
18.52387466,73.99019434,1.678604872
18.52387517,73.99028907,1.658935643
18.52387568,73.99038381,1.623922652
18.52387618,73.99047854,1.604129036
18.52387669,73.99057327,1.596921148
18.52387719,73.990668,1.65646591
18.5238777,73.99076273,1.700019352
18.52387821,73.99085746,1.729749168
18.52387871,73.99095219,1.747925027
18.52387922,73.99104692,1.80342038
18.52378177,73.98972122,1.696192236
18.52378227,73.98981595,1.725383886
18.52378278,73.98991068,1.727444195
18.52378328,73.99000541,1.689465881
18.52378379,73.99010014,1.685064387
18.5237843,73.99019487,1.660721846
18.5237848,73.9902896,1.637773675
18.52378531,73.99038434,1.619747094
18.52378581,73.99047907,1.580448331
18.52378632,73.9905738,1.610634721
18.52378683,73.99066853,1.616752213
18.52378733,73.99076326,1.654032765
18.52378784,73.99085799,1.68431215
18.52378834,73.99095272,1.736815525
18.52378885,73.99104745,1.772751194
18.52378935,73.99114218,1.814364548
18.5236914,73.98972175,1.710502611
18.52369191,73.98981648,1.722025567
18.52369241,73.98991121,1.70674671
18.52369292,73.99000594,1.682357234
18.52369342,73.99010067,1.67383236
18.52369393,73.9901954,1.676837712
18.52369444,73.99029013,1.65114898
18.52369494,73.99038487,1.618061816
18.52369545,73.9904796,1.604756556
18.52369595,73.99057433,1.597073395
18.52369646,73.99066906,1.623418593
18.52369696,73.99076379,1.660348589
18.52369747,73.99085852,1.686831029
18.52369798,73.99095325,1.705330933
18.52369848,73.99104798,1.743468099
18.52369899,73.99114271,1.77201033
18.52369949,73.99123744,1.800472505
18.52360103,73.98972228,1.714130196
18.52360154,73.98981701,1.709233361
18.52360204,73.98991174,1.701796325
18.52360255,73.99000647,1.689479948
18.52360306,73.9901012,1.687521292
18.52360356,73.99019593,1.681202183
18.52360407,73.99029067,1.676639966
18.52360457,73.9903854,1.639940838
18.52360508,73.99048013,1.631559405
18.52360559,73.99057486,1.610555205
18.52360609,73.99066959,1.656074442
18.5236066,73.99076432,1.682851063
18.5236071,73.99085905,1.67297071
18.52360761,73.99095378,1.676422277
18.52360811,73.99104851,1.715737005
18.52360862,73.99114324,1.744144569
18.52360913,73.99123797,1.720619193
18.52360963,73.9913327,1.736679899
18.52351066,73.98972281,1.70422183
18.52351117,73.98981754,1.708406584
18.52351168,73.98991227,1.698395016
18.52351218,73.990007,1.690214036
18.52351269,73.99010173,1.68530085
18.52351319,73.99019647,1.707766609
18.5235137,73.9902912,1.675696588
18.52351421,73.99038593,1.658536134
18.52351471,73.99048066,1.625824001
18.52351522,73.99057539,1.66399809
18.52351572,73.99067012,1.665239133
18.52351623,73.99076485,1.670470506
18.52351674,73.99085958,1.666785924
18.52351724,73.99095431,1.670227767
18.52351775,73.99104904,1.674654597
18.52351825,73.99114377,1.692004777
18.52351876,73.9912385,1.680776992
18.52351926,73.99133323,1.657064219
18.5234203,73.98972334,1.699411904
18.5234208,73.98981807,1.705367395
18.52342131,73.9899128,1.69918347
18.52342182,73.99000753,1.661044736
18.52342232,73.99010226,1.677950781
18.52342283,73.990197,1.676795214
18.52342333,73.99029173,1.695129071
18.52342384,73.99038646,1.641510543
18.52342435,73.99048119,1.624925628
18.52342485,73.99057592,1.617512318
18.52342536,73.99067065,1.648115279
18.52342586,73.99076538,1.640245907
18.52342637,73.99086011,1.674594317
18.52342687,73.99095484,1.659220424
18.52342738,73.99104957,1.625483342
18.52342789,73.9911443,1.625626171
18.52342839,73.99123903,1.646685757
18.5234289,73.99133376,1.641169111
18.5234294,73.9914285,1.615395658
18.52333297,73.99029226,1.631872812
18.52333347,73.99038699,1.650681903
18.52333398,73.99048172,1.600907872
18.52333448,73.99057645,1.603399474
18.52333499,73.99067118,1.612885984
18.5233355,73.99076591,1.642663894
18.523336,73.99086064,1.60783678
18.52333651,73.99095537,1.615902803
18.52333701,73.9910501,1.642919042
18.52333752,73.99114483,1.606176372
18.52333802,73.99123956,1.591084604
18.52333853,73.99133429,1.593725064
18.52333903,73.99142902,1.615118078
18.52333954,73.99152376,1.638466561
18.5232426,73.99029279,1.62713057
18.5232431,73.99038752,1.601741654
18.52324361,73.99048225,1.621793229
18.52324412,73.99057698,1.606603354
18.52324462,73.99067171,1.60393217
18.52324513,73.99076644,1.599390037
18.52324563,73.99086117,1.588972753
18.52324614,73.9909559,1.626794822
18.52324665,73.99105063,1.614169492
18.52324715,73.99114536,1.60536422
18.52324766,73.99124009,1.561198435
18.52324816,73.99133482,1.572716797
18.52324867,73.99142955,1.615376742
18.52324917,73.99152429,1.644347229
18.52324968,73.99161902,1.613217488
18.52315274,73.99038805,1.619580154
18.52315324,73.99048278,1.612136106
18.52315375,73.99057751,1.636154374
18.52315426,73.99067224,1.611829213
18.52315476,73.99076697,1.594103711
18.52315527,73.9908617,1.639094963
18.52315577,73.99095643,1.616579995
18.52315628,73.99105116,1.604892197
18.52315678,73.99114589,1.622201811
18.52315729,73.99124062,1.60917826
18.52315779,73.99133535,1.601892064
18.5231583,73.99143008,1.597590781
18.52315881,73.99152482,1.632192193
18.52315931,73.99161955,1.660625582
18.52306288,73.99048331,1.635777588
18.52306338,73.99057804,1.630735554
18.52306389,73.99067277,1.611016598
18.52306439,73.9907675,1.62839757
18.5230649,73.99086223,1.622889893
18.5230654,73.99095696,1.633665408
18.52306591,73.99105169,1.632329641
18.52306642,73.99114642,1.640223296
18.52306692,73.99124115,1.599955365
18.52306743,73.99133588,1.623302879
18.52306793,73.99143061,1.642484246
18.52306844,73.99152534,1.648472637
18.52306894,73.99162008,1.659579125
18.52306945,73.99171481,1.602206179
18.52297251,73.99048384,1.624231525
18.52297301,73.99057857,1.619508526
18.52297352,73.9906733,1.631969815
18.52297403,73.99076803,1.623963062
18.52297453,73.99086276,1.616501649
18.52297504,73.99095749,1.616544129
18.52297554,73.99105222,1.663062108
18.52297605,73.99114695,1.643683425
18.52297655,73.99124168,1.622558499
18.52297706,73.99133641,1.60940338
18.52297757,73.99143114,1.653337769
18.52297807,73.99152587,1.684298431
18.52297858,73.99162061,1.645508992
18.52297908,73.99171534,1.624943818
18.52297959,73.99181007,1.560853046
18.52288214,73.99048437,1.603628361
18.52288265,73.9905791,1.621075684
18.52288315,73.99067383,1.623334178
18.52288366,73.99076856,1.633265345
18.52288416,73.99086329,1.60836455
18.52288467,73.99095802,1.63916773
18.52288518,73.99105275,1.651356311
18.52288568,73.99114748,1.643402666
18.52288619,73.99124221,1.623033072
18.52288669,73.99133694,1.597172028
18.5228872,73.99143167,1.636256741
18.5228877,73.9915264,1.673189235
18.52288821,73.99162113,1.656596538
18.52288871,73.99171587,1.628111511
18.52288922,73.9918106,1.624911562
18.52288972,73.99190533,1.571103105
18.52279177,73.9904849,1.610954811
18.52279228,73.99057963,1.616875071
18.52279279,73.99067436,1.611686315
18.52279329,73.99076909,1.607177608
18.5227938,73.99086382,1.648517523
18.5227943,73.99095855,1.658785718
18.52279481,73.99105328,1.654433311
18.52279531,73.99114801,1.637982417
18.52279582,73.99124274,1.600364543
18.52279632,73.99133747,1.601264057
18.52279683,73.9914322,1.607719401
18.52279835,73.99171639,1.670583978
18.52279885,73.99181113,1.634944883
18.52279936,73.99190586,1.646337445
18.52279986,73.99200059,1.666586007
18.52270191,73.99058016,1.603447411
18.52270242,73.99067489,1.597224576
18.52270292,73.99076962,1.603670586
18.52270343,73.99086435,1.659969848
18.52270394,73.99095908,1.690269298
18.52270444,73.99105381,1.641920985
18.52270495,73.99114854,1.632057051
18.52270545,73.99124327,1.596477532
18.52270596,73.991338,1.61578234
18.52270798,73.99171692,1.689724323
18.52270848,73.99181165,1.696383732
18.52270899,73.99190639,1.680121578
18.52270949,73.99200112,1.694267102
18.52271,73.99209585,1.727703472
18.52261155,73.99058069,1.575889427
18.52261205,73.99067542,1.599518068
18.52261256,73.99077015,1.64305482
18.52261306,73.99086488,1.641993277
18.52261357,73.99095961,1.66373378
18.52261407,73.99105434,1.656916744
18.52261458,73.99114907,1.649195462
18.52261508,73.9912438,1.630059028
18.52261559,73.99133853,1.603393787
18.5226161,73.99143326,1.676823242
18.52261761,73.99171745,1.727408681
18.52261812,73.99181218,1.702305842
18.52261862,73.99190691,1.705880833
18.52261913,73.99200165,1.695015693
18.52261963,73.99209638,1.720550925
18.52252168,73.99067595,1.610384964
18.52252219,73.99077068,1.644970091
18.52252269,73.99086541,1.654736638
18.5225232,73.99096014,1.655455709
18.52252371,73.99105487,1.663054995
18.52252421,73.9911496,1.654918721
18.52252472,73.99124433,1.629416732
18.52252522,73.99133906,1.641775297
18.52252573,73.99143379,1.670019209
18.52252674,73.99162325,1.67609368
18.52252724,73.99171798,1.684694022
18.52252775,73.99181271,1.700598506
18.52252825,73.99190744,1.7112941
18.52252876,73.99200217,1.717281043
18.52252926,73.9920969,1.708153442
18.52252977,73.99219164,1.684478161
18.52243182,73.99077121,1.640013995
18.52243233,73.99086594,1.686085211
18.52243283,73.99096067,1.685525313
18.52243334,73.9910554,1.674861085
18.52243384,73.99115013,1.627999808
18.52243435,73.99124486,1.657589247
18.52243486,73.99133959,1.693973403
18.52243536,73.99143432,1.692369682
18.52243587,73.99152905,1.668452409
18.52243637,73.99162378,1.672464868
18.52243688,73.99171851,1.686336187
18.52243738,73.99181324,1.715107853
18.52243789,73.99190797,1.701449573
18.52243839,73.9920027,1.704131058
18.5224389,73.99209743,1.71453596
18.5224394,73.99219216,1.716993399
18.52243991,73.99228689,1.69748233
18.52234247,73.9909612,1.678984731
18.52234297,73.99105593,1.674828396
18.52234348,73.99115066,1.677302991
18.52234398,73.99124539,1.660607829
18.52234449,73.99134012,1.727008623
18.52234499,73.99143485,1.701925252
18.5223455,73.99152958,1.682776569
18.522346,73.99162431,1.686336187
18.52234651,73.99171904,1.717593138
18.52234701,73.99181377,1.733994528
18.52234752,73.9919085,1.731509242
18.52234802,73.99200323,1.706213028
18.52234853,73.99209796,1.692508963
18.52234903,73.99219269,1.711838378
18.52234954,73.99228742,1.703230047
18.52225311,73.99115119,1.687555706
18.52225362,73.99124592,1.682990509
18.52225412,73.99134065,1.67249039
18.52225463,73.99143538,1.746787353
18.52225513,73.99153011,1.737545069
18.52225564,73.99162484,1.717593138
18.52225614,73.99171957,1.733994528
18.52225665,73.9918143,1.746244866
18.52225715,73.99190903,1.76262844
18.52225766,73.99200376,1.730621793
18.52225816,73.99209849,1.667336629
18.52225867,73.99219322,1.697916607
18.52225917,73.99228795,1.710063784
18.52225968,73.99238268,1.731526646
18.52216325,73.99124645,1.643433991
18.52216375,73.99134118,1.684573754
18.52216426,73.99143591,1.719546781
18.52216476,73.99153064,1.757261401
18.52216527,73.99162537,1.739110666
18.52216577,73.9917201,1.746244866
18.52216628,73.99181483,1.76262844
18.52216678,73.99190956,1.742426252
18.52216729,73.99200429,1.722224064
18.5221678,73.99209902,1.70267154
18.5221683,73.99219375,1.662909376
18.52216881,73.99228848,1.70071432
18.52216931,73.99238321,1.715126508
18.52207288,73.99124698,1.652256157
18.52207339,73.99134171,1.675689354
18.52207389,73.99143644,1.716512905
18.5220744,73.99153117,1.707904019
18.5220749,73.9916259,1.726103652
18.52207541,73.99172063,1.751361004
18.52207591,73.99181536,1.76262844
18.52207642,73.99191009,1.742426252
18.52207692,73.99200482,1.722224064
18.52207743,73.99209955,1.702021877
18.52207793,73.99219428,1.656847413
18.52207844,73.99228901,1.679213458
18.52207894,73.99238374,1.730327476
18.52198201,73.99115278,1.641826573
18.52198251,73.99124751,1.632219811
18.52198302,73.99134224,1.68425295
18.52198352,73.99143697,1.687701832
18.52198403,73.9915317,1.7079547
18.52198453,73.99162643,1.7079547
18.52198504,73.99172116,1.726103652
18.52198554,73.99181589,1.751361004
18.52198605,73.99191062,1.76262844
18.52198656,73.99200535,1.742426252
18.52198706,73.99210008,1.704326336
18.52198757,73.99219481,1.684124148
18.52198807,73.99228954,1.66193187
18.52198858,73.99238427,1.674437261
18.52189265,73.99134277,1.667903721
18.52189316,73.9914375,1.71133008
18.52189366,73.99153223,1.7079547
18.52189417,73.99162696,1.711794584
18.52189467,73.99172169,1.717161622
18.52189518,73.99181642,1.742738126
18.52189568,73.99191115,1.76262844
18.52189619,73.99200588,1.724869656
18.52189669,73.99210061,1.704326336
18.5218972,73.99219534,1.705352224
18.5218977,73.99229007,1.658243427
18.52189821,73.9923848,1.636644702
18.52180279,73.99143803,1.739034802
18.52180329,73.99153276,1.719764817
18.5218038,73.99162749,1.717161622
18.5218043,73.99172222,1.742738126
18.52180481,73.99181695,1.76262844
18.52180532,73.99191168,1.722565197
18.52180582,73.99200641,1.725169674
18.52180633,73.99210114,1.705693357
18.52180683,73.99219587,1.686475231
18.52180734,73.9922906,1.673442083
18.52180784,73.99238533,1.678378243
18.52180835,73.99248006,1.667753622
18.52171242,73.99143856,1.76262844
18.52171293,73.99153329,1.747126949
18.52171343,73.99162802,1.742738126
18.52171394,73.99172275,1.76262844
18.52171444,73.99181748,1.722565197
18.52171495,73.99191221,1.704967486
18.52171545,73.99200694,1.687273375
18.52171596,73.99210167,1.704967486
18.52171646,73.9921964,1.705693357
18.52171697,73.99229113,1.70437296
18.52171747,73.99238586,1.707284796
18.52171798,73.99248059,1.699466341
18.52162205,73.99143909,1.76262844
18.52162256,73.99153382,1.76262844
18.52162306,73.99162855,1.76262844
18.52162357,73.99172328,1.742426252
18.52162408,73.99181801,1.724828541
18.52162458,73.99191274,1.687273375
18.52162509,73.99200747,1.667071187
18.52162559,73.9921022,1.667071187
18.5216261,73.99219693,1.724828541
18.5216266,73.99229166,1.74345214
18.52162711,73.99238639,1.731933981
18.52162761,73.99248112,1.716016916
18.52162812,73.99257585,1.702162644
18.52153169,73.99143962,1.76262844
18.52153219,73.99153435,1.76262844
18.5215327,73.99162908,1.76262844
18.5215332,73.99172381,1.76262844
18.52153371,73.99181854,1.724732141
18.52153421,73.99191327,1.686932242
18.52153472,73.992008,1.667071187
18.52153522,73.99210273,1.70713443
18.52153573,73.99219746,1.724732141
18.52153623,73.99229219,1.742426252
18.52153674,73.99238692,1.748038534
18.52153724,73.99248165,1.707242292
18.52153775,73.99257638,1.709720869
18.52144132,73.99144015,1.76262844
18.52144182,73.99153488,1.76262844
18.52144233,73.99162961,1.76262844
18.52144284,73.99172434,1.76262844
18.52144334,73.99181907,1.76262844
18.52144385,73.9919138,1.706039185
18.52144435,73.99200853,1.702318037
18.52144486,73.99210326,1.724732141
18.52144536,73.99219799,1.742426252
18.52144587,73.99229272,1.76262844
18.52144637,73.99238745,1.737910137
18.52144688,73.99248218,1.720044547
18.52144738,73.99257691,1.688780243
18.52135095,73.99144068,1.76262844
18.52135146,73.99153541,1.76262844
18.52135196,73.99163014,1.76262844
18.52135247,73.99172487,1.76262844
18.52135297,73.9918196,1.743935484
18.52135348,73.99191433,1.739119091
18.52135398,73.99200906,1.710548026
18.52135449,73.99210379,1.734790019
18.52135499,73.99219852,1.762573863
18.5213555,73.99229325,1.724688788
18.521356,73.99238798,1.744061271
18.52135651,73.99248271,1.735850278
18.52135701,73.99257744,1.711014183
18.52126058,73.99144121,1.76262844
18.52126109,73.99153594,1.76262844
18.5212616,73.99163067,1.76262844
18.5212621,73.9917254,1.743935484
18.52126261,73.99182013,1.739119091
18.52126311,73.99191486,1.728242137
18.52126362,73.99200959,1.725422296
18.52126412,73.99210432,1.706474682
18.52126463,73.99219905,1.724487216
18.52126513,73.99229378,1.730922338
18.52126564,73.99238851,1.724688788
18.52126614,73.99248324,1.743666205
18.52126665,73.99257796,1.728619629
18.52126715,73.99267269,1.733643494
18.52117072,73.99153647,1.738643192
18.52117123,73.9916312,1.76262844
18.52117173,73.99172593,1.76262844
18.52117224,73.99182066,1.73305853
18.52117274,73.99191539,1.725422296
18.52117325,73.99201012,1.706474682
18.52117375,73.99210485,1.694717225
18.52117426,73.99219958,1.687254576
18.52117476,73.99229431,1.717024567
18.52117527,73.99238903,1.730922338
18.52117577,73.99248376,1.72102547
18.52117628,73.99257849,1.745720555
18.52117678,73.99267322,1.704438057
18.52108036,73.991537,1.735978164
18.52108086,73.99163173,1.742640733
18.52108137,73.99172646,1.76262844
18.52108187,73.99182119,1.76262844
18.52108238,73.99191592,1.714165492
18.52108288,73.99201065,1.714144284
18.52108339,73.99210538,1.706627058
18.52108389,73.99220011,1.698131529
18.5210844,73.99229483,1.70095137
18.5210849,73.99238956,1.719898984
18.52108541,73.99248429,1.738800502
18.52108591,73.99257902,1.720775057
18.52108642,73.99267375,1.704438057
18.52098999,73.99153753,1.735978164
18.52099049,73.99163226,1.742640733
18.520991,73.99172699,1.744178249
18.5209915,73.99182172,1.76262844
18.52099201,73.99191645,1.76262844
18.52099251,73.99201118,1.730377616
18.52099302,73.99210591,1.727105063
18.52099352,73.99220063,1.716798471
18.52099403,73.99229536,1.716338196
18.52099453,73.99239009,1.749326145
18.52099504,73.99248482,1.738753127
18.52099554,73.99257955,1.716765764
18.52099605,73.99267428,1.685897239
18.52089962,73.99153806,1.73264688
18.52090013,73.99163279,1.740823669
18.52090063,73.99172752,1.76262844
18.52090114,73.99182225,1.76262844
18.52090164,73.99191698,1.76262844
18.52090215,73.99201171,1.76262844
18.52090265,73.99210643,1.735338497
18.54615752,73.94998599,1.690304426
18.54615805,73.95008074,1.67297317
18.54615857,73.95017548,1.735191164
18.5461591,73.95027022,1.756254632
18.54615963,73.95036496,1.811326631
18.5460661,73.94979706,1.724250891
18.54606663,73.94989181,1.703598297
18.54606715,73.94998655,1.664056297
18.54606768,73.95008129,1.670660919
18.54606821,73.95017603,1.689963778
18.54606873,73.95027077,1.747588127
18.54606926,73.95036552,1.76396954
18.54606979,73.95046026,1.770009058
18.54597468,73.94960813,1.746375003
18.54597521,73.94970287,1.753249181
18.54597573,73.94979762,1.754882166
18.54597626,73.94989236,1.719362441
18.54597679,73.9499871,1.702488407
18.54597731,73.95008184,1.685775782
18.54597784,73.95017658,1.701764062
18.54597837,73.95027133,1.727942528
18.54597889,73.95036607,1.767170358
18.54597942,73.95046081,1.764694006
18.54597995,73.95055555,1.746777676
18.54598047,73.95065029,1.730223686
18.545981,73.95074504,1.735467762
18.54598153,73.95083978,1.753306582
18.54598205,73.95093452,1.778102042
18.54598258,73.95102926,1.831006672
18.5459831,73.951124,1.8363398
18.54598363,73.95121874,1.829136031
18.54586954,73.94695591,1.76262844
18.54587007,73.94705065,1.76262844
18.5458706,73.9471454,1.76262844
18.54587112,73.94724014,1.741353462
18.54587165,73.94733488,1.735206629
18.54587957,73.94875601,1.771915734
18.5458801,73.94885075,1.782235511
18.54588062,73.94894549,1.814647187
18.54588115,73.94904023,1.855742869
18.54588379,73.94951394,1.74120891
18.54588431,73.94960868,1.745663144
18.54588484,73.94970343,1.741211424
18.54588537,73.94979817,1.756135107
18.54588589,73.94989291,1.7560739
18.54588642,73.94998765,1.729245135
18.54588695,73.95008239,1.723153241
18.54588747,73.95017714,1.723452148
18.545888,73.95027188,1.755855335
18.54588853,73.95036662,1.757498946
18.54588905,73.95046136,1.769505721
18.54588958,73.9505561,1.76262844
18.54589011,73.95065085,1.732418177
18.54589063,73.95074559,1.735398903
18.54589116,73.95084033,1.760777891
18.54589169,73.95093507,1.799231596
18.54589221,73.95102981,1.820002977
18.54589274,73.95112455,1.824782571
18.54589327,73.9512193,1.822552846
18.54577442,73.94610379,1.76262844
18.54577864,73.94686173,1.76262844
18.54577917,73.94695647,1.76262844
18.5457797,73.94705121,1.76262844
18.54578023,73.94714595,1.748445121
18.54578076,73.94724069,1.717798979
18.54578129,73.94733543,1.743663727
18.54578181,73.94743018,1.749724845
18.54578234,73.94752492,1.740786513
18.54578287,73.94761966,1.757643331
18.5457834,73.9477144,1.75701875
18.54578393,73.94780914,1.73104436
18.54578445,73.94790388,1.72914805
18.54578868,73.94866182,1.735133665
18.5457892,73.94875656,1.749041052
18.54578973,73.9488513,1.768865851
18.54579026,73.94894604,1.792402992
18.54579078,73.94904079,1.841022769
18.54579131,73.94913553,1.898791698
18.54579184,73.94923027,1.888439185
18.54579237,73.94932501,1.822065777
18.54579289,73.94941975,1.757310085
18.54579342,73.94951449,1.756253349
18.54579395,73.94960924,1.752899568
18.54579447,73.94970398,1.726261219
18.545795,73.94979872,1.726293786
18.54579553,73.94989346,1.744597751
18.54579605,73.9499882,1.76262844
18.54579658,73.95008295,1.743355429
18.54579711,73.95017769,1.76262844
18.54579764,73.95027243,1.76262844
18.54579816,73.95036717,1.76262844
18.54579869,73.95046191,1.76262844
18.54579921,73.95055666,1.76262844
18.54579974,73.9506514,1.76262844
18.54580027,73.95074614,1.739862632
18.54580079,73.95084088,1.767384588
18.54580132,73.95093562,1.779291518
18.54580185,73.95103036,1.816076469
18.54580237,73.95112511,1.823096914
18.5458029,73.95121985,1.818456556
18.54568246,73.94582012,1.76262844
18.54568299,73.94591486,1.76262844
18.54568352,73.9460096,1.76262844
18.54568405,73.94610435,1.74687096
18.54568458,73.94619909,1.764284888
18.54568775,73.94676754,1.76262844
18.54568828,73.94686228,1.76262844
18.54568881,73.94695702,1.76262844
18.54568934,73.94705176,1.749536146
18.54568986,73.9471465,1.727917871
18.54569039,73.94724125,1.737324834
18.54569092,73.94733599,1.713918043
18.54569145,73.94743073,1.721070067
18.54569198,73.94752547,1.729989741
18.5456925,73.94762021,1.753473339
18.54569303,73.94771495,1.749267167
18.54569356,73.9478097,1.744366409
18.54569409,73.94790444,1.74030818
18.54569778,73.94856763,1.71302078
18.54569831,73.94866237,1.691995714
18.54569884,73.94875711,1.712869269
18.54569936,73.94885186,1.756608682
18.54569989,73.9489466,1.79510648
18.54570042,73.94904134,1.820613718
18.54570095,73.94913608,1.843737349
18.54570147,73.94923082,1.834775422
18.545702,73.94932556,1.805384485
18.54570253,73.94942031,1.792137751
18.54570305,73.94951505,1.758539309
18.54570358,73.94960979,1.734281772
18.54570411,73.94970453,1.7176994
18.54570464,73.94979927,1.706910613
18.54570516,73.94989401,1.730001614
18.54570569,73.94998876,1.751091084
18.54570622,73.9500835,1.76262844
18.54570674,73.95017824,1.76262844
18.54570727,73.95027298,1.76262844
18.5457078,73.95036772,1.76262844
18.54570832,73.95046247,1.76262844
18.54570885,73.95055721,1.76262844
18.54570938,73.95065195,1.76262844
18.5457099,73.95074669,1.763918159
18.54571043,73.95084143,1.749747892
18.54571095,73.95093617,1.778223787
18.54571148,73.95103092,1.779709859
18.54571201,73.95112566,1.818391318
18.54571253,73.9512204,1.820440191
18.54558998,73.94544171,1.76262844
18.54559051,73.94553645,1.76262844
18.54559104,73.94563119,1.76262844
18.54559157,73.94572593,1.76262844
18.5455921,73.94582068,1.76262844
18.54559263,73.94591542,1.76262844
18.54559316,73.94601016,1.75081033
18.54559368,73.9461049,1.741658872
18.54559421,73.94619964,1.753227228
18.54559738,73.94676809,1.751650013
18.54559791,73.94686283,1.76262844
18.54559844,73.94695757,1.76262844
18.54559897,73.94705232,1.749105284
18.5455995,73.94714706,1.73688787
18.54560003,73.9472418,1.707257178
18.54560055,73.94733654,1.695587073
18.54560108,73.94743128,1.706808149
18.54560161,73.94752602,1.75212475
18.54560214,73.94762077,1.73633006
18.54560267,73.94771551,1.742426252
18.54560319,73.94781025,1.749479572
18.54560372,73.94790499,1.74030818
18.54560425,73.94799973,1.728441383
18.54560742,73.94856818,1.722472233
18.54560794,73.94866292,1.720657766
18.54560847,73.94875767,1.724684474
18.545609,73.94885241,1.722306282
18.54560953,73.94894715,1.746680419
18.54561005,73.94904189,1.792274113
18.54561058,73.94913663,1.820135447
18.54561111,73.94923137,1.810442564
18.54561163,73.94932612,1.792102245
18.54561216,73.94942086,1.769620572
18.54561269,73.9495156,1.754051325
18.54561322,73.94961034,1.740195658
18.54561374,73.94970508,1.73518866
18.54561427,73.94979983,1.723484113
18.5456148,73.94989457,1.715733359
18.54561532,73.94998931,1.734525983
18.54561585,73.95008405,1.751091084
18.54561638,73.95017879,1.76262844
18.5456169,73.95027353,1.76262844
18.54561743,73.95036828,1.76262844
18.54561796,73.95046302,1.76262844
18.54561848,73.95055776,1.76262844
18.54561901,73.9506525,1.76262844
18.54561954,73.95074724,1.746424572
18.54562006,73.95084198,1.752048767
18.54562059,73.95093673,1.758084608
18.54562111,73.95103147,1.77384477
18.54562164,73.95112621,1.783140198
18.54562217,73.95122095,1.828451042
18.54549909,73.94534752,1.76262844
18.54549962,73.94544226,1.76262844
18.54550015,73.945537,1.76262844
18.54550067,73.94563175,1.76262844
18.5455012,73.94572649,1.76262844
18.54550173,73.94582123,1.76262844
18.54550226,73.94591597,1.740621942
18.54550279,73.94601071,1.727149996
18.54550332,73.94610545,1.746243246
18.54550385,73.9462002,1.73805065
18.54550649,73.9466739,1.734802552
18.54550702,73.94676865,1.734332855
18.54550755,73.94686339,1.743059463
18.54550808,73.94695813,1.76262844
18.5455086,73.94705287,1.742426252
18.54550913,73.94714761,1.720036619
18.54550966,73.94724235,1.722263874
18.54551019,73.94733709,1.703940696
18.54551072,73.94743184,1.735096896
18.54551124,73.94752658,1.743949284
18.54551177,73.94762132,1.747675923
18.5455123,73.94771606,1.756477306
18.54551283,73.9478108,1.76262844
18.54551336,73.94790554,1.741261529
18.54551652,73.94847399,1.725110091
18.54551705,73.94856874,1.716957022
18.54551758,73.94866348,1.734827989
18.5455181,73.94875822,1.741115614
18.54551863,73.94885296,1.738852396
18.54551916,73.9489477,1.753565174
18.54551969,73.94904244,1.771372211
18.54552021,73.94913719,1.787623028
18.54552074,73.94923193,1.787909281
18.54552127,73.94932667,1.766097249
18.5455218,73.94942141,1.757723838
18.54552232,73.94951615,1.786634647
18.54552285,73.94961089,1.774308819
18.54552338,73.94970564,1.735021468
18.5455239,73.94980038,1.715733359
18.54552443,73.94989512,1.734525983
18.54552496,73.94998986,1.751091084
18.54552548,73.9500846,1.76262844
18.54552601,73.95017934,1.76262844
18.54552654,73.95027409,1.76262844
18.54552706,73.95036883,1.76262844
18.54552759,73.95046357,1.76262844
18.54552812,73.95055831,1.76262844
18.54552864,73.95065305,1.76262844
18.54552917,73.95074779,1.76262844
18.5455297,73.95084254,1.737770522
18.54553022,73.95093728,1.750456292
18.54553075,73.95103202,1.765597875
18.54553127,73.95112676,1.778368496
18.5455318,73.9512215,1.798960326
18.54540819,73.94525334,1.76262844
18.54540872,73.94534808,1.76262844
18.54540925,73.94544282,1.76262844
18.54540978,73.94553756,1.76262844
18.54541031,73.9456323,1.76262844
18.54541084,73.94572704,1.76262844
18.54541137,73.94582178,1.751530966
18.5454119,73.94591653,1.726069613
18.54541242,73.94601127,1.719392319
18.54541295,73.94610601,1.725700505
18.54541348,73.94620075,1.734539537
18.54541507,73.94648497,1.752393282
18.5454156,73.94657972,1.744826574
18.54541612,73.94667446,1.723258532
18.54541665,73.9467692,1.714377927
18.54541718,73.94686394,1.726999714
18.54541771,73.94695868,1.710090282
18.54541824,73.94705342,1.711042607
18.54541877,73.94714817,1.727981584
18.54541929,73.94724291,1.687474585
18.54541982,73.94733765,1.735156582
18.54542035,73.94743239,1.746502217
18.54542088,73.94752713,1.775865222
18.54542141,73.94762187,1.781685657
18.54542193,73.94771661,1.761456539
18.54542246,73.94781136,1.752632848
18.54542616,73.94847455,1.69697133
18.54542668,73.94856929,1.736365596
18.54542721,73.94866403,1.704430286
18.54542774,73.94875877,1.750598096
18.54542827,73.94885351,1.76262844
18.54542879,73.94894826,1.758528238
18.54542932,73.949043,1.786796445
18.54542985,73.94913774,1.796356911
18.54543038,73.94923248,1.797776236
18.5454309,73.94932722,1.787327081
18.54543143,73.94942196,1.78030559
18.54543196,73.94951671,1.79034687
18.54543248,73.94961145,1.785471615
18.54543301,73.94970619,1.738676252
18.54543354,73.94980093,1.730193326
18.54543406,73.94989567,1.751091084
18.54543459,73.94999041,1.76262844
18.54543512,73.95008515,1.76262844
18.54543564,73.9501799,1.76262844
18.54543617,73.95027464,1.76262844
18.5454367,73.95036938,1.76262844
18.54543722,73.95046412,1.76262844
18.54543775,73.95055886,1.745777574
18.54543828,73.9506536,1.76262844
18.5454388,73.95074835,1.76262844
18.54543933,73.95084309,1.76262844
18.54543986,73.95093783,1.738968064
18.54544038,73.95103257,1.756567651
18.54544091,73.95112731,1.762076561
18.54531783,73.94525389,1.76262844
18.54531836,73.94534863,1.76262844
18.54531888,73.94544337,1.76262844
18.54531941,73.94553811,1.76262844
18.54531994,73.94563286,1.76262844
18.54532047,73.9457276,1.751530966
18.545321,73.94582234,1.735409046
18.54532153,73.94591708,1.735409046
18.54532206,73.94601182,1.723023045
18.54532259,73.94610656,1.691773816
18.5453247,73.94648553,1.756545583
18.54532523,73.94658027,1.729202125
18.54532576,73.94667501,1.70375392
18.54532629,73.94676975,1.712807184
18.54532682,73.94686449,1.685262947
18.54532734,73.94695924,1.664118159
18.54532787,73.94705398,1.679946974
18.5453284,73.94714872,1.671468251
18.54532893,73.94724346,1.688871598
18.54532946,73.9473382,1.712484719
18.54532998,73.94743294,1.784767692
18.54533051,73.94752769,1.777493809
18.54533104,73.94762243,1.800311755
18.54533157,73.94771717,1.793596418
18.54533474,73.94828562,1.69697133
18.54533526,73.94838036,1.675085626
18.54533579,73.9484751,1.704266564
18.54533685,73.94866458,1.738462072
18.54533737,73.94875933,1.7424898
18.5453379,73.94885407,1.758528238
18.54533843,73.94894881,1.800955594
18.54533895,73.94904355,1.826236435
18.54533948,73.94913829,1.850015313
18.54534001,73.94923303,1.845211977
18.54534054,73.94932777,1.847038224
18.54534106,73.94942252,1.836890525
18.54534159,73.94951726,1.818601733
18.54534212,73.949612,1.787559608
18.54534264,73.94970674,1.754277459
18.54534317,73.94980148,1.74041969
18.5453437,73.94989622,1.736646797
18.54534422,73.94999097,1.758707758
18.54534475,73.95008571,1.764844423
18.54534528,73.95018045,1.763694867
18.54534581,73.95027519,1.76262844
18.54534633,73.95036993,1.76262844
18.54534686,73.95046467,1.744373335
18.54534738,73.95055942,1.734590808
18.54534791,73.95065416,1.745777574
18.54534844,73.9507489,1.76262844
18.54534896,73.95084364,1.76262844
18.54534949,73.95093838,1.753094323
18.54535002,73.95103312,1.74422193
18.54535054,73.95112786,1.760556564
18.54522746,73.94525444,1.76262844
18.54522799,73.94534919,1.76262844
18.54522852,73.94544393,1.76262844
18.54522905,73.94553867,1.76262844
18.54522958,73.94563341,1.76262844
18.54523011,73.94572815,1.76262844
18.54523063,73.94582289,1.751530966
18.54523116,73.94591763,1.735409046
18.54523169,73.94601238,1.715499099
18.54523222,73.94610712,1.702944159
18.54523434,73.94648608,1.759820565
18.54523486,73.94658082,1.732671946
18.54523539,73.94667557,1.724466399
18.54523592,73.94677031,1.679851214
18.54523645,73.94686505,1.66636223
18.54523698,73.94695979,1.667498203
18.54523751,73.94705453,1.646749525
18.54523803,73.94714927,1.631806054
18.54523856,73.94724401,1.643872179
18.54524015,73.94752824,1.838761421
18.54524067,73.94762298,1.815035579
18.5452449,73.94838091,1.710102752
18.54524542,73.94847565,1.634808347
18.54524648,73.94866514,1.73242048
18.54524701,73.94875988,1.73313181
18.54524753,73.94885462,1.774859285
18.54524806,73.94894936,1.834559852
18.54524859,73.9490441,1.880109667
18.54524912,73.94913884,1.912192404
18.54524964,73.94923359,1.936529525
18.54525017,73.94932833,1.916394085
18.5452507,73.94942307,1.898775017
18.54525122,73.94951781,1.866353017
18.54525175,73.94961255,1.822039467
18.54525228,73.94970729,1.787249568
18.54525281,73.94980203,1.756436957
18.54525333,73.94989678,1.741091007
18.54525386,73.94999152,1.74562733
18.54525439,73.95008626,1.777663767
18.54525491,73.950181,1.785965347
18.54525544,73.95027574,1.764014795
18.54525597,73.95037048,1.7382883
18.54525649,73.95046523,1.726179519
18.54525702,73.95055997,1.722758689
18.54525755,73.95065471,1.734590808
18.54525807,73.95074945,1.745777574
18.5452586,73.95084419,1.76262844
18.54525912,73.95093893,1.76262844
18.54525965,73.95103367,1.751360847
18.54526018,73.95112842,1.747146229
18.54513709,73.945255,1.76262844
18.54513762,73.94534974,1.76262844
18.54513815,73.94544448,1.76262844
18.54513868,73.94553922,1.76262844
18.54513921,73.94563396,1.76262844
18.54513974,73.94572871,1.76262844
18.54514027,73.94582345,1.76262844
18.5451408,73.94591819,1.731897408
18.54514133,73.94601293,1.736373968
18.54514186,73.94610767,1.732385587
18.54515664,73.94876043,1.762015281
18.54515717,73.94885517,1.815308502
18.5451577,73.94894991,1.858536989
18.54515822,73.94904466,1.917011032
18.54515875,73.9491394,1.976300307
18.54515928,73.94923414,1.963794596
18.5451598,73.94932888,1.949942821
18.54516033,73.94942362,1.934980289
18.54516086,73.94951836,1.922710903
18.54516139,73.9496131,1.874461661
18.54516191,73.94970785,1.813762428
18.54516244,73.94980259,1.78293222
18.54516297,73.94989733,1.786156508
18.54516349,73.94999207,1.802964258
18.54516402,73.95008681,1.811547589
18.54516455,73.95018155,1.822147482
18.54516665,73.95056052,1.709468773
18.54516718,73.95065526,1.711514822
18.54516771,73.95075,1.742822267
18.54516823,73.95084474,1.76262844
18.54516876,73.95093949,1.76262844
18.54516928,73.95103423,1.76262844
18.54504726,73.9453503,1.76262844
18.54504779,73.94544504,1.76262844
18.54504832,73.94553978,1.76262844
18.54504885,73.94563452,1.76262844
18.54504937,73.94572926,1.76262844
18.5450499,73.945824,1.742113854
18.54505043,73.94591874,1.769959948
18.54505096,73.94601348,1.738830992
18.54506838,73.94913995,1.9709769
18.54506891,73.94923469,1.956852963
18.54506944,73.94932943,1.951833539
18.54506997,73.94942417,1.950784227
18.54507049,73.94951892,1.935633794
18.54507102,73.94961366,1.918507715
18.54507155,73.9497084,1.890200352
18.54507207,73.94980314,1.85280839
18.5450726,73.94989788,1.857607504
18.54507313,73.94999262,1.867054615
18.54507365,73.95008736,1.869831138
18.54507418,73.95018211,1.872394584
18.54507629,73.95056107,1.675005095
18.54507681,73.95065581,1.711992995
18.54507734,73.95075055,1.731822043
18.54507787,73.9508453,1.753290749
18.54507839,73.95094004,1.76262844
18.54507892,73.95103478,1.76262844
18.54495689,73.94535085,1.76262844
18.54495742,73.94544559,1.76262844
18.54495795,73.94554033,1.76262844
18.54495848,73.94563507,1.76262844
18.54495901,73.94572982,1.745839581
18.54495954,73.94582456,1.760923542
18.54496007,73.9459193,1.750684968
18.54496059,73.94601404,1.759222706
18.54497855,73.94923524,1.937890441
18.54497907,73.94932998,1.937048159
18.5449796,73.94942473,1.932416071
18.54498013,73.94951947,1.934847049
18.54498065,73.94961421,1.911390111
18.54498118,73.94970895,1.903990985
18.54498171,73.94980369,1.896730019
18.54498223,73.94989843,1.871032657
18.54498276,73.94999317,1.873717302
18.54498329,73.95008792,1.871685087
18.54498381,73.95018266,1.891956457
18.54498645,73.95065636,1.712568046
18.54498697,73.95075111,1.730791177
18.5449875,73.95084585,1.730791177
18.54498803,73.95094059,1.74662097
18.54486811,73.94563563,1.740067008
18.54486864,73.94573037,1.750282535
18.54486917,73.94582511,1.741899425
18.5448697,73.94591985,1.753075098
18.54487023,73.94601459,1.742153917
18.54488871,73.94933054,1.910550541
18.54488923,73.94942528,1.921246844
18.54488976,73.94952002,1.913149528
18.54489029,73.94961476,1.895587603
18.54489081,73.9497095,1.859995438
18.54489134,73.94980424,1.844108609
18.54489187,73.94989899,1.835042988
18.54489239,73.94999373,1.821220905
18.54489292,73.95008847,1.84321668
18.54489345,73.95018321,1.854457742
18.54489661,73.95075166,1.705321367
18.54445239,73.88888682,1.860698492
18.54445294,73.88898156,1.864758902
18.5444535,73.8890763,1.856049787
18.54445406,73.88917104,1.810756237
18.54445462,73.88926578,1.778376174
18.54445517,73.88936051,1.766390316
18.54446297,73.89068686,1.774028907
18.54446352,73.8907816,1.792869798
18.54477881,73.94582567,1.751085288
18.54477933,73.94592041,1.724625246
18.54479992,73.94961531,1.80782973
18.54480045,73.94971006,1.781624809
18.54480098,73.9498048,1.762073569
18.5448015,73.94989954,1.746501741
18.54480203,73.94999428,1.738928976
18.54480256,73.95008902,1.741164307
18.54434584,73.88613997,1.793069169
18.5443464,73.88623471,1.787417549
18.54434695,73.88632945,1.807232802
18.54434751,73.88642419,1.820719651
18.54434807,73.88651893,1.81473548
18.54434863,73.88661366,1.803169245
18.54434919,73.8867084,1.777189414
18.54434975,73.88680314,1.759317208
18.54435031,73.88689788,1.738696304
18.54435086,73.88699262,1.697339815
18.54435142,73.88708736,1.724564388
18.54435198,73.8871821,1.709923032
18.54435254,73.88727684,1.698751235
18.5443531,73.88737158,1.709949943
18.54435366,73.88746632,1.692331083
18.54435421,73.88756106,1.707083932
18.54435477,73.88765579,1.701009058
18.54435533,73.88775053,1.737316265
18.54435589,73.88784527,1.757589847
18.54435645,73.88794001,1.777996126
18.544357,73.88803475,1.743023983
18.54435756,73.88812949,1.747047672
18.54435812,73.88822423,1.735740081
18.54435868,73.88831897,1.713327283
18.54435923,73.88841371,1.73467458
18.54435979,73.88850845,1.737372089
18.54436035,73.88860319,1.738313836
18.54436091,73.88869792,1.750366406
18.54436146,73.88879266,1.807800096
18.54436202,73.8888874,1.811991996
18.54436258,73.88898214,1.803050433
18.54436314,73.88907688,1.770688692
18.54436369,73.88917162,1.734957268
18.54436425,73.88926636,1.725488054
18.54436481,73.8893611,1.736759987
18.54436537,73.88945584,1.734888247
18.54437205,73.89059271,1.686649303
18.5443726,73.89068745,1.708676683
18.54437316,73.89078219,1.750431927
18.54437372,73.89087693,1.773989092
18.54437427,73.89097166,1.785247663
18.54437483,73.8910664,1.778818208
18.54437539,73.89116114,1.770506161
18.54437594,73.89125588,1.7489427
18.544251,73.88538264,1.771957717
18.54425436,73.88595108,1.749525874
18.54425491,73.88604582,1.756799204
18.54425547,73.88614056,1.759247832
18.54425603,73.88623529,1.770684803
18.54425659,73.88633003,1.76442634
18.54425715,73.88642477,1.752849854
18.54425771,73.88651951,1.762182258
18.54425827,73.88661425,1.763815607
18.54425882,73.88670899,1.741948844
18.54425938,73.88680373,1.711391142
18.54425994,73.88689847,1.674569581
18.5442605,73.88699321,1.669646273
18.54426106,73.88708795,1.6667323
18.54426162,73.88718268,1.688824853
18.54426217,73.88727742,1.693083838
18.54426273,73.88737216,1.67381255
18.54426329,73.8874669,1.673282771
18.54426385,73.88756164,1.681792214
18.54426441,73.88765638,1.716281732
18.54426497,73.88775112,1.704802803
18.54426552,73.88784586,1.701898101
18.54426608,73.8879406,1.721338434
18.54426664,73.88803534,1.742384298
18.5442672,73.88813007,1.746975914
18.54426775,73.88822481,1.742489424
18.54426831,73.88831955,1.729602826
18.54426887,73.88841429,1.714247629
18.54426943,73.88850903,1.729422684
18.54426999,73.88860377,1.714618945
18.54427054,73.88869851,1.704263478
18.5442711,73.88879325,1.723977612
18.54427166,73.88888799,1.773807437
18.54427221,73.88898273,1.758418162
18.54427277,73.88907747,1.737921896
18.54427333,73.8891722,1.728133774
18.54427389,73.88926694,1.719665741
18.54427444,73.88936168,1.711789906
18.544275,73.88945642,1.712022491
18.54427556,73.88955116,1.744112166
18.54428168,73.89059329,1.621120553
18.54428224,73.89068803,1.700251538
18.5442828,73.89078277,1.707833018
18.54428335,73.89087751,1.74243416
18.54428391,73.89097225,1.763311614
18.54428447,73.89106699,1.740829369
18.54428502,73.89116173,1.741921721
18.54428558,73.89125647,1.740153707
18.54428613,73.8913512,1.748858253
18.54428669,73.89144594,1.775815734
18.54428725,73.89154068,1.821384631
18.5442878,73.89163542,1.865703853
18.54428836,73.89173016,1.889572003
18.54416064,73.88538323,1.728381985
18.5441612,73.88547797,1.748008272
18.54416176,73.88557271,1.728844119
18.54416231,73.88566745,1.728844119
18.54416287,73.88576219,1.68822789
18.54416343,73.88585692,1.708168959
18.54416399,73.88595166,1.737768855
18.54416455,73.8860464,1.754985277
18.54416511,73.88614114,1.760546414
18.54416567,73.88623588,1.746224205
18.54416623,73.88633062,1.749619441
18.54416679,73.88642536,1.763394199
18.54416734,73.8865201,1.7580808
18.5441679,73.88661484,1.752829426
18.54416846,73.88670957,1.741556214
18.54416902,73.88680431,1.71394852
18.54416958,73.88689905,1.697761898
18.54417014,73.88699379,1.689272934
18.54417069,73.88708853,1.703175237
18.54417125,73.88718327,1.701935621
18.54417181,73.88727801,1.711563804
18.54417237,73.88737275,1.717506901
18.54417293,73.88746749,1.718359013
18.54417349,73.88756223,1.73063134
18.54417404,73.88765696,1.708954906
18.5441746,73.8877517,1.71410057
18.54417516,73.88784644,1.70417415
18.54417572,73.88794118,1.719158261
18.54417627,73.88803592,1.731120547
18.54417683,73.88813066,1.744770991
18.54417739,73.8882254,1.737174085
18.54417795,73.88832014,1.749791182
18.54417851,73.88841488,1.736720714
18.54417906,73.88850962,1.704217178
18.54417962,73.88860435,1.701426451
18.54418018,73.88869909,1.685079454
18.54418074,73.88879383,1.694754412
18.54418129,73.88888857,1.728942756
18.54418185,73.88898331,1.763815281
18.54418241,73.88907805,1.740464397
18.54418297,73.88917279,1.728281236
18.54418352,73.88926753,1.722895768
18.54418408,73.88936227,1.735095417
18.54418464,73.88945701,1.75123381
18.54418519,73.88955175,1.76262844
18.54418575,73.88964648,1.76262844
18.54418631,73.88974122,1.76262844
18.54419132,73.89059387,1.640860529
18.54419188,73.89068861,1.668289849
18.54419243,73.89078335,1.710589378
18.54419299,73.89087809,1.729150066
18.54419354,73.89097283,1.752358771
18.5441941,73.89106757,1.754590235
18.54419466,73.89116231,1.728589442
18.54419521,73.89125705,1.711727699
18.54419577,73.89135179,1.718487146
18.54419633,73.89144653,1.754609203
18.54419688,73.89154127,1.789564382
18.54419744,73.89163601,1.835274734
18.54419799,73.89173074,1.853763841
18.54419855,73.89182548,1.838706013
18.54419911,73.89192022,1.830260603
18.54419966,73.89201496,1.807325561
18.54420022,73.8921097,1.785562031
18.54420077,73.89220444,1.787895388
18.54420133,73.89229918,1.81529998
18.54406971,73.88528908,1.742286992
18.54407027,73.88538382,1.753076347
18.54407083,73.88547855,1.725424355
18.54407139,73.88557329,1.737290199
18.54407195,73.88566803,1.706828027
18.54407251,73.88576277,1.677193657
18.54407307,73.88585751,1.677193657
18.54407363,73.88595225,1.700534343
18.54407419,73.88604699,1.723344818
18.54407474,73.88614173,1.756814753
18.5440753,73.88623647,1.75086278
18.54407586,73.8863312,1.753041543
18.54407642,73.88642594,1.763260817
18.54407698,73.88652068,1.763186088
18.54407754,73.88661542,1.747711731
18.5440781,73.88671016,1.755389483
18.54407866,73.8868049,1.751762948
18.54407921,73.88689964,1.724477848
18.54407977,73.88699438,1.723976061
18.54408033,73.88708912,1.725833857
18.54408089,73.88718385,1.749685784
18.54408145,73.88727859,1.742426252
18.544082,73.88737333,1.743493682
18.54408256,73.88746807,1.76262844
18.54408312,73.88756281,1.722645869
18.54408368,73.88765755,1.730787541
18.54408424,73.88775229,1.735027549
18.54408479,73.88784703,1.748863814
18.54408535,73.88794177,1.704112067
18.54408591,73.88803651,1.718979372
18.54408647,73.88813124,1.730230711
18.54408703,73.88822598,1.756877342
18.54408758,73.88832072,1.76262844
18.54408814,73.88841546,1.76262844
18.5440887,73.8885102,1.733722438
18.54408926,73.88860494,1.685248938
18.54408981,73.88869968,1.70152918
18.54409037,73.88879442,1.718446441
18.54409093,73.88888916,1.737108955
18.54409149,73.8889839,1.749097697
18.54409204,73.88907863,1.749337081
18.5440926,73.88917337,1.742426252
18.54409316,73.88926811,1.749062981
18.54409372,73.88936285,1.745632535
18.54409427,73.88945759,1.745792587
18.54409483,73.88955233,1.744855366
18.54409539,73.88964707,1.740742736
18.54409594,73.88974181,1.739027487
18.5440965,73.88983655,1.728912792
18.5441004,73.89049972,1.606519632
18.54410095,73.89059446,1.643529155
18.54410151,73.8906892,1.668960816
18.54410207,73.89078394,1.729752576
18.54410262,73.89087868,1.735476445
18.54410318,73.89097341,1.761547051
18.54410374,73.89106815,1.770110485
18.54410429,73.89116289,1.740537245
18.54410485,73.89125763,1.687356463
18.54410541,73.89135237,1.698521011
18.54410596,73.89144711,1.735290423
18.54410652,73.89154185,1.771149853
18.54410707,73.89163659,1.794925207
18.54410763,73.89173133,1.80590225
18.54410819,73.89182607,1.790882066
18.54410874,73.89192081,1.775573691
18.5441093,73.89201554,1.765224202
18.54410985,73.89211028,1.770653447
18.54411041,73.89220502,1.768590502
18.54411096,73.89229976,1.777512033
18.54411152,73.8923945,1.804741049
18.54411208,73.89248924,1.823432036
18.54411263,73.89258398,1.836671257
18.54397935,73.88528966,1.742286992
18.54397991,73.8853844,1.728876892
18.54398047,73.88547914,1.752231496
18.54398103,73.88557388,1.730913859
18.54398159,73.88566862,1.703559055
18.54398215,73.88576336,1.643361188
18.5439827,73.8858581,1.643361188
18.54398326,73.88595284,1.643361188
18.54398382,73.88604757,1.702079247
18.54398438,73.88614231,1.742426252
18.54398494,73.88623705,1.76262844
18.5439855,73.88633179,1.76262844
18.54398606,73.88642653,1.76262844
18.54398662,73.88652127,1.76262844
18.54398717,73.88661601,1.76262844
18.54398773,73.88671075,1.76262844
18.54398829,73.88680548,1.76262844
18.54398885,73.88690022,1.76262844
18.54398941,73.88699496,1.742426252
18.54398997,73.8870897,1.76262844
18.54399052,73.88718444,1.76262844
18.54399108,73.88727918,1.76262844
18.54399164,73.88737392,1.76262844
18.5439922,73.88746866,1.742426252
18.54399276,73.8875634,1.742426252
18.54399331,73.88765813,1.742426252
18.54399387,73.88775287,1.729389223
18.54399443,73.88784761,1.724874371
18.54399499,73.88794235,1.701302653
18.54399555,73.88803709,1.718406036
18.5439961,73.88813183,1.746832427
18.54399666,73.88822657,1.749540895
18.54399722,73.88832131,1.76262844
18.54399778,73.88841605,1.76262844
18.54399834,73.88851078,1.742426252
18.54399889,73.88860552,1.733722438
18.54399945,73.88870026,1.718446441
18.54400001,73.888795,1.737108955
18.54400056,73.88888974,1.749097697
18.54400112,73.88898448,1.749337081
18.54400168,73.88907922,1.731627358
18.54400224,73.88917396,1.749337081
18.54400279,73.8892687,1.745632535
18.54400335,73.88936344,1.728796683
18.54400391,73.88945817,1.711023609
18.54400447,73.88955291,1.707817326
18.54400502,73.88964765,1.706498599
18.54400558,73.88974239,1.721075275
18.54400614,73.88983713,1.736405158
18.54401059,73.89059504,1.668580557
18.54401115,73.89068978,1.68303304
18.5440117,73.89078452,1.728900724
18.54401226,73.89087926,1.7448853
18.54401282,73.890974,1.745462233
18.54401337,73.89106874,1.737908535
18.54401393,73.89116348,1.720868729
18.54401448,73.89125821,1.722674301
18.54401504,73.89135295,1.720069753
18.5440156,73.89144769,1.705294383
18.54401615,73.89154243,1.733048862
18.54401671,73.89163717,1.756877121
18.54401727,73.89173191,1.764473126
18.54401782,73.89182665,1.778184267
18.54401838,73.89192139,1.757969325
18.54401893,73.89201613,1.752838461
18.54401949,73.89211087,1.74969934
18.54402004,73.89220561,1.745632675
18.5440206,73.89230034,1.75122937
18.54402116,73.89239508,1.770315697
18.54402171,73.89248982,1.805237538
18.54402227,73.89258456,1.79431958
18.54402282,73.8926793,1.781323565
18.54388899,73.88529025,1.704768644
18.54388955,73.88538499,1.717045129
18.5438901,73.88547973,1.742426252
18.54389066,73.88557447,1.742426252
18.54389122,73.8856692,1.683299497
18.54389178,73.88576394,1.642952492
18.54389234,73.88585868,1.602956813
18.5438929,73.88595342,1.661674872
18.54389346,73.88604816,1.702021877
18.54389402,73.8861429,1.722224064
18.54389458,73.88623764,1.742426252
18.54389513,73.88633238,1.76262844
18.54389569,73.88642711,1.76262844
18.54389625,73.88652185,1.76262844
18.54389681,73.88661659,1.76262844
18.54389737,73.88671133,1.76262844
18.54389793,73.88680607,1.76262844
18.54389849,73.88690081,1.76262844
18.54389904,73.88699555,1.76262844
18.5438996,73.88709029,1.76262844
18.54390016,73.88718503,1.76262844
18.54390072,73.88727976,1.76262844
18.54390128,73.8873745,1.742426252
18.54390183,73.88746924,1.742426252
18.54390239,73.88756398,1.742426252
18.54390295,73.88765872,1.722224064
18.54390351,73.88775346,1.687154571
18.54390407,73.8878482,1.694915607
18.54390462,73.88794294,1.721347719
18.54390518,73.88803768,1.712358811
18.54390574,73.88813241,1.734673589
18.5439063,73.88822715,1.76262844
18.54390686,73.88832189,1.76262844
18.54390741,73.88841663,1.742426252
18.54390797,73.88851137,1.742426252
18.54390853,73.88860611,1.742426252
18.54390909,73.88870085,1.750639698
18.54390964,73.88879559,1.749097697
18.5439102,73.88889032,1.731125346
18.54391076,73.88898506,1.731627358
18.54391132,73.8890798,1.731627358
18.54391187,73.88917454,1.695639528
18.54391243,73.88926928,1.715505324
18.54391299,73.88936402,1.711023609
18.54391354,73.88945876,1.690821421
18.5439141,73.8895535,1.670619234
18.54391466,73.88964824,1.695716639
18.54391522,73.88974297,1.689157062
18.54391577,73.88983771,1.717297715
18.54391633,73.88993245,1.716972904
18.54392023,73.89059563,1.641759579
18.54392078,73.89069036,1.684389585
18.54392134,73.8907851,1.71473278
18.5439219,73.89087984,1.74252325
18.54392245,73.89097458,1.735661754
18.54392301,73.89106932,1.711287231
18.54392356,73.89116406,1.722433986
18.54392412,73.8912588,1.719046079
18.54392468,73.89135354,1.721353215
18.54392746,73.89182723,1.73205501
18.54392801,73.89192197,1.731801667
18.54392857,73.89201671,1.728975082
18.54392912,73.89211145,1.726725732
18.54392968,73.89220619,1.725813862
18.54393024,73.89230093,1.717476384
18.54393079,73.89239567,1.726214419
18.54393135,73.8924904,1.738328977
18.5439319,73.89258514,1.764914154
18.54393246,73.89267988,1.764403376
18.54393301,73.89277462,1.736988153
18.5437807,73.8822592,1.788513309
18.54378126,73.88235394,1.802133338
18.54378182,73.88244868,1.813493309
18.54378239,73.88254341,1.830261357
18.54378295,73.88263815,1.825873847
18.54379918,73.88538557,1.712486798
18.54379974,73.88548031,1.699359419
18.5438003,73.88557505,1.702392385
18.54380086,73.88566979,1.722224064
18.54380142,73.88576453,1.683299497
18.54380198,73.88585927,1.661674872
18.54380253,73.88595401,1.661617501
18.54380309,73.88604875,1.722224064
18.54380365,73.88614348,1.742426252
18.54380421,73.88623822,1.76262844
18.54380477,73.88633296,1.76262844
18.54380533,73.8864277,1.76262844
18.54380589,73.88652244,1.743255957
18.54380645,73.88661718,1.76262844
18.543807,73.88671192,1.76262844
18.54380756,73.88680666,1.76262844
18.54380812,73.88690139,1.76262844
18.54380868,73.88699613,1.76262844
18.54380924,73.88709087,1.76262844
18.5438098,73.88718561,1.76262844
18.54381035,73.88728035,1.76262844
18.54381091,73.88737509,1.742784397
18.54381147,73.88746983,1.724705456
18.54381203,73.88756457,1.705124855
18.54381259,73.8876593,1.702021877
18.54381314,73.88775404,1.702617754
18.5438137,73.88784878,1.687750448
18.54381426,73.88794352,1.710995266
18.54381482,73.88803826,1.696492091
18.54381538,73.888133,1.743022129
18.54381593,73.88822774,1.76262844
18.54381649,73.88832248,1.742426252
18.54381705,73.88841722,1.742426252
18.54381761,73.88851195,1.742426252
18.54381816,73.88860669,1.742426252
18.54381872,73.88870143,1.742426252
18.54381928,73.88879617,1.724214517
18.54381984,73.88889091,1.708462013
18.54382039,73.88898565,1.713415623
18.54382095,73.88908039,1.712635433
18.54382151,73.88917513,1.712635433
18.54382207,73.88926986,1.688728699
18.54382262,73.8893646,1.728796683
18.54382318,73.88945934,1.690821421
18.54382374,73.88955408,1.675514451
18.54382429,73.88964882,1.655478462
18.54382485,73.88974356,1.712984028
18.54382541,73.8898383,1.717209379
18.54382596,73.88993304,1.725866011
18.54382931,73.89050147,1.605309919
18.54382986,73.89059621,1.627534836
18.54383042,73.89069095,1.672285071
18.54383097,73.89078569,1.733905305
18.54383153,73.89088043,1.73683959
18.54383209,73.89097516,1.728765032
18.54383264,73.8910699,1.745057587
18.5438332,73.89116464,1.759980308
18.54383376,73.89125938,1.746395848
18.54383431,73.89135412,1.748702362
18.54383487,73.89144886,1.784582761
18.54383765,73.89192255,1.700286418
18.5438382,73.89201729,1.698692644
18.54383876,73.89211203,1.681330743
18.54383932,73.89220677,1.65690392
18.54383987,73.89230151,1.673218354
18.54384043,73.89239625,1.680858003
18.54384098,73.89249099,1.664306132
18.54384154,73.89258573,1.688009203
18.54384209,73.89268047,1.730269628
18.54384265,73.8927752,1.71608651
18.5438432,73.89286994,1.695649565
18.54368585,73.88150188,1.790197557
18.54368641,73.88159662,1.763028596
18.54368697,73.88169136,1.738745507
18.54368754,73.88178609,1.722662761
18.5436881,73.88188083,1.707634993
18.54369034,73.88225979,1.707845659
18.5436909,73.88235453,1.725793324
18.54369146,73.88244926,1.747927637
18.54369202,73.882544,1.742492292
18.54369258,73.88263874,1.730212684
18.54370882,73.88538616,1.649088807
18.54370938,73.8854809,1.659881355
18.54370994,73.88557564,1.691565627
18.54371049,73.88567038,1.706026882
18.54371105,73.88576512,1.722224064
18.54371161,73.88585985,1.702021877
18.54371217,73.88595459,1.702021877
18.54371273,73.88604933,1.702021877
18.54371329,73.88614407,1.742426252
18.54371385,73.88623881,1.76262844
18.54371441,73.88633355,1.76262844
18.54371496,73.88642829,1.743255957
18.54371552,73.88652303,1.743255957
18.54371608,73.88661776,1.743255957
18.54371664,73.8867125,1.76262844
18.5437172,73.88680724,1.76262844
18.54371776,73.88690198,1.76262844
18.54371832,73.88699672,1.76262844
18.54371887,73.88709146,1.76262844
18.54371943,73.8871862,1.76262844
18.54371999,73.88728093,1.742784397
18.54372055,73.88737567,1.709645099
18.54372111,73.88747041,1.707964391
18.54372166,73.88756515,1.687404058
18.54372222,73.88765989,1.705124855
18.54372278,73.88775463,1.722224064
18.54372334,73.88784937,1.702617754
18.5437239,73.88794411,1.689377448
18.54372445,73.88803884,1.712791282
18.54372501,73.88813358,1.729431655
18.54372557,73.88822832,1.76262844
18.54372613,73.88832306,1.76262844
18.54372668,73.8884178,1.742426252
18.54372724,73.88851254,1.742426252
18.5437278,73.88860728,1.742426252
18.54372836,73.88870202,1.724214517
18.54372892,73.88879675,1.705969548
18.54372947,73.88889149,1.705969548
18.54373003,73.88898623,1.689470087
18.54373059,73.88908097,1.694423698
18.54373114,73.88917571,1.705724604
18.5437317,73.88927045,1.723434327
18.54373226,73.88936519,1.686236234
18.54373282,73.88945993,1.713489713
18.54373337,73.88955467,1.67568065
18.54373393,73.8896494,1.656665793
18.54373449,73.88974414,1.687024553
18.54373504,73.88983888,1.707735303
18.5437356,73.88993362,1.703355007
18.54373616,73.89002836,1.653586835
18.5437395,73.89059679,1.622358835
18.54374005,73.89069153,1.707646257
18.54374061,73.89078627,1.714481381
18.54374117,73.89088101,1.755215626
18.54374172,73.89097575,1.783493682
18.54374228,73.89107049,1.78320475
18.54374284,73.89116523,1.785395742
18.54374339,73.89125996,1.794453144
18.54374395,73.8913547,1.823317845
18.54374728,73.89192314,1.705416027
18.54374784,73.89201788,1.695668662
18.5437484,73.89211261,1.660443943
18.54374895,73.89220735,1.627467278
18.54374951,73.89230209,1.597575931
18.54375006,73.89239683,1.629861469
18.54375062,73.89249157,1.651436718
18.54375117,73.89258631,1.644575771
18.54375173,73.89268105,1.673159449
18.54375229,73.89277579,1.695530327
18.54375284,73.89287053,1.696788626
18.54359268,73.88102877,1.769847996
18.54359324,73.88112351,1.786154221
18.5435938,73.88121825,1.795239886
18.54359437,73.88131299,1.785716801
18.54359493,73.88140773,1.756793255
18.54359549,73.88150247,1.729470994
18.54359605,73.88159721,1.720639747
18.54359661,73.88169194,1.715734575
18.54359717,73.88178668,1.69034859
18.54359773,73.88188142,1.690917133
18.54359829,73.88197616,1.697125381
18.54359941,73.88216564,1.654991788
18.54359998,73.88226037,1.700194958
18.54360054,73.88235511,1.706715223
18.5436011,73.88244985,1.703140712
18.54360166,73.88254459,1.694958306
18.54360222,73.88263933,1.692224263
18.54360278,73.88273407,1.697513888
18.54361845,73.88538675,1.594130477
18.54361901,73.88548149,1.637960424
18.54361957,73.88557622,1.665609828
18.54362013,73.88567096,1.677926125
18.54362069,73.8857657,1.666309278
18.54362125,73.88586044,1.702740565
18.54362181,73.88595518,1.683212094
18.54362237,73.88604992,1.681819689
18.54362292,73.88614466,1.702021877
18.54362348,73.88623939,1.742426252
18.54362404,73.88633413,1.743255957
18.5436246,73.88642887,1.743255957
18.54362516,73.88652361,1.743255957
18.54362572,73.88661835,1.743255957
18.54362628,73.88671309,1.743255957
18.54362683,73.88680783,1.76262844
18.54362739,73.88690257,1.76262844
18.54362795,73.8869973,1.76262844
18.54362851,73.88709204,1.76262844
18.54362907,73.88718678,1.742784397
18.54362963,73.88728152,1.709645099
18.54363018,73.88737626,1.692545889
18.54363074,73.887471,1.692545889
18.5436313,73.88756574,1.707964391
18.54363186,73.88766047,1.707606246
18.54363242,73.88775521,1.705124855
18.54363297,73.88784995,1.723851064
18.54363353,73.88794469,1.712791282
18.54363409,73.88803943,1.698227097
18.54363465,73.88813417,1.697960817
18.54363521,73.88822891,1.729431655
18.54363576,73.88832365,1.76262844
18.54363632,73.88841838,1.76262844
18.54363688,73.88851312,1.742426252
18.54363744,73.88860786,1.742426252
18.54363799,73.8887026,1.724181283
18.54363855,73.88879734,1.705969548
18.54363911,73.88889208,1.705969548
18.54363967,73.88898682,1.705969548
18.54364022,73.88908156,1.687479635
18.54364078,73.88917629,1.723434327
18.54364134,73.88927103,1.723434327
18.54364189,73.88936577,1.742426252
18.54364245,73.88946051,1.682491572
18.54364301,73.88955525,1.680212315
18.54364357,73.88964999,1.662773635
18.54364412,73.88974473,1.673435946
18.54364468,73.88983947,1.690535154
18.54364524,73.8899342,1.69225612
18.54364579,73.89002894,1.644078566
18.54364635,73.89012368,1.629452767
18.54364691,73.89021842,1.641161836
18.54364746,73.89031316,1.633407263
18.54364802,73.8904079,1.652047859
18.54364969,73.89069211,1.677333839
18.54365025,73.89078685,1.745379281
18.5436508,73.89088159,1.785048381
18.54365136,73.89097633,1.803698224
18.54365192,73.89107107,1.792590568
18.54365247,73.89116581,1.797290998
18.54365303,73.89126055,1.823404081
18.54365358,73.89135529,1.835872655
18.54365414,73.89145003,1.8184929
18.54365692,73.89192372,1.757071418
18.54365748,73.89201846,1.721616002
18.54365803,73.8921132,1.697147954
18.54365859,73.89220794,1.641219501
18.54365914,73.89230267,1.610839536
18.5436597,73.89239741,1.617139417
18.54366025,73.89249215,1.640304112
18.54366081,73.89258689,1.649183617
18.54366137,73.89268163,1.637947013
18.54366192,73.89277637,1.671071866
18.54366248,73.89287111,1.66916869
18.54366581,73.89343954,1.728231577
18.54366636,73.89353428,1.715842091
18.54366692,73.89362902,1.74166938
18.54366747,73.89372376,1.726306017
18.54366803,73.8938185,1.749239872
18.54349951,73.88055567,1.805753307
18.54350007,73.88065041,1.79774042
18.54350063,73.88074515,1.78642568
18.5435012,73.88083989,1.769610999
18.54350176,73.88093462,1.729796966
18.54350232,73.88102936,1.724338179
18.54350288,73.8811241,1.736949891
18.54350344,73.88121884,1.743117873
18.543504,73.88131358,1.731903884
18.54350456,73.88140832,1.714203344
18.54350512,73.88150306,1.702801272
18.54350569,73.88159779,1.710815384
18.54350625,73.88169253,1.712524592
18.54350681,73.88178727,1.721140627
18.54350737,73.88188201,1.709964361
18.54350793,73.88197675,1.733610954
18.54350849,73.88207149,1.74632305
18.54350961,73.88226096,1.724488351
18.54351017,73.8823557,1.724141354
18.54351073,73.88245044,1.735365478
18.54351129,73.88254518,1.736552478
18.54351185,73.88263992,1.722530633
18.54351241,73.88273465,1.718343709
18.54352809,73.88538733,1.605241869
18.54352865,73.88548207,1.626536368
18.54352921,73.88557681,1.610187317
18.54352977,73.88567155,1.634493927
18.54353032,73.88576629,1.658388381
18.54353088,73.88586103,1.627645488
18.54353144,73.88595576,1.62332422
18.543532,73.8860505,1.663009907
18.54353256,73.88614524,1.702021877
18.54353312,73.88623998,1.722224064
18.54353368,73.88633472,1.742426252
18.54353424,73.88642946,1.743255957
18.54353479,73.8865242,1.743255957
18.54353535,73.88661893,1.743255957
18.54353591,73.88671367,1.76262844
18.54353647,73.88680841,1.76262844
18.54353703,73.88690315,1.76262844
18.54353759,73.88699789,1.76262844
18.54353815,73.88709263,1.76262844
18.5435387,73.88718737,1.747209938
18.54353926,73.88728211,1.727365895
18.54353982,73.88737684,1.709645099
18.54354038,73.88747158,1.692545889
18.54354094,73.88756632,1.693329519
18.54354149,73.88766106,1.728080183
18.54354205,73.8877558,1.722224064
18.54354261,73.88785054,1.750972781
18.54354317,73.88794528,1.698227097
18.54354373,73.88804001,1.678411918
18.54354428,73.88813475,1.678411918
18.54354484,73.88822949,1.699604901
18.5435454,73.88832423,1.748006843
18.54354596,73.88841897,1.76262844
18.54354651,73.88851371,1.76262844
18.54354707,73.88860845,1.76262844
18.54354763,73.88870318,1.742426252
18.54354819,73.88879792,1.724181283
18.54354874,73.88889266,1.705969548
18.5435493,73.8889874,1.74438347
18.54354986,73.88908214,1.76262844
18.54355042,73.88917688,1.723434327
18.54355097,73.88927162,1.742426252
18.54355153,73.88936636,1.722224064
18.54355209,73.88946109,1.711843307
18.54355264,73.88955583,1.643906174
18.5435532,73.88965057,1.659701118
18.54355376,73.88974531,1.676051793
18.54355432,73.88984005,1.688250461
18.54355487,73.88993479,1.690767984
18.54355543,73.89002953,1.680738189
18.54355599,73.89012427,1.669056936
18.54355654,73.890219,1.671274098
18.5435571,73.89031374,1.661622654
18.54355766,73.89040848,1.674694286
18.54355988,73.89078744,1.771374289
18.54356044,73.89088218,1.79870681
18.54356099,73.89097691,1.79346487
18.54356155,73.89107165,1.791541258
18.54356211,73.89116639,1.798692461
18.54356266,73.89126113,1.80774053
18.54356322,73.89135587,1.808839233
18.54356378,73.89145061,1.766925561
18.54356656,73.8919243,1.784299494
18.54356711,73.89201904,1.748667823
18.54356767,73.89211378,1.71387086
18.54356822,73.89220852,1.679622305
18.54356878,73.89230326,1.661101572
18.54356933,73.892398,1.648158025
18.54356989,73.89249273,1.639106361
18.54357045,73.89258747,1.641133833
18.543571,73.89268221,1.6583149
18.54357156,73.89277695,1.656448829
18.54357211,73.89287169,1.655202092
18.54357378,73.89315591,1.679065821
18.54357433,73.89325065,1.701525063
18.54357489,73.89334538,1.741031011
18.54357544,73.89344012,1.757189342
18.543576,73.89353486,1.72461698
18.54357655,73.8936296,1.708875496
18.54357711,73.89372434,1.756238796
18.54357766,73.89381908,1.791225464
18.54357822,73.89391382,1.812831908
18.54357877,73.89400856,1.770827024
18.54357933,73.8941033,1.754739311
18.54357988,73.89419803,1.783306083
18.54358044,73.89429277,1.810807207
18.54358099,73.89438751,1.838351818
18.54340634,73.88008257,1.792262121
18.5434069,73.88017731,1.801189472
18.54340746,73.88027204,1.809367146
18.54340802,73.88036678,1.816033093
18.54340859,73.88046152,1.810896365
18.54340915,73.88055626,1.799950023
18.54340971,73.880651,1.774912768
18.54341027,73.88074574,1.763065165
18.54341083,73.88084047,1.74159364
18.54341139,73.88093521,1.72269863
18.54341195,73.88102995,1.718168631
18.54341252,73.88112469,1.718045343
18.54341308,73.88121943,1.72181211
18.54341364,73.88131417,1.728345424
18.5434142,73.8814089,1.725724902
18.54341476,73.88150364,1.7345812
18.54341532,73.88159838,1.735384033
18.54341588,73.88169312,1.752490239
18.54341644,73.88178786,1.7665509
18.543417,73.8818826,1.786519437
18.54341757,73.88197734,1.768905578
18.54341813,73.88207207,1.812314049
18.54341981,73.88235629,1.778753406
18.54342037,73.88245103,1.783683342
18.54342093,73.88254577,1.775786379
18.54342149,73.8826405,1.763802789
18.54342205,73.88273524,1.742372723
18.54343772,73.88538792,1.65795754
18.54343828,73.88548266,1.621304943
18.54343884,73.8855774,1.593312442
18.5434394,73.88567213,1.631671512
18.54343996,73.88576687,1.645673082
18.54344052,73.88586161,1.648975248
18.54344108,73.88595635,1.624010991
18.54344164,73.88605109,1.623400581
18.5434422,73.88614583,1.703414282
18.54344275,73.88624057,1.742426252
18.54344331,73.8863353,1.742426252
18.54344387,73.88643004,1.76262844
18.54344443,73.88652478,1.726217719
18.54344499,73.88661952,1.76262844
18.54344555,73.88671426,1.742803009
18.54344611,73.886809,1.745909041
18.54344666,73.88690374,1.742426252
18.54344722,73.88699847,1.76262844
18.54344778,73.88709321,1.742426252
18.54344834,73.88718795,1.76262844
18.5434489,73.88728269,1.747209938
18.54344946,73.88737743,1.727365895
18.54345001,73.88747217,1.710428729
18.54345057,73.88756691,1.70901977
18.54345113,73.88766164,1.687622196
18.54345169,73.88775638,1.705718337
18.54345225,73.88785112,1.722877353
18.5434528,73.88794586,1.711608703
18.54345336,73.8880406,1.678411918
18.54345392,73.88813534,1.659853815
18.54345448,73.88823008,1.676205845
18.54345503,73.88832481,1.725882157
18.54345559,73.88841955,1.76262844
18.54345615,73.88851429,1.76262844
18.54345671,73.88860903,1.76262844
18.54345727,73.88870377,1.76262844
18.54345782,73.88879851,1.724056232
18.54345838,73.88889325,1.724893239
18.54345894,73.88898799,1.747427569
18.54345949,73.88908272,1.74290251
18.54346005,73.88917746,1.743066955
18.54346061,73.8892722,1.70416393
18.54346117,73.88936694,1.71185699
18.54346172,73.88946168,1.681612884
18.54346228,73.88955642,1.636842768
18.54346284,73.88965116,1.6047078
18.54346339,73.88974589,1.655190904
18.54346395,73.88984063,1.714553579
18.54346451,73.88993537,1.699280514
18.54346506,73.89003011,1.727216221
18.54346562,73.89012485,1.720099264
18.54346618,73.89021959,1.710556526
18.54346952,73.89078802,1.807157363
18.54347007,73.89088276,1.798181922
18.54347063,73.8909775,1.8025203
18.54347119,73.89107224,1.80490105
18.54347174,73.89116697,1.813013554
18.5434723,73.89126171,1.812507749
18.54347286,73.89135645,1.776454326
18.54347341,73.89145119,1.766894636
18.54347397,73.89154593,1.738153392
18.54347564,73.89183015,1.68253801
18.54347619,73.89192488,1.722601385
18.54347675,73.89201962,1.719273167
18.5434773,73.89211436,1.673911553
18.54347786,73.8922091,1.651477079
18.54347841,73.89230384,1.648516571
18.54347897,73.89239858,1.668448646
18.54347953,73.89249332,1.676675966
18.54348008,73.89258806,1.664664726
18.54348064,73.89268279,1.64180061
18.54348119,73.89277753,1.64150949
18.54348175,73.89287227,1.641667164
18.54348341,73.89315649,1.724368731
18.54348397,73.89325123,1.745819552
18.54348452,73.89334597,1.756333319
18.54348508,73.89344071,1.75036814
18.54348563,73.89353544,1.774353356
18.54348619,73.89363018,1.795775526
18.54348674,73.89372492,1.790231122
18.5434873,73.89381966,1.812834559
18.54348785,73.8939144,1.798471198
18.54348841,73.89400914,1.788709392
18.54348896,73.89410388,1.77955715
18.54348952,73.89419862,1.786378316
18.54349007,73.89429335,1.821997156
18.54349063,73.89438809,1.828487216
18.54349118,73.89448283,1.831238569
18.54349174,73.89457757,1.830435557
18.54349229,73.89467231,1.843920011
18.54349285,73.89476705,1.871904834
18.5434934,73.89486179,1.868149357
18.54331317,73.87960947,1.809167248
18.54331373,73.8797042,1.81750129
18.54331429,73.87979894,1.798623375
18.54331485,73.87989368,1.799159262
18.54331541,73.87998842,1.809144634
18.54331598,73.88008316,1.81233124
18.54331654,73.8801779,1.810720313
18.5433171,73.88027263,1.827236254
18.54331766,73.88036737,1.832169833
18.54331822,73.88046211,1.82712012
18.54331878,73.88055685,1.809861472
18.54331934,73.88065159,1.79494606
18.54331991,73.88074633,1.777310553
18.54332047,73.88084106,1.766255506
18.54332103,73.8809358,1.74850822
18.54332159,73.88103054,1.745247074
18.54332215,73.88112528,1.746706637
18.54332271,73.88122002,1.764409791
18.54332327,73.88131475,1.762133934
18.54332384,73.88140949,1.752882209
18.5433244,73.88150423,1.769042593
18.54332496,73.88159897,1.796349242
18.54332552,73.88169371,1.798451802
18.54332608,73.88178845,1.810955213
18.54332664,73.88188318,1.812323206
18.5433272,73.88197792,1.827626128
18.54332776,73.88207266,1.828028358
18.54332944,73.88235688,1.842423158
18.54333,73.88245161,1.828685077
18.54333057,73.88254635,1.80754304
18.54333113,73.88264109,1.798629982
18.54333169,73.88273583,1.776182889
18.54334792,73.88548324,1.636571019
18.54334848,73.88557798,1.647371159
18.54334904,73.88567272,1.643652762
18.5433496,73.88576746,1.64889325
18.54335016,73.8858622,1.661430604
18.54335071,73.88595694,1.652794588
18.54335127,73.88605167,1.667749602
18.54335183,73.88614641,1.702098238
18.54335239,73.88624115,1.742426252
18.54335295,73.88633589,1.722224064
18.54335351,73.88643063,1.71229572
18.54335407,73.88652537,1.728448344
18.54335463,73.88662011,1.725764771
18.54335518,73.88671484,1.72608361
18.54335574,73.88680958,1.692894851
18.5433563,73.88690432,1.710378116
18.54335686,73.88699906,1.722224064
18.54335742,73.8870938,1.722334203
18.54335798,73.88718854,1.727690628
18.54335853,73.88728328,1.747892815
18.54335909,73.88737801,1.728149525
18.54335965,73.88747275,1.72611898
18.54336021,73.88756749,1.687622196
18.54336077,73.88766223,1.648670436
18.54336132,73.88775697,1.668363329
18.54336188,73.88785171,1.705718337
18.54336244,73.88794645,1.722877353
18.543363,73.88804118,1.674475412
18.54336356,73.88813592,1.656003657
18.54336411,73.88823066,1.690174153
18.54336467,73.8883254,1.730191519
18.54336523,73.88842014,1.745697336
18.54336579,73.88851488,1.742426252
18.54336634,73.88860962,1.754644336
18.5433669,73.88870435,1.73872872
18.54336746,73.88879909,1.725193661
18.54336802,73.88889383,1.717634711
18.54336857,73.88898857,1.713385743
18.54336913,73.88908331,1.711720021
18.54336969,73.88917805,1.70631595
18.54337024,73.88927279,1.705531892
18.5433708,73.88936752,1.671042385
18.54337136,73.88946226,1.6329098
18.54337192,73.889557,1.606210896
18.54337247,73.88965174,1.606452041
18.54337303,73.88974648,1.652426379
18.54337359,73.88984122,1.688998074
18.54337414,73.88993596,1.733851488
18.5433747,73.89003069,1.735147642
18.54337526,73.89012543,1.772544991
18.54337581,73.89022017,1.794218236
18.54337971,73.89088334,1.820672636
18.54338027,73.89097808,1.832263519
18.54338082,73.89107282,1.831000221
18.54338138,73.89116756,1.840772269
18.54338194,73.8912623,1.830962765
18.54338249,73.89135704,1.807357738
18.54338305,73.89145177,1.772508973
18.5433836,73.89154651,1.735802906
18.54338416,73.89164125,1.727698643
18.54338472,73.89173599,1.700759833
18.54338527,73.89183073,1.649191445
18.54338583,73.89192547,1.63044417
18.54338638,73.89202021,1.628756035
18.54338694,73.89211494,1.635607127
18.54338749,73.89220968,1.628442702
18.54338805,73.89230442,1.645522015
18.54338861,73.89239916,1.66853282
18.54338916,73.8924939,1.694888038
18.54338972,73.89258864,1.671740129
18.54339027,73.89268338,1.668913866
18.54339083,73.89277812,1.653579018
18.54339138,73.89287285,1.652133504
18.54339194,73.89296759,1.66885141
18.54339249,73.89306233,1.691079184
18.54339305,73.89315707,1.691925071
18.5433936,73.89325181,1.742245147
18.54339416,73.89334655,1.762175151
18.54339471,73.89344129,1.786196389
18.54339527,73.89353603,1.797182404
18.54339582,73.89363076,1.804657511
18.54339638,73.8937255,1.82544174
18.54339693,73.89382024,1.840451816
18.54339749,73.89391498,1.83725154
18.54339804,73.89400972,1.803141023
18.5433986,73.89410446,1.782043293
18.54339915,73.8941992,1.793054428
18.54339971,73.89429394,1.820210025
18.54340026,73.89438867,1.830476888
18.54340082,73.89448341,1.837356097
18.54340137,73.89457815,1.85598452
18.54340193,73.89467289,1.856462375
18.54340248,73.89476763,1.864293984
18.54340304,73.89486237,1.875022652
18.54340359,73.89495711,1.876845785
18.54340414,73.89505185,1.901825266
18.54367959,73.94317958,1.76262844
18.54368012,73.94327432,1.76262844
18.54368065,73.94336907,1.76262844
18.54368118,73.94346381,1.76262844
18.54321999,73.87913636,1.830813715
18.54322055,73.8792311,1.802457441
18.54322112,73.87932584,1.773355601
18.54322168,73.87942058,1.787016031
18.54322224,73.87951532,1.798909288
18.5432228,73.87961005,1.797286474
18.54322336,73.87970479,1.800935384
18.54322393,73.87979953,1.823993842
18.54322449,73.87989427,1.83548593
18.54322505,73.87998901,1.842390046
18.54322561,73.88008375,1.839264918
18.54322617,73.88017848,1.848472745
18.54322673,73.88027322,1.850068327
18.5432273,73.88036796,1.850440261
18.54322786,73.8804627,1.82943451
18.54322842,73.88055744,1.803031608
18.54322898,73.88065218,1.792676749
18.54322954,73.88074691,1.791891496
18.5432301,73.88084165,1.788725658
18.54323067,73.88093639,1.787929462
18.54323123,73.88103113,1.776767427
18.54323179,73.88112587,1.785776578
18.54323235,73.8812206,1.801051324
18.54323291,73.88131534,1.795906979
18.54323347,73.88141008,1.795463484
18.54323403,73.88150482,1.808462304
18.54323459,73.88159956,1.81849213
18.54323515,73.8816943,1.836950364
18.54323572,73.88178903,1.832223095
18.54323628,73.88188377,1.847434115
18.54323684,73.88197851,1.858924217
18.5432374,73.88207325,1.864207059
18.54323796,73.88216799,1.863493257
18.54323852,73.88226273,1.874197007
18.54323908,73.88235746,1.872522798
18.54323964,73.8824522,1.854459012
18.5432402,73.88254694,1.831222377
18.54324076,73.88264168,1.806825698
18.54324132,73.88273642,1.774809447
18.54324188,73.88283116,1.741287767
18.54325756,73.88548383,1.67181201
18.54325811,73.88557857,1.661816288
18.54325867,73.88567331,1.662151075
18.54325923,73.88576805,1.672758354
18.54325979,73.88586278,1.675391794
18.54326035,73.88595752,1.678937334
18.54326091,73.88605226,1.698836162
18.54326147,73.886147,1.703040671
18.54326203,73.88624174,1.694099226
18.54326259,73.88633648,1.677837874
18.54326314,73.88643121,1.659725407
18.5432637,73.88652595,1.65663283
18.54326426,73.88662069,1.671701327
18.54326482,73.88671543,1.675856613
18.54326538,73.88681017,1.66262695
18.54326594,73.88690491,1.653874881
18.54326649,73.88699965,1.662371832
18.54326705,73.88709438,1.681127054
18.54326761,73.88718912,1.687049164
18.54326817,73.88728386,1.70881555
18.54326873,73.8873786,1.746664847
18.54326929,73.88747334,1.722160514
18.54326984,73.88756808,1.661059639
18.5432704,73.88766281,1.639173936
18.54327096,73.88775755,1.659822716
18.54327152,73.88785229,1.700059818
18.54327208,73.88794703,1.719878964
18.54327263,73.88804177,1.702766795
18.54327319,73.88813651,1.684136296
18.54327375,73.88823125,1.70560274
18.54327431,73.88832598,1.70560274
18.54327486,73.88842072,1.723944768
18.54327542,73.88851546,1.732093291
18.54327598,73.8886102,1.706201928
18.54327654,73.88870494,1.707434143
18.54327709,73.88879968,1.708355655
18.54327765,73.88889442,1.698581934
18.54327821,73.88898915,1.680807587
18.54327877,73.88908389,1.673524934
18.54327932,73.88917863,1.667935982
18.54327988,73.88927337,1.655997241
18.54328044,73.88936811,1.648022996
18.54328099,73.88946285,1.606247818
18.54328155,73.88955759,1.599729687
18.54328211,73.88965232,1.614178739
18.54328267,73.88974706,1.640142834
18.54328322,73.8898418,1.674053142
18.54328378,73.88993654,1.70629308
18.54328434,73.89003128,1.757429492
18.5432899,73.89097866,1.838601412
18.54329046,73.8910734,1.850244565
18.54329101,73.89116814,1.855070429
18.54329157,73.89126288,1.852414507
18.54329213,73.89135762,1.840775118
18.54329268,73.89145236,1.803843401
18.54329324,73.8915471,1.754330508
18.5432938,73.89164183,1.727094936
18.54329435,73.89173657,1.709158412
18.54329491,73.89183131,1.684153634
18.54329546,73.89192605,1.641945225
18.54329602,73.89202079,1.601337495
18.54329657,73.89211553,1.600654708
18.54329713,73.89221027,1.630916832
18.54329769,73.892305,1.646966945
18.54329824,73.89239974,1.70059344
18.5432988,73.89249448,1.705645964
18.54329935,73.89258922,1.710165772
18.54329991,73.89268396,1.688297313
18.54330046,73.8927787,1.664370334
18.54330102,73.89287344,1.660081141
18.54330157,73.89296818,1.668826248
18.54330213,73.89306291,1.678647556
18.54330268,73.89315765,1.686413676
18.54330324,73.89325239,1.691364661
18.5433038,73.89334713,1.738308133
18.54330435,73.89344187,1.779219592
18.54330491,73.89353661,1.778354701
18.54330546,73.89363135,1.780437561
18.54330602,73.89372609,1.807133636
18.54330657,73.89382082,1.819256664
18.54330713,73.89391556,1.817758284
18.54330768,73.8940103,1.79239639
18.54330823,73.89410504,1.770269245
18.54330879,73.89419978,1.786692062
18.54330934,73.89429452,1.820908316
18.5433099,73.89438926,1.838136874
18.54331045,73.89448399,1.845972989
18.54331101,73.89457873,1.859840918
18.54331156,73.89467347,1.870729105
18.54331212,73.89476821,1.877169772
18.54331267,73.89486295,1.891106948
18.54331323,73.89495769,1.888729239
18.54331378,73.89505243,1.893489546
18.54331433,73.89514717,1.899182932
18.54331489,73.8952419,1.906412319
18.54331544,73.89533664,1.896272787
18.543316,73.89543138,1.889260274
18.54331655,73.89552612,1.892230334
18.54358869,73.9430854,1.76262844
18.54358922,73.94318014,1.76262844
18.54358975,73.94327488,1.76262844
18.54359028,73.94336962,1.76262844
18.54359081,73.94346436,1.76262844
18.54359134,73.9435591,1.76262844
18.54312738,73.878758,1.789282055
18.54312794,73.87885274,1.791581695
18.5431285,73.87894748,1.80523521
18.54312906,73.87904222,1.81023083
18.54312963,73.87913695,1.803061404
18.54313019,73.87923169,1.80242694
18.54313075,73.87932643,1.788886218
18.54313131,73.87942117,1.777704167
18.54313188,73.87951591,1.795189663
18.54313244,73.87961064,1.818526115
18.543133,73.87970538,1.824705739
18.54313356,73.87980012,1.829758911
18.54313412,73.87989486,1.848830113
18.54313469,73.8799896,1.853242285
18.54313525,73.88008433,1.849821595
18.54313581,73.88017907,1.847858602
18.54313637,73.88027381,1.836547441
18.54313693,73.88036855,1.820455028
18.54313749,73.88046329,1.788461814
18.54313806,73.88055803,1.76170931
18.54313862,73.88065276,1.755607625
18.54313918,73.8807475,1.769246641
18.54313974,73.88084224,1.78914158
18.5431403,73.88093698,1.806336011
18.54314086,73.88103172,1.810993564
18.54314142,73.88112646,1.823796738
18.54314199,73.88122119,1.823118394
18.54314255,73.88131593,1.825572137
18.54314311,73.88141067,1.835302823
18.54314367,73.88150541,1.834973059
18.54314423,73.88160015,1.84853826
18.54314479,73.88169488,1.851637445
18.54314535,73.88178962,1.872051343
18.54314591,73.88188436,1.869382739
18.54314647,73.8819791,1.879991938
18.54314703,73.88207384,1.880436736
18.54314816,73.88226331,1.875913076
18.54314872,73.88235805,1.851620479
18.54314928,73.88245279,1.838935208
18.54314984,73.88254753,1.81378958
18.5431504,73.88264227,1.770915642
18.54315096,73.88273701,1.72640232
18.54315152,73.88283174,1.692735926
18.54316831,73.88567389,1.648302101
18.54316887,73.88576863,1.705603434
18.54316943,73.88586337,1.720978465
18.54316999,73.88595811,1.699479547
18.54317055,73.88605285,1.718565585
18.5431711,73.88614759,1.689166587
18.54317166,73.88624232,1.674467135
18.54317222,73.88633706,1.645499021
18.54317278,73.8864318,1.615452957
18.54317334,73.88652654,1.630896586
18.5431739,73.88662128,1.633731078
18.54317446,73.88671602,1.635723148
18.54317501,73.88681075,1.650513694
18.54317557,73.88690549,1.64000635
18.54317613,73.88700023,1.623481116
18.54317669,73.88709497,1.639714563
18.54317725,73.88718971,1.661856072
18.54317781,73.88728445,1.69103701
18.54317836,73.88737918,1.720058858
18.54317892,73.88747392,1.71289836
18.54317948,73.88756866,1.680225916
18.54318004,73.8876634,1.654735079
18.5431806,73.88775814,1.650758321
18.54318115,73.88785288,1.706364787
18.54318171,73.88794762,1.76262844
18.54318227,73.88804235,1.733447502
18.54318283,73.88813709,1.711050211
18.54318338,73.88823183,1.686594173
18.54318394,73.88832657,1.711050211
18.5431845,73.88842131,1.721914908
18.54318506,73.88851605,1.713927565
18.54318562,73.88861078,1.714542136
18.54318617,73.88870552,1.699660564
18.54318673,73.88880026,1.708162985
18.54318729,73.888895,1.702909685
18.54318784,73.88898974,1.710433578
18.5431884,73.88908448,1.705523051
18.54318896,73.88917922,1.683919201
18.54318952,73.88927395,1.672514853
18.54319007,73.88936869,1.659310761
18.54319063,73.88946343,1.652214871
18.54319119,73.88955817,1.629808881
18.54319174,73.88965291,1.626250182
18.5431923,73.88974765,1.670770045
18.54319286,73.88984238,1.692562797
18.54320343,73.89164242,1.779060901
18.54320399,73.89173716,1.7216277
18.54320454,73.89183189,1.704577464
18.5432051,73.89192663,1.700292617
18.54320565,73.89202137,1.674200255
18.54320621,73.89211611,1.666069124
18.54320677,73.89221085,1.679799661
18.54320732,73.89230559,1.706309708
18.54320788,73.89240033,1.727882953
18.54320843,73.89249506,1.737690013
18.54320899,73.8925898,1.732419476
18.54320954,73.89268454,1.713302081
18.5432101,73.89277928,1.692601781
18.54321065,73.89287402,1.663516566
18.54321121,73.89296876,1.66027358
18.54321177,73.8930635,1.659990464
18.54321232,73.89315824,1.654511066
18.54321288,73.89325297,1.667696789
18.54321343,73.89334771,1.682522122
18.54321399,73.89344245,1.701314463
18.54321454,73.89353719,1.714703523
18.5432151,73.89363193,1.737605168
18.54321565,73.89372667,1.74342187
18.54321621,73.89382141,1.737397665
18.54321676,73.89391614,1.736621426
18.54321732,73.89401088,1.731550721
18.54321787,73.89410562,1.734097176
18.54321843,73.89420036,1.764045358
18.54321898,73.8942951,1.793414176
18.54321953,73.89438984,1.832551908
18.54322009,73.89448458,1.846741865
18.54322064,73.89457932,1.853781527
18.5432212,73.89467405,1.87953777
18.54322175,73.89476879,1.895297284
18.54322231,73.89486353,1.88731481
18.54322286,73.89495827,1.877144131
18.54322342,73.89505301,1.871718801
18.54322397,73.89514775,1.868637543
18.54322452,73.89524249,1.868346853
18.54322508,73.89533722,1.851035655
18.54322563,73.89543196,1.845763623
18.54322619,73.8955267,1.839997859
18.54322674,73.89562144,1.859772956
18.54322729,73.89571618,1.885145143
18.54322785,73.89581092,1.902783905
18.5432284,73.89590566,1.903943327
18.54322896,73.8960004,1.906350376
18.54349833,73.94308596,1.76262844
18.54349886,73.9431807,1.76262844
18.54349939,73.94327544,1.76262844
18.54349992,73.94337018,1.76262844
18.54350045,73.94346492,1.76262844
18.54350098,73.94355966,1.76262844
18.54303476,73.87837964,1.787766767
18.54303533,73.87847438,1.783622369
18.54303589,73.87856911,1.778188787
18.54303645,73.87866385,1.778317583
18.54303701,73.87875859,1.771741719
18.54303758,73.87885333,1.764196426
18.54303814,73.87894807,1.780381177
18.5430387,73.8790428,1.791100306
18.54303926,73.87913754,1.784215394
18.54303983,73.87923228,1.783839999
18.54304039,73.87932702,1.794637121
18.54304095,73.87942176,1.786296331
18.54304151,73.8795165,1.785657538
18.54304207,73.87961123,1.803186446
18.54304264,73.87970597,1.817645349
18.5430432,73.87980071,1.826939221
18.54304376,73.87989545,1.825873231
18.54304432,73.87999019,1.819702492
18.54304488,73.88008492,1.810238459
18.54304545,73.88017966,1.806695623
18.54304601,73.8802744,1.802976231
18.54304657,73.88036914,1.784249608
18.54304713,73.88046388,1.763164101
18.54304769,73.88055861,1.742492405
18.54304825,73.88065335,1.740543209
18.54304881,73.88074809,1.767667246
18.54304938,73.88084283,1.814059415
18.54304994,73.88093757,1.839826515
18.5430505,73.88103231,1.850855394
18.54305106,73.88112704,1.863448102
18.54305162,73.88122178,1.867272472
18.54305218,73.88131652,1.874307745
18.54305274,73.88141126,1.869352661
18.5430533,73.881506,1.861788014
18.54305387,73.88160073,1.867356362
18.54305443,73.88169547,1.874985923
18.54305499,73.88179021,1.86585774
18.54305555,73.88188495,1.881717308
18.54305611,73.88197969,1.877781267
18.54305667,73.88207443,1.873435092
18.54305723,73.88216916,1.863570507
18.54305779,73.8822639,1.842641574
18.54305835,73.88235864,1.811980101
18.54305891,73.88245338,1.800962774
18.54305947,73.88254812,1.76647596
18.54306003,73.88264285,1.706577397
18.54306059,73.88273759,1.670828941
18.54306115,73.88283233,1.6221568
18.5430785,73.88576922,1.738089716
18.54307906,73.88586396,1.753247158
18.54307962,73.88595869,1.746704928
18.54308018,73.88605343,1.726180907
18.54308074,73.88614817,1.741951617
18.5430813,73.88624291,1.704224237
18.54308186,73.88633765,1.624120823
18.54308242,73.88643239,1.579451123
18.54308297,73.88652712,1.5955754
18.54308353,73.88662186,1.638109994
18.54308409,73.8867166,1.632429106
18.54308465,73.88681134,1.626672646
18.54308521,73.88690608,1.638300702
18.54311418,73.89183248,1.758946575
18.54311473,73.89192722,1.74666997
18.54311529,73.89202195,1.747848666
18.54311585,73.89211669,1.750281798
18.5431164,73.89221143,1.775583161
18.54311696,73.89230617,1.776570171
18.54311751,73.89240091,1.769434823
18.54311807,73.89249565,1.75107064
18.54311862,73.89259039,1.733115464
18.54311918,73.89268512,1.72040008
18.54311974,73.89277986,1.704198155
18.54312029,73.8928746,1.684893637
18.54312085,73.89296934,1.652591736
18.5431214,73.89306408,1.6310176
18.54312196,73.89315882,1.619920523
18.54312251,73.89325356,1.627384069
18.54312307,73.89334829,1.655412247
18.54312362,73.89344303,1.667149865
18.54312418,73.89353777,1.676123628
18.54312473,73.89363251,1.666493003
18.54312529,73.89372725,1.656319942
18.54312584,73.89382199,1.656464
18.5431264,73.89391673,1.67068324
18.54312695,73.89401146,1.677507712
18.54312751,73.8941062,1.695180474
18.54312806,73.89420094,1.729557088
18.54312862,73.89429568,1.748645181
18.54312917,73.89439042,1.77691211
18.54312972,73.89448516,1.830004644
18.54313028,73.8945799,1.871554447
18.54313083,73.89467464,1.892286756
18.54313139,73.89476937,1.877741975
18.54313194,73.89486411,1.882222946
18.5431325,73.89495885,1.882832516
18.54313305,73.89505359,1.859412969
18.54313361,73.89514833,1.819973926
18.54313416,73.89524307,1.795380773
18.54313471,73.89533781,1.783667562
18.54313527,73.89543254,1.775667012
18.54313582,73.89552728,1.78795251
18.54313638,73.89562202,1.803000372
18.54313693,73.89571676,1.817385606
18.54313748,73.8958115,1.821829493
18.54313804,73.89590624,1.854102828
18.54313859,73.89600098,1.876441625
18.54313915,73.89609572,1.891432638
18.5431397,73.89619045,1.920808543
18.54314025,73.89628519,1.939663109
18.54314081,73.89637993,1.948610818
18.54340849,73.94318125,1.76262844
18.54340902,73.94327599,1.76262844
18.54340955,73.94337073,1.76262844
18.54341008,73.94346547,1.76262844
18.54341061,73.94356021,1.76262844
18.54294271,73.87809601,1.785696372
18.54294327,73.87819075,1.784420344
18.54294384,73.87828549,1.786225475
18.5429444,73.87838023,1.781683259
18.54294496,73.87847497,1.774992903
18.54294552,73.8785697,1.77453739
18.54294609,73.87866444,1.772475128
18.54294665,73.87875918,1.761596155
18.54294721,73.87885392,1.761839708
18.54294777,73.87894866,1.75906311
18.54294834,73.87904339,1.753309625
18.5429489,73.87913813,1.762433494
18.54294946,73.87923287,1.77154879
18.54295002,73.87932761,1.753560104
18.54295059,73.87942235,1.752540653
18.54295115,73.87951708,1.776975077
18.54295171,73.87961182,1.775384091
18.54295227,73.87970656,1.780673302
18.54295283,73.8798013,1.784899739
18.5429534,73.87989604,1.79069078
18.54295396,73.87999077,1.799461902
18.54295452,73.88008551,1.80577462
18.54295508,73.88018025,1.799956293
18.54295564,73.88027499,1.809164188
18.5429562,73.88036973,1.819445089
18.54295677,73.88046447,1.809100109
18.54295733,73.8805592,1.794389183
18.54295789,73.88065394,1.793410734
18.54295845,73.88074868,1.823210842
18.54295901,73.88084342,1.864308492
18.54295957,73.88093816,1.888456615
18.54296013,73.88103289,1.905472967
18.5429607,73.88112763,1.901704732
18.54296126,73.88122237,1.901391568
18.54296182,73.88131711,1.905552659
18.54296238,73.88141185,1.901413564
18.54296294,73.88150658,1.891520511
18.5429635,73.88160132,1.870432442
18.54296406,73.88169606,1.864233167
18.54296462,73.8817908,1.86030505
18.54296518,73.88188554,1.8406809
18.54296575,73.88198028,1.837153557
18.54296631,73.88207501,1.818640092
18.54296687,73.88216975,1.817954727
18.54296743,73.88226449,1.80322582
18.54296799,73.88235923,1.775847656
18.54296855,73.88245397,1.756550282
18.54296911,73.8825487,1.723160008
18.54296967,73.88264344,1.685418274
18.54297023,73.88273818,1.644092699
18.54297079,73.88283292,1.597999422
18.54297135,73.88292766,1.552761595
18.5429887,73.88586454,1.785817726
18.54298926,73.88595928,1.798872711
18.54298982,73.88605402,1.79093833
18.54299038,73.88614876,1.777878625
18.54299093,73.88624349,1.733242461
18.54302437,73.8919278,1.808944542
18.54302493,73.89202254,1.802483872
18.54302548,73.89211728,1.835311841
18.54302604,73.89221201,1.84018409
18.54302659,73.89230675,1.824861956
18.54302715,73.89240149,1.800707602
18.5430277,73.89249623,1.776700622
18.54302826,73.89259097,1.758536481
18.54302882,73.89268571,1.732741489
18.54302937,73.89278045,1.718671341
18.54302993,73.89287518,1.687228107
18.54303048,73.89296992,1.643979339
18.54303104,73.89306466,1.624764244
18.54303159,73.8931594,1.628572189
18.54303215,73.89325414,1.637859979
18.5430327,73.89334888,1.663178117
18.54303326,73.89344361,1.687064125
18.54303381,73.89353835,1.684906246
18.54303437,73.89363309,1.666889623
18.54303492,73.89372783,1.635731134
18.54303548,73.89382257,1.631913537
18.54303603,73.89391731,1.6485295
18.54303659,73.89401205,1.663432551
18.54303714,73.89410678,1.679448201
18.5430377,73.89420152,1.699857919
18.54303825,73.89429626,1.723610348
18.54303881,73.894391,1.745656758
18.54303936,73.89448574,1.788240938
18.54303991,73.89458048,1.826900651
18.54304047,73.89467522,1.841219901
18.54304102,73.89476995,1.85443751
18.54304158,73.89486469,1.856979484
18.54304213,73.89495943,1.880078099
18.54304269,73.89505417,1.836898795
18.54304324,73.89514891,1.778745177
18.5430438,73.89524365,1.745426568
18.54304435,73.89533839,1.7319777
18.5430449,73.89543313,1.736210518
18.54304546,73.89552786,1.733028848
18.54304601,73.8956226,1.745170666
18.54304657,73.89571734,1.747767308
18.54304712,73.89581208,1.764851231
18.54304767,73.89590682,1.798274556
18.54304823,73.89600156,1.833864359
18.54304878,73.8960963,1.86826405
18.54304933,73.89619103,1.892224893
18.54304989,73.89628577,1.904245595
18.54305044,73.89638051,1.913979942
18.543051,73.89647525,1.91494994
18.54331813,73.94318181,1.76262844
18.54331866,73.94327655,1.76262844
18.54331919,73.94337129,1.76262844
18.54331972,73.94346603,1.76262844
18.54332025,73.94356077,1.76262844
18.54332078,73.94365551,1.76262844
18.5428501,73.87771765,1.783358571
18.54285066,73.87781239,1.794779668
18.54285122,73.87790713,1.787667858
18.54285179,73.87800187,1.791577431
18.54285235,73.8780966,1.789093612
18.54285291,73.87819134,1.785010769
18.54285347,73.87828608,1.779808928
18.54285404,73.87838082,1.775835403
18.5428546,73.87847556,1.765109119
18.54285516,73.87857029,1.765464715
18.54285572,73.87866503,1.768803782
18.54285629,73.87875977,1.765923291
18.54285685,73.87885451,1.761349335
18.54285741,73.87894925,1.743227047
18.54285797,73.87904398,1.736432639
18.54285854,73.87913872,1.742239252
18.5428591,73.87923346,1.751000221
18.54285966,73.8793282,1.758271953
18.54286022,73.87942294,1.762374442
18.54286078,73.87951767,1.775744506
18.54286135,73.87961241,1.785953787
18.54286191,73.87970715,1.793931177
18.54286247,73.87980189,1.808635446
18.54286303,73.87989663,1.829352755
18.54286359,73.87999136,1.834466261
18.54286416,73.8800861,1.838637272
18.54286472,73.88018084,1.856003303
18.54286528,73.88027558,1.871213416
18.54286584,73.88037032,1.875036431
18.5428664,73.88046505,1.872254975
18.54286696,73.88055979,1.856309117
18.54286753,73.88065453,1.858838823
18.54286809,73.88074927,1.868193944
18.54286865,73.88084401,1.898604571
18.54286921,73.88093874,1.91942593
18.54286977,73.88103348,1.922052187
18.54287033,73.88112822,1.915018106
18.54287089,73.88122296,1.912533648
18.54287145,73.8813177,1.912009449
18.54287202,73.88141243,1.905500364
18.54287258,73.88150717,1.898890684
18.54287314,73.88160191,1.869069668
18.5428737,73.88169665,1.834656113
18.54287426,73.88179139,1.801216601
18.54287482,73.88188612,1.767562947
18.54287538,73.88198086,1.733425919
18.54287594,73.8820756,1.758155514
18.5428765,73.88217034,1.760418036
18.54287706,73.88226508,1.744323336
18.54287762,73.88235982,1.746132802
18.54287818,73.88245455,1.735415737
18.54287875,73.88254929,1.710577626
18.54287931,73.88264403,1.683164389
18.54287987,73.88273877,1.651494357
18.54288043,73.88283351,1.625708097
18.54288099,73.88292824,1.609817928
18.54293567,73.8922126,1.878981278
18.54293623,73.89230734,1.856218204
18.54293678,73.89240207,1.816881833
18.54293734,73.89249681,1.777744387
18.5429379,73.89259155,1.755844056
18.54293845,73.89268629,1.750417725
18.54294012,73.8929705,1.633330116
18.54294067,73.89306524,1.625818937
18.54294123,73.89315998,1.628736461
18.54294178,73.89325472,1.649732387
18.54294234,73.89334946,1.690386231
18.54294289,73.8934442,1.723015384
18.54294345,73.89353894,1.727014716
18.542944,73.89363367,1.715878497
18.54294456,73.89372841,1.702107516
18.54294511,73.89382315,1.686179009
18.54294567,73.89391789,1.687450623
18.54294622,73.89401263,1.699758806
18.54294678,73.89410737,1.708053536
18.54294733,73.8942021,1.707120526
18.54294789,73.89429684,1.716526805
18.54294844,73.89439158,1.740108416
18.542949,73.89448632,1.757171112
18.54294955,73.89458106,1.767709813
18.54295011,73.8946758,1.787773
18.54295066,73.89477054,1.807219059
18.54295121,73.89486527,1.849030569
18.54295177,73.89496001,1.840384696
18.54295232,73.89505475,1.823202232
18.54295288,73.89514949,1.773180728
18.54295343,73.89524423,1.73274179
18.54295399,73.89533897,1.732317949
18.54295454,73.89543371,1.74679901
18.54295509,73.89552844,1.749917541
18.54295565,73.89562318,1.730547457
18.5429562,73.89571792,1.731271214
18.54295676,73.89581266,1.754091837
18.54295731,73.8959074,1.776355671
18.54295786,73.89600214,1.801584317
18.54295842,73.89609688,1.835956483
18.54295897,73.89619161,1.862997056
18.54295952,73.89628635,1.874389465
18.54296008,73.89638109,1.881726624
18.54296063,73.89647583,1.880176521
18.54296118,73.89657057,1.880957531
18.54296174,73.89666531,1.858809765
18.54322829,73.9432771,1.76262844
18.54322882,73.94337184,1.76262844
18.54322935,73.94346658,1.76262844
18.54322988,73.94356132,1.76262844
18.54275748,73.87733929,1.825376274
18.54275804,73.87743403,1.800397365
18.54275861,73.87752877,1.78481777
18.54275917,73.8776235,1.790493407
18.54275973,73.87771824,1.766690352
18.5427603,73.87781298,1.780709935
18.54276086,73.87790772,1.804097479
18.54276142,73.87800246,1.80092407
18.54276198,73.87809719,1.799896061
18.54276255,73.87819193,1.795040493
18.54276311,73.87828667,1.777649667
18.54276367,73.87838141,1.749307736
18.54276423,73.87847615,1.743877651
18.5427648,73.87857088,1.751064975
18.54276536,73.87866562,1.755960657
18.54276592,73.87876036,1.769568868
18.54276648,73.8788551,1.770703725
18.54276705,73.87894984,1.762174029
18.54276761,73.87904457,1.767889624
18.54276817,73.87913931,1.777841645
18.54276873,73.87923405,1.783593389
18.5427693,73.87932879,1.804172616
18.54276986,73.87942353,1.823816132
18.54277042,73.87951826,1.825152771
18.54277098,73.879613,1.841012253
18.54277154,73.87970774,1.85334318
18.54277211,73.87980248,1.870102761
18.54277267,73.87989721,1.896366502
18.54277323,73.87999195,1.891545623
18.54277379,73.88008669,1.87394523
18.54277435,73.88018143,1.887712908
18.54277492,73.88027617,1.89806356
18.54277548,73.8803709,1.89058453
18.54277604,73.88046564,1.873131773
18.5427766,73.88056038,1.86730721
18.54277716,73.88065512,1.855562585
18.54277772,73.88074986,1.857890786
18.54277828,73.88084459,1.892347767
18.54277885,73.88093933,1.896687015
18.54277941,73.88103407,1.903396618
18.54277997,73.88112881,1.866763981
18.54278053,73.88122355,1.885745873
18.54278109,73.88131828,1.877885509
18.54278165,73.88141302,1.873720031
18.54278221,73.88150776,1.847706806
18.54278277,73.8816025,1.817788516
18.54278333,73.88169724,1.780844823
18.5427839,73.88179197,1.723899468
18.54278446,73.88188671,1.678229862
18.54278502,73.88198145,1.687077335
18.54278558,73.88207619,1.702013197
18.54278614,73.88217093,1.7028199
18.5427867,73.88226567,1.698622443
18.54278726,73.8823604,1.696604058
18.54278782,73.88245514,1.701682373
18.54278838,73.88254988,1.717568836
18.54278894,73.88264462,1.705637303
18.5427895,73.88273936,1.66937554
18.54279006,73.88283409,1.663078172
18.54279062,73.88292883,1.610280148
18.54279118,73.88302357,1.603010125
18.54285142,73.8932553,1.683869409
18.54285197,73.89335004,1.72695834
18.54285253,73.89344478,1.755928756
18.54285308,73.89353952,1.773159731
18.54285364,73.89363426,1.775143534
18.54285419,73.89372899,1.779018197
18.54285475,73.89382373,1.768227724
18.5428553,73.89391847,1.762467373
18.54285586,73.89401321,1.760791021
18.54285641,73.89410795,1.755064261
18.54285697,73.89420269,1.742323889
18.54285752,73.89429742,1.724768279
18.54285808,73.89439216,1.713983875
18.54285863,73.8944869,1.743250005
18.54285919,73.89458164,1.771440953
18.54285974,73.89467638,1.758980054
18.5428603,73.89477112,1.777323688
18.54286085,73.89486586,1.825425842
18.5428614,73.89496059,1.857952561
18.54286196,73.89505533,1.826866909
18.54286251,73.89515007,1.770106306
18.54286307,73.89524481,1.744414252
18.54286362,73.89533955,1.75877762
18.54286417,73.89543429,1.786061755
18.54286473,73.89552903,1.792969047
18.54286528,73.89562376,1.775021866
18.54286584,73.8957185,1.743998095
18.54286639,73.89581324,1.759863389
18.54286694,73.89590798,1.782258548
18.5428675,73.89600272,1.810117032
18.54286805,73.89609746,1.822566768
18.54286861,73.8961922,1.826939188
18.54286916,73.89628693,1.836265234
18.54286971,73.89638167,1.834146329
18.54287027,73.89647641,1.845480216
18.54287082,73.89657115,1.841131067
18.54287137,73.89666589,1.846606656
18.54287193,73.89676063,1.833637269
18.54287414,73.89713958,1.873779158
18.54287469,73.89723432,1.879403409
18.54287525,73.89732906,1.887557704
18.54313845,73.9433724,1.76262844
18.54313898,73.94346714,1.76262844
18.54266543,73.87705567,1.815492069
18.54266599,73.87715041,1.827443044
18.54266655,73.87724514,1.830757828
18.54266712,73.87733988,1.809199785
18.54266768,73.87743462,1.804723326
18.54266824,73.87752936,1.787104682
18.54266881,73.87762409,1.77176058
18.54266937,73.87771883,1.775599454
18.54266993,73.87781357,1.779362606
18.54267049,73.87790831,1.78858418
18.54267106,73.87800305,1.799998364
18.54267162,73.87809778,1.801003994
18.54267218,73.87819252,1.786153431
18.54267275,73.87828726,1.767669174
18.54267331,73.878382,1.74530166
18.54267387,73.87847674,1.729781542
18.54267443,73.87857147,1.737917994
18.542675,73.87866621,1.75659235
18.54267556,73.87876095,1.777525305
18.54267612,73.87885569,1.797283455
18.54267668,73.87895042,1.810137987
18.54267725,73.87904516,1.820680154
18.54267781,73.8791399,1.829364115
18.54267837,73.87923464,1.842257144
18.54267893,73.87932938,1.856617075
18.54267949,73.87942411,1.860400019
18.54268006,73.87951885,1.869021472
18.54268062,73.87961359,1.882943478
18.54268118,73.87970833,1.892201566
18.54268174,73.87980307,1.905515785
18.5426823,73.8798978,1.909643147
18.54268287,73.87999254,1.897593305
18.54268343,73.88008728,1.875598554
18.54268399,73.88018202,1.868264502
18.54268455,73.88027676,1.85654336
18.54268511,73.88037149,1.834775253
18.54268567,73.88046623,1.816911553
18.54268624,73.88056097,1.809022936
18.5426868,73.88065571,1.805558576
18.54268736,73.88075045,1.811287554
18.54268792,73.88084518,1.793802085
18.54268848,73.88093992,1.834679595
18.54268904,73.88103466,1.819817861
18.5426896,73.8811294,1.820175391
18.54269017,73.88122414,1.77751181
18.54269073,73.88131887,1.803564263
18.54269129,73.88141361,1.79189996
18.54269185,73.88150835,1.761319755
18.54269241,73.88160309,1.724049607
18.54269297,73.88169783,1.702022978
18.54269353,73.88179256,1.67009609
18.54269409,73.8818873,1.669957386
18.54269465,73.88198204,1.659166539
18.54269521,73.88207678,1.67031949
18.54269578,73.88217151,1.694726702
18.54269634,73.88226625,1.707627913
18.5426969,73.88236099,1.674392709
18.54269746,73.88245573,1.664294957
18.54269802,73.88255047,1.70409563
18.54269858,73.88264521,1.729128397
18.54269914,73.88273994,1.718641299
18.5426997,73.88283468,1.664752675
18.54270026,73.88292942,1.640594607
18.54270082,73.88302416,1.61225543
18.54276216,73.89344536,1.782012584
18.54276272,73.8935401,1.809541525
18.54276327,73.89363484,1.827002999
18.54276383,73.89372958,1.835077419
18.54276438,73.89382431,1.840725864
18.54276494,73.89391905,1.828539439
18.54276549,73.89401379,1.800356553
18.54276605,73.89410853,1.769086718
18.5427666,73.89420327,1.735838417
18.54276716,73.89429801,1.714580834
18.54276771,73.89439274,1.718557747
18.54276827,73.89448748,1.742002578
18.54276882,73.89458222,1.765925354
18.54276938,73.89467696,1.773816226
18.54276993,73.8947717,1.790538468
18.54277049,73.89486644,1.832040126
18.54277104,73.89496118,1.857491888
18.54277159,73.89505591,1.859061653
18.54277215,73.89515065,1.793063924
18.5427727,73.89524539,1.775636089
18.54277326,73.89534013,1.793889718
18.54277381,73.89543487,1.810424582
18.54277436,73.89552961,1.809251804
18.54277492,73.89562434,1.796296222
18.54277547,73.89571908,1.777579103
18.54277603,73.89581382,1.766746835
18.54277658,73.89590856,1.793300814
18.54277713,73.8960033,1.813172515
18.54277769,73.89609804,1.812137277
18.54277824,73.89619278,1.791469034
18.5427788,73.89628751,1.79292165
18.54277935,73.89638225,1.802825798
18.5427799,73.89647699,1.803767993
18.54278046,73.89657173,1.810849218
18.54278101,73.89666647,1.808494437
18.54278156,73.89676121,1.793592763
18.54278212,73.89685595,1.790774923
18.54278267,73.89695068,1.807467495
18.54278322,73.89704542,1.83990371
18.54278378,73.89714016,1.86344328
18.54278433,73.8972349,1.869880862
18.54278488,73.89732964,1.884307481
18.54257281,73.87667731,1.670022997
18.54257337,73.87677205,1.649098091
18.54257394,73.87686678,1.683664115
18.5425745,73.87696152,1.725663053
18.54257506,73.87705626,1.760463472
18.54257563,73.877151,1.796559641
18.54257619,73.87724573,1.796954984
18.54257675,73.87734047,1.787732044
18.54257732,73.87743521,1.797108241
18.54257788,73.87752995,1.797112599
18.54257844,73.87762469,1.77158022
18.542579,73.87771942,1.774369459
18.54257957,73.87781416,1.783235479
18.54258013,73.8779089,1.791418829
18.54258069,73.87800364,1.806781587
18.54258126,73.87809837,1.82749926
18.54258182,73.87819311,1.82479961
18.54258238,73.87828785,1.801665433
18.54258294,73.87838259,1.775275771
18.54258351,73.87847733,1.766683387
18.54258407,73.87857206,1.775122176
18.54258463,73.8786668,1.800907826
18.54258519,73.87876154,1.824633928
18.54258576,73.87885628,1.832530395
18.54258632,73.87895101,1.844258994
18.54258688,73.87904575,1.859657862
18.54258744,73.87914049,1.861849655
18.54258801,73.87923523,1.879419323
18.54258857,73.87932997,1.87792772
18.54258913,73.8794247,1.871107612
18.54258969,73.87951944,1.86780223
18.54259025,73.87961418,1.87163322
18.54259082,73.87970892,1.888886748
18.54259138,73.87980366,1.901387152
18.54259194,73.87989839,1.885102941
18.5425925,73.87999313,1.83922221
18.54259306,73.88008787,1.834386779
18.54259363,73.88018261,1.806180295
18.54259419,73.88027734,1.786242448
18.54259475,73.88037208,1.755777371
18.54259531,73.88046682,1.748889397
18.54259587,73.88056156,1.725390064
18.54259643,73.8806563,1.713889796
18.54259699,73.88075103,1.717366209
18.54259756,73.88084577,1.734546747
18.54259812,73.88094051,1.73044059
18.54259868,73.88103525,1.755736379
18.54259924,73.88112999,1.729030097
18.5425998,73.88122472,1.732100564
18.54260036,73.88131946,1.690699792
18.54260092,73.8814142,1.717884214
18.54260148,73.88150894,1.70267742
18.54260205,73.88160368,1.670967347
18.54260261,73.88169841,1.657832699
18.54260317,73.88179315,1.648780771
18.54260373,73.88188789,1.676416409
18.54260429,73.88198263,1.700299561
18.54260485,73.88207736,1.718951765
18.54260541,73.8821721,1.721834892
18.54260597,73.88226684,1.692097848
18.54260653,73.88236158,1.674632572
18.54260709,73.88245632,1.697326903
18.54260765,73.88255105,1.682281961
18.54260821,73.88264579,1.700906924
18.54260877,73.88274053,1.720471155
18.54260933,73.88283527,1.714116814
18.5426099,73.88293001,1.674097519
18.54267347,73.89373016,1.881540028
18.54267402,73.8938249,1.876698145
18.54267457,73.89391963,1.852654005
18.54267513,73.89401437,1.821326187
18.54267568,73.89410911,1.760735336
18.54267624,73.89420385,1.7092136
18.54267679,73.89429859,1.692675644
18.54267735,73.89439333,1.706938553
18.5426779,73.89448806,1.745514646
18.54267846,73.8945828,1.765361086
18.54267901,73.89467754,1.785596954
18.54267957,73.89477228,1.810013489
18.54268012,73.89486702,1.824832211
18.54268068,73.89496176,1.868081493
18.54268123,73.8950565,1.8687037
18.54268178,73.89515123,1.833496146
18.54268234,73.89524597,1.803378244
18.54268289,73.89534071,1.806088544
18.54268345,73.89543545,1.817300546
18.542684,73.89553019,1.801544957
18.54268455,73.89562493,1.775307361
18.54268511,73.89571966,1.773695758
18.54268566,73.8958144,1.794163568
18.54268622,73.89590914,1.814676473
18.54268677,73.89600388,1.793419291
18.54268732,73.89609862,1.769731275
18.54268788,73.89619336,1.769409801
18.54268843,73.89628809,1.774959731
18.54268898,73.89638283,1.78186583
18.54268954,73.89647757,1.780027725
18.54269009,73.89657231,1.774712691
18.54269064,73.89666705,1.773944788
18.5426912,73.89676179,1.764243624
18.54269175,73.89685653,1.78513553
18.5426923,73.89695126,1.809037243
18.54269286,73.897046,1.829276989
18.54269341,73.89714074,1.854755838
18.54269396,73.89723548,1.874454681
18.54269452,73.89733022,1.882079543
18.54248132,73.87648842,1.753392005
18.54248188,73.87658316,1.697147145
18.54248245,73.8766779,1.652652095
18.54248301,73.87677264,1.640640129
18.54248357,73.87686737,1.66329248
18.54248414,73.87696211,1.709191458
18.5424847,73.87705685,1.744170439
18.54248526,73.87715159,1.757244897
18.54248583,73.87724632,1.783251315
18.54248639,73.87734106,1.808212979
18.54248695,73.8774358,1.810634281
18.54248752,73.87753054,1.804019054
18.54248808,73.87762528,1.80736935
18.54248864,73.87772001,1.810682508
18.5424892,73.87781475,1.807738563
18.54248977,73.87790949,1.833742909
18.54249033,73.87800423,1.860902851
18.54249089,73.87809896,1.870172046
18.54249146,73.8781937,1.877334567
18.54249202,73.87828844,1.860149833
18.54249258,73.87838318,1.839622509
18.54249314,73.87847792,1.83506783
18.54249371,73.87857265,1.840031982
18.54249427,73.87866739,1.849750771
18.54249483,73.87876213,1.857002154
18.54249539,73.87885687,1.869265761
18.54249596,73.8789516,1.876339185
18.54249652,73.87904634,1.873540565
18.54249708,73.87914108,1.886316419
18.54249764,73.87923582,1.886873842
18.5424982,73.87933056,1.868951303
18.54249877,73.87942529,1.867878875
18.54249933,73.87952003,1.864047075
18.54249989,73.87961477,1.852852077
18.54250045,73.87970951,1.850423067
18.54250101,73.87980424,1.842565719
18.54250158,73.87989898,1.811787868
18.54250214,73.87999372,1.803779415
18.5425027,73.88008846,1.772496628
18.54250326,73.8801832,1.773838443
18.54250382,73.88027793,1.742954769
18.54250438,73.88037267,1.702137782
18.54250495,73.88046741,1.680193015
18.54250551,73.88056215,1.668214811
18.54250607,73.88065688,1.677780577
18.54250663,73.88075162,1.693526262
18.54250719,73.88084636,1.715802194
18.54250775,73.8809411,1.735176287
18.54250832,73.88103584,1.70065491
18.54250888,73.88113057,1.724213171
18.54250944,73.88122531,1.685209961
18.54251,73.88132005,1.691688667
18.54251056,73.88141479,1.663378408
18.54251112,73.88150953,1.653771159
18.54251168,73.88160426,1.630285098
18.54251224,73.881699,1.620687182
18.5425128,73.88179374,1.666508865
18.54251336,73.88188848,1.681986128
18.54251393,73.88198321,1.710749591
18.54251449,73.88207795,1.753338908
18.54251505,73.88217269,1.76262844
18.54251561,73.88226743,1.692696644
18.54251897,73.88283586,1.710102752
18.54258366,73.89382548,1.903299589
18.54258421,73.89392022,1.879873437
18.54258477,73.89401495,1.833133562
18.54258532,73.89410969,1.783363132
18.54258587,73.89420443,1.732579936
18.54258643,73.89429917,1.720749116
18.54258698,73.89439391,1.73617651
18.54258754,73.89448865,1.765451056
18.54258809,73.89458338,1.807213242
18.54258865,73.89467812,1.81454146
18.5425892,73.89477286,1.799994903
18.54258976,73.8948676,1.835632293
18.54259031,73.89496234,1.879793055
18.54259086,73.89505708,1.876650894
18.54259142,73.89515181,1.851291619
18.54259197,73.89524655,1.838002686
18.54259253,73.89534129,1.828690051
18.54259308,73.89543603,1.819106059
18.54259364,73.89553077,1.795362133
18.54259419,73.89562551,1.756260659
18.54259474,73.89572024,1.760615142
18.5425953,73.89581498,1.795729883
18.54259585,73.89590972,1.802123095
18.54259641,73.89600446,1.780484924
18.54259696,73.8960992,1.750976363
18.54259751,73.89619394,1.749910417
18.54259807,73.89628868,1.746432147
18.54259862,73.89638341,1.741786607
18.54259917,73.89647815,1.746733846
18.54259973,73.89657289,1.74088644
18.54260028,73.89666763,1.730378437
18.54260083,73.89676237,1.741514826
18.54260139,73.89685711,1.767503172
18.54260194,73.89695184,1.808739432
18.54260249,73.89704658,1.831225913
18.54260305,73.89714132,1.836121963
18.5426036,73.89723606,1.854839865
18.54260415,73.8973308,1.844338526
18.54238814,73.87601533,1.763237144
18.54239095,73.87648901,1.727858785
18.54239152,73.87658375,1.704207771
18.54239208,73.87667849,1.688913196
18.54239265,73.87677323,1.667553202
18.54239321,73.87686796,1.698527063
18.54239377,73.8769627,1.731661801
18.54239434,73.87705744,1.771203455
18.5423949,73.87715218,1.792410698
18.54239546,73.87724691,1.799015135
18.54239602,73.87734165,1.833717948
18.54239659,73.87743639,1.846940759
18.54239715,73.87753113,1.839473546
18.54239771,73.87762587,1.850551733
18.54239828,73.8777206,1.851479963
18.54239884,73.87781534,1.855187771
18.5423994,73.87791008,1.875603761
18.54239997,73.87800482,1.885731454
18.54240053,73.87809955,1.901505029
18.54240109,73.87819429,1.909003506
18.54240165,73.87828903,1.894895137
18.54240222,73.87838377,1.884391679
18.54240278,73.8784785,1.87992821
18.54240334,73.87857324,1.87979718
18.5424039,73.87866798,1.888170319
18.54240447,73.87876272,1.877545658
18.54240503,73.87885746,1.870955828
18.54240559,73.87895219,1.867315013
18.54240615,73.87904693,1.866642899
18.54240672,73.87914167,1.870679829
18.54240728,73.87923641,1.868607404
18.54240784,73.87933114,1.871578573
18.5424084,73.87942588,1.853120827
18.54240896,73.87952062,1.837904588
18.54240953,73.87961536,1.817174069
18.54241009,73.8797101,1.801368852
18.54241065,73.87980483,1.773433184
18.54241121,73.87989957,1.769432906
18.54241177,73.87999431,1.747793796
18.54241234,73.88008905,1.739146966
18.5424129,73.88018378,1.719889986
18.54241346,73.88027852,1.715553426
18.54241402,73.88037326,1.674594325
18.54241458,73.880468,1.628599922
18.54241514,73.88056274,1.641200564
18.54241571,73.88065747,1.677142447
18.54241627,73.88075221,1.684232796
18.54241683,73.88084695,1.715379686
18.54241739,73.88094169,1.72651712
18.54241795,73.88103642,1.76262844
18.54241851,73.88113116,1.70342635
18.54241907,73.8812259,1.715437077
18.54241963,73.88132064,1.687576644
18.5424202,73.88141538,1.667693911
18.54242076,73.88151011,1.632847458
18.54242132,73.88160485,1.613767678
18.54242188,73.88169959,1.632086656
18.54242244,73.88179433,1.646527431
18.542423,73.88188907,1.680743356
18.54242356,73.8819838,1.711839331
18.5424944,73.89401554,1.852707643
18.54249496,73.89411027,1.806171948
18.54249551,73.89420501,1.789387242
18.54249607,73.89429975,1.777945502
18.54249662,73.89439449,1.795648526
18.54249717,73.89448923,1.819702895
18.54249773,73.89458397,1.848467789
18.54249828,73.8946787,1.850897219
18.54249884,73.89477344,1.832888587
18.54249939,73.89486818,1.846471862
18.54249995,73.89496292,1.880695869
18.5425005,73.89505766,1.883151128
18.54250105,73.8951524,1.868054814
18.54250161,73.89524713,1.853290211
18.54250216,73.89534187,1.831996222
18.54250272,73.89543661,1.819543832
18.54250327,73.89553135,1.786011185
18.54250383,73.89562609,1.759605356
18.54250438,73.89572083,1.744137598
18.54250493,73.89581556,1.773247942
18.54250549,73.8959103,1.780728194
18.54250604,73.89600504,1.769218075
18.54250659,73.89609978,1.740223625
18.54250715,73.89619452,1.713328787
18.5425077,73.89628926,1.70367857
18.54250826,73.89638399,1.708244603
18.54250881,73.89647873,1.705371321
18.54250936,73.89657347,1.698787765
18.54250992,73.89666821,1.699908921
18.54251047,73.89676295,1.72014103
18.54251102,73.89685769,1.754690711
18.54251158,73.89695242,1.790986783
18.54251213,73.89704716,1.818858351
18.54251268,73.8971419,1.828188324
18.54251324,73.89723664,1.831290582
18.54251379,73.89733138,1.820487629
18.54229608,73.8757317,1.739185116
18.54229664,73.87582644,1.732258554
18.54229721,73.87592118,1.730798202
18.54229777,73.87601592,1.718886003
18.54229834,73.87611065,1.717024607
18.54230059,73.8764896,1.749942454
18.54230115,73.87658434,1.754255938
18.54230172,73.87667908,1.733520453
18.54230228,73.87677382,1.736508443
18.54230284,73.87686855,1.764576014
18.54230341,73.87696329,1.799009411
18.54230397,73.87705803,1.822200245
18.54230453,73.87715277,1.837366257
18.5423051,73.87724751,1.857317858
18.54230566,73.87734224,1.856978644
18.54230622,73.87743698,1.870558408
18.54230679,73.87753172,1.874657221
18.54230735,73.87762646,1.864912354
18.54230791,73.87772119,1.861129517
18.54230848,73.87781593,1.879488099
18.54230904,73.87791067,1.883835298
18.5423096,73.87800541,1.88088503
18.54231016,73.87810014,1.89192512
18.54231073,73.87819488,1.889292258
18.54231129,73.87828962,1.884623938
18.54231185,73.87838436,1.878165009
18.54231242,73.87847909,1.886939877
18.54231298,73.87857383,1.875941523
18.54231354,73.87866857,1.862383701
18.5423141,73.87876331,1.865601712
18.54231467,73.87885805,1.836355964
18.54231523,73.87895278,1.819744068
18.54231579,73.87904752,1.816913504
18.54231635,73.87914226,1.800927258
18.54231691,73.879237,1.805314888
18.54231748,73.87933173,1.818637233
18.54231804,73.87942647,1.815766709
18.5423186,73.87952121,1.788587022
18.54231916,73.87961595,1.76882999
18.54231972,73.87971068,1.747695368
18.54232029,73.87980542,1.745215277
18.54232085,73.87990016,1.723894059
18.54232141,73.8799949,1.712475672
18.54232197,73.88008964,1.71828776
18.54232253,73.88018437,1.744383332
18.5423231,73.88027911,1.707197953
18.54232366,73.88037385,1.671733196
18.54232422,73.88046859,1.644840296
18.54232478,73.88056332,1.633061482
18.54232534,73.88065806,1.665030907
18.5423259,73.8807528,1.708200102
18.54232646,73.88084754,1.738581461
18.54232703,73.88094228,1.76262844
18.54232759,73.88103701,1.76262844
18.54232815,73.88113175,1.76262844
18.54232871,73.88122649,1.698657492
18.5424057,73.89430033,1.830657524
18.54240626,73.89439507,1.859594292
18.54240681,73.89448981,1.889612867
18.54240736,73.89458455,1.898223132
18.54240792,73.89467929,1.896872595
18.54240847,73.89477402,1.890224313
18.54240903,73.89486876,1.891722676
18.54240958,73.8949635,1.894718223
18.54241014,73.89505824,1.890861416
18.54241069,73.89515298,1.887314576
18.54241124,73.89524771,1.848160631
18.5424118,73.89534245,1.818488316
18.54241235,73.89543719,1.795775395
18.54241291,73.89553193,1.775232005
18.54241346,73.89562667,1.763415794
18.54241401,73.89572141,1.764276638
18.54241457,73.89581614,1.779487964
18.54241512,73.89591088,1.772988404
18.54241568,73.89600562,1.76479634
18.54241623,73.89610036,1.745193345
18.54241678,73.8961951,1.715910776
18.54241734,73.89628984,1.695296042
18.54241789,73.89638457,1.696575596
18.54241844,73.89647931,1.692363826
18.542419,73.89657405,1.68465655
18.54241955,73.89666879,1.692344427
18.5424201,73.89676353,1.718094487
18.54242066,73.89685827,1.751746748
18.54242121,73.896953,1.780310683
18.54242176,73.89704774,1.810919063
18.54242232,73.89714248,1.820184648
18.54242287,73.89723722,1.80877814
18.54242342,73.89733196,1.819486691
18.54242785,73.89808986,1.878668976
18.5424284,73.8981846,1.910378582
18.54242895,73.89827934,1.912856819
18.54242951,73.89837408,1.913574513
18.54220459,73.87554282,1.767317259
18.54220515,73.87563756,1.728624903
18.54220572,73.8757323,1.727009783
18.54220628,73.87582703,1.713239098
18.54220685,73.87592177,1.692075524
18.54220741,73.87601651,1.688368199
18.54221023,73.8764902,1.796333837
18.54221079,73.87658493,1.783763109
18.54221135,73.87667967,1.789791921
18.54221192,73.87677441,1.81999055
18.54221248,73.87686915,1.835410889
18.54221304,73.87696388,1.847013478
18.54221361,73.87705862,1.85718984
18.54221417,73.87715336,1.869572246
18.54221473,73.8772481,1.893300344
18.5422153,73.87734283,1.891742712
18.54221586,73.87743757,1.875944078
18.54221642,73.87753231,1.869354103
18.54221699,73.87762705,1.866871942
18.54221755,73.87772178,1.867031234
18.54221811,73.87781652,1.869825412
18.54221868,73.87791126,1.858451849
18.54221924,73.878006,1.860298325
18.5422198,73.87810073,1.85275983
18.54222036,73.87819547,1.859502443
18.54222093,73.87829021,1.864167831
18.54222149,73.87838495,1.85915265
18.54222205,73.87847968,1.844355032
18.54222261,73.87857442,1.826467963
18.54222318,73.87866916,1.798598854
18.54222374,73.8787639,1.803542811
18.5422243,73.87885864,1.796157752
18.54222486,73.87895337,1.766084393
18.54222543,73.87904811,1.746370355
18.54222599,73.87914285,1.744540897
18.54222655,73.87923759,1.749479698
18.54222711,73.87933232,1.758924416
18.54222767,73.87942706,1.763652878
18.54222824,73.8795218,1.769667664
18.5422288,73.87961654,1.757712711
18.54222936,73.87971127,1.743411547
18.54222992,73.87980601,1.724297073
18.54223048,73.87990075,1.724122888
18.54223105,73.87999549,1.71525078
18.54223161,73.88009022,1.76262844
18.54223217,73.88018496,1.76262844
18.54223273,73.8802797,1.738301629
18.54223329,73.88037444,1.67948271
18.54223385,73.88046918,1.64432637
18.542317,73.89458513,1.953753211
18.54231755,73.89467987,1.93875438
18.54231811,73.8947746,1.93782836
18.54231866,73.89486934,1.93257367
18.54231922,73.89496408,1.923658341
18.54231977,73.89505882,1.910211425
18.54232033,73.89515356,1.864749966
18.54232088,73.8952483,1.842559192
18.54232143,73.89534303,1.81439478
18.54232199,73.89543777,1.796841231
18.54232254,73.89553251,1.773275551
18.5423231,73.89562725,1.770746021
18.54232365,73.89572199,1.786188192
18.5423242,73.89581673,1.796493599
18.54232476,73.89591146,1.8066256
18.54232531,73.8960062,1.790297436
18.54232587,73.89610094,1.789315039
18.54232642,73.89619568,1.755022902
18.54232697,73.89629042,1.726276861
18.54232753,73.89638515,1.723392668
18.54232808,73.89647989,1.716553836
18.54232863,73.89657463,1.717048726
18.54232919,73.89666937,1.714268107
18.54232974,73.89676411,1.727479558
18.54233029,73.89685885,1.758831756
18.54233085,73.89695358,1.788973571
18.5423314,73.89704832,1.810844322
18.54233195,73.89714306,1.80820245
18.54233251,73.8972378,1.806055286
18.54233306,73.89733254,1.825479863
18.54233693,73.89799571,1.848140391
18.54233748,73.89809044,1.863808408
18.54233804,73.89818518,1.88101044
18.54233859,73.89827992,1.912992807
18.54233914,73.89837466,1.915701491
18.54233969,73.8984694,1.915261015
18.54234025,73.89856414,1.918076994
18.54211253,73.8752592,1.817496701
18.5421131,73.87535394,1.803990223
18.54211366,73.87544867,1.771379021
18.54211479,73.87563815,1.738322969
18.54211535,73.87573289,1.703882813
18.54211592,73.87582762,1.721167865
18.54211648,73.87592236,1.703858338
18.54211705,73.8760171,1.661214675
18.54211986,73.87649079,1.812935733
18.54212043,73.87658552,1.811489196
18.54212099,73.87668026,1.845529722
18.54212155,73.876775,1.857270882
18.54212212,73.87686974,1.86297527
18.54212268,73.87696447,1.865045766
18.54212324,73.87705921,1.869056152
18.54212381,73.87715395,1.880702074
18.54212437,73.87724869,1.896069387
18.54212493,73.87734342,1.899857883
18.5421255,73.87743816,1.887798303
18.54212606,73.8775329,1.864640597
18.54212662,73.87762764,1.856800612
18.54212719,73.87772237,1.862295429
18.54212775,73.87781711,1.853433296
18.54212831,73.87791185,1.837192733
18.54212887,73.87800659,1.831350617
18.54212944,73.87810132,1.835754824
18.54213,73.87819606,1.824598938
18.54213056,73.8782908,1.831672815
18.54213112,73.87838554,1.818291076
18.54213169,73.87848027,1.779031229
18.54213225,73.87857501,1.762606132
18.54213281,73.87866975,1.758956792
18.54213338,73.87876449,1.749221084
18.54213394,73.87885922,1.741078139
18.5421345,73.87895396,1.742109078
18.54213506,73.8790487,1.731263368
18.54213562,73.87914344,1.721769097
18.54213619,73.87923818,1.734216281
18.54213675,73.87933291,1.735816313
18.54213731,73.87942765,1.767648997
18.54213787,73.87952239,1.759411309
18.54213843,73.87961713,1.756127684
18.542139,73.87971186,1.752031464
18.54213956,73.8798066,1.738547593
18.54222774,73.89477519,1.967880263
18.5422283,73.89486992,1.943966126
18.54222885,73.89496466,1.949390495
18.54222941,73.8950594,1.92786772
18.54222996,73.89515414,1.86803708
18.54223052,73.89524888,1.821175674
18.54223107,73.89534361,1.821488253
18.54223162,73.89543835,1.808536739
18.54223218,73.89553309,1.804795644
18.54223273,73.89562783,1.79250394
18.54223329,73.89572257,1.791898467
18.54223384,73.89581731,1.811871942
18.54223439,73.89591204,1.82351604
18.54223495,73.89600678,1.815696908
18.5422355,73.89610152,1.809090999
18.54223605,73.89619626,1.800154922
18.54223661,73.896291,1.778501216
18.54223716,73.89638573,1.777112068
18.54223772,73.89648047,1.774771342
18.54223827,73.89657521,1.767096533
18.54223882,73.89666995,1.759165119
18.54223938,73.89676469,1.760357883
18.54223993,73.89685943,1.777201781
18.54224048,73.89695416,1.805609179
18.54224104,73.8970489,1.81774663
18.54224159,73.89714364,1.817395195
18.54224214,73.89723838,1.818602652
18.5422427,73.89733312,1.81536118
18.54224601,73.89790155,1.811816103
18.54224657,73.89799628,1.823704248
18.54224712,73.89809102,1.845741898
18.54224767,73.89818576,1.863813588
18.54224822,73.8982805,1.877255952
18.54224878,73.89837524,1.901791871
18.54224933,73.89846998,1.901329863
18.54224988,73.89856471,1.881033789
18.54225706,73.89979631,1.947517327
18.54225761,73.89989105,1.955747981
18.54225816,73.89998579,1.966932281
18.54225872,73.90008053,1.975316433
18.54202048,73.87497558,1.758699152
18.54202104,73.87507032,1.808448106
18.54202161,73.87516505,1.811732554
18.54202217,73.87525979,1.787729828
18.54202273,73.87535453,1.789111205
18.5420233,73.87544927,1.770406887
18.54203006,73.87658611,1.848094987
18.54203063,73.87668085,1.869653854
18.54203119,73.87677559,1.876583713
18.54203175,73.87687033,1.880848133
18.54203232,73.87696506,1.878088547
18.54203288,73.8770598,1.869733112
18.54203344,73.87715454,1.869232594
18.54203401,73.87724928,1.882901071
18.54203457,73.87734401,1.894589108
18.54203513,73.87743875,1.884059703
18.5420357,73.87753349,1.861504572
18.54203626,73.87762823,1.843691349
18.54203682,73.87772296,1.83226908
18.54203738,73.8778177,1.822532819
18.54203795,73.87791244,1.811912863
18.54203851,73.87800718,1.818133719
18.54203907,73.87810191,1.8160442
18.54203964,73.87819665,1.815039423
18.5420402,73.87829139,1.786652299
18.54204076,73.87838613,1.776172422
18.54204132,73.87848086,1.736842399
18.54204189,73.8785756,1.717215297
18.54204245,73.87867034,1.710269707
18.54204301,73.87876508,1.699504583
18.54204357,73.87885981,1.711808752
18.54204414,73.87895455,1.724673954
18.5420447,73.87904929,1.731423568
18.54204526,73.87914403,1.740830694
18.54214015,73.89524946,1.866682966
18.54214071,73.8953442,1.818737691
18.54214126,73.89543893,1.816655377
18.54214181,73.89553367,1.825298543
18.54214237,73.89562841,1.82080627
18.54214292,73.89572315,1.80982434
18.54214348,73.89581789,1.805685604
18.54214403,73.89591262,1.787142976
18.54214458,73.89600736,1.789025122
18.54214514,73.8961021,1.797640647
18.54214569,73.89619684,1.80613174
18.54214624,73.89629158,1.810385823
18.5421468,73.89638632,1.809977815
18.54214735,73.89648105,1.827596386
18.5421479,73.89657579,1.817800345
18.54214846,73.89667053,1.798484868
18.54214901,73.89676527,1.802928782
18.54214957,73.89686001,1.818405519
18.54215012,73.89695474,1.832127435
18.54215067,73.89704948,1.833699262
18.54215122,73.89714422,1.828487404
18.54215178,73.89723896,1.817553504
18.54215233,73.8973337,1.785886226
18.54215565,73.89790213,1.808579801
18.5421562,73.89799686,1.805622605
18.54215675,73.8980916,1.833573056
18.54215731,73.89818634,1.844081933
18.54215786,73.89828108,1.843913632
18.54215841,73.89837582,1.851521203
18.54215896,73.89847056,1.855982119
18.54215952,73.89856529,1.854832169
18.54216614,73.89970215,1.943817054
18.5421667,73.89979689,1.946337285
18.54216725,73.89989163,1.953890488
18.5421678,73.89998637,1.960444356
18.54216835,73.90008111,1.961663734
18.5421689,73.90017584,1.975050347
18.54192898,73.8747867,1.717530927
18.54192955,73.87488143,1.693876692
18.54193011,73.87497617,1.731516102
18.54193068,73.87507091,1.768081655
18.54193124,73.87516564,1.790082945
18.54193181,73.87526038,1.777408619
18.54193237,73.87535512,1.787404758
18.54193293,73.87544986,1.797015601
18.54194026,73.87668144,1.887339267
18.54194083,73.87677618,1.902604493
18.54194139,73.87687092,1.88340965
18.54194195,73.87696565,1.849743408
18.54194252,73.87706039,1.826290836
18.54194308,73.87715513,1.822863175
18.54194364,73.87724987,1.854228178
18.54194421,73.8773446,1.841292379
18.54194477,73.87743934,1.83633173
18.54194533,73.87753408,1.82075921
18.54194589,73.87762882,1.813397685
18.54194646,73.87772355,1.780101027
18.54194702,73.87781829,1.76805108
18.54194758,73.87791303,1.788337321
18.54194815,73.87800777,1.782108857
18.54194871,73.8781025,1.78401258
18.54194927,73.87819724,1.783779256
18.54194983,73.87829198,1.780278605
18.5419504,73.87838672,1.739748913
18.54195096,73.87848145,1.71308377
18.54195152,73.87857619,1.660842166
18.54195208,73.87867093,1.647338828
18.54195265,73.87876567,1.680824393
18.54195321,73.8788604,1.713296608
18.54195377,73.87895514,1.716602757
18.542052,73.89562899,1.802098049
18.54205256,73.89572373,1.78417785
18.54205311,73.89581847,1.764101863
18.54205366,73.89591321,1.730739367
18.54205422,73.89600794,1.737463913
18.54205477,73.89610268,1.76376108
18.54205533,73.89619742,1.794969727
18.54205588,73.89629216,1.818933399
18.54205643,73.8963869,1.830358745
18.54205699,73.89648163,1.837736991
18.54205754,73.89657637,1.843980322
18.54205809,73.89667111,1.837119428
18.54205865,73.89676585,1.846097045
18.5420592,73.89686059,1.856832434
18.54205975,73.89695532,1.861442846
18.54206031,73.89705006,1.851107271
18.54206086,73.8971448,1.832420112
18.54206141,73.89723954,1.795069179
18.54206197,73.89733428,1.755030294
18.54206252,73.89742902,1.739364626
18.54206473,73.89780797,1.819225714
18.54206528,73.89790271,1.830187102
18.54206584,73.89799744,1.827609876
18.54206639,73.89809218,1.829500085
18.54206694,73.89818692,1.833109374
18.5420675,73.89828166,1.831235129
18.54206805,73.8983764,1.805404612
18.5420686,73.89847113,1.807909575
18.54206915,73.89856587,1.810573501
18.54207026,73.89875535,1.793014317
18.54207523,73.89960799,1.919408845
18.54207578,73.89970273,1.919352375
18.54207633,73.89979747,1.939682715
18.54207688,73.89989221,1.945640381
18.54207743,73.89998695,1.941645442
18.54207799,73.90008168,1.947611156
18.54207854,73.90017642,1.952681406
18.54183693,73.87450308,1.748390664
18.54183749,73.87459781,1.704325719
18.54183806,73.87469255,1.687593896
18.54183862,73.87478729,1.660092705
18.54183918,73.87488202,1.686037092
18.54183975,73.87497676,1.701688286
18.54184031,73.8750715,1.734795157
18.54184088,73.87516624,1.792160112
18.54184144,73.87526097,1.811195603
18.54184201,73.87535571,1.791289545
18.54184257,73.87545045,1.799023002
18.54185046,73.87677677,1.883061994
18.54185103,73.87687151,1.847629503
18.54185159,73.87696625,1.775878659
18.54185215,73.87706098,1.730370164
18.54185272,73.87715572,1.757974709
18.54185328,73.87725046,1.761972723
18.54185384,73.87734519,1.770394439
18.54185441,73.87743993,1.745857117
18.54185497,73.87753467,1.740243725
18.54185553,73.87762941,1.735841477
18.54185609,73.87772414,1.734264233
18.54185666,73.87781888,1.718340719
18.54185722,73.87791362,1.722469459
18.54185778,73.87800836,1.743560349
18.54185835,73.87810309,1.756440599
18.54185891,73.87819783,1.774480079
18.54185947,73.87829257,1.738403076
18.54186003,73.87838731,1.700131103
18.5418606,73.87848204,1.675551992
18.54186116,73.87857678,1.654698034
18.54186172,73.87867152,1.647424434
18.54186228,73.87876626,1.669585958
18.5419633,73.89591379,1.690519999
18.54196385,73.89600852,1.713812733
18.54196441,73.89610326,1.742800393
18.54196496,73.896198,1.764634031
18.54196552,73.89629274,1.804604588
18.54196607,73.89638748,1.853294495
18.54196662,73.89648221,1.863905317
18.54196718,73.89657695,1.853366751
18.54196773,73.89667169,1.859322375
18.54196828,73.89676643,1.867507689
18.54196884,73.89686117,1.876813429
18.54196939,73.8969559,1.874247223
18.54196994,73.89705064,1.860993408
18.5419705,73.89714538,1.82073078
18.54197105,73.89724012,1.7646572
18.5419716,73.89733486,1.739641503
18.54197216,73.89742959,1.713833838
18.54197437,73.89780855,1.840182886
18.54197492,73.89790329,1.848775441
18.54197547,73.89799802,1.857663463
18.54197603,73.89809276,1.842100635
18.54197658,73.8981875,1.836602252
18.54197713,73.89828224,1.82534699
18.54197768,73.89837698,1.799138922
18.54197824,73.89847171,1.762505458
18.54197879,73.89856645,1.771803829
18.54197934,73.89866119,1.785069858
18.54197989,73.89875593,1.808703974
18.54198486,73.89960857,1.917406944
18.54198541,73.89970331,1.922357442
18.54198597,73.89979805,1.918511384
18.54198652,73.89989279,1.92416003
18.54198707,73.89998752,1.927576858
18.54198762,73.90008226,1.928450207
18.54198817,73.900177,1.942725813
18.54198873,73.90027174,1.943579474
18.54199038,73.90055595,1.963474941
18.54199093,73.90065069,1.946848731
18.54199148,73.90074543,1.948390828
18.54199203,73.90084017,1.953108211
18.54200305,73.90273493,1.887100212
18.5420036,73.90282967,1.878991859
18.54174487,73.87421946,1.818509509
18.54174543,73.87431419,1.801978661
18.541746,73.87440893,1.765581171
18.54174656,73.87450367,1.708056662
18.54174713,73.8745984,1.712758842
18.54174769,73.87469314,1.687593703
18.54174826,73.87478788,1.689308937
18.54174882,73.87488262,1.716830558
18.54174939,73.87497735,1.761577223
18.54174995,73.87507209,1.796756124
18.54175051,73.87516683,1.824346845
18.54175108,73.87526156,1.833492116
18.54175164,73.8753563,1.835788469
18.54175221,73.87545104,1.843605008
18.54175277,73.87554578,1.871861127
18.54176066,73.8768721,1.750535703
18.54176123,73.87696684,1.685446338
18.54176179,73.87706157,1.670548675
18.54176235,73.87715631,1.655000255
18.54176291,73.87725105,1.670805855
18.54176348,73.87734579,1.682598053
18.54176404,73.87744052,1.711739375
18.5417646,73.87753526,1.681849697
18.54176517,73.87763,1.664252213
18.54187792,73.89676701,1.876473267
18.54187847,73.89686175,1.869485445
18.54187903,73.89695648,1.859952893
18.54187958,73.89705122,1.840699354
18.54188013,73.89714596,1.801273616
18.54188068,73.8972407,1.753440995
18.54188124,73.89733544,1.719314571
18.541884,73.89780913,1.851634599
18.54188456,73.89790386,1.85753708
18.54188511,73.8979986,1.871205547
18.54188566,73.89809334,1.875312582
18.54188621,73.89818808,1.843011553
18.54188677,73.89828282,1.812930358
18.54188732,73.89837756,1.79123988
18.54188787,73.89847229,1.790221681
18.54188842,73.89856703,1.75447525
18.54188898,73.89866177,1.771266408
18.54188953,73.89875651,1.797878556
18.5418945,73.89960915,1.901348398
18.54189505,73.89970389,1.908836063
18.5418956,73.89979863,1.911446681
18.54189615,73.89989336,1.911282003
18.54189671,73.8999881,1.907361498
18.54189726,73.90008284,1.90244476
18.54189781,73.90017758,1.914691623
18.54189836,73.90027232,1.941199064
18.54189891,73.90036706,1.95048592
18.54189946,73.90046179,1.926450787
18.54190002,73.90055653,1.931944146
18.54190057,73.90065127,1.945356959
18.54190112,73.90074601,1.94809485
18.54190167,73.90084075,1.950867689
18.54190222,73.90093548,1.936708043
18.54190443,73.90131444,1.919724268
18.54190498,73.90140918,1.922605297
18.54190553,73.90150391,1.922723411
18.54190608,73.90159865,1.932537153
18.54190663,73.90169339,1.932981123
18.54191214,73.90264077,1.905594328
18.54191269,73.90273551,1.889212383
18.54191324,73.90283025,1.891015059
18.54191379,73.90292499,1.888524526
18.54191764,73.90358815,1.962340426
18.54191819,73.90368289,1.964951758
18.54192753,73.90529344,1.905656563
18.54165338,73.87403057,1.843556131
18.54165394,73.87412531,1.833918594
18.54165451,73.87422005,1.815893073
18.54165507,73.87431478,1.799690826
18.54165564,73.87440952,1.795023556
18.5416562,73.87450426,1.773435365
18.54165676,73.874599,1.744326025
18.54165733,73.87469373,1.762619747
18.54165789,73.87478847,1.770994857
18.54165846,73.87488321,1.799208779
18.54165902,73.87497794,1.827433085
18.54165959,73.87507268,1.871197638
18.54166015,73.87516742,1.862958858
18.54166071,73.87526216,1.86948432
18.54166128,73.87535689,1.879200597
18.54166184,73.87545163,1.863002067
18.54166241,73.87554637,1.842308725
18.54166297,73.87564111,1.822378385
18.54166353,73.87573584,1.817010411
18.5416641,73.87583058,1.808360749
18.54166466,73.87592532,1.81928839
18.54166523,73.87602005,1.815709734
18.54167086,73.87696743,1.644866155
18.54167142,73.87706216,1.614971362
18.54167199,73.8771569,1.620386702
18.54167255,73.87725164,1.646809561
18.54178866,73.89695706,1.827913309
18.54178921,73.8970518,1.81518991
18.54178977,73.89714654,1.782883357
18.54179032,73.89724128,1.747270864
18.54179087,73.89733602,1.70834685
18.54179419,73.89790444,1.860000138
18.54179474,73.89799918,1.857981072
18.5417953,73.89809392,1.859927403
18.54179585,73.89818866,1.852546905
18.5417964,73.8982834,1.817239915
18.54179695,73.89837813,1.812215107
18.54179751,73.89847287,1.801957141
18.54180358,73.89951499,1.920798461
18.54180413,73.89960973,1.891111826
18.54180469,73.89970447,1.896505199
18.54180524,73.89979921,1.89343758
18.54180579,73.89989394,1.888542457
18.54180634,73.89998868,1.884135354
18.54180689,73.90008342,1.886290927
18.54180744,73.90017816,1.905325484
18.541808,73.9002729,1.909668325
18.54180855,73.90036763,1.909621039
18.5418091,73.90046237,1.893674162
18.54180965,73.90055711,1.899048097
18.5418102,73.90065185,1.90172311
18.54181075,73.90074659,1.92121619
18.54181131,73.90084132,1.930312038
18.54181186,73.90093606,1.933059227
18.54181241,73.9010308,1.920490612
18.54181296,73.90112554,1.910647809
18.54181351,73.90122028,1.893586581
18.54181406,73.90131501,1.904671256
18.54181461,73.90140975,1.908268915
18.54181516,73.90150449,1.906017813
18.54181571,73.90159923,1.910439533
18.54181627,73.90169397,1.896496912
18.54181682,73.90178871,1.900232206
18.54182122,73.90254661,1.910822631
18.54182177,73.90264135,1.90902405
18.54182232,73.90273609,1.906983188
18.54182287,73.90283083,1.895100086
18.54182342,73.90292556,1.896949008
18.54182727,73.90358873,1.972735245
18.54182782,73.90368347,1.975764663
18.54182837,73.90377821,1.978322792
18.54183607,73.90510454,1.863594476
18.54183662,73.90519928,1.864759361
18.54183717,73.90529402,1.874995318
18.54156132,73.87374695,1.782907786
18.54156188,73.87384169,1.791207316
18.54156245,73.87393643,1.809950191
18.54156301,73.87403117,1.826689049
18.54156358,73.8741259,1.834465706
18.54156414,73.87422064,1.840029182
18.54156471,73.87431538,1.845849063
18.54156527,73.87441011,1.84073552
18.54156584,73.87450485,1.841809634
18.5415664,73.87459959,1.824581028
18.54156696,73.87469432,1.808997174
18.54156753,73.87478906,1.862802578
18.54156809,73.8748838,1.869033419
18.54156866,73.87497854,1.885165226
18.54156922,73.87507327,1.88139133
18.54156979,73.87516801,1.872742537
18.54157035,73.87526275,1.871744917
18.54157091,73.87535748,1.856389573
18.54157148,73.87545222,1.819610321
18.54157204,73.87554696,1.792045582
18.54157261,73.8756417,1.788881424
18.54157317,73.87573643,1.795022298
18.54157373,73.87583117,1.800628614
18.5415743,73.87592591,1.812106402
18.54157486,73.87602065,1.820036519
18.54170383,73.89790502,1.854973303
18.54170438,73.89799976,1.83773527
18.54170493,73.8980945,1.842135966
18.54170548,73.89818924,1.842160043
18.54170604,73.89828398,1.843462442
18.54170659,73.89837871,1.833764119
18.54170714,73.89847345,1.828899857
18.54171322,73.89951557,1.920206864
18.54171377,73.89961031,1.897752411
18.54171432,73.89970505,1.882234027
18.54171487,73.89979978,1.882303798
18.54171542,73.89989452,1.880417567
18.54171598,73.89998926,1.865287981
18.54171653,73.900084,1.865593706
18.54171708,73.90017874,1.881858575
18.54171763,73.90027347,1.883108099
18.54171818,73.90036821,1.850938509
18.54171873,73.90046295,1.837793702
18.54171929,73.90055769,1.827605971
18.54171984,73.90065243,1.84812433
18.54172039,73.90074716,1.877606657
18.54172094,73.9008419,1.894552678
18.54172149,73.90093664,1.901053959
18.54172204,73.90103138,1.893848187
18.54172259,73.90112612,1.89019538
18.54172315,73.90122085,1.885579342
18.5417237,73.90131559,1.871632172
18.54172425,73.90141033,1.868666952
18.5417248,73.90150507,1.874690253
18.54172535,73.90159981,1.866899492
18.5417259,73.90169455,1.860220098
18.54172645,73.90178928,1.850600832
18.54173086,73.90254719,1.920423036
18.54173141,73.90264193,1.907386368
18.54173196,73.90273666,1.894414712
18.54173251,73.9028314,1.882773936
18.54173306,73.90292614,1.893401048
18.54173691,73.90358931,1.974265799
18.54173746,73.90368405,1.976554478
18.54173801,73.90377878,1.960612083
18.54173856,73.90387352,1.930181911
18.5417457,73.90510512,1.819648754
18.54174625,73.90519986,1.820069438
18.5417468,73.90529459,1.794423322
18.54174735,73.90538933,1.76461323
18.54146926,73.87346333,1.804112942
18.54146982,73.87355807,1.773201433
18.54147039,73.87365281,1.751081985
18.54147095,73.87374755,1.725509137
18.54147152,73.87384228,1.744349251
18.54147208,73.87393702,1.773538376
18.54147265,73.87403176,1.803948583
18.54147321,73.87412649,1.844781576
18.54147378,73.87422123,1.865605212
18.54147434,73.87431597,1.886369279
18.54147491,73.87441071,1.86782499
18.54147547,73.87450544,1.862030044
18.54147604,73.87460018,1.856730759
18.5414766,73.87469492,1.843809553
18.54147717,73.87478965,1.852874635
18.54147773,73.87488439,1.877046645
18.54147829,73.87497913,1.889090006
18.54147886,73.87507387,1.872934099
18.54147942,73.8751686,1.857402538
18.54147999,73.87526334,1.834456958
18.54148055,73.87535808,1.781552118
18.54148112,73.87545281,1.762187508
18.54148168,73.87554755,1.742820137
18.54148224,73.87564229,1.724223417
18.54148281,73.87573702,1.745675318
18.54148337,73.87583176,1.759110308
18.54148393,73.8759265,1.798589146
18.5414845,73.87602124,1.81974932
18.54161346,73.8979056,1.829189895
18.54161401,73.89800034,1.837303514
18.54161457,73.89809508,1.824751236
18.54161512,73.89818982,1.819528527
18.54161567,73.89828456,1.83517159
18.54161623,73.89837929,1.857790762
18.54161678,73.89847403,1.864123432
18.5416223,73.89942141,1.932267425
18.54162285,73.89951615,1.919634166
18.5416234,73.89961089,1.907445122
18.54162396,73.89970562,1.88592894
18.54162451,73.89980036,1.873529439
18.54162506,73.8998951,1.874342109
18.54162561,73.89998984,1.871168892
18.54162616,73.90008458,1.857216611
18.54162672,73.90017931,1.847022475
18.54162727,73.90027405,1.830317656
18.54162782,73.90036879,1.811164451
18.54162837,73.90046353,1.785231234
18.54162892,73.90055827,1.779850782
18.54162947,73.900653,1.787328761
18.54163002,73.90074774,1.82064018
18.54163058,73.90084248,1.845546656
18.54163113,73.90093722,1.867165917
18.54163168,73.90103196,1.866059475
18.54163223,73.90112669,1.862233197
18.54163278,73.90122143,1.847401808
18.54163333,73.90131617,1.837551055
18.54163388,73.90141091,1.833561016
18.54163443,73.90150565,1.831169861
18.54163499,73.90160038,1.827405567
18.54163554,73.90169512,1.839560616
18.54163609,73.90178986,1.852023358
18.54163994,73.90245303,1.900552067
18.54164049,73.90254777,1.912048236
18.54164104,73.9026425,1.895341289
18.54164159,73.90273724,1.882944606
18.54164214,73.90283198,1.867834877
18.54164269,73.90292672,1.874898949
18.54164599,73.90349515,1.964572032
18.54164654,73.90358988,1.964381085
18.54164709,73.90368462,1.933819093
18.54164764,73.90377936,1.910144911
18.54164819,73.9038741,1.876870834
18.54165479,73.90501096,1.806373063
18.54165534,73.90510569,1.816225893
18.54165589,73.90520043,1.766580913
18.54165644,73.90529517,1.734576636
18.54165698,73.90538991,1.724143601
18.54166138,73.90614781,1.879822861
18.54166192,73.90624255,1.893889677
18.54166247,73.90633729,1.886467943
18.54137777,73.87327445,1.801828951
18.54137833,73.87336919,1.790181269
18.5413789,73.87346393,1.782790525
18.54137946,73.87355866,1.755375992
18.54138003,73.8736534,1.721435893
18.54138059,73.87374814,1.704048333
18.54138116,73.87384288,1.7252343
18.54138172,73.87393761,1.758810873
18.54138229,73.87403235,1.813448699
18.54138285,73.87412709,1.855386834
18.54138341,73.87422182,1.879463648
18.54138398,73.87431656,1.861933745
18.54138454,73.8744113,1.859338088
18.54138511,73.87450603,1.848603347
18.54138567,73.87460077,1.825931495
18.54138624,73.87469551,1.819618497
18.5413868,73.87479025,1.824173229
18.54138737,73.87488498,1.85440635
18.54138793,73.87497972,1.887802546
18.54138849,73.87507446,1.866743932
18.54138906,73.87516919,1.833740491
18.54138962,73.87526393,1.781239937
18.54139019,73.87535867,1.744318924
18.54139075,73.8754534,1.72357612
18.54139132,73.87554814,1.690431141
18.54139188,73.87564288,1.651979948
18.54139244,73.87573762,1.66472943
18.54139301,73.87583235,1.717091091
18.54139357,73.87592709,1.75108294
18.54139413,73.87602183,1.797624708
18.54152365,73.89800092,1.806449351
18.5415242,73.89809566,1.798187942
18.54152476,73.8981904,1.800687986
18.54152531,73.89828513,1.816321653
18.54152586,73.89837987,1.835180586
18.54153194,73.89942199,1.94346917
18.54153249,73.89951673,1.927876173
18.54153304,73.89961147,1.908647804
18.54153359,73.8997062,1.888965858
18.54153414,73.89980094,1.873874144
18.5415347,73.89989568,1.873805775
18.54153525,73.89999042,1.86616109
18.5415358,73.90008515,1.850930264
18.54153635,73.90017989,1.844840293
18.5415369,73.90027463,1.8197629
18.54153745,73.90036937,1.791314061
18.54153801,73.90046411,1.771354848
18.54153856,73.90055884,1.78221502
18.54153911,73.90065358,1.790580732
18.54153966,73.90074832,1.806804593
18.54154021,73.90084306,1.833315106
18.54154076,73.9009378,1.853424667
18.54154131,73.90103253,1.854850403
18.54154187,73.90112727,1.83279628
18.54154242,73.90122201,1.822554395
18.54154297,73.90131675,1.825019237
18.54154352,73.90141149,1.834305162
18.54154407,73.90150622,1.838971746
18.54154462,73.90160096,1.842831197
18.54154517,73.9016957,1.852699012
18.54154572,73.90179044,1.869342634
18.54154627,73.90188518,1.889081971
18.54154958,73.9024536,1.904629703
18.54155013,73.90254834,1.900224521
18.54155068,73.90264308,1.880873028
18.54155123,73.90273782,1.8554124
18.54155178,73.90283256,1.855714967
18.54155618,73.90359046,1.910771204
18.54155673,73.9036852,1.873866479
18.54155728,73.90377994,1.84596933
18.54155783,73.90387467,1.826576446
18.54156387,73.90491679,1.86719083
18.54156442,73.90501153,1.836916586
18.54156497,73.90510627,1.807916067
18.54156552,73.90520101,1.777930781
18.54156607,73.90529575,1.753837299
18.54156662,73.90539048,1.738349666
18.54157101,73.90614839,1.880843418
18.54157156,73.90624313,1.892309018
18.54157211,73.90633787,1.888085883
18.54157266,73.9064326,1.877336484
18.54128571,73.87299084,1.792409687
18.54128627,73.87308557,1.76591622
18.54128684,73.87318031,1.765626104
18.5412874,73.87327505,1.740934854
18.54128797,73.87336978,1.760179771
18.54128853,73.87346452,1.761137756
18.5412891,73.87355926,1.756602524
18.54128966,73.87365399,1.748042091
18.54129023,73.87374873,1.736929487
18.54129079,73.87384347,1.753896565
18.54129136,73.8739382,1.777531697
18.54129192,73.87403294,1.822505267
18.54129249,73.87412768,1.867357001
18.54129305,73.87422242,1.864010405
18.54129362,73.87431715,1.831643036
18.54129418,73.87441189,1.803114604
18.54129474,73.87450663,1.770819839
18.54129531,73.87460136,1.7365418
18.54129587,73.8746961,1.746369269
18.54129644,73.87479084,1.79171142
18.541297,73.87488557,1.834846365
18.54129757,73.87498031,1.864243277
18.54129813,73.87507505,1.842170876
18.5412987,73.87516979,1.781594192
18.54129926,73.87526452,1.738516762
18.54129982,73.87535926,1.739309411
18.54130039,73.875454,1.688561486
18.54130095,73.87554873,1.645531259
18.54130152,73.87564347,1.643091466
18.54130208,73.87573821,1.634703769
18.54130264,73.87583294,1.656073531
18.54143384,73.89809624,1.762486938
18.54143439,73.89819098,1.778547478
18.54143494,73.89828571,1.782183059
18.54144157,73.89942257,1.956553802
18.54144212,73.89951731,1.943210557
18.54144268,73.89961204,1.915780216
18.54144323,73.89970678,1.898409912
18.54144378,73.89980152,1.886735012
18.54144433,73.89989626,1.875507911
18.54144488,73.899991,1.869086479
18.54144543,73.90008573,1.851152101
18.54144599,73.90018047,1.843912781
18.54144654,73.90027521,1.826854372
18.54144709,73.90036995,1.816436755
18.54144764,73.90046468,1.798357167
18.54144819,73.90055942,1.810309081
18.54144874,73.90065416,1.814641755
18.5414493,73.9007489,1.818999595
18.54144985,73.90084364,1.835185045
18.5414504,73.90093837,1.831860704
18.54145205,73.90122259,1.816926405
18.5414526,73.90131733,1.819325141
18.54145315,73.90141206,1.835180281
18.5414537,73.9015068,1.860368288
18.54145426,73.90160154,1.893766163
18.54145481,73.90169628,1.902335688
18.54145536,73.90179102,1.90387688
18.54145591,73.90188575,1.921348382
18.54145646,73.90198049,1.915868465
18.54145701,73.90207523,1.895494292
18.54145866,73.90235944,1.881011267
18.54145921,73.90245418,1.895986373
18.54145976,73.90254892,1.89377302
18.54146031,73.90264366,1.88203593
18.54146086,73.9027384,1.869243015
18.54146141,73.90283313,1.849974861
18.54146637,73.90368578,1.834268986
18.54146691,73.90378051,1.808974009
18.54146746,73.90387525,1.789992042
18.54147296,73.90482263,1.865529631
18.54147351,73.90491737,1.888800142
18.54147406,73.90501211,1.878335464
18.54147461,73.90510685,1.852390316
18.54147516,73.90520158,1.831072489
18.54147571,73.90529632,1.797978536
18.54147626,73.90539106,1.75202036
18.5414801,73.90605423,1.877441052
18.54148065,73.90614896,1.891010013
18.54148119,73.9062437,1.873659328
18.54148174,73.90633844,1.883728146
18.54148229,73.90643318,1.861248479
18.54148558,73.90700161,1.866163003
18.54148613,73.90709635,1.871377
18.54148668,73.90719108,1.913967394
18.54148723,73.90728582,1.921118214
18.54148777,73.90738056,1.907976376
18.54148832,73.9074753,1.861653138
18.54148887,73.90757004,1.821270758
18.54168783,73.94252864,1.76262844
18.54168836,73.94262338,1.76262844
18.54119365,73.87270722,1.786051008
18.54119421,73.87280195,1.788036992
18.54119478,73.87289669,1.770485346
18.54119534,73.87299143,1.729850159
18.54119591,73.87308616,1.71615604
18.54119647,73.8731809,1.68841871
18.54119704,73.87327564,1.707232706
18.5411976,73.87337038,1.72547134
18.54119817,73.87346511,1.754516054
18.54119873,73.87355985,1.773883392
18.5411993,73.87365459,1.776328296
18.54119986,73.87374932,1.779908045
18.54120043,73.87384406,1.77440495
18.54120099,73.8739388,1.797346446
18.54120156,73.87403353,1.836468602
18.54120212,73.87412827,1.845380266
18.54120269,73.87422301,1.830658401
18.54120325,73.87431774,1.791575596
18.54120382,73.87441248,1.737332976
18.54120438,73.87450722,1.677840895
18.54120495,73.87460196,1.67114085
18.54120551,73.87469669,1.686858592
18.54120607,73.87479143,1.743633244
18.54120664,73.87488617,1.810772732
18.5412072,73.8749809,1.815211706
18.54120777,73.87507564,1.784990316
18.54120833,73.87517038,1.715257001
18.5412089,73.87526511,1.70610181
18.54120946,73.87535985,1.702995246
18.54121002,73.87545459,1.682698232
18.54121059,73.87554932,1.664659157
18.54121115,73.87564406,1.661196096
18.54135066,73.89932841,1.975070911
18.54135121,73.89942315,1.96838621
18.54135176,73.89951788,1.952187361
18.54135231,73.89961262,1.9325893
18.54135286,73.89970736,1.916900706
18.54135341,73.8998021,1.893158013
18.54135397,73.89989684,1.882171366
18.54135452,73.89999157,1.873559027
18.54135507,73.90008631,1.870339065
18.54135562,73.90018105,1.850262336
18.54135617,73.90027579,1.843627313
18.54135673,73.90037053,1.846894015
18.54135728,73.90046526,1.847736274
18.54135783,73.90056,1.842988599
18.54135838,73.90065474,1.827880574
18.54135893,73.90074948,1.832703539
18.54135948,73.90084421,1.839055094
18.54136169,73.90122317,1.813191282
18.54136224,73.9013179,1.813999894
18.54136279,73.90141264,1.844949932
18.54136334,73.90150738,1.874546936
18.54136389,73.90160212,1.893658651
18.54136444,73.90169686,1.910237855
18.54136499,73.90179159,1.926221645
18.54136554,73.90188633,1.921156845
18.54136609,73.90198107,1.911169681
18.54136665,73.90207581,1.902022075
18.5413672,73.90217054,1.87799721
18.5413683,73.90236002,1.87900397
18.54136885,73.90245476,1.892399089
18.5413694,73.9025495,1.896564362
18.54136995,73.90264423,1.907588157
18.5413705,73.90273897,1.890381881
18.54137105,73.90283371,1.854230603
18.541376,73.90368635,1.829969574
18.54137655,73.90378109,1.821104534
18.5413771,73.90387583,1.806885096
18.5413826,73.90482321,1.855375802
18.54138314,73.90491795,1.857757589
18.54138369,73.90501268,1.888709938
18.54138424,73.90510742,1.883489593
18.54138479,73.90520216,1.841398351
18.54138534,73.9052969,1.80799484
18.54138589,73.90539164,1.803306104
18.54138973,73.9060548,1.867997745
18.54139028,73.90614954,1.870635262
18.54139083,73.90624428,1.857848126
18.54139138,73.90633902,1.85700423
18.54139193,73.90643375,1.83942893
18.54139248,73.90652849,1.853659164
18.54139467,73.90690744,1.87699797
18.54139522,73.90700218,1.869698904
18.54139577,73.90709692,1.856592552
18.54139631,73.90719166,1.878028997
18.54139686,73.9072864,1.892383246
18.54139741,73.90738113,1.8758117
18.54139796,73.90747587,1.856883382
18.54139851,73.90757061,1.823866294
18.54139905,73.90766535,1.830308387
18.54140617,73.90889694,1.858339273
18.54140672,73.90899168,1.878034021
18.54140727,73.90908642,1.893017322
18.54140781,73.90918116,1.888256008
18.54140836,73.9092759,1.885869613
18.54140891,73.90937064,1.923576018
18.54110215,73.87251834,1.786942942
18.54110272,73.87261307,1.774588056
18.54110328,73.87270781,1.746520389
18.54110385,73.87280255,1.731534397
18.54110441,73.87289728,1.697387681
18.54110498,73.87299202,1.679507071
18.54110554,73.87308676,1.656224511
18.54110611,73.87318149,1.651943686
18.54110667,73.87327623,1.66720808
18.54110724,73.87337097,1.68718013
18.5411078,73.8734657,1.709585644
18.54110837,73.87356044,1.753416489
18.54110893,73.87365518,1.787311077
18.5411095,73.87374992,1.768041626
18.54111006,73.87384465,1.763805502
18.54111063,73.87393939,1.778245159
18.54111119,73.87403413,1.806227012
18.54111176,73.87412886,1.805142189
18.54111232,73.8742236,1.771945834
18.54111289,73.87431834,1.76147108
18.54111345,73.87441307,1.691361667
18.54111402,73.87450781,1.643465395
18.54111458,73.87460255,1.628650418
18.54111515,73.87469728,1.677279419
18.54111571,73.87479202,1.729627006
18.54111627,73.87488676,1.759538055
18.54111684,73.87498149,1.766245935
18.5411174,73.87507623,1.723560657
18.54111797,73.87517097,1.700676692
18.54111853,73.87526571,1.664022543
18.5411191,73.87536044,1.658659403
18.54111966,73.87545518,1.698639675
18.54126029,73.89932899,1.990867458
18.54126084,73.89942373,1.966974311
18.54126139,73.89951846,1.959744563
18.54126195,73.8996132,1.948756588
18.5412625,73.89970794,1.922825903
18.54126305,73.89980268,1.898509448
18.5412636,73.89989741,1.881711157
18.54126415,73.89999215,1.878497273
18.54126471,73.90008689,1.87602143
18.54126526,73.90018163,1.874805582
18.54126581,73.90027637,1.869338793
18.54126636,73.9003711,1.862051548
18.54126691,73.90046584,1.864236312
18.54126746,73.90056058,1.865985805
18.54126801,73.90065532,1.854298938
18.54126857,73.90075005,1.834970372
18.54126912,73.90084479,1.833077732
18.54127132,73.90122374,1.821264286
18.54127187,73.90131848,1.834070577
18.54127242,73.90141322,1.842294068
18.54127298,73.90150796,1.871391967
18.54127353,73.9016027,1.894986697
18.54127408,73.90169743,1.910431746
18.54127463,73.90179217,1.915881143
18.54127518,73.90188691,1.909178787
18.54127573,73.90198165,1.906224885
18.54127628,73.90207638,1.906539351
18.54127848,73.90245534,1.896669782
18.54127903,73.90255007,1.912898584
18.54127958,73.90264481,1.895690617
18.54128013,73.90273955,1.901552172
18.54128068,73.90283429,1.894336742
18.54128564,73.90368693,1.861993626
18.54128619,73.90378167,1.849539829
18.54128674,73.9038764,1.84202685
18.54129223,73.90482378,1.844149697
18.54129278,73.90491852,1.839952476
18.54129333,73.90501326,1.848713559
18.54129388,73.905108,1.854243974
18.54129443,73.90520274,1.815368658
18.54129498,73.90529747,1.795536447
18.54129937,73.90605538,1.827529014
18.54129992,73.90615012,1.808478224
18.54130047,73.90624485,1.822055425
18.54130101,73.90633959,1.825937143
18.54130156,73.90643433,1.825387633
18.54130211,73.90652907,1.831532897
18.54130266,73.90662381,1.851556764
18.54130376,73.90681328,1.879863319
18.5413043,73.90690802,1.853705795
18.54130485,73.90700276,1.855751453
18.5413054,73.9070975,1.863462794
18.54130595,73.90719223,1.863420951
18.5413065,73.90728697,1.879201576
18.54130705,73.90738171,1.860803982
18.54130759,73.90747645,1.841864347
18.54130814,73.90757119,1.847572901
18.54130869,73.90766592,1.846427366
18.54130924,73.90776066,1.868086145
18.54131526,73.90880278,1.87233569
18.54131581,73.90889752,1.865404363
18.54131636,73.90899226,1.870628973
18.5413169,73.90908699,1.866775381
18.54131745,73.90918173,1.86935158
18.541318,73.90927647,1.87620559
18.54131854,73.90937121,1.888443311
18.54132237,73.91003438,1.925022819
18.54132292,73.91012911,1.923452935
18.54132347,73.91022385,1.905785139
18.54132401,73.91031859,1.897063615
18.54132456,73.91041333,1.907154232
18.54101009,73.87223472,1.780084504
18.54101066,73.87232946,1.792715056
18.54101122,73.87242419,1.765909076
18.54101179,73.87251893,1.717452255
18.54101235,73.87261367,1.727117274
18.54101292,73.8727084,1.704293589
18.54101348,73.87280314,1.66749811
18.54101405,73.87289788,1.646922449
18.54101461,73.87299261,1.639141928
18.54101518,73.87308735,1.621469531
18.54101575,73.87318209,1.607127335
18.54101631,73.87327682,1.608426756
18.54101688,73.87337156,1.626667516
18.54101744,73.8734663,1.654512935
18.54101801,73.87356103,1.681162843
18.54101857,73.87365577,1.711818002
18.54101914,73.87375051,1.719933211
18.5410197,73.87384524,1.711535233
18.54102027,73.87393998,1.718336632
18.54102083,73.87403472,1.74678312
18.54102139,73.87412945,1.745103681
18.54102196,73.87422419,1.756059807
18.54102252,73.87431893,1.69461163
18.54102309,73.87441366,1.686640963
18.54102365,73.8745084,1.661372976
18.54102422,73.87460314,1.641325981
18.54102478,73.87469788,1.688796563
18.54102535,73.87479261,1.740994493
18.54102591,73.87488735,1.764802895
18.54102648,73.87498209,1.755466599
18.54102704,73.87507682,1.714963283
18.5410276,73.87517156,1.636748961
18.54102817,73.8752663,1.643329338
18.54117103,73.89951904,1.958369061
18.54117158,73.89961378,1.942544853
18.54117213,73.89970852,1.932240665
18.54117544,73.90027694,1.874905528
18.541176,73.90037168,1.873136315
18.54117655,73.90046642,1.869729202
18.5411771,73.90056116,1.858339661
18.54117765,73.90065589,1.842969543
18.5411782,73.90075063,1.846353849
18.54118096,73.90122432,1.836211954
18.54118151,73.90131906,1.845969733
18.54118206,73.9014138,1.852415126
18.54118261,73.90150853,1.852024181
18.54118316,73.90160327,1.875940206
18.54118371,73.90169801,1.888498506
18.54118426,73.90179275,1.889351457
18.54118481,73.90188749,1.897756234
18.54118537,73.90198222,1.893001714
18.54118592,73.90207696,1.88751882
18.54118812,73.90245591,1.902274682
18.54118867,73.90255065,1.90590758
18.54118922,73.90264539,1.894079078
18.54118977,73.90274013,1.884415401
18.54119032,73.90283486,1.903371686
18.54119582,73.90378224,1.874764312
18.54119637,73.90387698,1.872354326
18.54120187,73.90482436,1.787877593
18.54120242,73.9049191,1.795159741
18.54120296,73.90501384,1.793822924
18.54120351,73.90510857,1.786932976
18.54120406,73.90520331,1.78391889
18.54120461,73.90529805,1.773162999
18.541209,73.90605595,1.771737029
18.54120955,73.90615069,1.74708339
18.5412101,73.90624543,1.742348927
18.54121065,73.90634017,1.76552166
18.5412112,73.9064349,1.780726682
18.54121175,73.90652964,1.794415599
18.54121229,73.90662438,1.826720772
18.54121284,73.90671912,1.850841873
18.54121339,73.90681386,1.873518596
18.54121394,73.90690859,1.872196957
18.54121449,73.90700333,1.853474798
18.54121504,73.90709807,1.846992023
18.54121558,73.90719281,1.853469838
18.54121613,73.90728755,1.870209561
18.54121668,73.90738228,1.877069957
18.54121723,73.90747702,1.866016867
18.54121778,73.90757176,1.866990026
18.54121832,73.9076665,1.87911652
18.54121887,73.90776124,1.898984686
18.54122435,73.90870862,1.884680084
18.5412249,73.90880335,1.893621789
18.54122544,73.90889809,1.892023886
18.54122599,73.90899283,1.878589086
18.54122654,73.90908757,1.864802386
18.54122708,73.90918231,1.870158675
18.54122763,73.90927704,1.882707153
18.54122818,73.90937178,1.882206367
18.54122873,73.90946652,1.894939308
18.54123146,73.90994021,1.913696172
18.54123201,73.91003495,1.919462754
18.54123255,73.91012969,1.90318729
18.5412331,73.91022443,1.863844953
18.54123365,73.91031916,1.847076446
18.54123419,73.9104139,1.864833474
18.54123474,73.91050864,1.881304351
18.54123529,73.91060338,1.889766509
18.54123583,73.91069812,1.924530292
18.54123638,73.91079285,1.928032333
18.5409186,73.87204584,1.794828648
18.54091916,73.87214058,1.753428056
18.54091973,73.87223531,1.732318771
18.54092029,73.87233005,1.732781544
18.54092086,73.87242479,1.720209793
18.54092142,73.87251952,1.689066124
18.54092199,73.87261426,1.667353572
18.54092256,73.872709,1.646236011
18.54092312,73.87280373,1.649596739
18.54092369,73.87289847,1.644183016
18.54092425,73.87299321,1.621470871
18.54092482,73.87308794,1.603229956
18.54092538,73.87318268,1.584545489
18.54092595,73.87327742,1.567551456
18.54092651,73.87337215,1.57931714
18.54092708,73.87346689,1.608460301
18.54092764,73.87356163,1.619598997
18.54092821,73.87365636,1.635471061
18.54092877,73.8737511,1.648082815
18.54092934,73.87384584,1.666442148
18.5409299,73.87394057,1.680137937
18.54093047,73.87403531,1.692721901
18.54093103,73.87413005,1.704989817
18.5409316,73.87422478,1.681969779
18.54093216,73.87431952,1.698148608
18.54093273,73.87441426,1.666759942
18.54093329,73.87450899,1.673694384
18.54093385,73.87460373,1.675443546
18.54093442,73.87469847,1.699907787
18.54093498,73.8747932,1.758570236
18.54109114,73.90131964,1.849527981
18.5410917,73.90141437,1.841857852
18.54109225,73.90150911,1.85759772
18.5410928,73.90160385,1.864701971
18.54109335,73.90169859,1.868968894
18.5410939,73.90179333,1.875043443
18.54109445,73.90188806,1.879458221
18.5410983,73.90255123,1.87897446
18.54109885,73.90264597,1.890309963
18.54109941,73.9027407,1.890863362
18.5411115,73.90482494,1.708497687
18.54111205,73.90491967,1.741597179
18.5411126,73.90501441,1.74075355
18.54111315,73.90510915,1.710774738
18.5411137,73.90520389,1.726731968
18.54111425,73.90529862,1.714500321
18.54111864,73.90605653,1.698775428
18.54111919,73.90615127,1.708131202
18.54111974,73.906246,1.705261979
18.54112028,73.90634074,1.688197985
18.54112083,73.90643548,1.714490553
18.54112138,73.90653022,1.740520373
18.54112193,73.90662496,1.783166079
18.54112248,73.90671969,1.806667139
18.54112303,73.90681443,1.810298977
18.54112358,73.90690917,1.852015504
18.54112412,73.90700391,1.842186257
18.54112467,73.90709864,1.837608487
18.54112522,73.90719338,1.848607889
18.54112577,73.90728812,1.865217038
18.54112632,73.90738286,1.888043134
18.54112686,73.9074776,1.878356982
18.54112741,73.90757233,1.888782585
18.54112796,73.90766707,1.917963912
18.54112851,73.90776181,1.919264837
18.54113453,73.90880393,1.903552411
18.54113508,73.90889867,1.909425669
18.54113563,73.9089934,1.912171549
18.54113617,73.90908814,1.884435388
18.54113672,73.90918288,1.871712856
18.54113727,73.90927762,1.875179773
18.54113781,73.90937236,1.896228682
18.54113836,73.90946709,1.89761354
18.54113891,73.90956183,1.886954275
18.54113945,73.90965657,1.867177582
18.54114055,73.90984605,1.892027134
18.5411411,73.90994078,1.911113758
18.54114164,73.91003552,1.886340921
18.54114219,73.91013026,1.849460436
18.54114274,73.910225,1.793402455
18.54114328,73.91031974,1.787124189
18.54114383,73.91041447,1.804414548
18.54114437,73.91050921,1.819243606
18.54114492,73.91060395,1.835319337
18.54114547,73.91069869,1.86671467
18.54114601,73.91079343,1.911571969
18.54082654,73.87176222,1.855352806
18.5408271,73.87185696,1.854665007
18.54082767,73.8719517,1.817179722
18.54082823,73.87204643,1.728364419
18.5408288,73.87214117,1.71492294
18.54082936,73.8722359,1.704819128
18.54082993,73.87233064,1.687873691
18.5408305,73.87242538,1.677097325
18.54083106,73.87252011,1.688549148
18.54083163,73.87261485,1.655469052
18.54083219,73.87270959,1.637067851
18.54083276,73.87280432,1.621729566
18.54083332,73.87289906,1.627592209
18.54083389,73.8729938,1.621824466
18.54083445,73.87308853,1.598618473
18.54083502,73.87318327,1.581678052
18.54083558,73.87327801,1.567714061
18.54083615,73.87337274,1.562375365
18.54083671,73.87346748,1.5643386
18.54083728,73.87356222,1.576106466
18.54083784,73.87365696,1.588487533
18.54083841,73.87375169,1.604705478
18.54083897,73.87384643,1.6282986
18.54083954,73.87394117,1.64845251
18.5408401,73.8740359,1.679120202
18.54084067,73.87413064,1.673719645
18.54084123,73.87422538,1.667698059
18.5408418,73.87432011,1.644361565
18.54084236,73.87441485,1.662615089
18.54084293,73.87450959,1.635517944
18.54084349,73.87460432,1.669881183
18.54084405,73.87469906,1.695395429
18.54100188,73.90150969,1.846605709
18.54100243,73.90160443,1.861214115
18.54100298,73.90169917,1.870999205
18.54100353,73.9017939,1.870788604
18.54101454,73.90368866,1.857182303
18.54102114,73.90482551,1.66860358
18.54102169,73.90492025,1.669773546
18.54102224,73.90501499,1.669025851
18.54102278,73.90510972,1.659631173
18.54102333,73.90520446,1.643858301
18.54102827,73.9060571,1.685587701
18.54102882,73.90615184,1.728928973
18.54102937,73.90624658,1.702328604
18.54102992,73.90634132,1.692441468
18.54103047,73.90643605,1.671526565
18.54103102,73.90653079,1.701983885
18.54103211,73.90672027,1.741475505
18.54103266,73.90681501,1.780712515
18.54103321,73.90690974,1.79108251
18.54103376,73.90700448,1.818571061
18.54103431,73.90709922,1.821464543
18.54103485,73.90719396,1.835813932
18.5410354,73.9072887,1.857589985
18.54103595,73.90738343,1.875105598
18.5410365,73.90747817,1.885153384
18.54103705,73.90757291,1.90429736
18.54103759,73.90766765,1.919243645
18.54103814,73.90776238,1.911327136
18.54104362,73.90870976,1.9332282
18.54104417,73.9088045,1.904628407
18.54104471,73.90889924,1.896665763
18.54104526,73.90899398,1.882333279
18.54104581,73.90908872,1.879679697
18.54104635,73.90918345,1.869673665
18.5410469,73.90927819,1.860397288
18.54104745,73.90937293,1.89194625
18.541048,73.90946767,1.888566681
18.54104854,73.90956241,1.864866127
18.54104909,73.90965714,1.863893523
18.54104964,73.90975188,1.87677532
18.54105018,73.90984662,1.891136986
18.54105073,73.90994136,1.879711516
18.54105128,73.9100361,1.837862123
18.54105182,73.91013083,1.76554399
18.54105237,73.91022557,1.755995773
18.54105292,73.91032031,1.733882515
18.54105346,73.91041505,1.742952134
18.54105401,73.91050979,1.779120979
18.54105456,73.91060452,1.795994241
18.5410551,73.91069926,1.835589128
18.54105565,73.910794,1.880161581
18.54073504,73.87157334,1.810053205
18.54073561,73.87166808,1.827781377
18.54073617,73.87176282,1.83167459
18.54073674,73.87185755,1.800444689
18.5407373,73.87195229,1.751208172
18.54073787,73.87204702,1.709438602
18.54073843,73.87214176,1.656405223
18.540739,73.8722365,1.671423208
18.54073957,73.87233123,1.701683056
18.54074013,73.87242597,1.70570437
18.5407407,73.87252071,1.66791728
18.54074126,73.87261544,1.642198043
18.54074183,73.87271018,1.629878639
18.54074239,73.87280492,1.622503773
18.54074296,73.87289965,1.611080763
18.54074352,73.87299439,1.619338915
18.54074409,73.87308913,1.610866942
18.54074465,73.87318386,1.589489995
18.54074522,73.8732786,1.570832495
18.54074578,73.87337334,1.55640944
18.54074635,73.87346807,1.550020417
18.54074691,73.87356281,1.551895592
18.54074748,73.87365755,1.557283432
18.54074804,73.87375228,1.572447161
18.54074861,73.87384702,1.612332569
18.54074917,73.87394176,1.665129136
18.54074974,73.87403649,1.687611848
18.5407503,73.87413123,1.685649269
18.54075087,73.87422597,1.634505992
18.54075143,73.8743207,1.64532162
18.540752,73.87441544,1.627132681
18.54075256,73.87451018,1.63006177
18.54075313,73.87460491,1.604128612
18.54093077,73.90482609,1.669729612
18.54093132,73.90492082,1.620488073
18.54093187,73.90501556,1.619779878
18.54093242,73.9051103,1.633245793
18.54093791,73.90605768,1.784841649
18.54093846,73.90615242,1.748225388
18.54093901,73.90624715,1.738798493
18.54093956,73.90634189,1.750771789
18.5409401,73.90643663,1.711829907
18.5409423,73.90681558,1.752848347
18.54094285,73.90691032,1.755009694
18.54094339,73.90700506,1.74890697
18.54094394,73.90709979,1.772783204
18.54094449,73.90719453,1.796614083
18.54094504,73.90728927,1.826021875
18.54094559,73.90738401,1.843893737
18.54094613,73.90747875,1.87687279
18.54094668,73.90757348,1.894437582
18.54094723,73.90766822,1.894364163
18.54094778,73.90776296,1.898423302
18.5409538,73.90880508,1.852598115
18.54095435,73.90889981,1.847373706
18.5409549,73.90899455,1.839396462
18.54095544,73.90908929,1.828099646
18.54095599,73.90918403,1.8265613
18.54095654,73.90927877,1.847949733
18.54095708,73.9093735,1.862656792
18.54095763,73.90946824,1.86189561
18.54095818,73.90956298,1.859031513
18.54095873,73.90965772,1.848792898
18.54095927,73.90975245,1.862165707
18.54095982,73.90984719,1.863442443
18.54096037,73.90994193,1.843465008
18.54096091,73.91003667,1.782141456
18.54096146,73.91013141,1.733694806
18.54096201,73.91022614,1.728337722
18.54096255,73.91032088,1.730664511
18.5409631,73.91041562,1.747394053
18.54096365,73.91051036,1.771544411
18.54096419,73.9106051,1.810811763
18.54096474,73.91069983,1.842370698
18.54096528,73.91079457,1.877079035
18.54096583,73.91088931,1.903312924
18.54096965,73.91155248,1.873322924
18.5409702,73.91164721,1.873322924
18.54064298,73.87128973,1.775203526
18.54064354,73.87138446,1.755049069
18.54064411,73.8714792,1.767096768
18.54064468,73.87157394,1.773577186
18.54064524,73.87166867,1.787628887
18.54064581,73.87176341,1.763360955
18.54064637,73.87185814,1.740408907
18.54064694,73.87195288,1.710605774
18.54064751,73.87204762,1.655861388
18.54064807,73.87214235,1.64193308
18.54064864,73.87223709,1.647103918
18.5406492,73.87233183,1.678991263
18.54064977,73.87242656,1.676116568
18.54065033,73.8725213,1.654008978
18.5406509,73.87261604,1.631285607
18.54065146,73.87271077,1.614571297
18.54065203,73.87280551,1.602462283
18.54065259,73.87290025,1.610469454
18.54065316,73.87299498,1.61216364
18.54065373,73.87308972,1.60663897
18.54065429,73.87318446,1.584764543
18.54065486,73.87327919,1.563741395
18.54065542,73.87337393,1.552730147
18.54065599,73.87346867,1.54401146
18.54065655,73.8735634,1.536285528
18.54065712,73.87365814,1.549073363
18.54065768,73.87375288,1.569142811
18.54065825,73.87384761,1.609704988
18.54065881,73.87394235,1.660945383
18.54065938,73.87403709,1.723588292
18.54065994,73.87413182,1.699351924
18.5406605,73.87422656,1.671994161
18.54066107,73.8743213,1.627584233
18.54066163,73.87441603,1.634204568
18.54084809,73.90615299,1.807675957
18.54084864,73.90624773,1.816556122
18.54084919,73.90634247,1.814580309
18.54085193,73.90681616,1.700470552
18.54085248,73.90691089,1.707324617
18.54085303,73.90700563,1.711053924
18.54085358,73.90710037,1.71631719
18.54085413,73.90719511,1.746452865
18.54085467,73.90728984,1.777646016
18.54085522,73.90738458,1.811824093
18.54085577,73.90747932,1.825829627
18.54085632,73.90757406,1.869678701
18.54085687,73.9076688,1.876278811
18.54086344,73.90880565,1.749921915
18.54086398,73.90890039,1.764271234
18.54086453,73.90899513,1.781756773
18.54086508,73.90908986,1.777593084
18.54086563,73.9091846,1.786995502
18.54086617,73.90927934,1.806048859
18.54086672,73.90937408,1.832583093
18.54086727,73.90946881,1.832934446
18.54086781,73.90956355,1.841862229
18.54086836,73.90965829,1.844657399
18.54086891,73.90975303,1.849564654
18.54086945,73.90984777,1.841886183
18.54087,73.9099425,1.80418913
18.54087055,73.91003724,1.779109316
18.54087109,73.91013198,1.754396327
18.54087164,73.91022672,1.738658932
18.54087219,73.91032146,1.766550352
18.54087273,73.91041619,1.797824362
18.54087328,73.91051093,1.792652354
18.54087383,73.91060567,1.822039862
18.54087437,73.91070041,1.861366475
18.54087492,73.91079514,1.890327573
18.54087547,73.91088988,1.911102625
18.54055148,73.87110085,1.800958134
18.54055205,73.87119558,1.781099163
18.54055261,73.87129032,1.725803677
18.54055318,73.87138506,1.710992538
18.54055375,73.87147979,1.710222559
18.54055431,73.87157453,1.741325986
18.54055488,73.87166927,1.72739854
18.54055544,73.871764,1.699045064
18.54055601,73.87185874,1.697401549
18.54055658,73.87195347,1.675328253
18.54055714,73.87204821,1.644056118
18.54055771,73.87214295,1.601738974
18.54055827,73.87223768,1.635187386
18.54055884,73.87233242,1.634714222
18.5405594,73.87242716,1.650086564
18.54055997,73.87252189,1.642783488
18.54056053,73.87261663,1.621232677
18.5405611,73.87271137,1.586158548
18.54056167,73.8728061,1.593047183
18.54056223,73.87290084,1.597764783
18.5405628,73.87299558,1.5998932
18.54056336,73.87309031,1.591552976
18.54056393,73.87318505,1.574765068
18.54056449,73.87327979,1.562070806
18.54056506,73.87337452,1.554947404
18.54056562,73.87346926,1.536268118
18.54056619,73.873564,1.52998072
18.54056675,73.87365873,1.532685878
18.54056732,73.87375347,1.581007807
18.54056788,73.8738482,1.619511067
18.54056845,73.87394294,1.657089297
18.54056901,73.87403768,1.691817741
18.54076266,73.90700621,1.649051149
18.54076321,73.90710094,1.66103296
18.54076376,73.90719568,1.683957199
18.54076431,73.90729042,1.729854064
18.54076486,73.90738516,1.749563001
18.5407654,73.90747989,1.768790333
18.54076595,73.90757463,1.793104699
18.54077307,73.90880622,1.701142147
18.54077362,73.90890096,1.706785185
18.54077417,73.9089957,1.70777639
18.54077471,73.90909044,1.730238262
18.54077526,73.90918517,1.774633161
18.54077581,73.90927991,1.79366466
18.54077635,73.90937465,1.802407416
18.5407769,73.90946939,1.818874196
18.54077745,73.90956413,1.81864133
18.540778,73.90965886,1.825265007
18.54077854,73.9097536,1.824807887
18.54077909,73.90984834,1.837331919
18.54077964,73.90994308,1.814475809
18.54078018,73.91003781,1.794912117
18.54078073,73.91013255,1.791840896
18.54078128,73.91022729,1.788141712
18.54078182,73.91032203,1.790784466
18.54078237,73.91041677,1.805944592
18.54078292,73.9105115,1.800262902
18.54078346,73.91060624,1.822355857
18.54078401,73.91070098,1.853471913
18.54078455,73.91079572,1.894667748
18.54046055,73.8710067,1.768554761
18.54046112,73.87110144,1.768196242
18.54046168,73.87119618,1.739071651
18.54046225,73.87129091,1.691397579
18.54046282,73.87138565,1.676362864
18.54046338,73.87148039,1.677670138
18.54046395,73.87157512,1.665931959
18.54046451,73.87166986,1.67426516
18.54046508,73.87176459,1.67233355
18.54046565,73.87185933,1.652718516
18.54046621,73.87195407,1.640659386
18.54046678,73.8720488,1.61906989
18.54046734,73.87214354,1.623324574
18.54046791,73.87223828,1.627841258
18.54046847,73.87233301,1.637863362
18.54046904,73.87242775,1.61779473
18.54046961,73.87252249,1.619455747
18.54047017,73.87261722,1.607649604
18.54047074,73.87271196,1.619461138
18.5404713,73.8728067,1.595617131
18.54047187,73.87290143,1.599286676
18.54047243,73.87299617,1.600962221
18.540473,73.87309091,1.581857983
18.54047356,73.87318564,1.578204398
18.54047413,73.87328038,1.567734481
18.54047469,73.87337511,1.567831734
18.54047526,73.87346985,1.56036454
18.54047582,73.87356459,1.554093486
18.54047639,73.87365932,1.570638889
18.54047695,73.87375406,1.584357729
18.54047752,73.8738488,1.614933365
18.54047808,73.87394353,1.64533689
18.54067504,73.90748047,1.748989853
18.54068271,73.9088068,1.649983349
18.54068325,73.90890153,1.681183994
18.5406838,73.90899627,1.691571544
18.54068435,73.90909101,1.698571592
18.5406849,73.90918575,1.724236885
18.54068544,73.90928049,1.754122206
18.54068599,73.90937522,1.786653253
18.54068654,73.90946996,1.793374551
18.54068708,73.9095647,1.794855987
18.54068763,73.90965944,1.788828614
18.54068818,73.90975417,1.786333588
18.54068872,73.90984891,1.791521407
18.54068927,73.90994365,1.820543492
18.54068982,73.91003839,1.804520103
18.54069036,73.91013313,1.786586359
18.54069091,73.91022786,1.795780079
18.54069146,73.9103226,1.777813516
18.540692,73.91041734,1.756340042
18.54069255,73.91051208,1.782868054
18.5406931,73.91060681,1.77790499
18.54069364,73.91070155,1.83110251
18.54069419,73.91079629,1.876647284
18.54070674,73.91297526,1.914983538
18.54070729,73.91307,1.886564983
18.54036736,73.87053362,1.726900035
18.54036962,73.87091256,1.740626287
18.54037019,73.8710073,1.74172075
18.54037075,73.87110203,1.740335212
18.54037132,73.87119677,1.696699942
18.54037189,73.87129151,1.665249648
18.54037245,73.87138624,1.649695137
18.54037302,73.87148098,1.64378551
18.54037358,73.87157572,1.640392269
18.54037415,73.87167045,1.636327976
18.54037472,73.87176519,1.634335651
18.54037528,73.87185992,1.637007393
18.54037585,73.87195466,1.634642634
18.54037641,73.8720494,1.640092213
18.54037698,73.87214413,1.630354452
18.54037755,73.87223887,1.613422557
18.54037811,73.87233361,1.621501156
18.54037868,73.87242834,1.611788701
18.54037924,73.87252308,1.607999836
18.54037981,73.87261782,1.622554977
18.54038037,73.87271255,1.614957309
18.54038094,73.87280729,1.629722946
18.5403815,73.87290202,1.625135517
18.54038207,73.87299676,1.618635949
18.54038263,73.8730915,1.605365653
18.5403832,73.87318623,1.580836766
18.54038376,73.87328097,1.582112068
18.54038433,73.87337571,1.582903476
18.54038489,73.87347044,1.599359243
18.54038546,73.87356518,1.600747168
18.54038602,73.87365992,1.587449295
18.54038659,73.87375465,1.600082683
18.54038715,73.87384939,1.614518997
18.54059289,73.90890211,1.65063487
18.54059344,73.90899685,1.692442995
18.54059398,73.90909158,1.705677594
18.54059672,73.90956527,1.761742014
18.54059727,73.90966001,1.762197405
18.54059781,73.90975475,1.757314638
18.54059836,73.90984949,1.755736191
18.54059891,73.90994422,1.761740416
18.54059945,73.91003896,1.776787274
18.5406,73.9101337,1.742408935
18.54060055,73.91022844,1.726153805
18.54060109,73.91032317,1.70602672
18.54060164,73.91041791,1.703844724
18.54060219,73.91051265,1.723354554
18.54060273,73.91060739,1.760601901
18.54060328,73.91070213,1.801217303
18.54060382,73.91079686,1.82907248
18.54060765,73.91146003,1.871362646
18.54061583,73.91288109,1.934237385
18.54061638,73.91297583,1.929558071
18.54061692,73.91307057,1.923035971
18.54061747,73.91316531,1.905529388
18.54061801,73.91326005,1.903408555
18.54061856,73.91335478,1.902531614
18.5406191,73.91344952,1.915103084
18.54027586,73.87034474,1.853128708
18.54027643,73.87043947,1.793034774
18.54027699,73.87053421,1.736587945
18.54027756,73.87062895,1.697790153
18.54027813,73.87072368,1.705573629
18.54027869,73.87081842,1.739200276
18.54027926,73.87091315,1.728589905
18.54027982,73.87100789,1.732959738
18.54028039,73.87110263,1.72056881
18.54028096,73.87119736,1.698385515
18.54028152,73.8712921,1.663659072
18.54028209,73.87138684,1.613554542
18.54028266,73.87148157,1.620491133
18.54028322,73.87157631,1.636415809
18.54028379,73.87167104,1.629349543
18.54028435,73.87176578,1.615794799
18.54028492,73.87186052,1.650332766
18.54028548,73.87195525,1.665137926
18.54028605,73.87204999,1.639765256
18.54028662,73.87214473,1.63272129
18.54028718,73.87223946,1.605890636
18.54028775,73.8723342,1.588717018
18.54028831,73.87242894,1.614148982
18.54028888,73.87252367,1.628719333
18.54028944,73.87261841,1.634712949
18.54029001,73.87271314,1.635175804
18.54029057,73.87280788,1.649624397
18.54029114,73.87290262,1.666047146
18.54029171,73.87299735,1.655278636
18.54029227,73.87309209,1.636363697
18.54029284,73.87318683,1.617514526
18.5402934,73.87328156,1.60562862
18.54029397,73.8733763,1.621882439
18.54029453,73.87347104,1.619469276
18.5402951,73.87356577,1.625261027
18.5405069,73.90966058,1.719083593
18.54050745,73.90975532,1.737918928
18.54050799,73.90985006,1.748103759
18.54050854,73.9099448,1.743913153
18.54050909,73.91003953,1.725629644
18.54050963,73.91013427,1.699335162
18.54051018,73.91022901,1.662882937
18.54051073,73.91032375,1.65562328
18.54051127,73.91041849,1.668504374
18.54051182,73.91051322,1.699221776
18.54051237,73.91060796,1.752284727
18.54051291,73.9107027,1.802062479
18.54051346,73.91079744,1.795152926
18.54052492,73.91278693,1.864888501
18.54052547,73.91288167,1.877625886
18.54052601,73.9129764,1.913207085
18.54052656,73.91307114,1.926758454
18.5405271,73.91316588,1.928836007
18.54052765,73.91326062,1.909250347
18.54052819,73.91335536,1.917379595
18.54052874,73.91345009,1.913257348
18.54052928,73.91354483,1.904385064
18.5401838,73.87006112,1.929469805
18.54018436,73.87015586,1.914630855
18.54018493,73.87025059,1.895070163
18.5401855,73.87034533,1.851730986
18.54018606,73.87044007,1.777356708
18.54018663,73.8705348,1.717251347
18.5401872,73.87062954,1.701922461
18.54018776,73.87072428,1.748587178
18.54018833,73.87081901,1.776271162
18.54018889,73.87091375,1.783381447
18.54018946,73.87100848,1.767535607
18.54019003,73.87110322,1.725649269
18.54019059,73.87119796,1.696679563
18.54019116,73.87129269,1.671633984
18.54019173,73.87138743,1.64586493
18.54019229,73.87148217,1.628919756
18.54019286,73.8715769,1.622802958
18.54019342,73.87167164,1.642854247
18.54019399,73.87176637,1.643152151
18.54019456,73.87186111,1.671421963
18.54019512,73.87195585,1.679049422
18.54019569,73.87205058,1.661904052
18.54019625,73.87214532,1.654433815
18.54019682,73.87224006,1.626354991
18.54019738,73.87233479,1.59998447
18.54019795,73.87242953,1.607995665
18.54019851,73.87252426,1.631901522
18.54019908,73.872619,1.634947128
18.54019965,73.87271374,1.666504787
18.54020021,73.87280847,1.689939411
18.54020078,73.87290321,1.679640699
18.54020134,73.87299795,1.673574662
18.54020191,73.87309268,1.666649729
18.54020247,73.87318742,1.619172918
18.54041763,73.90985063,1.756428053
18.54041818,73.90994537,1.76338896
18.54041872,73.91004011,1.763285825
18.54041927,73.91013485,1.729566133
18.54041982,73.91022958,1.690734279
18.54042036,73.91032432,1.676433655
18.54042091,73.91041906,1.714636673
18.54042146,73.9105138,1.741984389
18.540422,73.91060853,1.797498765
18.54042255,73.91070327,1.813423475
18.5404231,73.91079801,1.831328164
18.54043401,73.91269276,1.832643804
18.54043456,73.9127875,1.818547378
18.5404351,73.91288224,1.832934432
18.54043565,73.91297698,1.860811742
18.54043619,73.91307171,1.907512124
18.54043674,73.91316645,1.909489849
18.54043728,73.91326119,1.901672596
18.54043783,73.91335593,1.915620459
18.54043837,73.91345066,1.918828558
18.54043892,73.9135454,1.909511041
18.54043946,73.91364014,1.907381551
18.54044164,73.91401909,1.794416106
18.54044219,73.91411383,1.782983318
18.5400923,73.86987224,1.865575484
18.54009287,73.86996698,1.891008424
18.54009343,73.87006172,1.890058077
18.540094,73.87015645,1.865319907
18.54009457,73.87025119,1.852880164
18.54009513,73.87034592,1.815404894
18.5400957,73.87044066,1.753693729
18.54009627,73.8705354,1.697919094
18.54009683,73.87063013,1.72633649
18.5400974,73.87072487,1.775011051
18.54009796,73.87081961,1.820174043
18.54009853,73.87091434,1.828595419
18.5400991,73.87100908,1.806543043
18.54009966,73.87110381,1.764267564
18.54010023,73.87119855,1.717846459
18.5401008,73.87129329,1.679481902
18.54010136,73.87138802,1.652621701
18.54010193,73.87148276,1.62206845
18.54010249,73.8715775,1.634100851
18.54010306,73.87167223,1.649728012
18.54010363,73.87176697,1.689101806
18.54010419,73.8718617,1.672682376
18.54010476,73.87195644,1.683112557
18.54010532,73.87205118,1.706662442
18.54010589,73.87214591,1.674168993
18.54010645,73.87224065,1.663611067
18.54010702,73.87233539,1.614533916
18.54010759,73.87243012,1.613482362
18.54010815,73.87252486,1.63251071
18.54010872,73.87261959,1.656150857
18.54010928,73.87271433,1.68156585
18.54010985,73.87280907,1.680927886
18.54011041,73.8729038,1.708554788
18.54011098,73.87299854,1.71352409
18.54032781,73.90994594,1.852006154
18.54032836,73.91004068,1.835240834
18.5403289,73.91013542,1.791530463
18.54032945,73.91023016,1.775265345
18.54033,73.91032489,1.770618129
18.54033054,73.91041963,1.797463944
18.54033109,73.91051437,1.82209652
18.54033164,73.91060911,1.829196091
18.54033218,73.91070384,1.844985481
18.54034365,73.91269333,1.78064179
18.54034419,73.91278807,1.790404496
18.54034474,73.91288281,1.807030896
18.54034528,73.91297755,1.834626983
18.54034583,73.91307228,1.831770982
18.54034637,73.91316702,1.868834453
18.54034692,73.91326176,1.882705498
18.54034746,73.9133565,1.867227839
18.54034801,73.91345124,1.898512014
18.54034855,73.91354597,1.920714903
18.5403491,73.91364071,1.89364563
18.54034964,73.91373545,1.832482925
18.54035019,73.91383019,1.80922117
18.54035073,73.91392492,1.800409196
18.54035128,73.91401966,1.802853349
18.54035182,73.9141144,1.801245128
18.54000023,73.86958863,1.849796138
18.5400008,73.86968337,1.793133589
18.54000137,73.8697781,1.762433464
18.54000194,73.86987284,1.768747733
18.5400025,73.86996757,1.783154477
18.54000307,73.87006231,1.794153584
18.54000364,73.87015705,1.790984784
18.5400042,73.87025178,1.762778623
18.54000477,73.87034652,1.728454525
18.54000534,73.87044125,1.698610145
18.5400059,73.87053599,1.688357292
18.54000647,73.87063073,1.730420257
18.54000703,73.87072546,1.805519009
18.5400076,73.8708202,1.858146196
18.54000817,73.87091494,1.862693226
18.54000873,73.87100967,1.827789851
18.5400093,73.87110441,1.782030099
18.54000987,73.87119914,1.732917595
18.54001043,73.87129388,1.679865027
18.540011,73.87138862,1.647030937
18.54001156,73.87148335,1.652254032
18.54001213,73.87157809,1.646286216
18.5400127,73.87167282,1.651025501
18.54001326,73.87176756,1.655979891
18.54001383,73.8718623,1.682475397
18.54001439,73.87195703,1.687517957
18.54001496,73.87205177,1.69486948
18.54001552,73.87214651,1.68109484
18.54001609,73.87224124,1.647284095
18.54001666,73.87233598,1.63698143
18.54001722,73.87243071,1.608900458
18.54001779,73.87252545,1.636526469
18.54001835,73.87262019,1.659865448
18.54001892,73.87271492,1.660263255
18.54001948,73.87280966,1.680239278
18.54023799,73.91004125,1.914693173
18.54023854,73.91013599,1.886803162
18.54023909,73.91023073,1.869256959
18.54023963,73.91032547,1.853498023
18.54024018,73.9104202,1.84364098
18.54024073,73.91051494,1.867750665
18.54024127,73.91060968,1.878824882
18.54024182,73.91070442,1.895973844
18.54025328,73.91269391,1.776295025
18.54025383,73.91278864,1.777811972
18.54025437,73.91288338,1.793012832
18.54025492,73.91297812,1.781104873
18.54025546,73.91307286,1.789540561
18.54025601,73.91316759,1.81791286
18.54025655,73.91326233,1.825872922
18.5402571,73.91335707,1.812175405
18.54025764,73.91345181,1.837288183
18.54025819,73.91354654,1.860609575
18.54025873,73.91364128,1.832263746
18.54025928,73.91373602,1.799075811
18.54025982,73.91383076,1.797151378
18.54026037,73.9139255,1.781519876
18.54026091,73.91402023,1.789208188
18.54026146,73.91411497,1.806389297
18.54041953,73.94196799,1.76262844
18.54042006,73.94206273,1.76262844
18.54042059,73.94215747,1.76262844
18.53990817,73.86930502,1.85517961
18.53990874,73.86939975,1.86512547
18.5399093,73.86949449,1.832580825
18.53990987,73.86958922,1.763269096
18.53991044,73.86968396,1.714753696
18.539911,73.8697787,1.673558017
18.53991157,73.86987343,1.662694801
18.53991214,73.86996817,1.667964566
18.53991271,73.8700629,1.695473872
18.53991327,73.87015764,1.693156463
18.53991384,73.87025238,1.659282181
18.53991441,73.87034711,1.648961424
18.53991497,73.87044185,1.658633993
18.53991554,73.87053658,1.681632033
18.5399161,73.87063132,1.747285669
18.53991667,73.87072606,1.835949117
18.53991724,73.87082079,1.887015884
18.5399178,73.87091553,1.868425899
18.53991837,73.87101027,1.831630892
18.53991894,73.871105,1.769060431
18.5399195,73.87119974,1.734623148
18.53992007,73.87129447,1.696425199
18.53992063,73.87138921,1.674158235
18.5399212,73.87148395,1.638363372
18.53992177,73.87157868,1.662718393
18.53992233,73.87167342,1.649496285
18.5399229,73.87176815,1.641815864
18.53992346,73.87186289,1.650917048
18.53992403,73.87195763,1.663285686
18.5399246,73.87205236,1.65484747
18.53992516,73.8721471,1.66485708
18.53992573,73.87224183,1.653556134
18.53992629,73.87233657,1.632846329
18.53992686,73.87243131,1.615482161
18.53992742,73.87252604,1.608498486
18.53992799,73.87262078,1.632272941
18.54015036,73.91051551,1.870496959
18.54016292,73.91269448,1.773766566
18.54016346,73.91278922,1.773434435
18.54016401,73.91288395,1.751857927
18.54016455,73.91297869,1.758914829
18.5401651,73.91307343,1.774845576
18.54016564,73.91316817,1.760638546
18.54016619,73.9132629,1.738446698
18.54016673,73.91335764,1.77605801
18.54016728,73.91345238,1.792789445
18.54016782,73.91354712,1.761055136
18.54016837,73.91364185,1.771110003
18.54016891,73.91373659,1.744538542
18.54016946,73.91383133,1.768145441
18.54017,73.91392607,1.796743615
18.54017055,73.9140208,1.787427176
18.54017109,73.91411554,1.821792062
18.5401749,73.91477871,1.890586044
18.54018034,73.91572608,1.866488092
18.54018089,73.91582082,1.875866712
18.54018143,73.91591556,1.858925399
18.54018197,73.91601029,1.86593628
18.54032651,73.94149485,1.76262844
18.54032704,73.94158959,1.76262844
18.54032757,73.94168433,1.76262844
18.5403281,73.94177907,1.76262844
18.54032863,73.94187381,1.76262844
18.54032916,73.94196855,1.76262844
18.54032969,73.94206328,1.76262844
18.54033022,73.94215802,1.76262844
18.54033075,73.94225276,1.749458876
18.53981554,73.86892667,1.725296871
18.5398161,73.8690214,1.707875899
18.53981667,73.86911614,1.746259009
18.53981724,73.86921087,1.759316638
18.53981781,73.86930561,1.767576055
18.53981837,73.86940035,1.774584957
18.53981894,73.86949508,1.762820378
18.53981951,73.86958982,1.715142482
18.53982007,73.86968455,1.654647647
18.53982064,73.86977929,1.60739388
18.53982121,73.86987403,1.613405256
18.53982177,73.86996876,1.643598166
18.53982234,73.8700635,1.654486634
18.53982291,73.87015823,1.639942739
18.53982347,73.87025297,1.611442345
18.53982404,73.87034771,1.633492026
18.53982461,73.87044244,1.661295323
18.53982517,73.87053718,1.720549168
18.53982574,73.87063191,1.799953075
18.53982631,73.87072665,1.867368776
18.53982687,73.87082139,1.874998361
18.53982744,73.87091612,1.840291189
18.53982801,73.87101086,1.815577768
18.53982857,73.8711056,1.776046903
18.53982914,73.87120033,1.744594122
18.5398297,73.87129507,1.73467503
18.53983027,73.8713898,1.691793387
18.53983084,73.87148454,1.65656631
18.5398314,73.87157928,1.638406811
18.53983197,73.87167401,1.69252857
18.53983253,73.87176875,1.663089585
18.5398331,73.87186348,1.652237041
18.53983367,73.87195822,1.640270984
18.53983423,73.87205296,1.652890752
18.5398348,73.87214769,1.676015144
18.53983536,73.87224243,1.689109089
18.53983593,73.87233716,1.647987132
18.53983649,73.8724319,1.642726507
18.54007255,73.91269505,1.732477495
18.5400731,73.91278979,1.743379239
18.54007364,73.91288452,1.740924531
18.54007419,73.91297926,1.75275561
18.54007473,73.913074,1.764351986
18.54007528,73.91316874,1.73694504
18.54007582,73.91326347,1.734135931
18.54007637,73.91335821,1.747787348
18.54007691,73.91345295,1.72607377
18.54007746,73.91354769,1.72649058
18.540078,73.91364242,1.721924213
18.54007855,73.91373716,1.7249691
18.54007909,73.9138319,1.717691398
18.54007964,73.91392664,1.774110636
18.54008018,73.91402138,1.813340604
18.54008073,73.91411611,1.814563589
18.54008345,73.9145898,1.823567605
18.54008399,73.91468454,1.862399579
18.54008454,73.91477928,1.862449312
18.54008508,73.91487401,1.890574026
18.54008563,73.91496875,1.89013765
18.54008889,73.91553718,1.7115258
18.54008943,73.91563191,1.773195235
18.54008998,73.91572665,1.818892461
18.54009052,73.91582139,1.839776821
18.54009107,73.91591613,1.849637906
18.54009161,73.91601086,1.850418702
18.54009215,73.9161056,1.86390561
18.5400927,73.91620034,1.877919668
18.54009324,73.91629508,1.877543337
18.54009378,73.91638982,1.877680595
18.54009433,73.91648455,1.883421663
18.54023561,73.94140067,1.76262844
18.54023614,73.94149541,1.76262844
18.54023667,73.94159015,1.76262844
18.5402372,73.94168489,1.76262844
18.54023773,73.94177962,1.76262844
18.54023826,73.94187436,1.76262844
18.54023879,73.9419691,1.76262844
18.54023932,73.94206384,1.76262844
18.54023985,73.94215858,1.754524093
18.54024039,73.94225332,1.739274038
18.54024092,73.94234806,1.719827455
18.5397229,73.86854832,1.79175393
18.53972347,73.86864305,1.782103043
18.53972404,73.86873779,1.772395624
18.53972461,73.86883253,1.77117302
18.53972517,73.86892726,1.726531571
18.53972574,73.869022,1.714967052
18.53972631,73.86911673,1.723207285
18.53972688,73.86921147,1.719021765
18.53972744,73.86930621,1.723364141
18.53972801,73.86940094,1.740096709
18.53972858,73.86949568,1.708170445
18.53972914,73.86959041,1.681235001
18.53972971,73.86968515,1.659446848
18.53973028,73.86977988,1.640492969
18.53973084,73.86987462,1.653737106
18.53973141,73.86996936,1.684268002
18.53973198,73.87006409,1.682035255
18.53973254,73.87015883,1.657160212
18.53973311,73.87025356,1.663665147
18.53973368,73.8703483,1.663440778
18.53973424,73.87044304,1.705748596
18.53973481,73.87053777,1.790372063
18.53973538,73.87063251,1.8658579
18.53973594,73.87072724,1.873037375
18.53973651,73.87082198,1.854443492
18.53973708,73.87091672,1.840064875
18.53973764,73.87101145,1.822491142
18.53973821,73.87110619,1.806409406
18.53973877,73.87120092,1.788669903
18.53973934,73.87129566,1.752631151
18.53973991,73.8713904,1.734814042
18.53974047,73.87148513,1.715779397
18.53974104,73.87157987,1.711236204
18.53974161,73.8716746,1.70010417
18.53974217,73.87176934,1.723972109
18.53974274,73.87186408,1.707419515
18.5397433,73.87195881,1.704575043
18.53974387,73.87205355,1.72077686
18.53974443,73.87214828,1.723642995
18.539745,73.87224302,1.718042482
18.53974557,73.87233776,1.719861859
18.53998219,73.91269562,1.706911409
18.53998273,73.91279036,1.722415435
18.53998328,73.9128851,1.747236975
18.53998382,73.91297983,1.766981236
18.53998437,73.91307457,1.762904356
18.53998491,73.91316931,1.775445092
18.53998546,73.91326405,1.759406408
18.539986,73.91335878,1.726838755
18.53998655,73.91345352,1.735893076
18.53998709,73.91354826,1.719269364
18.53998764,73.913643,1.682481342
18.53998818,73.91373773,1.687554173
18.53998873,73.91383247,1.731787501
18.53998927,73.91392721,1.765909165
18.53998982,73.91402195,1.791815022
18.53999036,73.91411668,1.791263958
18.53999254,73.91449563,1.805730665
18.53999308,73.91459037,1.804379364
18.53999363,73.91468511,1.817911279
18.53999417,73.91477985,1.838427159
18.53999472,73.91487458,1.850425175
18.53999526,73.91496932,1.843348955
18.53999581,73.91506406,1.793571411
18.53999798,73.91544301,1.69321844
18.53999853,73.91553775,1.720270821
18.53999907,73.91563248,1.736059388
18.53999961,73.91572722,1.779162656
18.54000016,73.91582196,1.835566984
18.5400007,73.9159167,1.843773243
18.54000124,73.91601143,1.844600266
18.54000179,73.91610617,1.854689621
18.54000233,73.91620091,1.847190062
18.54000288,73.91629565,1.848814464
18.54000342,73.91639039,1.851801626
18.54000396,73.91648512,1.858156847
18.54000451,73.91657986,1.870990113
18.54000505,73.9166746,1.887796467
18.54000559,73.91676934,1.895594787
18.54000614,73.91686407,1.885453529
18.54000668,73.91695881,1.859832989
18.54014524,73.94140123,1.76262844
18.54014577,73.94149597,1.76262844
18.5401463,73.9415907,1.76262844
18.54014684,73.94168544,1.76262844
18.54014737,73.94178018,1.76262844
18.5401479,73.94187492,1.76262844
18.54014843,73.94196966,1.76262844
18.54014896,73.9420644,1.76262844
18.54014949,73.94215913,1.752767862
18.54015002,73.94225387,1.737661199
18.54015055,73.94234861,1.719827455
18.53963084,73.8682647,1.753178571
18.53963141,73.86835944,1.759999027
18.53963197,73.86845418,1.760000465
18.53963254,73.86854891,1.75958501
18.53963311,73.86864365,1.755328156
18.53963368,73.86873838,1.762233646
18.53963424,73.86883312,1.767918144
18.53963481,73.86892786,1.775031306
18.53963538,73.86902259,1.754696533
18.53963594,73.86911733,1.757668515
18.53963651,73.86921206,1.729090796
18.53963708,73.8693068,1.73829928
18.53963765,73.86940154,1.723517796
18.53963821,73.86949627,1.714174521
18.53963878,73.86959101,1.710622424
18.53963935,73.86968574,1.713291889
18.53963991,73.86978048,1.712474525
18.53964048,73.86987522,1.719482983
18.53964105,73.86996995,1.74269593
18.53964161,73.87006469,1.739593338
18.53964218,73.87015942,1.723765562
18.53964275,73.87025416,1.709877817
18.53964331,73.87034889,1.727652496
18.53964388,73.87044363,1.783578183
18.53964445,73.87053837,1.844264065
18.53964501,73.8706331,1.877596778
18.53964558,73.87072784,1.8902044
18.53964615,73.87082257,1.888149227
18.53964671,73.87091731,1.881119962
18.53964728,73.87101205,1.858711471
18.53964785,73.87110678,1.855154221
18.53964841,73.87120152,1.865860624
18.53964898,73.87129625,1.842525693
18.53964954,73.87139099,1.797609072
18.53965011,73.87148573,1.787411598
18.53965068,73.87158046,1.775303067
18.53965124,73.8716752,1.783978395
18.53965181,73.87176993,1.79819794
18.53965237,73.87186467,1.817913782
18.53965294,73.87195941,1.808052059
18.5396535,73.87205414,1.788298402
18.53965407,73.87214888,1.780102148
18.53965464,73.87224361,1.78314509
18.53989182,73.91269619,1.722394065
18.53989237,73.91279093,1.751820093
18.53989291,73.91288567,1.786391126
18.53989346,73.91298041,1.78725661
18.539894,73.91307514,1.798568545
18.53989455,73.91316988,1.813508418
18.53989509,73.91326462,1.811248279
18.53989564,73.91335935,1.774998092
18.53989618,73.91345409,1.751441662
18.53989673,73.91354883,1.726507253
18.53989727,73.91364357,1.669033505
18.53989782,73.9137383,1.687595724
18.53989836,73.91383304,1.713491034
18.53989891,73.91392778,1.757288011
18.53989945,73.91402252,1.769173328
18.5399,73.91411725,1.773428649
18.53990163,73.91440147,1.827582078
18.53990217,73.9144962,1.802004751
18.53990272,73.91459094,1.780670639
18.53990326,73.91468568,1.766589127
18.53990381,73.91478042,1.791556451
18.53990435,73.91487515,1.786323656
18.5399049,73.91496989,1.769792574
18.53990544,73.91506463,1.742681941
18.53990598,73.91515937,1.692371152
18.53990653,73.9152541,1.69399952
18.53990707,73.91534884,1.68801314
18.53990762,73.91544358,1.68557135
18.53990816,73.91553832,1.713152929
18.5399087,73.91563305,1.759761309
18.53990925,73.91572779,1.809796872
18.53990979,73.91582253,1.855272885
18.53991034,73.91591727,1.873680881
18.53991088,73.916012,1.87490286
18.53991142,73.91610674,1.853221774
18.53991197,73.91620148,1.83984113
18.53991251,73.91629622,1.816825235
18.53991305,73.91639096,1.807946213
18.5399136,73.91648569,1.812639765
18.53991414,73.91658043,1.850034384
18.53991468,73.91667517,1.876427618
18.53991523,73.91676991,1.887277256
18.53991577,73.91686464,1.870069427
18.53991631,73.91695938,1.883522599
18.53991686,73.91705412,1.891835518
18.5399174,73.91714886,1.926737216
18.53991794,73.91724359,1.930348536
18.53991849,73.91733833,1.920292235
18.53991903,73.91743307,1.900597561
18.53991957,73.91752781,1.902508177
18.53992011,73.91762254,1.887618763
18.53992446,73.91838044,1.863936736
18.539925,73.91847518,1.868828266
18.53992554,73.91856992,1.879384721
18.53992608,73.91866466,1.891450685
18.54005488,73.94140178,1.76262844
18.54005541,73.94149652,1.76262844
18.54005594,73.94159126,1.76262844
18.54005647,73.941686,1.76262844
18.540057,73.94178074,1.76262844
18.54005753,73.94187548,1.76262844
18.54005806,73.94197021,1.76262844
18.54005859,73.94206495,1.76262844
18.54005912,73.94215969,1.75754668
18.54005965,73.94225443,1.743203401
18.54006018,73.94234917,1.719827455
18.53953934,73.86807583,1.748670845
18.53953991,73.86817056,1.708492812
18.53954047,73.8682653,1.709470226
18.53954104,73.86836004,1.726113105
18.53954161,73.86845477,1.707223106
18.53954218,73.86854951,1.712957126
18.53954274,73.86864424,1.751842501
18.53954331,73.86873898,1.774291664
18.53954388,73.86883371,1.781349233
18.53954445,73.86892845,1.798385975
18.53954501,73.86902319,1.815118746
18.53954558,73.86911792,1.761092513
18.53954615,73.86921266,1.763183899
18.53954672,73.86930739,1.725639887
18.53954728,73.86940213,1.718968648
18.53954785,73.86949687,1.736785409
18.53954842,73.8695916,1.753933979
18.53954898,73.86968634,1.750687289
18.53954955,73.86978107,1.755105422
18.53955012,73.86987581,1.769337199
18.53955068,73.86997055,1.766144043
18.53955125,73.87006528,1.773623373
18.53955182,73.87016002,1.770544928
18.53955238,73.87025475,1.771256849
18.53955295,73.87034949,1.789230795
18.53955352,73.87044422,1.835853248
18.53955408,73.87053896,1.848976144
18.53955465,73.8706337,1.869541841
18.53955522,73.87072843,1.915208444
18.53955578,73.87082317,1.894901671
18.53955635,73.8709179,1.881324702
18.53955692,73.87101264,1.916690885
18.53955748,73.87110738,1.930645757
18.53955805,73.87120211,1.91062686
18.53955861,73.87129685,1.872636265
18.53955918,73.87139158,1.852702944
18.53955975,73.87148632,1.828413932
18.53956031,73.87158106,1.846234042
18.53956088,73.87167579,1.8642002
18.53956144,73.87177053,1.868699003
18.53956201,73.87186526,1.883320495
18.53956258,73.87196,1.883330098
18.53956314,73.87205474,1.856438892
18.539802,73.9127915,1.781399266
18.53980255,73.91288624,1.800745597
18.53980309,73.91298098,1.814117414
18.53980364,73.91307571,1.820915033
18.53980418,73.91317045,1.820925185
18.53980473,73.91326519,1.822496069
18.53980527,73.91335993,1.807241027
18.53980582,73.91345466,1.758248997
18.53980636,73.9135494,1.690347933
18.53980691,73.91364414,1.701921864
18.53980745,73.91373888,1.6743281
18.539808,73.91383361,1.714014619
18.53980854,73.91392835,1.711969354
18.53980909,73.91402309,1.73163181
18.53981127,73.91440204,1.833638986
18.53981181,73.91449678,1.77830998
18.53981235,73.91459151,1.749658145
18.5398129,73.91468625,1.713900689
18.53981344,73.91478099,1.715392596
18.53981399,73.91487573,1.710607034
18.53981453,73.91497046,1.731884082
18.53981508,73.9150652,1.718129338
18.53981671,73.91534941,1.724629404
18.53981725,73.91544415,1.712246799
18.5398178,73.91553889,1.74149669
18.53981834,73.91563362,1.771409968
18.53981888,73.91572836,1.839354837
18.53981943,73.9158231,1.87778247
18.53981997,73.91591784,1.896453465
18.53982051,73.91601257,1.898044627
18.53982106,73.91610731,1.859517541
18.5398216,73.91620205,1.826166031
18.53982215,73.91629679,1.789118441
18.53982269,73.91639152,1.763775842
18.53982323,73.91648626,1.791589452
18.53982378,73.916581,1.815193988
18.53982432,73.91667574,1.860190158
18.53982486,73.91677047,1.868207569
18.53982541,73.91686521,1.876206557
18.53982595,73.91695995,1.879107297
18.53982649,73.91705469,1.887289123
18.53982703,73.91714943,1.914032076
18.53982758,73.91724416,1.930112201
18.53982812,73.9173389,1.906664956
18.53982866,73.91743364,1.898360655
18.53982921,73.91752838,1.8892998
18.53982975,73.91762311,1.881875954
18.53983029,73.91771785,1.895535294
18.53983084,73.91781259,1.894025655
18.53983138,73.91790733,1.889906007
18.53983192,73.91800206,1.8674709
18.53983246,73.9180968,1.843283916
18.53983301,73.91819154,1.824287702
18.53983355,73.91828628,1.819369325
18.53983409,73.91838101,1.848081967
18.53983463,73.91847575,1.86238213
18.53983518,73.91857049,1.850951057
18.53983572,73.91866523,1.823604888
18.53983626,73.91875996,1.834768932
18.5398368,73.9188547,1.832964609
18.53983735,73.91894944,1.811529218
18.53983789,73.91904418,1.791984606
18.53996451,73.94140234,1.76262844
18.53996504,73.94149708,1.76262844
18.53996557,73.94159182,1.76262844
18.5399661,73.94168656,1.76262844
18.53996663,73.94178129,1.76262844
18.53996717,73.94187603,1.76262844
18.5399677,73.94197077,1.76262844
18.53996823,73.94206551,1.76262844
18.53996876,73.94216025,1.76262844
18.53996929,73.94225499,1.75437058
18.53944727,73.86779222,1.781792442
18.53944784,73.86788695,1.764001867
18.53944841,73.86798169,1.718931033
18.53944898,73.86807642,1.670549037
18.53944954,73.86817116,1.679304439
18.53945011,73.8682659,1.678886926
18.53945068,73.86836063,1.686595217
18.53945125,73.86845537,1.707965837
18.53945181,73.8685501,1.743147989
18.53945238,73.86864484,1.752406483
18.53945295,73.86873957,1.76145151
18.53945352,73.86883431,1.782492138
18.53945408,73.86892905,1.797714158
18.53945465,73.86902378,1.795359651
18.53945522,73.86911852,1.764797203
18.53945578,73.86921325,1.732879396
18.53945635,73.86930799,1.744477583
18.53945692,73.86940272,1.738683202
18.53945749,73.86949746,1.76419161
18.53945805,73.8695922,1.777968486
18.53945862,73.86968693,1.772614077
18.53945919,73.86978167,1.77488309
18.53945975,73.8698764,1.786381111
18.53946032,73.86997114,1.801076922
18.53946089,73.87006588,1.806942001
18.53946145,73.87016061,1.816819519
18.53946202,73.87025535,1.825757231
18.53946259,73.87035008,1.846321162
18.53946315,73.87044482,1.843820545
18.53946372,73.87053955,1.852652206
18.53946429,73.87063429,1.857197198
18.53946485,73.87072903,1.874009398
18.53946542,73.87082376,1.889547998
18.53946599,73.8709185,1.901526055
18.53946655,73.87101323,1.948500941
18.53946712,73.87110797,1.934082776
18.53946768,73.87120271,1.900816451
18.53946825,73.87129744,1.885273727
18.53946882,73.87139218,1.872273658
18.53946938,73.87148691,1.862997849
18.53946995,73.87158165,1.88243201
18.53947051,73.87167638,1.90844822
18.53947108,73.87177112,1.910871069
18.53947165,73.87186586,1.908368092
18.53947221,73.87196059,1.923557812
18.53971218,73.91288681,1.787995661
18.53971273,73.91298155,1.816874179
18.53971327,73.91307629,1.808375575
18.53971382,73.91317102,1.80485441
18.53971436,73.91326576,1.799672394
18.53971491,73.9133605,1.793516487
18.53971545,73.91345524,1.751516797
18.539716,73.91354997,1.710143317
18.53971654,73.91364471,1.645297529
18.53971709,73.91373945,1.65064801
18.53971763,73.91383418,1.686242224
18.53971818,73.91392892,1.72602803
18.53971872,73.91402366,1.705367235
18.53972036,73.91430787,1.80897538
18.5397209,73.91440261,1.772162019
18.53972144,73.91449735,1.751017272
18.53972199,73.91459208,1.726715015
18.53972253,73.91468682,1.683505247
18.53972308,73.91478156,1.656842882
18.53972362,73.9148763,1.677512602
18.53972417,73.91497103,1.686551734
18.53972471,73.91506577,1.669882892
18.53972634,73.91534998,1.685444034
18.53972689,73.91544472,1.736032269
18.53972743,73.91553946,1.728461988
18.53972797,73.9156342,1.758672847
18.53972852,73.91572893,1.814900369
18.53972906,73.91582367,1.855242126
18.53972961,73.91591841,1.870195603
18.53973015,73.91601314,1.845436158
18.53973069,73.91610788,1.839137483
18.53973124,73.91620262,1.780779657
18.53973178,73.91629736,1.759148384
18.53973232,73.91639209,1.781070664
18.53973287,73.91648683,1.788350686
18.53973341,73.91658157,1.801531072
18.53973395,73.91667631,1.822547166
18.5397345,73.91677104,1.865319436
18.53973504,73.91686578,1.875639814
18.53973558,73.91696052,1.86386607
18.53973613,73.91705526,1.870321581
18.53973667,73.91714999,1.917274075
18.53973721,73.91724473,1.921113791
18.53973776,73.91733947,1.911967152
18.5397383,73.91743421,1.889806134
18.53973884,73.91752894,1.874242911
18.53973938,73.91762368,1.885741105
18.53973993,73.91771842,1.881058543
18.53974047,73.91781316,1.90221275
18.53974101,73.91790789,1.890706064
18.53974156,73.91800263,1.862394257
18.5397421,73.91809737,1.848421596
18.53974264,73.91819211,1.839483073
18.53974318,73.91828684,1.831465124
18.53974373,73.91838158,1.837464943
18.53974427,73.91847632,1.84253637
18.53974481,73.91857106,1.827723591
18.53974535,73.91866579,1.845324034
18.5397459,73.91876053,1.827293759
18.53974644,73.91885527,1.820362066
18.53974698,73.91895001,1.821065113
18.53974752,73.91904474,1.824042557
18.53974806,73.91913948,1.81991252
18.53974861,73.91923422,1.814927566
18.53974915,73.91932896,1.819858812
18.53974969,73.9194237,1.800329868
18.53975023,73.91951843,1.799021095
18.53975077,73.91961317,1.814549112
18.53987415,73.9414029,1.76262844
18.53987468,73.94149764,1.76262844
18.53987521,73.94159237,1.76262844
18.53987574,73.94168711,1.76262844
18.53987627,73.94178185,1.76262844
18.5398768,73.94187659,1.76262844
18.53987733,73.94197133,1.76262844
18.53987786,73.94206607,1.76262844
18.53987839,73.9421608,1.76262844
18.53935521,73.8675086,1.772429247
18.53935577,73.86760334,1.779376468
18.53935634,73.86769808,1.761164746
18.53935691,73.86779281,1.729261701
18.53935748,73.86788755,1.71051928
18.53935804,73.86798228,1.662416479
18.53935861,73.86807702,1.653060561
18.53935918,73.86817175,1.664368375
18.53935975,73.86826649,1.69075493
18.53936032,73.86836123,1.716382576
18.53936088,73.86845596,1.760348232
18.53936145,73.8685507,1.766485678
18.53936202,73.86864543,1.74499188
18.53936258,73.86874017,1.754275918
18.53936315,73.8688349,1.744439213
18.53936372,73.86892964,1.732088958
18.53936429,73.86902438,1.733450725
18.53936485,73.86911911,1.719004361
18.53936542,73.86921385,1.708957946
18.53936599,73.86930858,1.707309138
18.53936656,73.86940332,1.761568325
18.53936712,73.86949805,1.781276936
18.53936769,73.86959279,1.787250573
18.53936826,73.86968753,1.79428072
18.53936882,73.86978226,1.790862234
18.53936939,73.869877,1.796964111
18.53936996,73.86997173,1.825280232
18.53937052,73.87006647,1.855745864
18.53937109,73.8701612,1.867525872
18.53937166,73.87025594,1.871448933
18.53937222,73.87035068,1.876323574
18.53937279,73.87044541,1.85481511
18.53937336,73.87054015,1.850965141
18.53937392,73.87063488,1.842374696
18.53937449,73.87072962,1.81846687
18.53937506,73.87082436,1.861778705
18.53937562,73.87091909,1.916955077
18.53937619,73.87101383,1.922099149
18.53937675,73.87110856,1.915396904
18.53937732,73.8712033,1.898711599
18.53937789,73.87129803,1.873365908
18.53937845,73.87139277,1.870487796
18.53937902,73.87148751,1.889271216
18.53937958,73.87158224,1.914818355
18.53938015,73.87167698,1.914877359
18.53962345,73.91317159,1.78260098
18.539624,73.91326633,1.782030016
18.53962454,73.91336107,1.757620822
18.53962509,73.91345581,1.738746381
18.53962563,73.91355054,1.677354262
18.53962618,73.91364528,1.654107341
18.53962672,73.91374002,1.630988446
18.53962727,73.91383476,1.681060909
18.53962781,73.91392949,1.704350501
18.53962836,73.91402423,1.728673158
18.53963054,73.91440318,1.74844989
18.53963108,73.91449792,1.732321366
18.53963162,73.91459265,1.714939247
18.53963217,73.91468739,1.671309108
18.53963271,73.91478213,1.661351724
18.53963326,73.91487687,1.679259538
18.5396338,73.9149716,1.691028802
18.53963652,73.91544529,1.707055793
18.53963707,73.91554003,1.690744718
18.53963761,73.91563477,1.721767544
18.53963815,73.9157295,1.759451785
18.5396387,73.91582424,1.804176252
18.53963924,73.91591898,1.795210751
18.53963978,73.91601371,1.759331374
18.53964033,73.91610845,1.74778802
18.53964087,73.91620319,1.758564762
18.53964142,73.91629793,1.758318309
18.53964196,73.91639266,1.775933185
18.5396425,73.9164874,1.789164366
18.53964305,73.91658214,1.801369213
18.53964359,73.91667688,1.801564261
18.53964413,73.91677161,1.834867856
18.53964468,73.91686635,1.845269218
18.53964522,73.91696109,1.839180192
18.53964576,73.91705583,1.868589589
18.5396463,73.91715056,1.894146553
18.53964685,73.9172453,1.914289413
18.53964739,73.91734004,1.913989077
18.53964793,73.91743478,1.891282842
18.53964848,73.91752951,1.893758629
18.53964902,73.91762425,1.884624742
18.53964956,73.91771899,1.878085417
18.53965011,73.91781373,1.89806624
18.53965065,73.91790846,1.909451898
18.53965119,73.9180032,1.872724162
18.53965173,73.91809794,1.851331235
18.53965228,73.91819268,1.851591457
18.53965282,73.91828741,1.865575127
18.53965336,73.91838215,1.864952617
18.5396539,73.91847689,1.831508504
18.53965445,73.91857163,1.835169498
18.53965499,73.91866636,1.854788856
18.53965553,73.9187611,1.865181321
18.53965607,73.91885584,1.846202196
18.53965661,73.91895058,1.844141764
18.53965716,73.91904531,1.849102786
18.5396577,73.91914005,1.834539576
18.53965824,73.91923479,1.821547555
18.53965878,73.91932953,1.822566089
18.53965933,73.91942426,1.817790466
18.53965987,73.919519,1.799446261
18.53966041,73.91961374,1.804587168
18.53966095,73.91970848,1.812019022
18.53966149,73.91980321,1.802171838
18.5396642,73.9202769,1.816136375
18.53966474,73.92037164,1.823747182
18.53966528,73.92046638,1.821741354
18.53966583,73.92056111,1.803595981
18.53978378,73.94140345,1.76262844
18.53978431,73.94149819,1.76262844
18.53978484,73.94159293,1.76262844
18.53978537,73.94168767,1.76262844
18.5397859,73.94178241,1.76262844
18.53978643,73.94187715,1.76262844
18.53978696,73.94197188,1.76262844
18.5397875,73.94206662,1.76262844
18.53926371,73.86731973,1.76512697
18.53926427,73.86741446,1.773541468
18.53926484,73.8675092,1.719512448
18.53926541,73.86760394,1.745394468
18.53926598,73.86769867,1.731179452
18.53926655,73.86779341,1.714300655
18.53926711,73.86788814,1.677904037
18.53926768,73.86798288,1.630149347
18.53926825,73.86807761,1.625231161
18.53926882,73.86817235,1.652273599
18.53926938,73.86826709,1.682649404
18.53926995,73.86836182,1.74203373
18.53927052,73.86845656,1.749479704
18.53927109,73.86855129,1.726329988
18.53927165,73.86864603,1.716366904
18.53927222,73.86874076,1.688365412
18.53927279,73.8688355,1.66915507
18.53927336,73.86893023,1.661607072
18.53927392,73.86902497,1.655478648
18.53927449,73.86911971,1.668203325
18.53927506,73.86921444,1.648804744
18.53927959,73.86997233,1.863082114
18.53928016,73.87006706,1.874159414
18.53928073,73.8701618,1.90088551
18.53928129,73.87025653,1.914015792
18.53928186,73.87035127,1.905806646
18.53928243,73.87044601,1.864565608
18.53928299,73.87054074,1.821344873
18.53928356,73.87063548,1.825868374
18.53928413,73.87073021,1.841328733
18.53928469,73.87082495,1.85441994
18.53928526,73.87091968,1.877041859
18.53928582,73.87101442,1.900428489
18.53928639,73.87110916,1.908349539
18.53928696,73.87120389,1.901971269
18.53928752,73.87129863,1.868432288
18.53953527,73.91355111,1.64725158
18.53953581,73.91364585,1.622936949
18.53953636,73.91374059,1.686827085
18.5395369,73.91383533,1.65509408
18.53953745,73.91393006,1.696305916
18.53953963,73.91430901,1.693407173
18.53954017,73.91440375,1.695678798
18.53954071,73.91449849,1.698992756
18.53954126,73.91459322,1.688477662
18.5395418,73.91468796,1.692553474
18.53954235,73.9147827,1.689771143
18.53954289,73.91487744,1.679278554
18.53954616,73.91544586,1.677939389
18.5395467,73.9155406,1.694839935
18.53954724,73.91563534,1.721680912
18.53954779,73.91573007,1.743360455
18.53954833,73.91582481,1.737799067
18.53954888,73.91591955,1.73008037
18.53954942,73.91601428,1.70416059
18.53954996,73.91610902,1.697959954
18.53955051,73.91620376,1.715934963
18.53955105,73.9162985,1.767952912
18.53955159,73.91639323,1.776943143
18.53955214,73.91648797,1.792271736
18.53955268,73.91658271,1.775910629
18.53955322,73.91667745,1.763301096
18.53955377,73.91677218,1.78496092
18.53955431,73.91686692,1.799108029
18.53955485,73.91696166,1.795961621
18.5395554,73.9170564,1.842810348
18.53955594,73.91715113,1.883774188
18.53955648,73.91724587,1.893500316
18.53955703,73.91734061,1.901605381
18.53955757,73.91743535,1.906672974
18.53955811,73.91753008,1.895786344
18.53955865,73.91762482,1.889081113
18.5395592,73.91771956,1.896925756
18.53955974,73.91781429,1.909711428
18.53956028,73.91790903,1.90209578
18.53956083,73.91800377,1.899247179
18.53956137,73.91809851,1.878230813
18.53956191,73.91819324,1.86598031
18.53956245,73.91828798,1.88046425
18.539563,73.91838272,1.87380927
18.53956354,73.91847746,1.878006977
18.53956408,73.91857219,1.859188346
18.53956462,73.91866693,1.86073649
18.53956517,73.91876167,1.895415819
18.53956571,73.91885641,1.915169993
18.53956625,73.91895114,1.894728234
18.53956679,73.91904588,1.878724726
18.53956733,73.91914062,1.878216696
18.53956788,73.91923536,1.87032699
18.53956842,73.91933009,1.846851941
18.53956896,73.91942483,1.844293389
18.5395695,73.91951957,1.838917114
18.53957004,73.91961431,1.830188184
18.53957059,73.91970904,1.828066442
18.53957113,73.91980378,1.813199136
18.53957167,73.91989852,1.791134182
18.53957221,73.91999326,1.787390561
18.53957275,73.92008799,1.78626294
18.53957329,73.92018273,1.791081786
18.53957384,73.92027747,1.775362656
18.53957438,73.92037221,1.769424136
18.53957492,73.92046694,1.77043678
18.53957546,73.92056168,1.764465278
18.539576,73.92065642,1.776277782
18.53957654,73.92075116,1.759516165
18.53957708,73.92084589,1.760238741
18.53969341,73.94140401,1.76262844
18.53969394,73.94149875,1.76262844
18.53969448,73.94159349,1.76262844
18.53969501,73.94168822,1.76262844
18.53969554,73.94178296,1.76262844
18.53969607,73.9418777,1.76262844
18.5396966,73.94197244,1.76262844
18.53969713,73.94206718,1.76262844
18.53917164,73.86703612,1.777223099
18.53917221,73.86713085,1.779884916
18.53917277,73.86722559,1.752923238
18.53917334,73.86732032,1.715548463
18.53917391,73.86741506,1.732062997
18.53917448,73.8675098,1.711642604
18.53917505,73.86760453,1.692887786
18.53917561,73.86769927,1.734159837
18.53917618,73.867794,1.709360815
18.53917675,73.86788874,1.692261866
18.53917732,73.86798347,1.63710448
18.53917789,73.86807821,1.603431708
18.53917845,73.86817294,1.628174014
18.53917902,73.86826768,1.690306727
18.53917959,73.86836242,1.678574106
18.53918016,73.86845715,1.696559097
18.53918072,73.86855189,1.68587275
18.53918129,73.86864662,1.653979599
18.53918186,73.86874136,1.615966551
18.53918243,73.86883609,1.608009141
18.53918299,73.86893083,1.621773999
18.53918356,73.86902557,1.615318884
18.53918413,73.8691203,1.60157202
18.53919036,73.87016239,1.934547655
18.53919093,73.87025713,1.935063916
18.5391915,73.87035186,1.907092962
18.53919206,73.8704466,1.879284003
18.53919263,73.87054134,1.851421157
18.5391932,73.87063607,1.836133947
18.53919376,73.87073081,1.86866269
18.53919433,73.87082554,1.87615544
18.53919489,73.87092028,1.878197647
18.53919546,73.87101501,1.901199873
18.53919603,73.87110975,1.913803972
18.53944926,73.91430958,1.643598297
18.53944981,73.91440432,1.673879206
18.53945035,73.91449906,1.679017234
18.53945089,73.9145938,1.67999338
18.53945144,73.91468853,1.695988921
18.53945198,73.91478327,1.687819695
18.53945253,73.91487801,1.681597518
18.53945579,73.91544643,1.711272001
18.53945634,73.91554117,1.723027785
18.53945688,73.91563591,1.722667715
18.53945742,73.91573064,1.731259752
18.53945797,73.91582538,1.744772163
18.53945851,73.91592012,1.712547925
18.53945905,73.91601485,1.724300807
18.5394596,73.91610959,1.675274837
18.53946014,73.91620433,1.71950213
18.53946068,73.91629907,1.751831446
18.53946123,73.9163938,1.795517777
18.53946177,73.91648854,1.781429975
18.53946232,73.91658328,1.76449599
18.53946286,73.91667802,1.748400886
18.5394634,73.91677275,1.748100165
18.53946395,73.91686749,1.748738285
18.53946449,73.91696223,1.777132757
18.53946503,73.91705697,1.793390906
18.53946557,73.9171517,1.821643575
18.53946612,73.91724644,1.837742238
18.53946666,73.91734118,1.861558972
18.5394672,73.91743591,1.885540415
18.53946775,73.91753065,1.899999368
18.53946829,73.91762539,1.879711318
18.53946883,73.91772013,1.909206429
18.53946938,73.91781486,1.909442944
18.53946992,73.9179096,1.915209876
18.53947046,73.91800434,1.923495671
18.539471,73.91809908,1.906181003
18.53947155,73.91819381,1.888986201
18.53947209,73.91828855,1.884662756
18.53947263,73.91838329,1.873969643
18.53947317,73.91847803,1.880023355
18.53947372,73.91857276,1.898913027
18.53947426,73.9186675,1.891002922
18.5394748,73.91876224,1.921490931
18.53947534,73.91885698,1.935881014
18.53947588,73.91895171,1.942874869
18.53947643,73.91904645,1.937218544
18.53947697,73.91914119,1.928552317
18.53947751,73.91923592,1.921939947
18.53947805,73.91933066,1.90566499
18.5394786,73.9194254,1.897381102
18.53947914,73.91952014,1.89118968
18.53947968,73.91961487,1.850418513
18.53948022,73.91970961,1.836532355
18.53948076,73.91980435,1.780932894
18.5394813,73.91989909,1.771920361
18.53948185,73.91999382,1.753953133
18.53948239,73.92008856,1.7420722
18.53948293,73.9201833,1.74077059
18.53948347,73.92027804,1.743767056
18.53948401,73.92037277,1.729514502
18.53948455,73.92046751,1.704886118
18.53948509,73.92056225,1.738797123
18.53948564,73.92065699,1.730751568
18.53948618,73.92075172,1.730579489
18.53948672,73.92084646,1.735692942
18.53948726,73.9209412,1.732751418
18.5394878,73.92103594,1.732652109
18.53949213,73.92179384,1.837773787
18.53949267,73.92188857,1.859089734
18.53949321,73.92198331,1.850808511
18.53949375,73.92207805,1.88734568
18.53949429,73.92217279,1.887991675
18.53949483,73.92226752,1.903700019
18.53960305,73.94140457,1.76262844
18.53960358,73.94149931,1.76262844
18.53960411,73.94159404,1.76262844
18.53960464,73.94168878,1.76262844
18.53960517,73.94178352,1.76262844
18.5396057,73.94187826,1.76262844
18.53960623,73.941973,1.76262844
18.53960676,73.94206773,1.76262844
18.53908014,73.86684724,1.802988456
18.53908071,73.86694198,1.807846375
18.53908127,73.86703671,1.768160531
18.53908184,73.86713145,1.744006685
18.53908241,73.86722618,1.741019199
18.53908298,73.86732092,1.711711937
18.53908355,73.86741566,1.679188054
18.53908411,73.86751039,1.697520496
18.53908468,73.86760513,1.698696672
18.53908525,73.86769986,1.700446679
18.53908582,73.8677946,1.715663103
18.53908639,73.86788933,1.666407328
18.53908695,73.86798407,1.660403209
18.53908752,73.8680788,1.622730352
18.53908809,73.86817354,1.646525629
18.53908866,73.86826828,1.663298541
18.53908922,73.86836301,1.665412334
18.53908979,73.86845775,1.626760768
18.53909036,73.86855248,1.638637285
18.53909093,73.86864722,1.613384075
18.5391,73.87016299,1.939424435
18.53910057,73.87025772,1.924153142
18.53910113,73.87035246,1.873024063
18.5391017,73.87044719,1.863036087
18.53910227,73.87054193,1.877263151
18.53910283,73.87063667,1.873173617
18.5391034,73.8707314,1.87977921
18.53910396,73.87082614,1.886573846
18.53910453,73.87092087,1.89500604
18.5391051,73.87101561,1.911443196
18.53935944,73.91440489,1.643293957
18.53935998,73.91449963,1.659610852
18.53936053,73.91459437,1.671524335
18.53936107,73.9146891,1.636508241
18.53936162,73.91478384,1.639150271
18.53936543,73.915447,1.738316603
18.53936597,73.91554174,1.741433903
18.53936651,73.91563648,1.727009854
18.53936706,73.91573121,1.752986212
18.5393676,73.91582595,1.744662914
18.53936815,73.91592069,1.739413778
18.53936869,73.91601542,1.699205169
18.53936923,73.91611016,1.706465391
18.53936978,73.9162049,1.706738087
18.53937032,73.91629964,1.757012617
18.53937086,73.91639437,1.779066666
18.53937141,73.91648911,1.784053093
18.53937195,73.91658385,1.740529782
18.53937249,73.91667859,1.758435956
18.53937304,73.91677332,1.734473247
18.53937358,73.91686806,1.757392459
18.53937412,73.9169628,1.757430553
18.53937467,73.91705753,1.737513141
18.53937521,73.91715227,1.743796982
18.53937575,73.91724701,1.771482704
18.5393763,73.91734175,1.784417867
18.53937684,73.91743648,1.828641357
18.53937738,73.91753122,1.855764052
18.53937792,73.91762596,1.8815482
18.53937847,73.9177207,1.877092306
18.53937901,73.91781543,1.899362049
18.53937955,73.91791017,1.913703702
18.5393801,73.91800491,1.914909178
18.53938064,73.91809964,1.896602658
18.53938118,73.91819438,1.899971381
18.53938172,73.91828912,1.878770777
18.53938227,73.91838386,1.886684686
18.53938281,73.91847859,1.860400164
18.53938335,73.91857333,1.878235501
18.53938389,73.91866807,1.908258889
18.53938444,73.91876281,1.916410132
18.53938498,73.91885754,1.925501933
18.53938552,73.91895228,1.918197763
18.53938606,73.91904702,1.941725755
18.5393866,73.91914176,1.943380117
18.53938715,73.91923649,1.946245614
18.53938769,73.91933123,1.946402407
18.53938823,73.91942597,1.91687678
18.53938877,73.91952071,1.871201482
18.53938931,73.91961544,1.838511653
18.53938986,73.91971018,1.781913887
18.5393904,73.91980492,1.745486925
18.53939094,73.91989965,1.720059367
18.53939148,73.91999439,1.717487327
18.53939202,73.92008913,1.715053684
18.53939256,73.92018387,1.714164892
18.53939311,73.9202786,1.727298846
18.53939365,73.92037334,1.695769603
18.53939419,73.92046808,1.708646157
18.53939473,73.92056282,1.69312731
18.53939527,73.92065755,1.711346338
18.53939581,73.92075229,1.722315918
18.53939635,73.92084703,1.71102649
18.53939689,73.92094177,1.687102513
18.53939744,73.9210365,1.70924075
18.53939798,73.92113124,1.71686819
18.53940122,73.92169967,1.760504712
18.53940176,73.9217944,1.791528161
18.5394023,73.92188914,1.810875028
18.53940284,73.92198388,1.80819401
18.53940339,73.92207862,1.804434844
18.53940393,73.92217335,1.839549544
18.53940447,73.92226809,1.851299761
18.53940501,73.92236283,1.882227375
18.53940663,73.92264704,1.908173106
18.53940717,73.92274178,1.932342472
18.53940771,73.92283651,1.920213885
18.53940825,73.92293125,1.882326716
18.53940879,73.92302599,1.865972133
18.53940933,73.92312073,1.834830816
18.53940987,73.92321546,1.809522814
18.53951215,73.94131039,1.76262844
18.53951268,73.94140512,1.76262844
18.53951321,73.94149986,1.76262844
18.53951374,73.9415946,1.76262844
18.53951427,73.94168934,1.76262844
18.53951481,73.94178408,1.76262844
18.53951534,73.94187881,1.76262844
18.53951587,73.94197355,1.76262844
18.5395164,73.94206829,1.76262844
18.53898864,73.86665837,1.772518599
18.53898921,73.8667531,1.794987045
18.53898977,73.86684784,1.76853578
18.53899034,73.86694257,1.767688193
18.53899091,73.86703731,1.762468593
18.53899148,73.86713204,1.736447845
18.53899205,73.86722678,1.717323321
18.53899262,73.86732152,1.710891
18.53899318,73.86741625,1.668424438
18.53899375,73.86751099,1.663099117
18.53899432,73.86760572,1.642293099
18.53899489,73.86770046,1.654022354
18.53899545,73.86779519,1.677754947
18.53899602,73.86788993,1.65902171
18.53899659,73.86798466,1.632584386
18.53899716,73.8680794,1.664749512
18.53899773,73.86817413,1.643631845
18.53899829,73.86826887,1.658036823
18.53899886,73.86836361,1.642788382
18.53899943,73.86845834,1.643041531
18.5390102,73.87025832,1.875777928
18.53901077,73.87035305,1.87298829
18.53901134,73.87044779,1.849935561
18.5390119,73.87054252,1.861615768
18.53901247,73.87063726,1.888556664
18.53901303,73.87073199,1.909238808
18.5390136,73.87082673,1.912764955
18.53926962,73.9145002,1.629338798
18.53927016,73.91459494,1.627411321
18.53927506,73.91544757,1.777069485
18.53927561,73.91554231,1.755098259
18.53927615,73.91563705,1.766615417
18.53927669,73.91573178,1.733820486
18.53927724,73.91582652,1.714005015
18.53927778,73.91592126,1.721074799
18.53927832,73.91601599,1.707811108
18.53927887,73.91611073,1.704280685
18.53927941,73.91620547,1.716709069
18.53927995,73.91630021,1.721483231
18.5392805,73.91639494,1.770193165
18.53928104,73.91648968,1.767007675
18.53928159,73.91658442,1.76885655
18.53928213,73.91667916,1.731358529
18.53928267,73.91677389,1.779235152
18.53928322,73.91686863,1.765266502
18.53928376,73.91696337,1.722243216
18.5392843,73.9170581,1.724303849
18.53928484,73.91715284,1.733044581
18.53928539,73.91724758,1.721425335
18.53928593,73.91734232,1.726636002
18.53928647,73.91743705,1.771094008
18.53928702,73.91753179,1.838007108
18.53928756,73.91762653,1.858046632
18.5392881,73.91772126,1.850035868
18.53928864,73.917816,1.839310003
18.53928919,73.91791074,1.860400648
18.53928973,73.91800548,1.84634189
18.53929027,73.91810021,1.877771553
18.53929082,73.91819495,1.839749834
18.53929136,73.91828969,1.826994288
18.5392919,73.91838443,1.826267562
18.53929244,73.91847916,1.826296264
18.53929299,73.9185739,1.828065907
18.53929353,73.91866864,1.841756726
18.53929407,73.91876337,1.85436695
18.53929461,73.91885811,1.851658539
18.53929515,73.91895285,1.850034494
18.5392957,73.91904759,1.853512631
18.53929624,73.91914232,1.892557111
18.53929678,73.91923706,1.910204193
18.53929732,73.9193318,1.906888695
18.53929786,73.91942654,1.853386053
18.53929841,73.91952127,1.821942582
18.53929895,73.91961601,1.799894682
18.53929949,73.91971075,1.750081976
18.53930003,73.91980549,1.701170383
18.53930057,73.91990022,1.672964356
18.53930112,73.91999496,1.667265115
18.53930166,73.9200897,1.706810963
18.5393022,73.92018443,1.732986611
18.53930274,73.92027917,1.733967125
18.53930328,73.92037391,1.743280472
18.53930382,73.92046865,1.718395861
18.53930436,73.92056338,1.719380624
18.53930491,73.92065812,1.695856229
18.53930545,73.92075286,1.699445289
18.53930599,73.9208476,1.693278216
18.53930653,73.92094233,1.701118836
18.53930707,73.92103707,1.725615689
18.53930761,73.92113181,1.72290585
18.53931032,73.92160549,1.697338493
18.53931086,73.92170023,1.719868795
18.5393114,73.92179497,1.722144116
18.53931194,73.92188971,1.734799783
18.53931248,73.92198444,1.749215436
18.53931302,73.92207918,1.756578203
18.53931356,73.92217392,1.760917928
18.5393141,73.92226866,1.806995641
18.53931464,73.92236339,1.805108987
18.53931518,73.92245813,1.837473419
18.53931626,73.92264761,1.867737628
18.5393168,73.92274234,1.867403107
18.53931734,73.92283708,1.873981525
18.53931788,73.92293182,1.850494288
18.53931842,73.92302656,1.819570385
18.53931896,73.92312129,1.813235937
18.5393195,73.92321603,1.793816639
18.53932004,73.92331077,1.774894198
18.53932058,73.92340551,1.755674695
18.53932112,73.92350024,1.759151359
18.53932166,73.92359498,1.77025055
18.5393222,73.92368972,1.766533043
18.53932274,73.92378446,1.763382933
18.53942232,73.94140568,1.76262844
18.53942285,73.94150042,1.76262844
18.53942338,73.94159516,1.76262844
18.53942391,73.94168989,1.76262844
18.53942444,73.94178463,1.76262844
18.53942497,73.94187937,1.76262844
18.5394255,73.94197411,1.76262844
18.53942603,73.94206885,1.76262844
18.53889714,73.86646949,1.692462496
18.53889771,73.86656423,1.725965411
18.53889827,73.86665896,1.736663624
18.53889884,73.8667537,1.753209272
18.53889941,73.86684843,1.737867085
18.53889998,73.86694317,1.741138313
18.53890055,73.8670379,1.748697418
18.53890112,73.86713264,1.727715009
18.53890168,73.86722738,1.69705696
18.53890225,73.86732211,1.692408993
18.53890282,73.86741685,1.672469973
18.53890339,73.86751158,1.603041574
18.53890396,73.86760632,1.600289418
18.53890452,73.86770105,1.596931967
18.53890509,73.86779579,1.633601739
18.53890566,73.86789052,1.651674002
18.53890623,73.86798526,1.616017336
18.53890679,73.86807999,1.625172915
18.53890736,73.86817473,1.700355496
18.53891927,73.87016418,1.903959736
18.53891984,73.87025891,1.890404234
18.5389204,73.87035365,1.866295424
18.53892097,73.87044838,1.859014507
18.53892154,73.87054312,1.856032939
18.5389221,73.87063785,1.900467706
18.53892267,73.87073259,1.925447144
18.53918524,73.91554288,1.784643001
18.53918578,73.91563762,1.761559702
18.53918633,73.91573235,1.728021876
18.53918687,73.91582709,1.707494883
18.53918742,73.91592183,1.69350467
18.53918796,73.91601656,1.681902517
18.5391885,73.9161113,1.703031467
18.53918905,73.91620604,1.699418372
18.53918959,73.91630078,1.737838421
18.53919013,73.91639551,1.730979666
18.53919068,73.91649025,1.747228039
18.53919122,73.91658499,1.745780521
18.53919176,73.91667972,1.735762234
18.53919231,73.91677446,1.73329769
18.53919285,73.9168692,1.739254364
18.53919339,73.91696394,1.731522588
18.53919394,73.91705867,1.721713789
18.53919448,73.91715341,1.72409313
18.53919502,73.91724815,1.693702704
18.53919557,73.91734288,1.722108241
18.53919611,73.91743762,1.779577392
18.53919665,73.91753236,1.805352943
18.53919774,73.91772183,1.776723147
18.53919828,73.91781657,1.766778678
18.53919882,73.91791131,1.760308414
18.53919937,73.91800605,1.784555392
18.53919991,73.91810078,1.775702167
18.53920045,73.91819552,1.779662129
18.53920099,73.91829026,1.729113557
18.53920154,73.91838499,1.738433699
18.53920208,73.91847973,1.759549594
18.53920262,73.91857447,1.751276704
18.53920316,73.91866921,1.768259978
18.5392037,73.91876394,1.748893481
18.53920425,73.91885868,1.7509435
18.53920479,73.91895342,1.761880998
18.53920533,73.91904815,1.791726535
18.53920587,73.91914289,1.806075797
18.53920642,73.91923763,1.831379489
18.53920696,73.91933237,1.82407739
18.5392075,73.9194271,1.814679885
18.53920804,73.91952184,1.777018538
18.53920858,73.91961658,1.748650601
18.53920913,73.91971132,1.723007227
18.53920967,73.91980605,1.719880511
18.53921021,73.91990079,1.687917751
18.53921075,73.91999553,1.697082085
18.53921129,73.92009026,1.733440287
18.53921183,73.920185,1.761896561
18.53921238,73.92027974,1.767632512
18.53921292,73.92037448,1.763181695
18.53921346,73.92046921,1.734007203
18.539214,73.92056395,1.708154592
18.53921454,73.92065869,1.722560743
18.53921508,73.92075343,1.700209753
18.53921562,73.92084816,1.706939019
18.53921616,73.9209429,1.741785773
18.53921671,73.92103764,1.720564915
18.53921725,73.92113238,1.711964073
18.53921779,73.92122711,1.732412288
18.53921833,73.92132185,1.725224018
18.53921887,73.92141659,1.694186299
18.53921941,73.92151132,1.671839443
18.53921995,73.92160606,1.702022667
18.53922049,73.9217008,1.709457134
18.53922103,73.92179554,1.710775248
18.53922157,73.92189027,1.688281365
18.53922211,73.92198501,1.711798969
18.53922266,73.92207975,1.740476898
18.5392232,73.92217449,1.74695614
18.53922374,73.92226922,1.7744879
18.53922428,73.92236396,1.812414922
18.53922482,73.9224587,1.794588082
18.53922536,73.92255344,1.791975291
18.5392259,73.92264817,1.815511457
18.53922644,73.92274291,1.810359056
18.53922698,73.92283765,1.786136509
18.53922752,73.92293239,1.79583439
18.53922806,73.92302712,1.782045905
18.5392286,73.92312186,1.761570341
18.53922914,73.9232166,1.756587204
18.53922968,73.92331133,1.742429328
18.53923022,73.92340607,1.72797627
18.53923076,73.92350081,1.732145931
18.5392313,73.92359555,1.741092183
18.53923184,73.92369028,1.748829397
18.53923238,73.92378502,1.751721556
18.53923292,73.92387976,1.772838054
18.53923346,73.9239745,1.781088629
18.539234,73.92406923,1.781828388
18.53923454,73.92416397,1.754573227
18.53933142,73.9413115,1.76262844
18.53933195,73.94140624,1.76262844
18.53933248,73.94150097,1.76262844
18.53933301,73.94159571,1.76262844
18.53933354,73.94169045,1.76262844
18.53933407,73.94178519,1.76262844
18.5393346,73.94187993,1.76262844
18.53933514,73.94197466,1.76262844
18.53880621,73.86637535,1.694309236
18.53880677,73.86647009,1.704256155
18.53880734,73.86656482,1.702447295
18.53880791,73.86665956,1.714521982
18.53880848,73.86675429,1.711383393
18.53880905,73.86684903,1.712845591
18.53880962,73.86694377,1.701336298
18.53881018,73.8670385,1.684720657
18.53881075,73.86713324,1.679300475
18.53881132,73.86722797,1.697642993
18.53881189,73.86732271,1.663366444
18.53881246,73.86741744,1.628182696
18.53881302,73.86751218,1.599047147
18.53881359,73.86760691,1.588618492
18.53881416,73.86770165,1.581205388
18.53881473,73.86779638,1.568485863
18.5388153,73.86789112,1.603963981
18.53881586,73.86798585,1.619775847
18.53882891,73.87016477,1.910401277
18.53882947,73.8702595,1.89901282
18.53883004,73.87035424,1.879884129
18.53883061,73.87044898,1.858925092
18.53883117,73.87054371,1.892483216
18.53883174,73.87063845,1.900318887
18.53909488,73.91554345,1.823149456
18.53909542,73.91563819,1.766907492
18.53909596,73.91573292,1.730866115
18.53909651,73.91582766,1.713528557
18.53909705,73.9159224,1.692848442
18.53909759,73.91601713,1.69703853
18.53909814,73.91611187,1.688683969
18.53909868,73.91620661,1.715015801
18.53909922,73.91630135,1.733627327
18.53909977,73.91639608,1.744695651
18.53910031,73.91649082,1.693166298
18.53910086,73.91658556,1.690745864
18.5391014,73.91668029,1.696261015
18.53910194,73.91677503,1.686705191
18.53910248,73.91686977,1.676713903
18.53910303,73.91696451,1.691856087
18.53910357,73.91705924,1.711221943
18.53910411,73.91715398,1.701556526
18.53910466,73.91724872,1.713637446
18.53910791,73.91781714,1.711447434
18.53910846,73.91791188,1.722336332
18.539109,73.91800661,1.718399416
18.53910954,73.91810135,1.7213378
18.53911009,73.91819609,1.710367467
18.53911063,73.91829083,1.728287766
18.53911117,73.91838556,1.686825681
18.53911171,73.9184803,1.699945
18.53911226,73.91857504,1.71333525
18.5391128,73.91866977,1.715999273
18.53911334,73.91876451,1.739181394
18.53911388,73.91885925,1.727494303
18.53911442,73.91895399,1.74526277
18.53911497,73.91904872,1.747642217
18.53911551,73.91914346,1.776253667
18.53911605,73.9192382,1.795182083
18.53911659,73.91933293,1.792914338
18.53911713,73.91942767,1.783518779
18.53911768,73.91952241,1.785293943
18.53911822,73.91961715,1.761512553
18.53911876,73.91971188,1.777805538
18.5391193,73.91980662,1.771255198
18.53911984,73.91990136,1.771438477
18.53912039,73.9199961,1.772594638
18.53912093,73.92009083,1.805201751
18.53912147,73.92018557,1.825777397
18.53912201,73.92028031,1.802414822
18.53912255,73.92037504,1.78322056
18.53912309,73.92046978,1.740000429
18.53912363,73.92056452,1.730085129
18.53912418,73.92065926,1.735858617
18.53912472,73.92075399,1.750665745
18.53912526,73.92084873,1.735448421
18.5391258,73.92094347,1.73866863
18.53912634,73.92103821,1.743580163
18.53912688,73.92113294,1.762089555
18.53912742,73.92122768,1.747988087
18.53912796,73.92132242,1.745231123
18.5391285,73.92141715,1.750907458
18.53912905,73.92151189,1.756580072
18.53912959,73.92160663,1.741372519
18.53913013,73.92170137,1.725510622
18.53913175,73.92198558,1.750785248
18.53913229,73.92208032,1.77097422
18.53913283,73.92217505,1.78712378
18.53913337,73.92226979,1.800170196
18.53913391,73.92236453,1.82732034
18.53913445,73.92245926,1.830411471
18.53913499,73.922554,1.80447514
18.53913553,73.92264874,1.811839441
18.53913607,73.92274348,1.802149767
18.53913661,73.92283821,1.779921415
18.53913715,73.92293295,1.778219112
18.53913769,73.92302769,1.776209394
18.53913823,73.92312243,1.776476907
18.53913877,73.92321716,1.7491072
18.53913931,73.9233119,1.72584868
18.53913985,73.92340664,1.723012979
18.53914039,73.92350138,1.735943441
18.53914093,73.92359611,1.736462089
18.53914147,73.92369085,1.746847996
18.53914201,73.92378559,1.754571057
18.53914255,73.92388032,1.748957415
18.53914309,73.92397506,1.762078495
18.53914363,73.9240698,1.757929566
18.53914417,73.92416454,1.75029487
18.53914471,73.92425927,1.728665735
18.53914525,73.92435401,1.705146282
18.53924105,73.94131206,1.76262844
18.53924158,73.94140679,1.76262844
18.53924212,73.94150153,1.76262844
18.53924265,73.94159627,1.76262844
18.53924318,73.94169101,1.76262844
18.53924371,73.94178575,1.76262844
18.53924424,73.94188048,1.76262844
18.5387147,73.86618648,1.749245412
18.53871527,73.86628121,1.745330491
18.53871584,73.86637595,1.730776426
18.53871641,73.86647068,1.683622741
18.53871698,73.86656542,1.664919826
18.53871755,73.86666015,1.684467346
18.53871812,73.86675489,1.695922681
18.53871868,73.86684963,1.680144496
18.53871925,73.86694436,1.637033042
18.53871982,73.8670391,1.631819076
18.53872039,73.86713383,1.647647213
18.53872096,73.86722857,1.661119228
18.53872152,73.8673233,1.643585526
18.53872209,73.86741804,1.638577362
18.53872266,73.86751277,1.627685829
18.53872323,73.86760751,1.608426326
18.5387238,73.86770224,1.583882914
18.53872436,73.86779698,1.57643424
18.53873798,73.87007063,1.931009615
18.53873854,73.87016536,1.909172212
18.53873911,73.8702601,1.909691071
18.53873968,73.87035483,1.882622328
18.53874024,73.87044957,1.892898454
18.53874081,73.87054431,1.892782978
18.53900995,73.91649139,1.69525297
18.53901049,73.91658613,1.629495546
18.53901103,73.91668086,1.63406157
18.53901158,73.9167756,1.631024644
18.53901212,73.91687034,1.629977796
18.53901266,73.91696508,1.649906376
18.53901321,73.91705981,1.663734942
18.53901375,73.91715455,1.714952993
18.53901755,73.91781771,1.707883889
18.53901809,73.91791245,1.695725694
18.53901863,73.91800718,1.727420959
18.53901918,73.91810192,1.709025624
18.53901972,73.91819666,1.720318139
18.53902026,73.91829139,1.697492705
18.53902081,73.91838613,1.695775738
18.53902135,73.91848087,1.696259467
18.53902189,73.91857561,1.717581451
18.53902243,73.91867034,1.721074442
18.53902297,73.91876508,1.731827126
18.53902352,73.91885982,1.765896915
18.53902406,73.91895455,1.763848738
18.5390246,73.91904929,1.790294384
18.53902514,73.91914403,1.809408415
18.53902569,73.91923877,1.788763441
18.53902623,73.9193335,1.800772516
18.53902677,73.91942824,1.818973677
18.53902731,73.91952298,1.810224946
18.53902785,73.91961771,1.825112171
18.53902839,73.91971245,1.82636876
18.53902894,73.91980719,1.827985862
18.53902948,73.91990193,1.837870297
18.53903002,73.91999666,1.846431807
18.53903056,73.9200914,1.845047566
18.5390311,73.92018614,1.838195722
18.53903164,73.92028087,1.820807699
18.53903219,73.92037561,1.759985016
18.53903273,73.92047035,1.732784231
18.53903327,73.92056509,1.705328355
18.53903381,73.92065982,1.705605565
18.53903435,73.92075456,1.728041498
18.53903489,73.9208493,1.724791254
18.53903543,73.92094404,1.724429175
18.53903598,73.92103877,1.736840948
18.53903652,73.92113351,1.753981015
18.53903706,73.92122825,1.756536959
18.5390376,73.92132298,1.746003792
18.53903814,73.92141772,1.775716936
18.53903868,73.92151246,1.781165202
18.53903922,73.9216072,1.79595682
18.53904192,73.92208088,1.803768704
18.53904247,73.92217562,1.823714957
18.53904301,73.92227036,1.848115447
18.53904355,73.92236509,1.857526511
18.53904409,73.92245983,1.87077962
18.53904463,73.92255457,1.868885503
18.53904517,73.92264931,1.842798227
18.53904571,73.92274404,1.844970207
18.53904625,73.92283878,1.838402315
18.53904679,73.92293352,1.81152428
18.53904733,73.92302825,1.810522632
18.53904787,73.92312299,1.796785158
18.53904841,73.92321773,1.767645421
18.53904895,73.92331247,1.740228001
18.53904949,73.9234072,1.747881885
18.53905003,73.92350194,1.741726856
18.53905057,73.92359668,1.727336638
18.53905111,73.92369142,1.72899443
18.53905165,73.92378615,1.746850094
18.53905219,73.92388089,1.752068314
18.53905273,73.92397563,1.756157418
18.53905327,73.92407037,1.758902456
18.53905381,73.9241651,1.742380086
18.53905435,73.92425984,1.731274535
18.53905489,73.92435458,1.735136172
18.53914963,73.94112314,1.76262844
18.53915016,73.94121787,1.76262844
18.53915069,73.94131261,1.76262844
18.53915122,73.94140735,1.76262844
18.53915175,73.94150209,1.76262844
18.53915228,73.94159683,1.76262844
18.53915281,73.94169156,1.76262844
18.53915334,73.9417863,1.76262844
18.53915387,73.94188104,1.76262844
18.53862377,73.86609234,1.751993941
18.53862434,73.86618707,1.760665753
18.53862491,73.86628181,1.741191165
18.53862548,73.86637655,1.701516581
18.53862605,73.86647128,1.679264444
18.53862661,73.86656602,1.680924061
18.53862718,73.86666075,1.700340861
18.53862775,73.86675549,1.656942184
18.53862832,73.86685022,1.626992099
18.53862889,73.86694496,1.60066383
18.53862946,73.86703969,1.59740888
18.53863002,73.86713443,1.626238881
18.53863059,73.86722916,1.631369748
18.53863116,73.8673239,1.702306702
18.53863173,73.86741863,1.681566407
18.5386323,73.86751337,1.64733343
18.53863286,73.8676081,1.600304239
18.53864761,73.87007122,1.904362882
18.53864818,73.87016596,1.918719673
18.53864875,73.87026069,1.898262433
18.53864931,73.87035543,1.913284684
18.53892827,73.91800775,1.708472885
18.53892881,73.91810249,1.749701561
18.53893261,73.91876565,1.782810829
18.53893315,73.91886039,1.797957047
18.53893369,73.91895512,1.79166154
18.53893424,73.91904986,1.827547715
18.53893478,73.9191446,1.825412703
18.53893532,73.91923933,1.81945855
18.53893586,73.91933407,1.824339009
18.5389364,73.91942881,1.824922254
18.53893695,73.91952355,1.820083644
18.53893749,73.91961828,1.823131783
18.53893803,73.91971302,1.84713009
18.53893857,73.91980776,1.836371555
18.53893911,73.91990249,1.860056994
18.53893965,73.91999723,1.87871159
18.5389402,73.92009197,1.876651683
18.53894074,73.92018671,1.838909596
18.53894128,73.92028144,1.811108115
18.53894182,73.92037618,1.739365229
18.53894236,73.92047092,1.695539435
18.5389429,73.92056565,1.703212088
18.53894345,73.92066039,1.708633077
18.53894399,73.92075513,1.69354697
18.53894453,73.92084987,1.698000468
18.53894507,73.9209446,1.712504845
18.53894561,73.92103934,1.711318763
18.53894615,73.92113408,1.707325824
18.53894669,73.92122881,1.719294386
18.53894723,73.92132355,1.764165976
18.53894777,73.92141829,1.765385747
18.53894832,73.92151303,1.772765898
18.53894886,73.92160776,1.76601576
18.5389494,73.9217025,1.823719191
18.53895102,73.92198671,1.76238647
18.53895156,73.92208145,1.786821685
18.5389521,73.92217619,1.81448208
18.53895264,73.92227092,1.826432807
18.53895318,73.92236566,1.848797399
18.53895372,73.9224604,1.848782561
18.53895426,73.92255514,1.879871727
18.5389548,73.92264987,1.88782556
18.53895534,73.92274461,1.889536106
18.53895588,73.92283935,1.884912548
18.53895642,73.92293408,1.866454946
18.53895696,73.92302882,1.86044323
18.5389575,73.92312356,1.844146953
18.53895804,73.9232183,1.827503186
18.53895858,73.92331303,1.804802496
18.53895912,73.92340777,1.770002456
18.53895966,73.92350251,1.757430832
18.5389602,73.92359724,1.738755642
18.53896074,73.92369198,1.725234268
18.53896128,73.92378672,1.72542749
18.53896182,73.92388146,1.752804377
18.53896236,73.92397619,1.749481683
18.5389629,73.92407093,1.737958212
18.53896344,73.92416567,1.755131321
18.53896398,73.92426041,1.74685962
18.53896452,73.92435514,1.734895332
18.53896506,73.92444988,1.718857033
18.53897315,73.92587094,1.871515782
18.53905926,73.94112369,1.76262844
18.53905979,73.94121843,1.76262844
18.53906032,73.94131317,1.76262844
18.53906085,73.94140791,1.76262844
18.53906138,73.94150264,1.76262844
18.53906192,73.94159738,1.76262844
18.53906245,73.94169212,1.76262844
18.53906298,73.94178686,1.76262844
18.53853227,73.86590347,1.739673238
18.53853284,73.8659982,1.737621043
18.53853341,73.86609294,1.759987107
18.53853398,73.86618767,1.734774201
18.53853455,73.86628241,1.730781636
18.53853511,73.86637714,1.681556043
18.53853568,73.86647188,1.649638097
18.53853625,73.86656661,1.664369042
18.53853682,73.86666135,1.663034232
18.53853739,73.86675608,1.634385394
18.53853796,73.86685082,1.574402125
18.53853852,73.86694555,1.587059318
18.53853909,73.86704029,1.616491857
18.53853966,73.86713502,1.645638514
18.53854023,73.86722976,1.678830906
18.5385408,73.86732449,1.693943723
18.53854137,73.86741923,1.720641323
18.53855668,73.86997708,1.90837827
18.53855725,73.87007182,1.908190084
18.53855782,73.87016655,1.902724944
18.53855838,73.87026129,1.908842053
18.53884441,73.91914517,1.808116719
18.53884496,73.9192399,1.833364759
18.5388455,73.91933464,1.822570055
18.53884604,73.91942938,1.811660237
18.53884658,73.91952411,1.818679394
18.53884712,73.91961885,1.833788053
18.53884766,73.91971359,1.820488426
18.53884821,73.91980832,1.840604894
18.53884875,73.91990306,1.857765795
18.53884929,73.9199978,1.892306257
18.53884983,73.92009254,1.890247106
18.53885037,73.92018727,1.85269304
18.53885091,73.92028201,1.785248526
18.53885146,73.92037675,1.759089788
18.538852,73.92047148,1.722631774
18.53885254,73.92056622,1.711852654
18.53885308,73.92066096,1.712818721
18.53885362,73.9207557,1.703453805
18.53885416,73.92085043,1.692863407
18.5388547,73.92094517,1.694325483
18.53885524,73.92103991,1.722432804
18.53885579,73.92113464,1.712736729
18.53885633,73.92122938,1.717930309
18.53885687,73.92132412,1.722150243
18.53885741,73.92141886,1.746621071
18.53885795,73.92151359,1.751737078
18.53885849,73.92160833,1.765439881
18.53885903,73.92170307,1.746740233
18.53886065,73.92198728,1.714734154
18.53886119,73.92208202,1.743140087
18.53886173,73.92217675,1.752559817
18.53886228,73.92227149,1.802306632
18.53886282,73.92236623,1.798793347
18.53886336,73.92246096,1.810493341
18.5388639,73.9225557,1.824456871
18.53886444,73.92265044,1.856654287
18.53886498,73.92274518,1.869235573
18.53886552,73.92283991,1.87416518
18.53886606,73.92293465,1.908260828
18.5388666,73.92302939,1.907815128
18.53886714,73.92312412,1.888151829
18.53886768,73.92321886,1.866291681
18.53886822,73.9233136,1.859172005
18.53886876,73.92340834,1.831807634
18.5388693,73.92350307,1.791932491
18.53886984,73.92359781,1.768216182
18.53887038,73.92369255,1.739367809
18.53887092,73.92378729,1.748220203
18.53887146,73.92388202,1.751113811
18.538872,73.92397676,1.746896329
18.53887254,73.9240715,1.744346906
18.53887308,73.92416623,1.744519723
18.53887362,73.92426097,1.732088634
18.53887415,73.92435571,1.738753127
18.53887469,73.92445045,1.718857033
18.53888278,73.9258715,1.845333024
18.53888332,73.92596624,1.863006663
18.53888386,73.92606098,1.890032171
18.5388844,73.92615572,1.905598637
18.53888493,73.92625045,1.916780682
18.53888547,73.92634519,1.914732165
18.53888601,73.92643993,1.911929006
18.53896836,73.94102951,1.76262844
18.53896889,73.94112425,1.76262844
18.53896943,73.94121899,1.76262844
18.53896996,73.94131373,1.76262844
18.53897049,73.94140846,1.76262844
18.53897102,73.9415032,1.76262844
18.53897155,73.94159794,1.76262844
18.53897208,73.94169268,1.76262844
18.53897261,73.94178741,1.76262844
18.53844134,73.86580933,1.758651595
18.53844191,73.86590406,1.715612878
18.53844248,73.8659988,1.748502162
18.53844305,73.86609353,1.728909176
18.53844361,73.86618827,1.744615151
18.53844418,73.866283,1.707867755
18.53844475,73.86637774,1.683179641
18.53844532,73.86647247,1.638937988
18.53844589,73.86656721,1.605443497
18.53844646,73.86666194,1.586874736
18.53844702,73.86675668,1.600372047
18.53844759,73.86685141,1.625343186
18.53844816,73.86694615,1.629290443
18.53844873,73.86704088,1.654387336
18.5384493,73.86713562,1.668202984
18.53844987,73.86723035,1.725956216
18.53845043,73.86732509,1.716588577
18.53846632,73.86997767,1.91929739
18.53846689,73.87007241,1.90837827
18.5387573,73.91971416,1.839042431
18.53875784,73.91980889,1.866292593
18.53875838,73.91990363,1.899301505
18.53875892,73.91999837,1.89695941
18.53875947,73.9200931,1.904127418
18.53876001,73.92018784,1.877906952
18.53876055,73.92028258,1.791598166
18.53876109,73.92037732,1.76702574
18.53876163,73.92047205,1.754105947
18.53876217,73.92056679,1.74016802
18.53876271,73.92066153,1.72730796
18.53876326,73.92075626,1.72538908
18.5387638,73.920851,1.703409683
18.53876434,73.92094574,1.707183987
18.53876488,73.92104047,1.709087811
18.53876542,73.92113521,1.723653849
18.53876596,73.92122995,1.729686678
18.5387665,73.92132469,1.725381156
18.53876704,73.92141942,1.702210628
18.53876758,73.92151416,1.729996277
18.53876813,73.9216089,1.750529901
18.53876867,73.92170363,1.750238246
18.53877029,73.92198785,1.698803117
18.53877083,73.92208258,1.699099954
18.53877137,73.92217732,1.730127534
18.53877191,73.92227206,1.741555863
18.53877245,73.92236679,1.771144212
18.53877299,73.92246153,1.780567132
18.53877353,73.92255627,1.784947176
18.53877407,73.92265101,1.80175487
18.53877461,73.92274574,1.822724484
18.53877515,73.92284048,1.846761579
18.53877569,73.92293522,1.873873222
18.53877623,73.92302995,1.885871383
18.53877677,73.92312469,1.893337369
18.53877731,73.92321943,1.877773355
18.53877785,73.92331417,1.879241562
18.53877839,73.9234089,1.888559306
18.53877893,73.92350364,1.84983315
18.53877947,73.92359838,1.799236059
18.53878001,73.92369311,1.794397131
18.53878055,73.92378785,1.774496383
18.53878109,73.92388259,1.770863945
18.53878163,73.92397733,1.783842861
18.53878217,73.92407206,1.768303117
18.53878271,73.9241668,1.735112594
18.53878325,73.92426154,1.727965597
18.53878379,73.92435627,1.718515387
18.53878756,73.92501943,1.755994726
18.5387881,73.92511417,1.776651803
18.53879241,73.92587207,1.808727985
18.53879295,73.92596681,1.831362225
18.53879349,73.92606154,1.853311149
18.53879403,73.92615628,1.885874631
18.53879457,73.92625102,1.895894704
18.53879511,73.92634576,1.889765605
18.53879565,73.92644049,1.897142942
18.53879618,73.92653523,1.894402508
18.53879672,73.92662997,1.885920717
18.53879726,73.9267247,1.876852373
18.5387978,73.92681944,1.861257505
18.538878,73.94103007,1.76262844
18.53887853,73.94112481,1.76262844
18.53887906,73.94121954,1.76262844
18.53887959,73.94131428,1.76262844
18.53888012,73.94140902,1.76262844
18.53888065,73.94150376,1.76262844
18.53888118,73.9415985,1.76262844
18.53888171,73.94169323,1.76262844
18.53834984,73.86562045,1.82427658
18.53835041,73.86571519,1.805691643
18.53835098,73.86580992,1.763603398
18.53835154,73.86590466,1.760181151
18.53835211,73.86599939,1.723465443
18.53835268,73.86609413,1.76262844
18.53835325,73.86618886,1.746083231
18.53835382,73.8662836,1.71561504
18.53835439,73.86637833,1.662683461
18.53835496,73.86647307,1.611253026
18.53835552,73.8665678,1.597443184
18.53835609,73.86666254,1.59936127
18.53835666,73.86675727,1.627788752
18.53835723,73.86685201,1.665095962
18.5383578,73.86694674,1.699199616
18.53835837,73.86704148,1.708764067
18.53835893,73.86713621,1.715892729
18.53867235,73.92066209,1.76262844
18.53867397,73.9209463,1.734740273
18.53867451,73.92104104,1.753862706
18.53867506,73.92113578,1.731298932
18.5386756,73.92123052,1.723756562
18.53867614,73.92132525,1.72103737
18.53867668,73.92141999,1.749549384
18.53867722,73.92151473,1.721022231
18.53867776,73.92160946,1.741818626
18.53867992,73.92198841,1.640914192
18.53868046,73.92208315,1.692687353
18.538681,73.92217789,1.702126426
18.53868154,73.92227262,1.715196337
18.53868209,73.92236736,1.71887414
18.53868371,73.92265157,1.746566654
18.53868425,73.92274631,1.793516851
18.53868479,73.92284105,1.809106005
18.53868533,73.92293578,1.808619035
18.53868587,73.92303052,1.811368537
18.53868641,73.92312526,1.833078847
18.53868695,73.92321999,1.851476217
18.53868749,73.92331473,1.859342006
18.53868803,73.92340947,1.862822683
18.53868857,73.92350421,1.854850854
18.53868911,73.92359894,1.829800214
18.53868965,73.92369368,1.814604852
18.53869019,73.92378842,1.821371478
18.53869073,73.92388315,1.814231006
18.53869127,73.92397789,1.784563126
18.53869181,73.92407263,1.750576006
18.53869235,73.92416737,1.730581097
18.53869288,73.9242621,1.745080408
18.53869342,73.92435684,1.731741086
18.5386972,73.92502,1.768786481
18.53869774,73.92511474,1.768786481
18.53870151,73.9257779,1.754292268
18.53870205,73.92587263,1.762169675
18.53870259,73.92596737,1.788085694
18.53870313,73.92606211,1.831994304
18.53870367,73.92615685,1.839773747
18.5387042,73.92625158,1.852635814
18.53870474,73.92634632,1.859291841
18.53870528,73.92644106,1.862469418
18.53870582,73.92653579,1.855967237
18.53870636,73.92663053,1.85603338
18.5387069,73.92672527,1.833603835
18.53870743,73.92682001,1.816101861
18.53870797,73.92691474,1.810034869
18.5387871,73.94093589,1.76262844
18.53878763,73.94103063,1.76262844
18.53878816,73.94112536,1.76262844
18.53878869,73.9412201,1.76262844
18.53878922,73.94131484,1.76262844
18.53878976,73.94140958,1.76262844
18.53879029,73.94150431,1.76262844
18.53879082,73.94159905,1.76262844
18.53879135,73.94169379,1.76262844
18.53825891,73.86552631,1.85507317
18.53825947,73.86562105,1.838335731
18.53826004,73.86571578,1.784358111
18.53826061,73.86581052,1.759615472
18.53826118,73.86590525,1.735661583
18.53826175,73.86599999,1.76262844
18.53826232,73.86609472,1.743742866
18.53826289,73.86618946,1.748264515
18.53826346,73.86628419,1.720059637
18.53826402,73.86637893,1.675208869
18.53826459,73.86647366,1.631165686
18.53826516,73.8665684,1.644992571
18.53826573,73.86666313,1.675026742
18.5382663,73.86675787,1.694490696
18.53826687,73.8668526,1.731089932
18.53826743,73.86694734,1.744880613
18.538268,73.86704207,1.795333291
18.53859496,73.92293635,1.748370003
18.5385955,73.92303109,1.773686133
18.53859604,73.92312582,1.763482384
18.53859658,73.92322056,1.774682881
18.53859712,73.9233153,1.797950997
18.53859766,73.92341003,1.805868811
18.5385982,73.92350477,1.816505178
18.53859874,73.92359951,1.804908323
18.53859928,73.92369425,1.793692571
18.53859982,73.92378898,1.800845854
18.53860036,73.92388372,1.800924919
18.5386009,73.92397846,1.78148328
18.53860144,73.92407319,1.742347478
18.53860198,73.92416793,1.730281171
18.53860252,73.92426267,1.699948921
18.53860683,73.92502056,1.77001809
18.53860737,73.9251153,1.77001809
18.53861115,73.92577846,1.786463119
18.53861168,73.9258732,1.758734519
18.53861222,73.92596794,1.755255902
18.53861276,73.92606267,1.774035638
18.5386133,73.92615741,1.786139236
18.53861384,73.92625215,1.791032283
18.53861438,73.92634688,1.802681945
18.53861492,73.92644162,1.801273947
18.53861545,73.92653636,1.791096665
18.53861599,73.9266311,1.785098506
18.53861653,73.92672583,1.776865428
18.53861707,73.92682057,1.773846572
18.53861761,73.92691531,1.748324574
18.53869674,73.94093644,1.76262844
18.53869727,73.94103118,1.76262844
18.5386978,73.94112592,1.76262844
18.53869833,73.94122066,1.76262844
18.53869886,73.9413154,1.76262844
18.53869939,73.94141013,1.76262844
18.53869992,73.94150487,1.76262844
18.53870045,73.94159961,1.76262844
18.53870098,73.94169435,1.76262844
18.53816797,73.86543218,1.820811554
18.53816854,73.86552691,1.832153188
18.53816911,73.86562165,1.799819253
18.53816968,73.86571638,1.749382682
18.53817025,73.86581112,1.710718139
18.53817082,73.86590585,1.748219741
18.53817139,73.86600059,1.725516093
18.53817195,73.86609532,1.729378941
18.53817252,73.86619006,1.704428513
18.53817309,73.86628479,1.709959639
18.53817366,73.86637953,1.687409979
18.53817423,73.86647426,1.715234208
18.5381748,73.866569,1.701733373
18.53817537,73.86666373,1.723865203
18.53817593,73.86675847,1.746575418
18.5381765,73.8668532,1.771791914
18.53850622,73.92322113,1.73750356
18.53850676,73.92331586,1.772772559
18.5385073,73.9234106,1.780586849
18.53850784,73.92350534,1.780140828
18.53850838,73.92360007,1.775921831
18.53850892,73.92369481,1.778402125
18.53850946,73.92378955,1.776134404
18.53851,73.92388429,1.775727679
18.53851054,73.92397902,1.762374677
18.53851108,73.92407376,1.749220788
18.53851161,73.9241685,1.710193138
18.53852078,73.92577903,1.785782985
18.53852132,73.92587376,1.791029227
18.53852186,73.9259685,1.775294355
18.5385224,73.92606324,1.749688841
18.53852293,73.92615797,1.734919919
18.53852347,73.92625271,1.734049874
18.53852401,73.92634745,1.729212387
18.53852455,73.92644219,1.737130144
18.53852509,73.92653692,1.761418075
18.53852563,73.92663166,1.735394909
18.53852616,73.9267264,1.716166546
18.5385267,73.92682113,1.715522444
18.53852724,73.92691587,1.712884551
18.53852778,73.92701061,1.678933529
18.53852832,73.92710535,1.657969103
18.53860637,73.940937,1.76262844
18.5386069,73.94103174,1.76262844
18.53860796,73.94122121,1.76262844
18.53860849,73.94131595,1.76262844
18.53860902,73.94141069,1.76262844
18.53860956,73.94150543,1.76262844
18.53861009,73.94160016,1.76262844
18.53807647,73.8652433,1.794281666
18.53807704,73.86533804,1.804978814
18.53807761,73.86543277,1.802297127
18.53807818,73.86552751,1.779567557
18.53807875,73.86562224,1.723960575
18.53807932,73.86571698,1.705299858
18.53807988,73.86581171,1.717210423
18.53808045,73.86590645,1.683923352
18.53808102,73.86600118,1.700357459
18.53808159,73.86609592,1.689461097
18.53808216,73.86619065,1.67863339
18.53808273,73.86628539,1.678449403
18.5380833,73.86638012,1.721614536
18.53808387,73.86647486,1.725618773
18.53808443,73.86656959,1.737267643
18.538085,73.86666433,1.75670905
18.53841693,73.92341117,1.768303026
18.53841747,73.9235059,1.759682705
18.53841801,73.92360064,1.763963608
18.53841855,73.92369538,1.769560697
18.53841909,73.92379011,1.765035366
18.53841963,73.92388485,1.761754432
18.53843041,73.92577959,1.778967054
18.53843095,73.92587433,1.799873196
18.53843149,73.92596907,1.768430463
18.53843203,73.9260638,1.733243127
18.53843257,73.92615854,1.710563367
18.53843311,73.92625328,1.712121796
18.53843365,73.92634801,1.715272435
18.53843418,73.92644275,1.712548136
18.53843472,73.92653749,1.70126894
18.53843526,73.92663222,1.726957729
18.5384358,73.92672696,1.697847057
18.53843634,73.9268217,1.697533175
18.53843688,73.92691644,1.705692764
18.53843741,73.92701117,1.710940908
18.53843795,73.92710591,1.690147719
18.53851494,73.94074808,1.76262844
18.53851547,73.94084282,1.76262844
18.538516,73.94093756,1.76262844
18.53851653,73.9410323,1.76262844
18.53851707,73.94112703,1.76262844
18.5385176,73.94122177,1.76262844
18.53851813,73.94131651,1.76262844
18.53851866,73.94141125,1.76262844
18.53851919,73.94150598,1.76262844
18.53798554,73.86514916,1.771638227
18.53798611,73.8652439,1.762494623
18.53798668,73.86533863,1.752696738
18.53798725,73.86543337,1.777372457
18.53798781,73.8655281,1.729384539
18.53798838,73.86562284,1.679406125
18.53798895,73.86571757,1.689635331
18.53798952,73.86581231,1.681658377
18.53799009,73.86590704,1.683600049
18.53799066,73.86600178,1.689257187
18.53799123,73.86609651,1.671079417
18.5379918,73.86619125,1.669954665
18.53799236,73.86628598,1.693894663
18.53799293,73.86638072,1.701215493
18.5379935,73.86647545,1.741857529
18.53833951,73.92568542,1.763454298
18.53834005,73.92578016,1.790538161
18.53834059,73.92587489,1.761413433
18.53834113,73.92596963,1.742399135
18.53834167,73.92606437,1.731327139
18.5383422,73.9261591,1.714630956
18.53834274,73.92625384,1.705508693
18.53834328,73.92634858,1.711879454
18.53834382,73.92644332,1.72876572
18.53834436,73.92653805,1.725765066
18.5383449,73.92663279,1.695333691
18.53834543,73.92672753,1.707615369
18.53834597,73.92682226,1.712463204
18.53834651,73.926917,1.732857296
18.53834705,73.92701174,1.740859474
18.53834759,73.92710647,1.742044649
18.53834812,73.92720121,1.721064153
18.53834866,73.92729595,1.722840452
18.53834974,73.92748542,1.76262844
18.53835028,73.92758016,1.76262844
18.53842404,73.9406539,1.76262844
18.53842458,73.94074864,1.76262844
18.53842511,73.94084338,1.76262844
18.53842564,73.94093812,1.76262844
18.53842617,73.94103285,1.76262844
18.5384267,73.94112759,1.76262844
18.53842723,73.94122233,1.76262844
18.53842776,73.94131707,1.76262844
18.53842829,73.9414118,1.76262844
18.53842882,73.94150654,1.76262844
18.53789404,73.86496029,1.715942202
18.53789461,73.86505503,1.768698101
18.53789518,73.86514976,1.749197886
18.53789574,73.8652445,1.718773717
18.53789631,73.86533923,1.730531529
18.53789688,73.86543396,1.725268806
18.53789745,73.8655287,1.723471875
18.53789802,73.86562343,1.699217842
18.53789859,73.86571817,1.679587265
18.53789916,73.8658129,1.679000934
18.53789973,73.86590764,1.710602909
18.5379003,73.86600237,1.720067652
18.53790086,73.86609711,1.703492902
18.53790143,73.86619184,1.711229333
18.537902,73.86628658,1.695682497
18.53824915,73.92568598,1.726426054
18.53824968,73.92578072,1.736304155
18.53825022,73.92587546,1.748540658
18.53825076,73.92597019,1.73009757
18.5382513,73.92606493,1.709080742
18.53825184,73.92615967,1.712081908
18.53825238,73.92625441,1.710162477
18.53825292,73.92634914,1.697880283
18.53825345,73.92644388,1.729444816
18.53825399,73.92653862,1.731049351
18.53825453,73.92663335,1.704601526
18.53825507,73.92672809,1.681021767
18.53825561,73.92682283,1.733552642
18.53825615,73.92691756,1.754776915
18.53825668,73.9270123,1.751232233
18.53825722,73.92710704,1.738087905
18.53825776,73.92720178,1.722880067
18.5382583,73.92729651,1.739534782
18.53825937,73.92748599,1.76262844
18.53826045,73.92767546,1.76262844
18.53826099,73.9277702,1.76262844
18.53826152,73.92786493,1.76262844
18.53833315,73.94055972,1.76262844
18.53833368,73.94065446,1.76262844
18.53833421,73.9407492,1.76262844
18.53833474,73.94084393,1.76262844
18.53833527,73.94093867,1.76262844
18.5383358,73.94103341,1.76262844
18.53833633,73.94112815,1.76262844
18.53833687,73.94122288,1.76262844
18.5383374,73.94131762,1.76262844
18.53833793,73.94141236,1.76262844
18.5378031,73.86486615,1.729581943
18.53780367,73.86496089,1.744491938
18.53780424,73.86505562,1.702492927
18.53780481,73.86515036,1.695423643
18.53780538,73.86524509,1.694648662
18.53780595,73.86533983,1.719924321
18.53780652,73.86543456,1.697179109
18.53780709,73.8655293,1.68600892
18.53780766,73.86562403,1.714636575
18.53780823,73.86571877,1.70047895
18.53780879,73.8658135,1.721228034
18.53780936,73.86590824,1.744181429
18.53780993,73.86600297,1.748828919
18.5378105,73.8660977,1.772786869
18.53781107,73.86619244,1.74805291
18.53815878,73.92568655,1.699330285
18.53815932,73.92578129,1.722349431
18.53815986,73.92587602,1.709607526
18.5381604,73.92597076,1.711169948
18.53816093,73.9260655,1.700104855
18.53816147,73.92616023,1.692199699
18.53816201,73.92625497,1.70969578
18.53816255,73.92634971,1.725203764
18.53816309,73.92644444,1.708345964
18.53816363,73.92653918,1.701129779
18.53816417,73.92663392,1.674671469
18.5381647,73.92672865,1.701895887
18.53816524,73.92682339,1.691582217
18.53816578,73.92691813,1.743794878
18.53816632,73.92701287,1.726589519
18.53816686,73.9271076,1.712432096
18.53816739,73.92720234,1.718862862
18.53816793,73.92729708,1.713436268
18.53816901,73.92748655,1.721042485
18.53816955,73.92758129,1.76262844
18.53817008,73.92767602,1.76262844
18.53817062,73.92777076,1.76262844
18.53817116,73.9278655,1.76262844
18.5381717,73.92796023,1.76262844
18.53817223,73.92805497,1.76262844
18.53817277,73.92814971,1.76262844
18.53824225,73.94046554,1.76262844
18.53824278,73.94056028,1.76262844
18.53824331,73.94065502,1.76262844
18.53824384,73.94074975,1.76262844
18.53824437,73.94084449,1.76262844
18.53824491,73.94093923,1.76262844
18.53824544,73.94103397,1.76262844
18.53824597,73.9411287,1.76262844
18.5382465,73.94122344,1.76262844
18.53824703,73.94131818,1.76262844
18.53824756,73.94141292,1.76262844
18.5377116,73.86467728,1.770591502
18.53771217,73.86477202,1.738565204
18.53771274,73.86486675,1.746436402
18.53771331,73.86496148,1.7044047
18.53771388,73.86505622,1.690508348
18.53771445,73.86515095,1.673444103
18.53771502,73.86524569,1.682248957
18.53771559,73.86534042,1.664617212
18.53771616,73.86543516,1.679207496
18.53771672,73.86552989,1.690388513
18.53771729,73.86562463,1.689564376
18.53771786,73.86571936,1.722208491
18.53771843,73.8658141,1.75023129
18.537719,73.86590883,1.756520539
18.53771957,73.86600357,1.783432653
18.53806895,73.92578185,1.688231079
18.53806949,73.92587659,1.692344625
18.53807003,73.92597132,1.689552851
18.53807057,73.92606606,1.702773502
18.53807111,73.9261608,1.699284043
18.53807165,73.92625553,1.697769251
18.53807218,73.92635027,1.712191778
18.53807272,73.92644501,1.711105958
18.53807326,73.92653975,1.700393842
18.5380738,73.92663448,1.6862358
18.53807434,73.92672922,1.640384311
18.53807488,73.92682396,1.694758453
18.53807541,73.92691869,1.708812246
18.53807595,73.92701343,1.726426292
18.53807649,73.92710817,1.671622205
18.53807703,73.9272029,1.66721242
18.53807918,73.92758185,1.712099658
18.53807972,73.92767659,1.76262844
18.53808026,73.92777132,1.76262844
18.53808079,73.92786606,1.76262844
18.53808133,73.9279608,1.76262844
18.53808187,73.92805554,1.76262844
18.53808241,73.92815027,1.73724149
18.53808294,73.92824501,1.74333821
18.53808348,73.92833975,1.718029792
18.53808402,73.92843448,1.760034303
18.53808456,73.92852922,1.758372262
18.53808509,73.92862396,1.733579858
18.53808563,73.92871869,1.704321561
18.53808724,73.9290029,1.802457889
18.53808778,73.92909764,1.830709723
18.53815135,73.94037136,1.76262844
18.53815188,73.9404661,1.76262844
18.53815242,73.94056084,1.76262844
18.53815295,73.94065557,1.76262844
18.53815348,73.94075031,1.76262844
18.53815401,73.94084505,1.76262844
18.53815454,73.94093979,1.76262844
18.53815507,73.94103452,1.76262844
18.5381556,73.94112926,1.76262844
18.53815613,73.941224,1.76262844
18.53815666,73.94131873,1.76262844
18.5381572,73.94141347,1.76262844
18.53762067,73.86458314,1.792983026
18.53762124,73.86467788,1.768675605
18.53762181,73.86477261,1.750876991
18.53762238,73.86486735,1.694168062
18.53762295,73.86496208,1.686321003
18.53762352,73.86505682,1.666524311
18.53762408,73.86515155,1.677333662
18.53762465,73.86524629,1.644396527
18.53762522,73.86534102,1.618669936
18.53762579,73.86543575,1.647986003
18.53762636,73.86553049,1.670345946
18.53762693,73.86562522,1.640588206
18.5376275,73.86571996,1.688689725
18.53762807,73.86581469,1.735518087
18.53762864,73.86590943,1.753974337
18.53797913,73.92587715,1.721838679
18.53797967,73.92597189,1.736009101
18.5379802,73.92606663,1.755717509
18.53798074,73.92616136,1.767600438
18.53798128,73.9262561,1.759210135
18.53798182,73.92635084,1.731299681
18.53798236,73.92644557,1.747616035
18.5379829,73.92654031,1.759587988
18.53798343,73.92663505,1.716872065
18.53798397,73.92672978,1.692560427
18.53798451,73.92682452,1.686647825
18.53798505,73.92691926,1.731974394
18.53798559,73.92701399,1.696104193
18.53798613,73.92710873,1.681364889
18.53798828,73.92748768,1.686942629
18.53798881,73.92758241,1.707584214
18.53798935,73.92767715,1.723760146
18.53798989,73.92777189,1.744392709
18.53799043,73.92786663,1.758549102
18.53799097,73.92796136,1.754032204
18.5379915,73.9280561,1.725916616
18.53799204,73.92815084,1.750836146
18.53799258,73.92824557,1.751065158
18.53799312,73.92834031,1.762597377
18.53799365,73.92843505,1.729970955
18.53799419,73.92852978,1.748961979
18.53799473,73.92862452,1.752983832
18.53799527,73.92871926,1.764725876
18.5379958,73.92881399,1.748076469
18.53799634,73.92890873,1.749018599
18.53799688,73.92900347,1.799763685
18.53799741,73.9290982,1.777214366
18.53799795,73.92919294,1.775124584
18.53806099,73.94037192,1.76262844
18.53806152,73.94046666,1.76262844
18.53806205,73.94056139,1.76262844
18.53806258,73.94065613,1.76262844
18.53806311,73.94075087,1.76262844
18.53806364,73.94084561,1.76262844
18.53806417,73.94094034,1.76262844
18.53806471,73.94103508,1.76262844
18.53806524,73.94112982,1.76262844
18.53806577,73.94122455,1.76262844
18.5380663,73.94131929,1.76262844
18.53752974,73.864489,1.802250213
18.53753031,73.86458374,1.793159766
18.53753088,73.86467847,1.73836454
18.53753144,73.86477321,1.706638704
18.53753201,73.86486794,1.700502409
18.53753258,73.86496268,1.679116281
18.53753315,73.86505741,1.673695581
18.53753372,73.86515215,1.628935221
18.53753429,73.86524688,1.600767094
18.53753486,73.86534162,1.632501462
18.53753543,73.86543635,1.635181096
18.537536,73.86553109,1.60946205
18.53753657,73.86562582,1.627238452
18.53753713,73.86572055,1.655667066
18.53789253,73.92654087,1.735404182
18.53789307,73.92663561,1.742648285
18.53789361,73.92673035,1.727207968
18.53789415,73.92682508,1.747266529
18.53789468,73.92691982,1.71103321
18.53789522,73.92701456,1.723309393
18.53789576,73.92710929,1.67790805
18.53789791,73.92748824,1.677873827
18.53789845,73.92758298,1.690285529
18.53789899,73.92767772,1.718019013
18.53789953,73.92777245,1.721647265
18.53790006,73.92786719,1.731717135
18.5379006,73.92796193,1.731675963
18.53790114,73.92805666,1.735755301
18.53790168,73.9281514,1.725916616
18.53790221,73.92824614,1.755162573
18.53790275,73.92834087,1.741908029
18.53790329,73.92843561,1.761124954
18.53790383,73.92853035,1.738187286
18.53790436,73.92862508,1.758856583
18.5379049,73.92871982,1.763444375
18.53790544,73.92881456,1.752875759
18.53790597,73.92890929,1.762031107
18.53790651,73.92900403,1.747058114
18.53790705,73.92909877,1.770318375
18.53790759,73.9291935,1.754749106
18.53790812,73.92928824,1.754887169
18.53797009,73.94027774,1.76262844
18.53797062,73.94037248,1.76262844
18.53797115,73.94046721,1.76262844
18.53797168,73.94056195,1.76262844
18.53797222,73.94065669,1.76262844
18.53797275,73.94075142,1.76262844
18.53797328,73.94084616,1.76262844
18.53797381,73.9409409,1.76262844
18.53797434,73.94103564,1.76262844
18.53797487,73.94113037,1.76262844
18.5379754,73.94122511,1.76262844
18.53797593,73.94131985,1.76262844
18.5374388,73.86439487,1.821113481
18.53743937,73.8644896,1.817653211
18.53743994,73.86458434,1.729264779
18.53744051,73.86467907,1.698404056
18.53744108,73.86477381,1.69379558
18.53744165,73.86486854,1.694569379
18.53744222,73.86496327,1.660477105
18.53744279,73.86505801,1.651755633
18.53744336,73.86515274,1.626473417
18.53744393,73.86524748,1.610383497
18.5374445,73.86534221,1.620724946
18.53744506,73.86543695,1.607392008
18.53744563,73.86553168,1.613839632
18.5374462,73.86562642,1.623097282
18.53780324,73.92673091,1.758605321
18.53780378,73.92682565,1.732520852
18.53780432,73.92692039,1.788149394
18.53780755,73.92748881,1.645045273
18.53780808,73.92758354,1.678798983
18.53780862,73.92767828,1.692795174
18.53780916,73.92777302,1.715436893
18.5378097,73.92786775,1.713440232
18.53781023,73.92796249,1.713440232
18.53781077,73.92805723,1.731675963
18.53781131,73.92815196,1.735755301
18.53781185,73.9282467,1.706183697
18.53781239,73.92834144,1.738631657
18.53781292,73.92843617,1.74151375
18.53781346,73.92853091,1.750317488
18.537814,73.92862565,1.743579509
18.53781453,73.92872038,1.738393048
18.53781507,73.92881512,1.762077056
18.53781561,73.92890986,1.76262844
18.53781615,73.92900459,1.76262844
18.53781668,73.92909933,1.740533603
18.53781722,73.92919407,1.758112699
18.53781776,73.9292888,1.737772896
18.53787919,73.94018356,1.76262844
18.53787972,73.9402783,1.76262844
18.53788026,73.94037303,1.76262844
18.53788079,73.94046777,1.76262844
18.53788132,73.94056251,1.76262844
18.53788185,73.94065724,1.76262844
18.53788238,73.94075198,1.76262844
18.53788291,73.94084672,1.76262844
18.53788344,73.94094146,1.76262844
18.53788397,73.94103619,1.76262844
18.5378845,73.94113093,1.76262844
18.53788504,73.94122567,1.76262844
18.53734787,73.86430073,1.809928942
18.53734844,73.86439546,1.811144061
18.53734901,73.8644902,1.725091658
18.53734958,73.86458493,1.699633053
18.53735015,73.86467967,1.673186233
18.53735072,73.8647744,1.689063764
18.53735129,73.86486914,1.673169112
18.53735186,73.86496387,1.667315719
18.53735243,73.86505861,1.630641728
18.53735299,73.86515334,1.633950261
18.53735356,73.86524807,1.631711756
18.53735413,73.86534281,1.606671289
18.5373547,73.86543754,1.628246921
18.53735527,73.86553228,1.639334653
18.53771718,73.92748937,1.687452782
18.53771772,73.92758411,1.684514533
18.53771826,73.92767884,1.680362828
18.53771879,73.92777358,1.68956042
18.53771933,73.92786832,1.711504264
18.53771987,73.92796305,1.731675963
18.53772041,73.92805779,1.735755301
18.53772094,73.92815253,1.744351537
18.53772148,73.92824726,1.76262844
18.53772202,73.928342,1.742895521
18.53772256,73.92843674,1.731989031
18.53772309,73.92853147,1.725219864
18.53772363,73.92862621,1.742131626
18.53772417,73.92872095,1.750649861
18.53772471,73.92881568,1.753400914
18.53772524,73.92891042,1.760306243
18.53772578,73.92900516,1.755428215
18.53772632,73.92909989,1.76262844
18.53772685,73.92919463,1.742426252
18.53772739,73.92928937,1.766167398
18.53772793,73.9293841,1.76262844
18.5377883,73.94008938,1.76262844
18.53778883,73.94018412,1.76262844
18.53778936,73.94027885,1.76262844
18.53778989,73.94037359,1.76262844
18.53779042,73.94046833,1.76262844
18.53779095,73.94056306,1.76262844
18.53779148,73.9406578,1.76262844
18.53779201,73.94075254,1.76262844
18.53779255,73.94084728,1.76262844
18.53779308,73.94094201,1.76262844
18.53779361,73.94103675,1.76262844
18.53779414,73.94113149,1.76262844
18.53779467,73.94122622,1.76262844
18.53725694,73.86420659,1.782924394
18.53725751,73.86430133,1.798948495
18.53725808,73.86439606,1.73537077
18.53725865,73.8644908,1.694068257
18.53725922,73.86458553,1.674281503
18.53725978,73.86468026,1.672922345
18.53726035,73.864775,1.65285614
18.53726092,73.86486973,1.669764545
18.53726149,73.86496447,1.667445494
18.53726206,73.8650592,1.661388006
18.53726263,73.86515394,1.626201129
18.5372632,73.86524867,1.618094843
18.53726377,73.86534341,1.633002463
18.53726434,73.86543814,1.624791334
18.53762735,73.92758467,1.655468034
18.53762789,73.92767941,1.677931886
18.53762843,73.92777414,1.690183052
18.53762897,73.92786888,1.72491611
18.5376295,73.92796362,1.733228965
18.53763004,73.92805835,1.742828461
18.53763058,73.92815309,1.76262844
18.53763112,73.92824783,1.76262844
18.53763165,73.92834256,1.76262844
18.53763219,73.9284373,1.735092902
18.53763273,73.92853204,1.727679128
18.53763327,73.92862677,1.731484851
18.5376338,73.92872151,1.730059945
18.53763434,73.92881625,1.739651523
18.53763488,73.92891098,1.736448614
18.53763541,73.92900572,1.752436535
18.53763595,73.92910046,1.756254152
18.53763649,73.92919519,1.749412078
18.53763703,73.92928993,1.743116396
18.53763756,73.92938467,1.738200113
18.5376381,73.9294794,1.76262844
18.53769793,73.94008994,1.76262844
18.53769846,73.94018467,1.76262844
18.53769899,73.94027941,1.76262844
18.53769952,73.94037415,1.76262844
18.53770006,73.94046888,1.76262844
18.53770059,73.94056362,1.76262844
18.53770112,73.94065836,1.76262844
18.53770165,73.9407531,1.76262844
18.53770218,73.94084783,1.76262844
18.53770271,73.94094257,1.76262844
18.53770324,73.94103731,1.76262844
18.53770377,73.94113204,1.748837682
18.5377043,73.94122678,1.76262844
18.53716543,73.86401772,1.792900749
18.537166,73.86411246,1.773025663
18.53716657,73.86420719,1.79000628
18.53716714,73.86430192,1.743861483
18.53716771,73.86439666,1.72428533
18.53716828,73.86449139,1.68817468
18.53716885,73.86458613,1.677774237
18.53716942,73.86468086,1.647901178
18.53716999,73.8647756,1.675379079
18.53717056,73.86487033,1.652894524
18.53717113,73.86496506,1.65684965
18.5371717,73.8650598,1.654843533
18.53717227,73.86515453,1.641839078
18.53717284,73.86524927,1.614896964
18.53717341,73.865344,1.622950919
18.53753914,73.92796418,1.76262844
18.53753968,73.92805892,1.76262844
18.53754021,73.92815365,1.76262844
18.53754075,73.92824839,1.76262844
18.53754129,73.92834313,1.754825821
18.53754183,73.92843786,1.742912046
18.53754236,73.9285326,1.731484851
18.5375429,73.92862734,1.722257326
18.53754344,73.92872207,1.719935129
18.53754398,73.92881681,1.713107644
18.53754451,73.92891155,1.724351936
18.53754505,73.92900628,1.71675491
18.53754559,73.92910102,1.720851244
18.53754612,73.92919576,1.714115654
18.53754666,73.92929049,1.69801324
18.5375472,73.92938523,1.705089742
18.53754773,73.92947997,1.72773083
18.53760703,73.93999576,1.76262844
18.53760756,73.94009049,1.76262844
18.5376081,73.94018523,1.76262844
18.53760863,73.94027997,1.76262844
18.53760916,73.9403747,1.76262844
18.53760969,73.94046944,1.76262844
18.53761022,73.94056418,1.76262844
18.53761075,73.94065892,1.76262844
18.53761128,73.94075365,1.76262844
18.53761181,73.94084839,1.76262844
18.53761235,73.94094313,1.76262844
18.53761288,73.94103786,1.749986912
18.53761341,73.9411326,1.748339778
18.5370745,73.86392358,1.801957665
18.53707507,73.86401832,1.781693694
18.53707564,73.86411305,1.769737429
18.53707621,73.86420779,1.741635299
18.53707678,73.86430252,1.751894222
18.53707735,73.86439726,1.701999561
18.53707792,73.86449199,1.707366044
18.53707849,73.86458672,1.67875969
18.53707906,73.86468146,1.700344372
18.53707963,73.86477619,1.675502204
18.5370802,73.86487093,1.658556856
18.53708077,73.86496566,1.616488437
18.53708133,73.8650604,1.617557511
18.5370819,73.86515513,1.623478129
18.53708247,73.86524986,1.631013834
18.53708304,73.8653446,1.61291047
18.53744985,73.92815422,1.76262844
18.53745039,73.92824895,1.76262844
18.53745092,73.92834369,1.76262844
18.53745146,73.92843843,1.754175603
18.537452,73.92853316,1.742912046
18.53745254,73.9286279,1.731484851
18.53745307,73.92872264,1.722630065
18.53745361,73.92881737,1.731552161
18.53745415,73.92891211,1.698839189
18.53745468,73.92900685,1.693571207
18.53745522,73.92910158,1.666971268
18.53745576,73.92919632,1.669564736
18.5374563,73.92929106,1.674619505
18.53745683,73.92938579,1.668762791
18.53745737,73.92948053,1.676320393
18.53751613,73.93990158,1.76262844
18.53751667,73.93999631,1.76262844
18.5375172,73.94009105,1.76262844
18.53751773,73.94018579,1.76262844
18.53751826,73.94028052,1.76262844
18.53751879,73.94037526,1.76262844
18.53751932,73.94047,1.76262844
18.53751985,73.94056474,1.76262844
18.53752039,73.94065947,1.76262844
18.53752092,73.94075421,1.76262844
18.53752145,73.94084895,1.76262844
18.53752198,73.94094368,1.750959337
18.53752251,73.94103842,1.749638747
18.53752304,73.94113316,1.744767612
18.53698414,73.86392418,1.77367573
18.53698471,73.86401892,1.77502063
18.53698528,73.86411365,1.709677074
18.53698585,73.86420838,1.740365745
18.53698642,73.86430312,1.722936293
18.53698699,73.86439785,1.70316262
18.53698756,73.86449259,1.69033027
18.53698812,73.86458732,1.729101288
18.53698869,73.86468206,1.705285167
18.53698926,73.86477679,1.677505184
18.53698983,73.86487152,1.616225521
18.5369904,73.86496626,1.599460325
18.53699097,73.86506099,1.576845677
18.53699154,73.86515573,1.589358673
18.53699211,73.86525046,1.596767633
18.53736002,73.92824952,1.76262844
18.53736056,73.92834425,1.76262844
18.5373611,73.92843899,1.76262844
18.53736163,73.92853373,1.753407163
18.53736217,73.92862846,1.74972185
18.53736271,73.9287232,1.751201245
18.53736324,73.92881794,1.694710899
18.53736378,73.92891267,1.69182892
18.53736432,73.92900741,1.674771421
18.53736486,73.92910215,1.688017643
18.53736539,73.92919688,1.654365502
18.53736593,73.92929162,1.645596224
18.53736647,73.92938636,1.67326111
18.53742577,73.93990213,1.76262844
18.5374263,73.93999687,1.76262844
18.53742683,73.94009161,1.76262844
18.53742736,73.94018634,1.76262844
18.5374279,73.94028108,1.76262844
18.53742843,73.94037582,1.76262844
18.53742896,73.94047056,1.76262844
18.53742949,73.94056529,1.76262844
18.53743002,73.94066003,1.76262844
18.53743055,73.94075477,1.76262844
18.53743108,73.9408495,1.76262844
18.53743161,73.94094424,1.763429504
18.53743214,73.94103898,1.746752148
18.53743268,73.94113371,1.738814003
18.5368932,73.86383004,1.722300463
18.53689377,73.86392478,1.752741432
18.53689434,73.86401951,1.718326471
18.53689491,73.86411425,1.723281623
18.53689548,73.86420898,1.703079435
18.53689605,73.86430372,1.677886293
18.53689662,73.86439845,1.675711385
18.53689719,73.86449318,1.68598116
18.53689776,73.86458792,1.707840163
18.53689833,73.86468265,1.700476985
18.5368989,73.86477739,1.666473293
18.53689947,73.86487212,1.622874872
18.53690004,73.86496685,1.55309308
18.53690061,73.86506159,1.554198533
18.53690118,73.86515632,1.547887825
18.53727127,73.92853429,1.76262844
18.5372718,73.92862903,1.76262844
18.53727234,73.92872376,1.725507556
18.53727288,73.9288185,1.724898979
18.53727342,73.92891324,1.67858039
18.53727395,73.92900797,1.687302988
18.53727449,73.92910271,1.68424881
18.53727503,73.92919745,1.697501465
18.53727556,73.92929218,1.69046994
18.5372761,73.92938692,1.705887961
18.53727664,73.92948165,1.713547331
18.53727717,73.92957639,1.712914015
18.5373354,73.93990269,1.76262844
18.53733593,73.93999743,1.76262844
18.53733647,73.94009216,1.76262844
18.537337,73.9401869,1.76262844
18.53733753,73.94028164,1.76262844
18.53733806,73.94037638,1.76262844
18.53733859,73.94047111,1.76262844
18.53733912,73.94056585,1.76262844
18.53733965,73.94066059,1.76262844
18.53734019,73.94075532,1.76262844
18.53734072,73.94085006,1.76262844
18.53734125,73.9409448,1.76262844
18.53680227,73.86373591,1.730749604
18.53680284,73.86383064,1.735794491
18.53680341,73.86392538,1.720727101
18.53680398,73.86402011,1.724072304
18.53680455,73.86411484,1.707540816
18.53680512,73.86420958,1.688321968
18.53680569,73.86430431,1.635764301
18.53680626,73.86439905,1.645958089
18.53680683,73.86449378,1.665234449
18.5368074,73.86458851,1.695875498
18.53680797,73.86468325,1.696615941
18.53680854,73.86477798,1.675238215
18.53680911,73.86487272,1.620872879
18.53680967,73.86496745,1.580112354
18.53681024,73.86506219,1.531067632
18.53718198,73.92872433,1.731221416
18.53718251,73.92881906,1.680630199
18.53718305,73.9289138,1.686952499
18.53718359,73.92900854,1.672922596
18.53718412,73.92910327,1.690641944
18.53718466,73.92919801,1.701179496
18.5371852,73.92929274,1.714510073
18.53718574,73.92938748,1.714011932
18.53718627,73.92948222,1.717721558
18.53718681,73.92957695,1.71017498
18.53718788,73.92976643,1.624761838
18.5371911,73.93033485,1.757654258
18.53719164,73.93042958,1.771670303
18.53719217,73.93052432,1.785793542
18.53724504,73.93990325,1.76262844
18.53724557,73.93999799,1.76262844
18.5372461,73.94009272,1.76262844
18.53724663,73.94018746,1.76262844
18.53724716,73.9402822,1.76262844
18.53724769,73.94037693,1.76262844
18.53724823,73.94047167,1.76262844
18.53724876,73.94056641,1.76262844
18.53724929,73.94066114,1.76262844
18.53671134,73.86364177,1.777397005
18.53671191,73.8637365,1.727533436
18.53671248,73.86383124,1.722721126
18.53671305,73.86392597,1.723412604
18.53671362,73.86402071,1.700558836
18.53671419,73.86411544,1.700185224
18.53671476,73.86421018,1.666003818
18.53671533,73.86430491,1.657931422
18.5367159,73.86439964,1.626372627
18.53671646,73.86449438,1.64160599
18.53671703,73.86458911,1.688190246
18.5367176,73.86468385,1.723066226
18.53671817,73.86477858,1.707206111
18.53671874,73.86487331,1.658153852
18.53671931,73.86496805,1.615768774
18.53671988,73.86506278,1.577513263
18.53709269,73.92891436,1.64911295
18.53709322,73.9290091,1.67459255
18.53709376,73.92910383,1.661556755
18.5370943,73.92919857,1.681790615
18.53709483,73.92929331,1.706910167
18.53709537,73.92938804,1.706656064
18.53709591,73.92948278,1.698147302
18.53709644,73.92957752,1.693671413
18.53709698,73.92967225,1.693695139
18.53709752,73.92976699,1.696217105
18.53709966,73.93014594,1.736763729
18.5371002,73.93024067,1.744211584
18.53710074,73.93033541,1.760198514
18.53710127,73.93043014,1.779536182
18.53710181,73.93052488,1.77380826
18.53710235,73.93061962,1.772182259
18.53710288,73.93071435,1.755759732
18.5371552,73.93999854,1.76262844
18.53715573,73.94009328,1.76262844
18.53715627,73.94018802,1.76262844
18.5371568,73.94028275,1.76262844
18.53715733,73.94037749,1.76262844
18.53715786,73.94047223,1.76262844
18.53715839,73.94056696,1.76262844
18.53715892,73.9406617,1.76262844
18.53662041,73.86354763,1.867512134
18.53662097,73.86364237,1.815404924
18.53662154,73.8637371,1.724425306
18.53662211,73.86383184,1.70540148
18.53662268,73.86392657,1.696796175
18.53662325,73.8640213,1.714043499
18.53662382,73.86411604,1.678512421
18.53662439,73.86421077,1.682532011
18.53662496,73.86430551,1.656265997
18.53662553,73.86440024,1.631083813
18.5366261,73.86449497,1.656801514
18.53662667,73.86458971,1.697124286
18.53662724,73.86468444,1.734411271
18.53662781,73.86477918,1.74743679
18.53662838,73.86487391,1.731158579
18.53662895,73.86496865,1.684738643
18.53700286,73.92900966,1.636795778
18.53700339,73.9291044,1.668007486
18.53700393,73.92919913,1.674249003
18.53700447,73.92929387,1.666536845
18.537005,73.92938861,1.68923405
18.53700554,73.92948334,1.720644478
18.53700608,73.92957808,1.709382469
18.53700662,73.92967282,1.709708663
18.53700715,73.92976755,1.704518522
18.53700983,73.93024123,1.739111717
18.53701037,73.93033597,1.764934991
18.53701091,73.93043071,1.792972727
18.53701144,73.93052544,1.819477421
18.53701198,73.93062018,1.801495554
18.53701252,73.93071492,1.7895042
18.53701305,73.93080965,1.786604779
18.53701359,73.93090439,1.809921218
18.53706537,73.94009384,1.76262844
18.5370659,73.94018857,1.76262844
18.53706643,73.94028331,1.76262844
18.53706696,73.94037805,1.76262844
18.53706749,73.94047278,1.76262844
18.53652947,73.8634535,1.907539786
18.53653004,73.86354823,1.874723118
18.53653061,73.86364297,1.816852865
18.53653118,73.8637377,1.728741978
18.53653175,73.86383243,1.674682764
18.53653232,73.86392717,1.714967677
18.53653289,73.8640219,1.705410413
18.53653346,73.86411664,1.707460995
18.53653403,73.86421137,1.653739686
18.5365346,73.8643061,1.670880547
18.53653517,73.86440084,1.647309904
18.53653574,73.86449557,1.655539787
18.53653631,73.86459031,1.696544554
18.53653688,73.86468504,1.708839017
18.53653745,73.86477977,1.763828895
18.53653802,73.86487451,1.778973895
18.53691357,73.9291997,1.656575071
18.5369141,73.92929443,1.676997999
18.53691464,73.92938917,1.706649824
18.53691518,73.92948391,1.720345616
18.53691571,73.92957864,1.722093757
18.53691625,73.92967338,1.737243993
18.53691679,73.92976812,1.722856557
18.53691893,73.93014706,1.72553471
18.53691947,73.9302418,1.73284842
18.53692001,73.93033653,1.757321221
18.53692054,73.93043127,1.778040555
18.53692108,73.93052601,1.819132935
18.53692161,73.93062074,1.843756905
18.53692215,73.93071548,1.821444532
18.53692269,73.93081021,1.837174162
18.53692322,73.93090495,1.832814268
18.53692376,73.93099969,1.796209791
18.5369243,73.93109442,1.772387672
18.53692483,73.93118916,1.762140382
18.53693126,73.932326,1.743953383
18.53643911,73.86345409,1.923636719
18.53643968,73.86354883,1.858367771
18.53644025,73.86364356,1.786234438
18.53644082,73.8637383,1.734916821
18.53644139,73.86383303,1.726234249
18.53644196,73.86392776,1.72385439
18.53644253,73.8640225,1.759380246
18.5364431,73.86411723,1.721337694
18.53644367,73.86421197,1.710605846
18.53644424,73.8643067,1.645144249
18.53644481,73.86440143,1.652151691
18.53644537,73.86449617,1.637797871
18.53644594,73.8645909,1.662484116
18.53644651,73.86468564,1.681360279
18.53644708,73.86478037,1.739033337
18.53644765,73.8648751,1.767816647
18.5368291,73.93024236,1.725419273
18.53682964,73.9303371,1.740738233
18.53683018,73.93043183,1.772284913
18.53683071,73.93052657,1.798493167
18.53683125,73.9306213,1.829090594
18.53683179,73.93071604,1.856474287
18.53683232,73.93081078,1.845016519
18.53683286,73.93090551,1.835904138
18.53683339,73.93100025,1.828450518
18.53683393,73.93109499,1.807796505
18.53683929,73.93204235,1.76262844
18.53683982,73.93213709,1.741282388
18.53684036,73.93223182,1.753290911
18.53684089,73.93232656,1.762380139
18.53684143,73.93242129,1.773379921
18.53684196,73.93251603,1.765598872
18.5368425,73.93261077,1.768928967
18.53684304,73.9327055,1.7962818
18.53634817,73.86335996,1.902394744
18.53634874,73.86345469,1.865869024
18.53634931,73.86354943,1.841904341
18.53634988,73.86364416,1.78453389
18.53635045,73.86373889,1.773356172
18.53635102,73.86383363,1.785246899
18.53635159,73.86392836,1.820539372
18.53635216,73.8640231,1.793509622
18.53635273,73.86411783,1.796307282
18.5363533,73.86421256,1.740797178
18.53635387,73.8643073,1.678896666
18.53635444,73.86440203,1.643234789
18.53635501,73.86449677,1.629314337
18.53635558,73.8645915,1.625992826
18.53635615,73.86468623,1.669929256
18.53635672,73.86478097,1.698162702
18.53673874,73.93024292,1.719811631
18.53673927,73.93033766,1.717685872
18.53673981,73.93043239,1.741106852
18.53674035,73.93052713,1.770828031
18.53674088,73.93062187,1.79186243
18.53674142,73.9307166,1.802458037
18.53674196,73.93081134,1.81290835
18.53674249,73.93090608,1.820386828
18.53674303,73.93100081,1.828689293
18.53674356,73.93109555,1.788679533
18.5367441,73.93119028,1.743180155
18.53674464,73.93128502,1.73475481
18.53674517,73.93137976,1.729935413
18.53674839,73.93194817,1.741682973
18.53674892,73.93204291,1.750422911
18.53674946,73.93213765,1.754347977
18.53674999,73.93223238,1.741531454
18.53675053,73.93232712,1.755445726
18.53675106,73.93242186,1.751137705
18.5367516,73.93251659,1.762276718
18.53675213,73.93261133,1.782259567
18.53675267,73.93270606,1.76455178
18.5367532,73.9328008,1.746214736
18.53675374,73.93289554,1.728903737
18.53625781,73.86336056,1.863594767
18.53625838,73.86345529,1.835109842
18.53625895,73.86355002,1.820899789
18.53625952,73.86364476,1.819464923
18.53626009,73.86373949,1.789191659
18.53626066,73.86383423,1.853785379
18.53626123,73.86392896,1.900280269
18.5362618,73.86402369,1.918167417
18.53626237,73.86411843,1.849899716
18.53626294,73.86421316,1.771133123
18.53626351,73.86430789,1.690798273
18.53626408,73.86440263,1.64555471
18.53626465,73.86449736,1.65118925
18.53626522,73.8645921,1.653520266
18.53626579,73.86468683,1.661672698
18.53626636,73.86478156,1.700044305
18.53664784,73.93014875,1.746747161
18.53664837,73.93024348,1.748453626
18.53664891,73.93033822,1.74210475
18.53664945,73.93043296,1.737281969
18.53664998,73.93052769,1.748505871
18.53665052,73.93062243,1.750949111
18.53665105,73.93071716,1.765331966
18.53665159,73.9308119,1.782505117
18.53665213,73.93090664,1.795368341
18.53665373,73.93119085,1.751705513
18.53665802,73.93194874,1.718713005
18.53665856,73.93204347,1.726777651
18.53665909,73.93213821,1.725836903
18.53665963,73.93223294,1.73135746
18.53666016,73.93232768,1.732460576
18.5366607,73.93242242,1.739627166
18.53666123,73.93251715,1.769620153
18.53666177,73.93261189,1.739572386
18.5366623,73.93270663,1.740564803
18.53666284,73.93280136,1.744233148
18.53666337,73.9328961,1.756489536
18.53616745,73.86336115,1.865075025
18.53616802,73.86345589,1.830240728
18.53616859,73.86355062,1.814697328
18.53616916,73.86364536,1.808940606
18.53616973,73.86374009,1.822978375
18.5361703,73.86383482,1.9027073
18.53617087,73.86392956,1.948186708
18.53617144,73.86402429,1.948555984
18.53617201,73.86411902,1.874168512
18.53617258,73.86421376,1.779384613
18.53617315,73.86430849,1.712450659
18.53617371,73.86440323,1.644198701
18.53617428,73.86449796,1.653859388
18.53617485,73.86459269,1.669780453
18.53617542,73.86468743,1.677074319
18.53655747,73.93014931,1.76262844
18.53655801,73.93024405,1.753099672
18.53655854,73.93033878,1.76262844
18.53655908,73.93043352,1.748707766
18.53655962,73.93052825,1.753237888
18.53656015,73.93062299,1.757787613
18.53656069,73.93071773,1.743169866
18.53656123,73.93081246,1.749666749
18.53656176,73.9309072,1.74262543
18.53656283,73.93109667,1.730816715
18.53656337,73.93119141,1.744447219
18.53656391,73.93128614,1.722419983
18.53656766,73.9319493,1.698180492
18.53656819,73.93204403,1.694168538
18.53656873,73.93213877,1.691124832
18.53656926,73.93223351,1.69639066
18.5365698,73.93232824,1.699966171
18.53657033,73.93242298,1.724277146
18.53657087,73.93251771,1.74408968
18.5365714,73.93261245,1.76262844
18.53657194,73.93270719,1.731111015
18.53657247,73.93280192,1.747678126
18.53657301,73.93289666,1.746046007
18.53657354,73.9329914,1.754216688
18.53607651,73.86326702,1.88698634
18.53607708,73.86336175,1.846209955
18.53607765,73.86345648,1.820516161
18.53607822,73.86355122,1.80917298
18.53607879,73.86364595,1.823727367
18.53607936,73.86374069,1.871505293
18.53607993,73.86383542,1.897190713
18.5360805,73.86393015,1.948843688
18.53608107,73.86402489,1.939381179
18.53608164,73.86411962,1.872548516
18.53608221,73.86421435,1.749371591
18.53608278,73.86430909,1.685733786
18.53608335,73.86440382,1.678474664
18.53608392,73.86449856,1.660270416
18.53608449,73.86459329,1.668471974
18.53646764,73.93024461,1.76262844
18.53646818,73.93033934,1.76262844
18.53646871,73.93043408,1.76262844
18.53646925,73.93052882,1.76262844
18.53646979,73.93062355,1.76262844
18.53647032,73.93071829,1.76262844
18.53647729,73.93194986,1.684080662
18.53647783,73.9320446,1.675231451
18.53647836,73.93213933,1.679904728
18.5364789,73.93223407,1.67196335
18.53647943,73.9323288,1.673799649
18.53647997,73.93242354,1.700439029
18.5364805,73.93251828,1.724239095
18.53648104,73.93261301,1.740974104
18.53648157,73.93270775,1.764134023
18.53648211,73.93280248,1.73989523
18.53648264,73.93289722,1.757721584
18.53648318,73.93299196,1.76262844
18.53649921,73.93583404,1.662851018
18.53598501,73.86307815,1.92252501
18.53598558,73.86317288,1.896246869
18.53598615,73.86326762,1.847112124
18.53598672,73.86336235,1.807041688
18.53598729,73.86345708,1.789049632
18.53598786,73.86355182,1.79409887
18.53598843,73.86364655,1.817907278
18.535989,73.86374128,1.857338756
18.53598957,73.86383602,1.88463014
18.53599014,73.86393075,1.90788364
18.53599071,73.86402548,1.88801645
18.53599128,73.86412022,1.834695953
18.53599185,73.86421495,1.733672101
18.53599242,73.86430969,1.655457176
18.53599299,73.86440442,1.668874844
18.53599356,73.86449915,1.655022743
18.53638264,73.93119253,1.741489786
18.53638317,73.93128727,1.716526438
18.53638692,73.93195042,1.709115
18.53638746,73.93204516,1.71287517
18.536388,73.93213989,1.700584622
18.53638853,73.93223463,1.680689504
18.53638907,73.93232936,1.674705408
18.5363896,73.9324241,1.693743967
18.53639014,73.93251884,1.703909316
18.53639067,73.93261357,1.749474649
18.53639121,73.93270831,1.761171038
18.53639174,73.93280305,1.76151628
18.53639228,73.93289778,1.756967346
18.53639281,73.93299252,1.763429418
18.53640831,73.93573987,1.729194961
18.53640884,73.9358346,1.700690375
18.53640938,73.93592934,1.667667359
18.53640991,73.93602408,1.624245162
18.53641364,73.93668723,1.694650626
18.53641418,73.93678197,1.679886982
18.53642483,73.93867669,1.658561108
18.53642536,73.93877143,1.696163933
18.5364259,73.93886616,1.728803808
18.53642643,73.9389609,1.726238535
18.53642696,73.93905564,1.733745644
18.53643015,73.93962406,1.76262844
18.53643068,73.93971879,1.76262844
18.53643121,73.93981353,1.76262844
18.53589465,73.86307875,1.89065039
18.53589522,73.86317348,1.867187199
18.53589579,73.86326821,1.8024668
18.53589636,73.86336295,1.766230678
18.53589693,73.86345768,1.755188437
18.5358975,73.86355241,1.747544498
18.53589807,73.86364715,1.779295032
18.53589864,73.86374188,1.821362684
18.53589921,73.86383661,1.861125941
18.53589978,73.86393135,1.862297743
18.53590035,73.86402608,1.800424024
18.53590092,73.86412082,1.777232567
18.53590149,73.86421555,1.727233368
18.53590205,73.86431028,1.665505045
18.53590262,73.86440502,1.607613891
18.53629656,73.93195098,1.733826673
18.53629709,73.93204572,1.740535181
18.53629763,73.93214045,1.719639525
18.5362987,73.93232993,1.708087251
18.53629924,73.93242466,1.681525511
18.53629977,73.9325194,1.707580408
18.53630031,73.93261413,1.72706651
18.53630084,73.93270887,1.746358054
18.53630138,73.93280361,1.752352646
18.53630191,73.93289834,1.75154028
18.53630245,73.93299308,1.750212536
18.53631688,73.93555095,1.790542864
18.53631741,73.93564569,1.798131202
18.53631794,73.93574043,1.782767848
18.53631848,73.93583516,1.744079426
18.53631901,73.9359299,1.704463945
18.53631954,73.93602463,1.652505705
18.53632274,73.93659305,1.679872815
18.53632328,73.93668779,1.685260185
18.53632381,73.93678252,1.659232003
18.53632434,73.93687726,1.67699349
18.53632488,73.936972,1.704002031
18.53632541,73.93706673,1.723689917
18.53632594,73.93716147,1.735868057
18.53632648,73.93725621,1.76262844
18.53632701,73.93735094,1.76262844
18.53632754,73.93744568,1.750254796
18.53632808,73.93754041,1.733452092
18.53632861,73.93763515,1.729805049
18.53632914,73.93772989,1.725115993
18.53633234,73.9382983,1.771992239
18.53633287,73.93839304,1.751571336
18.5363334,73.93848778,1.721809382
18.53633393,73.93858251,1.681780627
18.53633446,73.93867725,1.63717615
18.536335,73.93877199,1.660937219
18.53633553,73.93886672,1.719427306
18.53633606,73.93896146,1.746874187
18.53633659,73.93905619,1.748793859
18.53633925,73.93952988,1.76262844
18.53633978,73.93962461,1.76262844
18.53634032,73.93971935,1.76262844
18.53634085,73.93981409,1.76262844
18.53580371,73.86298461,1.878986721
18.53580428,73.86307934,1.882021929
18.53580485,73.86317408,1.847661579
18.53580542,73.86326881,1.781057715
18.53580599,73.86336354,1.742467471
18.53580656,73.86345828,1.698582594
18.53580713,73.86355301,1.704551877
18.5358077,73.86364774,1.771707691
18.53580827,73.86374248,1.799972273
18.53580884,73.86383721,1.803151202
18.53580941,73.86393195,1.781393657
18.53580998,73.86402668,1.794976239
18.53581055,73.86412141,1.722966432
18.53620673,73.93204628,1.755229826
18.53620726,73.93214102,1.760415123
18.5362078,73.93223575,1.724015618
18.53620834,73.93233049,1.714904308
18.53620887,73.93242522,1.709190401
18.53620941,73.93251996,1.728091949
18.53620994,73.9326147,1.734275699
18.53621048,73.93270943,1.729389167
18.53621101,73.93280417,1.740689658
18.53621155,73.9328989,1.742024754
18.53621208,73.93299364,1.733653035
18.53622598,73.93545678,1.720993978
18.53622651,73.93555151,1.773085944
18.53622704,73.93564625,1.802619243
18.53622758,73.93574099,1.78770464
18.53622811,73.93583572,1.771323423
18.53622865,73.93593046,1.727416177
18.53622918,73.93602519,1.713482057
18.53623185,73.93649888,1.703097011
18.53623238,73.93659361,1.675449029
18.53623291,73.93668835,1.682544423
18.53623345,73.93678308,1.693956143
18.53623398,73.93687782,1.661378439
18.53623451,73.93697256,1.692431975
18.53623504,73.93706729,1.729364147
18.53623558,73.93716203,1.755057432
18.53623611,73.93725676,1.76262844
18.53623664,73.9373515,1.76262844
18.53623718,73.93744624,1.76262844
18.53623771,73.93754097,1.73308821
18.53623824,73.93763571,1.740746179
18.53623877,73.93773045,1.728727805
18.53623931,73.93782518,1.740566332
18.53623984,73.93791992,1.764836951
18.53624037,73.93801465,1.768260247
18.53624091,73.93810939,1.78005781
18.53624144,73.93820413,1.808303388
18.53624197,73.93829886,1.820350457
18.5362425,73.9383936,1.786024202
18.53624303,73.93848834,1.73485306
18.53624357,73.93858307,1.687967422
18.5362441,73.93867781,1.678430546
18.53624463,73.93877254,1.67070733
18.53624516,73.93886728,1.70216439
18.5362457,73.93896202,1.745885708
18.53624623,73.93905675,1.747220789
18.53624676,73.93915149,1.76262844
18.53624836,73.9394357,1.76262844
18.53624889,73.93953043,1.76262844
18.53624942,73.93962517,1.76262844
18.53624995,73.93971991,1.76262844
18.53625048,73.93981464,1.76262844
18.53625101,73.93990938,1.76262844
18.53571335,73.86298521,1.859340254
18.53571392,73.86307994,1.865224197
18.53571449,73.86317467,1.833081493
18.53571506,73.86326941,1.792340776
18.53571563,73.86336414,1.721756539
18.5357162,73.86345887,1.700978087
18.53571677,73.86355361,1.719475259
18.53571734,73.86364834,1.750785644
18.53571791,73.86374308,1.773787337
18.53571848,73.86383781,1.788130241
18.53571905,73.86393254,1.787985194
18.53571962,73.86402728,1.766494951
18.53611743,73.93223631,1.738149248
18.53611797,73.93233105,1.725744798
18.5361185,73.93242578,1.73728701
18.53611904,73.93252052,1.733288801
18.53611958,73.93261526,1.73319593
18.53612011,73.93270999,1.745768452
18.53612065,73.93280473,1.737499658
18.53612118,73.93289946,1.727896636
18.53612172,73.9329942,1.725058092
18.53613508,73.9353626,1.673582276
18.53613561,73.93545734,1.7030181
18.53613615,73.93555207,1.730420442
18.53613668,73.93564681,1.75434714
18.53613721,73.93574155,1.76737088
18.53613775,73.93583628,1.747410495
18.53613828,73.93593102,1.749878813
18.53613881,73.93602575,1.717552526
18.53614095,73.9364047,1.718563033
18.53614148,73.93649943,1.734807801
18.53614201,73.93659417,1.725888993
18.53614255,73.93668891,1.70602136
18.53614308,73.93678364,1.672588317
18.53614361,73.93687838,1.696155934
18.53614415,73.93697311,1.693229986
18.53614468,73.93706785,1.739331949
18.53614521,73.93716259,1.757980158
18.53614575,73.93725732,1.759874443
18.53614628,73.93735206,1.7603524
18.53614681,73.9374468,1.743926903
18.53614734,73.93754153,1.734375161
18.53614788,73.93763627,1.725172972
18.53614841,73.937731,1.741496247
18.53614894,73.93782574,1.741592429
18.53614947,73.93792048,1.74410839
18.53615001,73.93801521,1.750773926
18.53615054,73.93810995,1.766370132
18.53615107,73.93820468,1.794546916
18.5361516,73.93829942,1.799714332
18.53615214,73.93839416,1.803822387
18.53615267,73.93848889,1.768168265
18.5361532,73.93858363,1.721471045
18.53615373,73.93867837,1.683115823
18.53615427,73.9387731,1.696604368
18.5361548,73.93886784,1.716602584
18.53615533,73.93896257,1.744998064
18.53615586,73.93905731,1.76262844
18.53615639,73.93915205,1.76262844
18.53615852,73.93953099,1.76262844
18.53615905,73.93962573,1.76262844
18.53615958,73.93972046,1.76262844
18.53562242,73.86289107,1.854611963
18.53562299,73.8629858,1.841726625
18.53562356,73.86308054,1.82420853
18.53562413,73.86317527,1.808994022
18.5356247,73.86327001,1.798606037
18.53562527,73.86336474,1.744863754
18.53562584,73.86345947,1.717462989
18.53562641,73.86355421,1.755151157
18.53562698,73.86364894,1.770149904
18.53562755,73.86374367,1.811772689
18.53562812,73.86383841,1.840669909
18.53562869,73.86393314,1.823864431
18.53562926,73.86402787,1.795389549
18.53602707,73.93223687,1.729989518
18.5360276,73.93233161,1.740869158
18.53602814,73.93242635,1.744825391
18.53602867,73.93252108,1.746797282
18.53602921,73.93261582,1.75468603
18.53602975,73.93271055,1.753719513
18.53603028,73.93280529,1.736632917
18.53603082,73.93290003,1.733849946
18.53603135,73.93299476,1.734550763
18.53604471,73.93536316,1.681495083
18.53604525,73.9354579,1.690144703
18.53604578,73.93555263,1.710217855
18.53604631,73.93564737,1.722111227
18.53604685,73.9357421,1.739538609
18.53604738,73.93583684,1.742626478
18.53604791,73.93593158,1.712002386
18.53604845,73.93602631,1.693211136
18.53604898,73.93612105,1.676016834
18.53605058,73.93640526,1.740766995
18.53605111,73.93649999,1.727102348
18.53605165,73.93659473,1.743522687
18.53605218,73.93668947,1.712759413
18.53605271,73.9367842,1.720426046
18.53605325,73.93687894,1.711904445
18.53605378,73.93697367,1.709986835
18.53605431,73.93706841,1.700442286
18.53605485,73.93716315,1.744455922
18.53605538,73.93725788,1.759938743
18.53605591,73.93735262,1.731226255
18.53605645,73.93744735,1.741168433
18.53605698,73.93754209,1.737325262
18.53605751,73.93763683,1.71199136
18.53605804,73.93773156,1.702340036
18.53605858,73.9378263,1.736528871
18.53605911,73.93792103,1.729011852
18.53605964,73.93801577,1.718605225
18.53606017,73.93811051,1.735256276
18.53606071,73.93820524,1.751644173
18.53606124,73.93829998,1.783842204
18.53606177,73.93839471,1.780857673
18.5360623,73.93848945,1.772872963
18.53606284,73.93858419,1.735152138
18.53606337,73.93867892,1.711978317
18.5360639,73.93877366,1.710664898
18.53606443,73.9388684,1.743417997
18.53606496,73.93896313,1.76262844
18.5360655,73.93905787,1.76262844
18.53606603,73.9391526,1.76262844
18.53553205,73.86289167,1.853176618
18.53553262,73.8629864,1.82100368
18.53553319,73.86308114,1.809293729
18.53553376,73.86317587,1.795388575
18.53553433,73.8632706,1.781970965
18.5355349,73.86336534,1.775545453
18.53553547,73.86346007,1.782724806
18.53553604,73.8635548,1.791044667
18.53553661,73.86364954,1.843528336
18.53553718,73.86374427,1.883618542
18.53553775,73.863839,1.888501776
18.53553832,73.86393374,1.884416984
18.53553889,73.86402847,1.875499945
18.53553946,73.8641232,1.893212095
18.53593777,73.93242691,1.76262844
18.53593831,73.93252164,1.76262844
18.53593884,73.93261638,1.763110258
18.53593938,73.93271111,1.756168345
18.53593991,73.93280585,1.756088284
18.53594045,73.93290059,1.744547299
18.53594098,73.93299532,1.742478237
18.53595435,73.93536372,1.675319475
18.53595488,73.93545846,1.705881519
18.53595541,73.93555319,1.708626417
18.53595595,73.93564793,1.717092574
18.53595648,73.93574266,1.721508049
18.53595701,73.9358374,1.712641541
18.53595755,73.93593214,1.697795683
18.53595808,73.93602687,1.689736335
18.53595862,73.93612161,1.702228602
18.53595915,73.93621634,1.652936587
18.53595968,73.93631108,1.661229643
18.53596022,73.93640582,1.719507092
18.53596075,73.93650055,1.733645768
18.53596128,73.93659529,1.73061374
18.53596182,73.93669002,1.773019392
18.53596235,73.93678476,1.747211523
18.53596288,73.9368795,1.730397246
18.53596341,73.93697423,1.711403419
18.53596395,73.93706897,1.732316095
18.53596448,73.9371637,1.733976183
18.53596501,73.93725844,1.746435204
18.53596555,73.93735318,1.773211702
18.53596608,73.93744791,1.748184301
18.53596661,73.93754265,1.738308862
18.53596714,73.93763738,1.707004345
18.53596768,73.93773212,1.697576365
18.53596821,73.93782686,1.690562599
18.53596874,73.93792159,1.701114944
18.53596928,73.93801633,1.707260035
18.53596981,73.93811106,1.707679808
18.53597034,73.9382058,1.731042696
18.53597087,73.93830054,1.739819558
18.53597141,73.93839527,1.745641609
18.53597194,73.93849001,1.728290719
18.53597247,73.93858475,1.728223618
18.535973,73.93867948,1.733503224
18.53597353,73.93877422,1.738589758
18.53597407,73.93886895,1.756690754
18.5359746,73.93896369,1.760916701
18.53597513,73.93905843,1.76262844
18.53544112,73.86279753,1.891707892
18.53544169,73.86289227,1.851904424
18.53544226,73.862987,1.796453141
18.53544283,73.86308173,1.783109209
18.5354434,73.86317647,1.801432742
18.53544397,73.8632712,1.777358954
18.53544454,73.86336593,1.800838536
18.53544511,73.86346067,1.829848332
18.53544568,73.8635554,1.850340925
18.53544625,73.86365013,1.896093935
18.53544682,73.86374487,1.92619199
18.53544739,73.8638396,1.930682338
18.53544796,73.86393433,1.919287714
18.53544853,73.86402907,1.90573578
18.5354491,73.8641238,1.901247559
18.53584848,73.93261694,1.76262844
18.53584901,73.93271168,1.76262844
18.53584955,73.93280641,1.76262844
18.53585008,73.93290115,1.76262844
18.53586345,73.93526954,1.686559747
18.53586398,73.93536428,1.705864327
18.53586451,73.93545902,1.696017258
18.53586505,73.93555375,1.731583812
18.53586558,73.93564849,1.72415035
18.53586612,73.93574322,1.708641623
18.53586665,73.93583796,1.72014312
18.53586718,73.9359327,1.703013807
18.53586878,73.9362169,1.655516378
18.53586932,73.93631164,1.671608082
18.53586985,73.93640638,1.679889039
18.53587038,73.93650111,1.71505287
18.53587092,73.93659585,1.766077867
18.53587145,73.93669058,1.781073206
18.53587198,73.93678532,1.775297641
18.53587252,73.93688006,1.731636142
18.53587305,73.93697479,1.744546614
18.53587358,73.93706953,1.74215281
18.53587412,73.93716426,1.749071668
18.53587465,73.937259,1.780381979
18.53587518,73.93735374,1.807233158
18.53587571,73.93744847,1.778835987
18.53587625,73.93754321,1.729630334
18.53587678,73.93763794,1.743296118
18.53587731,73.93773268,1.710256923
18.53587784,73.93782742,1.687523137
18.53587838,73.93792215,1.685033306
18.53587891,73.93801689,1.713768723
18.53587944,73.93811162,1.720424738
18.53587997,73.93820636,1.72066056
18.53588051,73.9383011,1.733610559
18.53588104,73.93839583,1.7224414
18.53588157,73.93849057,1.726393806
18.5358821,73.9385853,1.721048477
18.53588264,73.93868004,1.727763015
18.53588317,73.93877478,1.742167136
18.5358837,73.93886951,1.761048373
18.53588423,73.93896425,1.76262844
18.53588476,73.93905898,1.76262844
18.53535076,73.86279813,1.886050446
18.53535133,73.86289286,1.848880088
18.5353519,73.8629876,1.795422055
18.53535247,73.86308233,1.778061145
18.53535304,73.86317706,1.793231147
18.53535361,73.8632718,1.800886517
18.53535418,73.86336653,1.831119132
18.53535475,73.86346126,1.866004889
18.53535532,73.863556,1.896255501
18.53535589,73.86365073,1.927364675
18.53535646,73.86374546,1.943092225
18.53535703,73.8638402,1.941134931
18.5353576,73.86393493,1.89776661
18.53535817,73.86402966,1.882052556
18.53535873,73.8641244,1.896205362
18.53577308,73.9352701,1.732531078
18.53577361,73.93536484,1.718255035
18.53577415,73.93545958,1.742596879
18.53577468,73.93555431,1.741717248
18.53577522,73.93564905,1.747007994
18.53577575,73.93574378,1.724851765
18.53577628,73.93583852,1.715189805
18.53577842,73.93621746,1.658658016
18.53577895,73.9363122,1.662443398
18.53577948,73.93640693,1.677683323
18.53578002,73.93650167,1.71694533
18.53578055,73.93659641,1.757881807
18.53578108,73.93669114,1.772134197
18.53578162,73.93678588,1.762915675
18.53578215,73.93688061,1.757069228
18.53578268,73.93697535,1.719525036
18.53578322,73.93707009,1.732730838
18.53578375,73.93716482,1.770249867
18.53578428,73.93725956,1.796764504
18.53578482,73.93735429,1.785357702
18.53578535,73.93744903,1.78876288
18.53578588,73.93754377,1.770668065
18.53578641,73.9376385,1.728235334
18.53578695,73.93773324,1.716334145
18.53578748,73.93782797,1.701069249
18.53578801,73.93792271,1.708227395
18.53578854,73.93801745,1.712601363
18.53578908,73.93811218,1.727967455
18.53578961,73.93820692,1.755838665
18.53579014,73.93830165,1.75089852
18.53579067,73.93839639,1.741388044
18.53579121,73.93849113,1.725876715
18.53579174,73.93858586,1.733700701
18.53579227,73.9386806,1.743747203
18.5357928,73.93877533,1.761048373
18.53579333,73.93887007,1.76262844
18.53579387,73.93896481,1.76262844
18.5357944,73.93905954,1.76262844
18.53525982,73.862704,1.920577258
18.53526039,73.86279873,1.873088314
18.53526096,73.86289346,1.829042773
18.53526153,73.8629882,1.789200889
18.5352621,73.86308293,1.80178817
18.53526267,73.86317766,1.806735561
18.53526324,73.8632724,1.841570212
18.53526381,73.86336713,1.860770382
18.53526438,73.86346186,1.891182131
18.53526495,73.8635566,1.925606475
18.53526552,73.86365133,1.950699623
18.53526609,73.86374606,1.949065431
18.53526666,73.8638408,1.911634394
18.53526723,73.86393553,1.877513217
18.5352678,73.86403026,1.860632098
18.53568272,73.93527066,1.735875229
18.53568325,73.9353654,1.76262844
18.53568378,73.93546014,1.748587948
18.53568432,73.93555487,1.75800294
18.53568805,73.93621802,1.656942961
18.53568859,73.93631276,1.661246552
18.53568912,73.93640749,1.703241157
18.53568965,73.93650223,1.737351133
18.53569019,73.93659697,1.742687055
18.53569072,73.9366917,1.744638073
18.53569125,73.93678644,1.737218382
18.53569178,73.93688117,1.71615804
18.53569232,73.93697591,1.718323507
18.53569285,73.93707064,1.720158622
18.53569338,73.93716538,1.744538012
18.53569392,73.93726012,1.755642466
18.53569445,73.93735485,1.756394265
18.53569498,73.93744959,1.771576768
18.53569552,73.93754432,1.760359838
18.53569605,73.93763906,1.726408646
18.53569658,73.9377338,1.695659789
18.53569711,73.93782853,1.715945048
18.53569765,73.93792327,1.724742402
18.53569818,73.938018,1.735724416
18.53569871,73.93811274,1.745882246
18.53569924,73.93820748,1.758205414
18.53569978,73.93830221,1.76361615
18.53570031,73.93839695,1.754333835
18.53570084,73.93849168,1.748694938
18.53570137,73.93858642,1.748104822
18.5357019,73.93868116,1.76262844
18.53570244,73.93877589,1.76262844
18.53570297,73.93887063,1.76262844
18.5357035,73.93896536,1.76262844
18.53516946,73.86270459,1.908099426
18.53517003,73.86279933,1.867376994
18.5351706,73.86289406,1.810492594
18.53517117,73.86298879,1.803494647
18.53517174,73.86308353,1.836408061
18.53517231,73.86317826,1.865017114
18.53517288,73.86327299,1.875461929
18.53517345,73.86336773,1.897831934
18.53517402,73.86346246,1.927310423
18.53517459,73.86355719,1.955303802
18.53517516,73.86365193,1.968703392
18.53517573,73.86374666,1.937835826
18.5351763,73.86384139,1.876077848
18.53517687,73.86393613,1.854005589
18.53517744,73.86403086,1.833632329
18.53559235,73.93527122,1.76262844
18.53559288,73.93536596,1.76262844
18.53559342,73.93546069,1.76262844
18.53559395,73.93555543,1.76262844
18.53559448,73.93565017,1.76262844
18.53559769,73.93621858,1.697187939
18.53559822,73.93631332,1.700357438
18.53559875,73.93640805,1.706620462
18.53559929,73.93650279,1.732479395
18.53559982,73.93659752,1.762573863
18.53560035,73.93669226,1.754849558
18.53560089,73.936787,1.732778732
18.53560142,73.93688173,1.724432315
18.53560195,73.93697647,1.720464219
18.53560249,73.9370712,1.737127063
18.53560302,73.93716594,1.748615489
18.53560355,73.93726068,1.767348083
18.53560408,73.93735541,1.76496031
18.53560462,73.93745015,1.743481398
18.53560515,73.93754488,1.739092794
18.53560568,73.93763962,1.746890357
18.53560621,73.93773435,1.745617025
18.53560675,73.93782909,1.724742402
18.53560728,73.93792383,1.744194629
18.53560781,73.93801856,1.749236706
18.53560835,73.9381133,1.76262844
18.53560888,73.93820803,1.76262844
18.53560941,73.93830277,1.76262844
18.53560994,73.93839751,1.76262844
18.53561047,73.93849224,1.76262844
18.53561101,73.93858698,1.76262844
18.53561154,73.93868171,1.76262844
18.53561207,73.93877645,1.76262844
18.5356126,73.93887118,1.76262844
18.53507853,73.86261046,1.936877433
18.5350791,73.86270519,1.903880926
18.53507967,73.86279992,1.861583378
18.53508024,73.86289466,1.830344441
18.53508081,73.86298939,1.838064572
18.53508138,73.86308412,1.870475297
18.53508195,73.86317886,1.899581302
18.53508252,73.86327359,1.917654334
18.53508309,73.86336832,1.929471401
18.53508366,73.86346306,1.958295654
18.53508423,73.86355779,1.968300068
18.5350848,73.86365252,1.965778923
18.53508537,73.86374726,1.916441311
18.53508594,73.86384199,1.867828928
18.53508651,73.86393672,1.822302381
18.53550145,73.93517705,1.76262844
18.53550198,73.93527178,1.76262844
18.53550252,73.93536652,1.76262844
18.53550305,73.93546125,1.76262844
18.53550359,73.93555599,1.76262844
18.53550732,73.93621914,1.714295002
18.53550785,73.93631388,1.724801291
18.53550839,73.93640861,1.734774201
18.53550892,73.93650335,1.76262844
18.53550945,73.93659808,1.76262844
18.53550999,73.93669282,1.76262844
18.53551052,73.93678755,1.749812921
18.53551105,73.93688229,1.74957812
18.53551159,73.93697703,1.747060342
18.53551212,73.93707176,1.745924184
18.53551265,73.9371665,1.76262844
18.53551319,73.93726123,1.76262844
18.53551372,73.93735597,1.762652976
18.53551425,73.93745071,1.749047401
18.53551478,73.93754544,1.749536146
18.53551532,73.93764018,1.75937956
18.53551585,73.93773491,1.759192124
18.53551638,73.93782965,1.75716619
18.53551691,73.93792438,1.748120728
18.53551745,73.93801912,1.76262844
18.53551798,73.93811386,1.76262844
18.53551851,73.93820859,1.76262844
18.53551904,73.93830333,1.76262844
18.53551958,73.93839806,1.76262844
18.53552011,73.9384928,1.76262844
18.53552064,73.93858754,1.76262844
18.53552117,73.93868227,1.76262844
18.53552171,73.93877701,1.76262844
18.53498816,73.86261106,1.96057054
18.53498873,73.86270579,1.926925231
18.5349893,73.86280052,1.876207864
18.53498987,73.86289526,1.867717072
18.53499044,73.86298999,1.888278828
18.53499101,73.86308472,1.914302344
18.53499158,73.86317945,1.940414994
18.53499215,73.86327419,1.939961789
18.53499272,73.86336892,1.950495692
18.53499329,73.86346365,1.957248321
18.53499386,73.86355839,1.966022966
18.53499443,73.86365312,1.951979602
18.534995,73.86374785,1.897172041
18.53499557,73.86384259,1.862122593
18.53499614,73.86393732,1.79806978
18.53541108,73.93517761,1.76262844
18.53541162,73.93527234,1.76262844
18.53541215,73.93536708,1.76262844
18.53541642,73.93612496,1.76262844
18.53541695,73.9362197,1.738753127
18.53541749,73.93631444,1.746603191
18.53541802,73.93640917,1.76262844
18.53541855,73.93650391,1.76262844
18.53541909,73.93659864,1.76262844
18.53541962,73.93669338,1.76262844
18.53542015,73.93678811,1.76262844
18.53542069,73.93688285,1.76262844
18.53542122,73.93697759,1.76262844
18.53542175,73.93707232,1.76262844
18.53542229,73.93716706,1.76262844
18.53542282,73.93726179,1.76262844
18.53542335,73.93735653,1.76262844
18.53542389,73.93745126,1.76262844
18.53542442,73.937546,1.76262844
18.53542495,73.93764074,1.76262844
18.53542548,73.93773547,1.76262844
18.53542602,73.93783021,1.76262844
18.53542655,73.93792494,1.76262844
18.53542708,73.93801968,1.76262844
18.53542761,73.93811441,1.76262844
18.53542815,73.93820915,1.76262844
18.53542868,73.93830389,1.76262844
18.53542921,73.93839862,1.76262844
18.53542974,73.93849336,1.76262844
18.53543028,73.93858809,1.76262844
18.53543081,73.93868283,1.76262844
18.53489723,73.86251692,1.978211713
18.5348978,73.86261165,1.948220601
18.53489837,73.86270639,1.935789138
18.53489894,73.86280112,1.9013407
18.53489951,73.86289585,1.902941865
18.53490008,73.86299059,1.918232381
18.53490065,73.86308532,1.950408509
18.53490122,73.86318005,1.955851456
18.53490179,73.86327479,1.946314618
18.53490236,73.86336952,1.946050129
18.53490293,73.86346425,1.957327807
18.5349035,73.86355898,1.958465666
18.53490407,73.86365372,1.938570936
18.53490464,73.86374845,1.899701013
18.53490521,73.86384318,1.85977447
18.53490578,73.86393792,1.824858581
18.53532499,73.93593605,1.76262844
18.53532552,73.93603079,1.76262844
18.53532606,73.93612552,1.76262844
18.53532659,73.93622026,1.76262844
18.53532712,73.93631499,1.76262844
18.53532766,73.93640973,1.76262844
18.53532819,73.93650447,1.76262844
18.53532872,73.9365992,1.76262844
18.53532926,73.93669394,1.76262844
18.53532979,73.93678867,1.76262844
18.53533032,73.93688341,1.76262844
18.53533085,73.93697814,1.76262844
18.53533139,73.93707288,1.74282043
18.53533192,73.93716762,1.76262844
18.53533245,73.93726235,1.76262844
18.53533299,73.93735709,1.76262844
18.53533352,73.93745182,1.76262844
18.53533405,73.93754656,1.76262844
18.53533458,73.93764129,1.76262844
18.53533778,73.93820971,1.76262844
18.53533831,73.93830444,1.76262844
18.53533884,73.93839918,1.76262844
18.53480686,73.86251752,1.925833932
18.53480744,73.86261225,1.917725213
18.53480801,73.86270698,1.90986341
18.53480858,73.86280172,1.898880714
18.53480915,73.86289645,1.90062732
18.53480972,73.86299118,1.916679296
18.53481029,73.86308592,1.953086286
18.53481086,73.86318065,1.963964269
18.53481143,73.86327538,1.949888342
18.534812,73.86337012,1.956249351
18.53481257,73.86346485,1.960024542
18.53481314,73.86355958,1.958893106
18.53481371,73.86365432,1.940846292
18.53481428,73.86374905,1.915311032
18.53481484,73.86384378,1.891915298
18.53481541,73.86393851,1.892035641
18.53523409,73.93584188,1.76262844
18.53523462,73.93593661,1.76262844
18.53523516,73.93603135,1.76262844
18.53523569,73.93612608,1.76262844
18.53523622,73.93622082,1.76262844
18.53523676,73.93631555,1.76262844
18.53523729,73.93641029,1.76262844
18.53523782,73.93650502,1.76262844
18.53523836,73.93659976,1.76262844
18.53523889,73.9366945,1.76262844
18.53523942,73.93678923,1.76262844
18.53523996,73.93688397,1.76262844
18.53524049,73.9369787,1.74282043
18.53524102,73.93707344,1.741169763
18.53524156,73.93716817,1.739218974
18.53524209,73.93726291,1.76262844
18.53524262,73.93735765,1.76262844
18.53524315,73.93745238,1.76262844
18.5347165,73.86251812,1.867974233
18.53471707,73.86261285,1.868721877
18.53471764,73.86270758,1.862141537
18.53471821,73.86280232,1.834904399
18.53471878,73.86289705,1.84662167
18.53471935,73.86299178,1.880542323
18.53471992,73.86308651,1.916937651
18.53472049,73.86318125,1.94711035
18.53472106,73.86327598,1.964155357
18.53472163,73.86337071,1.959805908
18.5347222,73.86346545,1.96796378
18.53472277,73.86356018,1.962521492
18.53472334,73.86365491,1.955459929
18.53472391,73.86374965,1.948408265
18.53472448,73.86384438,1.933942682
18.53472505,73.86393911,1.944846671
18.53472562,73.86403384,1.96420051
18.5347279,73.86441278,1.987219969
18.53514426,73.93593717,1.76262844
18.53514479,73.93603191,1.76262844
18.53514532,73.93612664,1.76262844
18.53514586,73.93622138,1.76262844
18.53514639,73.93631611,1.76262844
18.53514692,73.93641085,1.76262844
18.53514746,73.93650558,1.76262844
18.53514799,73.93660032,1.76262844
18.53514852,73.93669505,1.76262844
18.53514906,73.93678979,1.76262844
18.53514959,73.93688453,1.741169763
18.53515012,73.93697926,1.739218974
18.53515066,73.937074,1.73401687
18.53515119,73.93716873,1.725842136
18.53462614,73.86251871,1.812860742
18.53462671,73.86261345,1.799413442
18.53462728,73.86270818,1.791667915
18.53462785,73.86280291,1.784664656
18.53462842,73.86289765,1.792342469
18.53462899,73.86299238,1.817505956
18.53462956,73.86308711,1.857635437
18.53463013,73.86318185,1.919317198
18.5346307,73.86327658,1.959945401
18.53463127,73.86337131,1.962183646
18.53463184,73.86346604,1.96952964
18.53463241,73.86356078,1.960007502
18.53463298,73.86365551,1.963720712
18.53463355,73.86375024,1.96029188
18.53463412,73.86384498,1.970681572
18.53463469,73.86393971,1.97578178
18.53463526,73.86403444,1.979298897
18.53463583,73.86412917,1.982204113
18.5346364,73.86422391,1.987875514
18.53463697,73.86431864,1.989099588
18.53463754,73.86441337,1.989099588
18.5346381,73.86450811,1.990503928
18.53463867,73.86460284,1.990318988
18.53463924,73.86469757,1.974854865
18.53463981,73.86479231,1.964796811
18.53505389,73.93593773,1.76262844
18.53505443,73.93603247,1.76262844
18.53505496,73.9361272,1.76262844
18.53505549,73.93622194,1.76262844
18.53505603,73.93631667,1.76262844
18.53505763,73.93660088,1.76262844
18.53505816,73.93669561,1.76262844
18.53505869,73.93679035,1.76262844
18.53505922,73.93688508,1.76262844
18.53505976,73.93697982,1.725842136
18.5345352,73.86242458,1.819358001
18.53453577,73.86251931,1.795474979
18.53453634,73.86261405,1.754869059
18.53453692,73.86270878,1.747234586
18.53453749,73.86280351,1.755434132
18.53453806,73.86289824,1.727517602
18.53453863,73.86299298,1.7517591
18.5345392,73.86308771,1.814935786
18.53453977,73.86318244,1.890601262
18.53454034,73.86327718,1.9277478
18.53454091,73.86337191,1.956125495
18.53454148,73.86346664,1.954588675
18.53454205,73.86356137,1.949027649
18.53454262,73.86365611,1.960283435
18.53454318,73.86375084,1.968621917
18.53454375,73.86384557,1.98531401
18.53454432,73.86394031,1.984510728
18.53454489,73.86403504,1.985304667
18.53454546,73.86412977,1.988296127
18.53454603,73.8642245,1.994447423
18.5345466,73.86431924,1.993629663
18.53454717,73.86441397,1.994674987
18.53454774,73.8645087,1.995361248
18.53454831,73.86460344,1.980442673
18.53454888,73.86469817,1.974854865
18.53454945,73.8647929,1.964796811
18.53444484,73.86242518,1.755229568
18.53444541,73.86251991,1.777798672
18.53444598,73.86261464,1.74770875
18.53444655,73.86270938,1.73328402
18.53444712,73.86280411,1.704699593
18.53444769,73.86289884,1.677617353
18.53444826,73.86299357,1.696737276
18.53444883,73.86308831,1.793241551
18.5344494,73.86318304,1.851509909
18.53444997,73.86327777,1.902582315
18.53445054,73.86337251,1.928325266
18.53445111,73.86346724,1.934386291
18.53445168,73.86356197,1.936606089
18.53445225,73.8636567,1.945704221
18.53445282,73.86375144,1.964544981
18.53445339,73.86384617,1.980283851
18.53445396,73.8639409,1.981270445
18.53445453,73.86403564,1.984971415
18.5344551,73.86413037,1.992984569
18.53445567,73.8642251,1.991183765
18.53445624,73.86431983,1.997542537
18.53445681,73.86441457,1.997969029
18.53445738,73.8645093,2
18.53435448,73.86242578,1.751565327
18.53435505,73.86252051,1.737945991
18.53435562,73.86261524,1.744157633
18.53435619,73.86270997,1.693831776
18.53435676,73.86280471,1.676694027
18.53435733,73.86289944,1.670001264
18.5343579,73.86299417,1.69283901
18.53435847,73.86308891,1.734143562
18.53435904,73.86318364,1.82081964
18.53435961,73.86327837,1.87431436
18.53436018,73.8633731,1.903687995
18.53436075,73.86346784,1.911760697
18.53436132,73.86356257,1.932918111
18.53436189,73.8636573,1.93883896
18.53436246,73.86375203,1.954494779
18.53436303,73.86384677,1.975899817
18.5343636,73.8639415,1.98127151
18.53436417,73.86403623,1.983122136
18.53436474,73.86413097,1.983928005
18.53436531,73.8642257,1.994069498
18.53436588,73.86432043,1.99829225
18.53426411,73.86242637,1.737677649
18.53426468,73.86252111,1.716916528
18.53426525,73.86261584,1.700036214
18.53426582,73.86271057,1.690536517
18.53426639,73.8628053,1.647369001
18.53426697,73.86290004,1.659417364
18.53426754,73.86299477,1.674069645
18.53426811,73.8630895,1.726638106
18.53426868,73.86318424,1.797827866
18.53426925,73.86327897,1.854272238
18.53426982,73.8633737,1.872484908
18.53427039,73.86346843,1.904905813
18.53427095,73.86356317,1.919422527
18.53427152,73.8636579,1.947039345
18.53427209,73.86375263,1.961248405
18.53427266,73.86384736,1.968081136
18.53427323,73.8639421,1.977309122
18.5342738,73.86403683,1.976381393
18.53417375,73.86242697,1.711654174
18.53417432,73.8625217,1.709231189
18.53417489,73.86261644,1.692914835
18.53417546,73.86271117,1.68802397
18.53417603,73.8628059,1.646038567
18.5341766,73.86290063,1.63868026
18.53417717,73.86299537,1.691075943
18.53417774,73.8630901,1.739418679
18.53417831,73.86318483,1.789856452
18.53417888,73.86327957,1.817351349
18.53417945,73.8633743,1.864618169
18.53418002,73.86346903,1.899932212
18.53418059,73.86356376,1.914380486
18.53418116,73.8636585,1.948815059
18.53418173,73.86375323,1.962647149
18.5341823,73.86384796,1.974397401
18.53408339,73.86242757,1.714437082
18.53408396,73.8625223,1.723977292
18.53408453,73.86261703,1.7127113
18.5340851,73.86271177,1.681011999
18.53408567,73.8628065,1.650715298
18.53408624,73.86290123,1.652680283
18.53408681,73.86299597,1.709888694
18.53408738,73.8630907,1.755146114
18.53408795,73.86318543,1.780990219
18.53408852,73.86328016,1.804959329
18.53408909,73.8633749,1.833860412
18.53408966,73.86346963,1.880014194
18.53409023,73.86356436,1.918127468
18.5340908,73.86365909,1.934286509
18.53409137,73.86375383,1.955397552
18.53399245,73.86233344,1.760493231
18.53399302,73.86242817,1.73759553
18.53399359,73.8625229,1.754211194
18.53399416,73.86261763,1.719645242
18.53399473,73.86271237,1.684390133
18.5339953,73.8628071,1.680947861
18.53399587,73.86290183,1.703914579
18.53399644,73.86299656,1.721776381
18.53399701,73.8630913,1.762145091
18.53399758,73.86318603,1.784451243
18.53399815,73.86328076,1.796981007
18.53399872,73.86337549,1.805057961
18.53399929,73.86347023,1.858035556
18.53399986,73.86356496,1.895391456
18.53400043,73.86365969,1.919020436
18.53390209,73.86233403,1.768224109
18.53390266,73.86242877,1.737124859
18.53390323,73.8625235,1.742542516
18.5339038,73.86261823,1.766572209
18.53390437,73.86271296,1.714168933
18.53390494,73.8628077,1.709099288
18.53390551,73.86290243,1.740236629
18.53390608,73.86299716,1.76979518
18.53390665,73.86309189,1.776198084
18.53390722,73.86318663,1.776378042
18.53390779,73.86328136,1.776920009
18.53390836,73.86337609,1.795380038
18.53390893,73.86347082,1.823812494
18.5339095,73.86356556,1.864884134
18.53381116,73.8622399,1.775677122
18.53381173,73.86233463,1.757577288
18.5338123,73.86242936,1.75054527
18.53381287,73.8625241,1.769655842
18.53381344,73.86261883,1.767206033
18.53381401,73.86271356,1.761648955
18.53381458,73.86280829,1.761846109
18.53381515,73.86290303,1.78918445
18.53381572,73.86299776,1.811773807
18.53381629,73.86309249,1.802643098
18.53381686,73.86318722,1.774766237
18.53381743,73.86328196,1.777082546
18.533818,73.86337669,1.796909491
18.53381857,73.86347142,1.804948979
18.53372079,73.8622405,1.779561984
18.53372136,73.86233523,1.765213473
18.53372193,73.86242996,1.788355739
18.5337225,73.86252469,1.789234302
18.53372307,73.86261943,1.775543571
18.53372364,73.86271416,1.812908869
18.53372421,73.86280889,1.829559912
18.53372478,73.86290362,1.828929112
18.53372535,73.86299836,1.828395102
18.53372592,73.86309309,1.821845738
18.53372649,73.86318782,1.797927057
18.53372706,73.86328255,1.805816069
18.53372763,73.86337729,1.799195375
18.5337282,73.86347202,1.806976012
18.53362986,73.86214636,1.800753048
18.53363043,73.86224109,1.805494864
18.533631,73.86233583,1.816325957
18.53363157,73.86243056,1.818418222
18.53363214,73.86252529,1.805484004
18.53363271,73.86262002,1.839594664
18.53363328,73.86271476,1.864156648
18.53363385,73.86280949,1.864053615
18.53363442,73.86290422,1.855336553
18.53363499,73.86299895,1.852284482
18.53363556,73.86309369,1.842537254
18.53363613,73.86318842,1.836990188
18.5336367,73.86328315,1.826877535
18.53363727,73.86337788,1.811126724
18.53353892,73.86205223,1.776349568
18.53353949,73.86214696,1.807041485
18.53354007,73.86224169,1.821134259
18.53354064,73.86233642,1.846628691
18.53354121,73.86243116,1.835826583
18.53354178,73.86252589,1.847285703
18.53354235,73.86262062,1.879719878
18.53354292,73.86271535,1.881110722
18.53354349,73.86281009,1.877579119
18.53354406,73.86290482,1.886204592
18.53354463,73.86299955,1.879010954
18.5335452,73.86309428,1.859408803
18.53354577,73.86318902,1.852587423
18.53354634,73.86328375,1.866280447
18.53344856,73.86205283,1.763675886
18.53344913,73.86214756,1.810740233
18.5334497,73.86224229,1.838799889
18.53345027,73.86233702,1.845900781
18.53345084,73.86243176,1.842138556
18.53345141,73.86252649,1.865673907
18.53345198,73.86262122,1.885358954
18.53345255,73.86271595,1.894225651
18.53345312,73.86281068,1.890310127
18.53345369,73.86290542,1.886492674
18.53345426,73.86300015,1.869433733
18.53345483,73.86309488,1.863881731
18.5334554,73.86318961,1.878353266
18.53345597,73.86328435,1.897449589
18.53335706,73.86186396,1.767347976
18.53335763,73.86195869,1.772913836
18.5333582,73.86205342,1.786203156
18.53335877,73.86214816,1.800504395
18.53335934,73.86224289,1.857227356
18.53335991,73.86233762,1.856145764
18.53336048,73.86243235,1.860780993
18.53336105,73.86252709,1.86713418
18.53336162,73.86262182,1.873599061
18.53336219,73.86271655,1.887154574
18.53336276,73.86281128,1.876130364
18.53336333,73.86290601,1.848923104
18.5333639,73.86300075,1.845562771
18.53336447,73.86309548,1.861472471
18.53336504,73.86319021,1.872634468
18.53323008,73.85580171,1.942199661
18.53326612,73.86176983,1.852593182
18.53326669,73.86186456,1.793004011
18.53326726,73.86195929,1.788247481
18.53326783,73.86205402,1.790786257
18.5332684,73.86214875,1.842222532
18.53326898,73.86224349,1.878840577
18.53326955,73.86233822,1.887607778
18.53327012,73.86243295,1.895386902
18.53327069,73.86252768,1.895667202
18.53327126,73.86262242,1.890695425
18.53327183,73.86271715,1.874672656
18.5332724,73.86281188,1.851170295
18.53327297,73.86290661,1.826976096
18.53327354,73.86300134,1.828889468
18.53313856,73.85561285,1.935394236
18.53313914,73.85570758,1.953829936
18.53313971,73.85580231,1.942360232
18.53317519,73.86167569,1.864136969
18.53317576,73.86177042,1.843969594
18.53317633,73.86186516,1.803549614
18.5331769,73.86195989,1.746107235
18.53317747,73.86205462,1.792652676
18.53317804,73.86214935,1.872748208
18.53317861,73.86224408,1.908441792
18.53317918,73.86233882,1.928355515
18.53317975,73.86243355,1.9275862
18.53318032,73.86252828,1.924879819
18.53318089,73.86262301,1.920971173
18.53318203,73.86281248,1.832243565
18.5331826,73.86290721,1.801843137
18.53304705,73.85542398,1.790973196
18.53304763,73.85551872,1.824492073
18.5330482,73.85561345,1.910339942
18.53304878,73.85570818,1.938764101
18.53304935,73.85580291,1.927651605
18.53304992,73.85589764,1.915159349
18.53308482,73.86167629,1.8450093
18.5330854,73.86177102,1.81424869
18.53308597,73.86186575,1.760514089
18.53308654,73.86196049,1.734364185
18.53308711,73.86205522,1.808658989
18.53308768,73.86214995,1.863653303
18.53308825,73.86224468,1.909397827
18.53308882,73.86233941,1.939437714
18.53308939,73.86243415,1.947942217
18.53308996,73.86252888,1.93245326
18.53309053,73.86262361,1.948144921
18.53309224,73.86290781,1.790519599
18.53295554,73.85523512,1.723811045
18.53295612,73.85532985,1.739569768
18.53295669,73.85542459,1.758226645
18.53295726,73.85551932,1.805398994
18.53295784,73.85561405,1.840321176
18.53295841,73.85570878,1.905024685
18.53295899,73.85580351,1.918754524
18.53295956,73.85589824,1.903309556
18.53299389,73.86158216,1.823352937
18.53299446,73.86167689,1.83008048
18.53299503,73.86177162,1.778061449
18.5329956,73.86186635,1.743995156
18.53299617,73.86196108,1.767750483
18.53299674,73.86205582,1.808199998
18.53299731,73.86215055,1.865142148
18.53299788,73.86224528,1.910548086
18.53299846,73.86234001,1.92909596
18.53299903,73.86243474,1.940415526
18.5329996,73.86252948,1.940552103
18.53300017,73.86262421,1.920023214
18.53286575,73.85533046,1.702201992
18.53286633,73.85542519,1.719662334
18.5328669,73.85551992,1.77168615
18.53286748,73.85561465,1.842897504
18.53286805,73.85570938,1.861827759
18.53286862,73.85580411,1.880369523
18.53290353,73.86158276,1.825848181
18.5329041,73.86167749,1.795507632
18.53290467,73.86177222,1.766886526
18.53290524,73.86186695,1.783901997
18.53290581,73.86196168,1.812082452
18.53290638,73.86205641,1.836175132
18.53290695,73.86215115,1.888757026
18.53290752,73.86224588,1.918975487
18.53290809,73.86234061,1.924627802
18.53290866,73.86243534,1.929854544
18.53290923,73.86253007,1.927948469
18.53281373,73.86167809,1.775781236
18.53281431,73.86177282,1.797431214
18.53281488,73.86186755,1.820257151
18.53281545,73.86196228,1.836300402
18.53281602,73.86205701,1.885282412
18.53281659,73.86215174,1.90236649
18.53281716,73.86224648,1.916387167
18.53281773,73.86234121,1.930625979
18.5328183,73.86243594,1.92993981
18.53272337,73.86167868,1.77132553
18.53272394,73.86177342,1.820924144
18.53272451,73.86186815,1.822925331
18.53272508,73.86196288,1.849259234
18.53272565,73.86205761,1.877696632
18.53272622,73.86215234,1.892521605
18.53272679,73.86224707,1.902020009
18.53272736,73.86234181,1.918587022
18.53263358,73.86177401,1.796626175
18.53263415,73.86186875,1.818165199
18.53263472,73.86196348,1.84820341
18.53263529,73.86205821,1.853342786
18.53263586,73.86215294,1.860440762
18.53263643,73.86224767,1.863677971
18.532637,73.8623424,1.877466957
18.53254264,73.86167988,1.804985261
18.53254321,73.86177461,1.805732698
18.53254379,73.86186934,1.814229228
18.53254436,73.86196408,1.829138937
18.53254493,73.86205881,1.829883127
18.5325455,73.86215354,1.810775933
18.53254607,73.86224827,1.827169047
18.53241853,73.85609132,1.6765845
18.5324191,73.85618605,1.637844794
18.53241967,73.85628078,1.664043721
18.53242025,73.85637551,1.654052333
18.53242082,73.85647024,1.666091478
18.53242139,73.85656497,1.698691161
18.53242197,73.8566597,1.764694402
18.53242254,73.85675444,1.804193435
18.53245228,73.86168048,1.828805338
18.53245285,73.86177521,1.818783267
18.53245342,73.86186994,1.809891901
18.53245399,73.86196467,1.794289449
18.53245456,73.86205941,1.797729677
18.53245513,73.86215414,1.808731645
18.5324557,73.86224887,1.793001222
18.53232759,73.85599719,1.651370274
18.53232816,73.85609192,1.646883885
18.53232874,73.85618665,1.644063853
18.53232931,73.85628138,1.627796188
18.53232988,73.85637611,1.614802626
18.53233046,73.85647084,1.620025802
18.53233103,73.85656557,1.670774985
18.5323316,73.85666031,1.733548874
18.53233218,73.85675504,1.791341244
18.53233275,73.85684977,1.835432041
18.53233332,73.8569445,1.872179374
18.53236135,73.86158635,1.868162126
18.53236192,73.86168108,1.840433001
18.53236249,73.86177581,1.805170392
18.53236306,73.86187054,1.801215002
18.53236363,73.86196527,1.786075034
18.5323642,73.86206,1.804066083
18.53236477,73.86215474,1.797620602
18.53223723,73.85599779,1.64742531
18.5322378,73.85609252,1.633287056
18.53223837,73.85618725,1.6338983
18.53223895,73.85628198,1.616625532
18.53223952,73.85637671,1.622078671
18.53224009,73.85647144,1.623792084
18.53224067,73.85656617,1.606091805
18.53224124,73.85666091,1.69716841
18.53224181,73.85675564,1.781122836
18.53224239,73.85685037,1.804393939
18.53224296,73.8569451,1.819411571
18.53224353,73.85703983,1.859659505
18.53224411,73.85713456,1.889617443
18.53226584,73.86073436,1.892992212
18.53226642,73.86082909,1.903726028
18.53226699,73.86092382,1.913286315
18.53226756,73.86101855,1.947831431
18.53227041,73.86149221,1.866594736
18.53227098,73.86158694,1.848704938
18.53227155,73.86168168,1.824833226
18.53227212,73.86177641,1.8223001
18.5322727,73.86187114,1.810867456
18.53227327,73.86196587,1.820198772
18.53227384,73.8620606,1.786492343
18.53227441,73.86215533,1.791011106
18.53214686,73.85599839,1.666914688
18.53214744,73.85609312,1.658711431
18.53214801,73.85618785,1.635172794
18.53214858,73.85628258,1.601469649
18.53214916,73.85637731,1.626255023
18.53214973,73.85647204,1.631731647
18.5321503,73.85656678,1.6608389
18.53215088,73.85666151,1.679151261
18.53215145,73.85675624,1.718222282
18.53215202,73.85685097,1.753349914
18.5321526,73.8569457,1.792624271
18.53215317,73.85704043,1.815021791
18.53215374,73.85713516,1.837687834
18.53215432,73.8572299,1.873773007
18.53217491,73.86064023,1.884728329
18.53217548,73.86073496,1.887641245
18.53217605,73.86082969,1.902789146
18.53217662,73.86092442,1.926135944
18.53217719,73.86101915,1.906461644
18.53217777,73.86111388,1.896221398
18.53217834,73.86120862,1.878785046
18.53217891,73.86130335,1.867201663
18.53217948,73.86139808,1.869992295
18.53218005,73.86149281,1.858016993
18.53218062,73.86158754,1.839781579
18.53218119,73.86168227,1.845713922
18.53218176,73.861777,1.832198675
18.53218233,73.86187174,1.813857696
18.5321829,73.86196647,1.815049306
18.53218347,73.8620612,1.844943879
18.5320565,73.85599899,1.702960193
18.53205707,73.85609372,1.675469015
18.53205765,73.85618845,1.667686033
18.53205822,73.85628318,1.673834199
18.53205879,73.85637791,1.656307212
18.53205937,73.85647265,1.663411218
18.53205994,73.85656738,1.689688191
18.53206051,73.85666211,1.723586356
18.53206109,73.85675684,1.723937473
18.53206166,73.85685157,1.749369909
18.53206223,73.8569463,1.745198865
18.53206281,73.85704103,1.763152839
18.53206338,73.85713576,1.803734548
18.53206395,73.8572305,1.845380456
18.53206453,73.85732523,1.87684793
18.5320651,73.85741996,1.914080677
18.53208283,73.86035663,1.928119097
18.5320834,73.86045136,1.938677223
18.53208398,73.86054609,1.921227498
18.53208455,73.86064083,1.89411225
18.53208512,73.86073556,1.878200044
18.53208569,73.86083029,1.914562624
18.53208626,73.86092502,1.911371873
18.53208683,73.86101975,1.894926004
18.5320874,73.86111448,1.878704072
18.53208797,73.86120921,1.869164537
18.53208854,73.86130395,1.865241534
18.53208911,73.86139868,1.863899186
18.53208969,73.86149341,1.852245307
18.53209026,73.86158814,1.847117924
18.53209083,73.86168287,1.847995894
18.5320914,73.8617776,1.843647826
18.53209197,73.86187233,1.830976984
18.53209254,73.86196707,1.84754249
18.53196671,73.85609432,1.713665511
18.53196728,73.85618905,1.693571373
18.53196786,73.85628378,1.708039183
18.53196843,73.85637851,1.717099833
18.531969,73.85647325,1.690323922
18.53196958,73.85656798,1.703384169
18.53197015,73.85666271,1.722224064
18.53197072,73.85675744,1.76262844
18.5319713,73.85685217,1.76262844
18.53197187,73.8569469,1.745365678
18.53197244,73.85704163,1.739183434
18.53197302,73.85713637,1.766378617
18.53197359,73.8572311,1.804876704
18.53197416,73.85732583,1.835713615
18.53197473,73.85742056,1.857455412
18.53197531,73.85751529,1.873617567
18.53197588,73.85761002,1.884168371
18.5319879,73.85959938,1.919890855
18.53198847,73.85969411,1.919888975
18.53198904,73.85978884,1.926512016
18.53198961,73.85988357,1.911553772
18.53199018,73.8599783,1.881790809
18.53199076,73.86007304,1.879851835
18.53199133,73.86016777,1.898297246
18.5319919,73.8602625,1.922585145
18.53199247,73.86035723,1.948755203
18.53199304,73.86045196,1.94195798
18.53199361,73.86054669,1.916764276
18.53199418,73.86064142,1.900672778
18.53199475,73.86073616,1.909945573
18.53199533,73.86083089,1.890060675
18.5319959,73.86092562,1.899035578
18.53199647,73.86102035,1.890028219
18.53199704,73.86111508,1.876700732
18.53199761,73.86120981,1.879724904
18.53199818,73.86130454,1.882794278
18.53199875,73.86139928,1.879303789
18.53199932,73.86149401,1.873067505
18.53199989,73.86158874,1.866482482
18.53200046,73.86168347,1.848028479
18.53200103,73.8617782,1.84017799
18.5320016,73.86187293,1.876294639
18.53200218,73.86196766,1.860882263
18.53187692,73.85618965,1.719776419
18.53187749,73.85628438,1.708304628
18.53187807,73.85637912,1.710813582
18.53187864,73.85647385,1.742426252
18.53187921,73.85656858,1.722224064
18.53187979,73.85666331,1.742426252
18.53188036,73.85675804,1.742426252
18.53188093,73.85685277,1.76262844
18.53188151,73.8569475,1.76262844
18.53188208,73.85704223,1.76262844
18.53188265,73.85713697,1.741971158
18.53188323,73.8572317,1.760138647
18.5318838,73.85732643,1.779963585
18.53188437,73.85742116,1.816442524
18.53188494,73.85751589,1.824403678
18.53188552,73.85761062,1.806462702
18.53188609,73.85770535,1.852128877
18.53188666,73.85780008,1.88041477
18.53188723,73.85789482,1.915773944
18.53189582,73.85931578,1.887409499
18.53189639,73.85941052,1.890178789
18.53189696,73.85950525,1.904146627
18.53189753,73.85959998,1.923994644
18.53189811,73.85969471,1.924579352
18.53189868,73.85978944,1.923010763
18.53189925,73.85988417,1.91801762
18.53189982,73.8599789,1.892351336
18.53190039,73.86007364,1.878940509
18.53190096,73.86016837,1.890382036
18.53190153,73.8602631,1.914111475
18.53190211,73.86035783,1.927770584
18.53190268,73.86045256,1.929531633
18.53190325,73.86054729,1.915827729
18.53190382,73.86064202,1.901853624
18.53190439,73.86073675,1.8775393
18.53190496,73.86083149,1.87365412
18.53190553,73.86092622,1.883111063
18.5319061,73.86102095,1.888745402
18.53190668,73.86111568,1.87530658
18.53190725,73.86121041,1.881810864
18.53190782,73.86130514,1.894862675
18.53190839,73.86139987,1.883024053
18.53190896,73.86149461,1.884760119
18.53190953,73.86158934,1.878291663
18.5319101,73.86168407,1.856541736
18.53191067,73.8617788,1.853615061
18.53191124,73.86187353,1.852470621
18.53178713,73.85628499,1.71125785
18.5317877,73.85637972,1.745197383
18.53178828,73.85647445,1.723913479
18.53178885,73.85656918,1.742426252
18.53178942,73.85666391,1.742426252
18.53179,73.85675864,1.76262844
18.53179057,73.85685337,1.76262844
18.53179114,73.8569481,1.76262844
18.53179172,73.85704284,1.76262844
18.53179229,73.85713757,1.76262844
18.53179286,73.8572323,1.751948916
18.53179344,73.85732703,1.760418527
18.53179401,73.85742176,1.761074147
18.53179458,73.85751649,1.753637031
18.53179515,73.85761122,1.779562165
18.53179573,73.85770595,1.801693707
18.5317963,73.85780068,1.82003079
18.53179687,73.85789542,1.865580129
18.53179744,73.85799015,1.892986483
18.53179802,73.85808488,1.901514074
18.53179859,73.85817961,1.895635659
18.53179916,73.85827434,1.882382041
18.53180317,73.85893746,1.892139152
18.53180374,73.85903219,1.920668477
18.53180431,73.85912692,1.913049951
18.53180488,73.85922165,1.873586883
18.53180545,73.85931638,1.859580426
18.53180603,73.85941112,1.884433856
18.5318066,73.85950585,1.910772416
18.53180717,73.85960058,1.916603691
18.53180774,73.85969531,1.937487639
18.53180831,73.85979004,1.939570861
18.53180889,73.85988477,1.912899161
18.53180946,73.8599795,1.884526032
18.53181003,73.86007423,1.856959361
18.5318106,73.86016897,1.852811849
18.53181117,73.8602637,1.872701856
18.53181174,73.86035843,1.891484212
18.53181231,73.86045316,1.899066026
18.53181289,73.86054789,1.897987345
18.53181346,73.86064262,1.871418052
18.53181403,73.86073735,1.855352728
18.5318146,73.86083208,1.863485069
18.53181517,73.86092682,1.866606939
18.53181574,73.86102155,1.855736869
18.53181631,73.86111628,1.850204948
18.53181688,73.86121101,1.850665998
18.53181745,73.86130574,1.858491636
18.53181802,73.86140047,1.862697729
18.5318186,73.8614952,1.838392936
18.53181917,73.86158994,1.843821229
18.53181974,73.86168467,1.857808123
18.53182031,73.8617794,1.853852372
18.53169734,73.85638032,1.732545183
18.53169791,73.85647505,1.749178036
18.53169849,73.85656978,1.729534067
18.53169906,73.85666451,1.752701103
18.53169963,73.85675924,1.76262844
18.53170021,73.85685397,1.76262844
18.53170078,73.8569487,1.76262844
18.53170135,73.85704344,1.76262844
18.53170193,73.85713817,1.76262844
18.5317025,73.8572329,1.76262844
18.53170307,73.85732763,1.76262844
18.53170364,73.85742236,1.731806245
18.53170422,73.85751709,1.735068969
18.53170479,73.85761182,1.740460574
18.53170536,73.85770655,1.738617782
18.53170594,73.85780128,1.765198593
18.53170651,73.85789602,1.788911107
18.53170708,73.85799075,1.838996811
18.53170765,73.85808548,1.871082835
18.53170823,73.85818021,1.868290431
18.5317088,73.85827494,1.867565914
18.53170937,73.85836967,1.854058087
18.53170994,73.8584644,1.821720293
18.53171052,73.85855913,1.817482145
18.53171109,73.85865387,1.85394155
18.53171166,73.8587486,1.871074604
18.53171223,73.85884333,1.850662712
18.5317128,73.85893806,1.847202974
18.53171338,73.85903279,1.826803296
18.53171395,73.85912752,1.825853649
18.53171452,73.85922225,1.848646713
18.53171509,73.85931698,1.840565492
18.53171566,73.85941171,1.85190009
18.53171624,73.85950645,1.875702421
18.53171681,73.85960118,1.911977814
18.53171738,73.85969591,1.939655673
18.53171795,73.85979064,1.934099942
18.53171852,73.85988537,1.904117367
18.53171909,73.8599801,1.868307425
18.53171966,73.86007483,1.825015131
18.53172024,73.86016956,1.798550251
18.53172081,73.8602643,1.818821204
18.53172138,73.86035903,1.862187964
18.53172195,73.86045376,1.886171166
18.53172252,73.86054849,1.879359458
18.53172309,73.86064322,1.872433686
18.53172366,73.86073795,1.867874147
18.53172424,73.86083268,1.871265346
18.53172481,73.86092741,1.849735881
18.53172538,73.86102215,1.824335153
18.53172595,73.86111688,1.828217376
18.53172652,73.86121161,1.823535843
18.53172709,73.86130634,1.792195466
18.53172766,73.86140107,1.787167445
18.53172823,73.8614958,1.806220197
18.5317288,73.86159053,1.801040281
18.53160755,73.85647565,1.743413578
18.53160812,73.85657038,1.740916123
18.5316087,73.85666511,1.744863817
18.53160927,73.85675984,1.751873825
18.53160984,73.85685457,1.76262844
18.53161042,73.85694931,1.76262844
18.53161099,73.85704404,1.76262844
18.53161156,73.85713877,1.76262844
18.53161214,73.8572335,1.76262844
18.53161271,73.85732823,1.76262844
18.53161328,73.85742296,1.76262844
18.53161385,73.85751769,1.742426252
18.53161443,73.85761242,1.716587105
18.531615,73.85770715,1.713763785
18.53161557,73.85780189,1.735010033
18.53161614,73.85789662,1.754820296
18.53161672,73.85799135,1.775218102
18.53161729,73.85808608,1.83534787
18.53161786,73.85818081,1.847054494
18.53161843,73.85827554,1.828652918
18.53161901,73.85837027,1.803525003
18.53161958,73.858465,1.764403446
18.53162015,73.85855973,1.772994591
18.53162072,73.85865447,1.77367822
18.5316213,73.8587492,1.768957985
18.53162187,73.85884393,1.764272368
18.53162244,73.85893866,1.761585214
18.53162301,73.85903339,1.745048194
18.53162358,73.85912812,1.728009047
18.53162416,73.85922285,1.753070808
18.53162473,73.85931758,1.798414463
18.5316253,73.85941231,1.817923189
18.53162587,73.85950705,1.827473129
18.53162644,73.85960178,1.868416951
18.53162702,73.85969651,1.893497809
18.53162759,73.85979124,1.901191544
18.53162816,73.85988597,1.885537229
18.53162873,73.8599807,1.842401992
18.5316293,73.86007543,1.79562299
18.53162987,73.86017016,1.790213058
18.53163044,73.86026489,1.806959436
18.53163102,73.86035963,1.84255683
18.53163159,73.86045436,1.885150432
18.53163216,73.86054909,1.905915524
18.53163273,73.86064382,1.907271235
18.5316333,73.86073855,1.899862386
18.53163387,73.86083328,1.877332333
18.53163444,73.86092801,1.859248787
18.53163501,73.86102274,1.814598893
18.53163558,73.86111748,1.794427488
18.53163616,73.86121221,1.779941387
18.53163673,73.86130694,1.752404999
18.5316373,73.86140167,1.727148455
18.53163787,73.8614964,1.739738594
18.53151833,73.85666571,1.744191958
18.53151891,73.85676044,1.746496518
18.53151948,73.85685518,1.749722902
18.53152005,73.85694991,1.76262844
18.53152063,73.85704464,1.76262844
18.5315212,73.85713937,1.76262844
18.53152177,73.8572341,1.76262844
18.53152235,73.85732883,1.76262844
18.53152292,73.85742356,1.76262844
18.53152349,73.85751829,1.76262844
18.53152406,73.85761302,1.742426252
18.53152464,73.85770775,1.728182017
18.53152521,73.85780249,1.721946199
18.53152578,73.85789722,1.731517716
18.53152635,73.85799195,1.771667645
18.53152693,73.85808668,1.786771639
18.5315275,73.85818141,1.822397371
18.53152807,73.85827614,1.804748218
18.53152864,73.85837087,1.747456442
18.53152922,73.8584656,1.721577213
18.53152979,73.85856033,1.719591573
18.53153036,73.85865506,1.719464967
18.53153093,73.8587498,1.709766728
18.5315315,73.85884453,1.686608059
18.53153208,73.85893926,1.662393875
18.53153265,73.85903399,1.670838371
18.53153322,73.85912872,1.693084907
18.53153379,73.85922345,1.695112969
18.53153436,73.85931818,1.73239663
18.53153494,73.85941291,1.767684127
18.53153551,73.85950764,1.788897636
18.53153608,73.85960238,1.818909844
18.53153665,73.85969711,1.845283352
18.53153722,73.85979184,1.866388497
18.5315378,73.85988657,1.864426656
18.53153837,73.8599813,1.832282392
18.53153894,73.86007603,1.792760299
18.53153951,73.86017076,1.793332715
18.53154008,73.86026549,1.831346022
18.53154065,73.86036022,1.867076796
18.53154122,73.86045496,1.896082425
18.53154179,73.86054969,1.919739411
18.53154237,73.86064442,1.923939259
18.53154294,73.86073915,1.902759753
18.53154351,73.86083388,1.875072859
18.53154408,73.86092861,1.840954872
18.53154465,73.86102334,1.803390275
18.53154522,73.86111807,1.762481985
18.53154579,73.86121281,1.755063406
18.53154636,73.86130754,1.73936852
18.53154693,73.86140227,1.71558515
18.53142969,73.85695051,1.76262844
18.53143026,73.85704524,1.76262844
18.53143084,73.85713997,1.76262844
18.53143141,73.8572347,1.76262844
18.53143198,73.85732943,1.76262844
18.53143255,73.85742416,1.76262844
18.53143313,73.85751889,1.76262844
18.5314337,73.85761362,1.76262844
18.53143427,73.85770835,1.76262844
18.53143485,73.85780309,1.724276207
18.53143542,73.85789782,1.739014654
18.53143599,73.85799255,1.753643822
18.53143656,73.85808728,1.778392197
18.53143714,73.85818201,1.779647441
18.53143771,73.85827674,1.758295256
18.53143828,73.85837147,1.730233364
18.53143885,73.8584662,1.684329468
18.53143943,73.85856093,1.677400885
18.53144,73.85865566,1.680305633
18.53144057,73.8587504,1.691453392
18.53144114,73.85884513,1.660620341
18.53144171,73.85893986,1.621912701
18.53144229,73.85903459,1.623497977
18.53144286,73.85912932,1.649829793
18.53144343,73.85922405,1.693201889
18.531444,73.85931878,1.732160231
18.53144457,73.85941351,1.756251501
18.53144514,73.85950824,1.779050705
18.53144572,73.85960298,1.800924262
18.53144629,73.85969771,1.826251628
18.53144686,73.85979244,1.856630961
18.53144743,73.85988717,1.861403083
18.531448,73.8599819,1.832950793
18.53144857,73.86007663,1.802387122
18.53144915,73.86017136,1.801207199
18.53144972,73.86026609,1.84027973
18.53145029,73.86036082,1.872565103
18.53145086,73.86045555,1.883851966
18.53145143,73.86055029,1.893958317
18.531452,73.86064502,1.881847795
18.53145257,73.86073975,1.86180005
18.53145314,73.86083448,1.830142408
18.53145372,73.86092921,1.787032026
18.53145429,73.86102394,1.759189288
18.53145486,73.86111867,1.750052449
18.53145543,73.8612134,1.741121163
18.531456,73.86130813,1.740005528
18.5313399,73.85704584,1.76262844
18.53134047,73.85714057,1.76262844
18.53134105,73.8572353,1.76262844
18.53134162,73.85733003,1.76262844
18.53134219,73.85742476,1.76262844
18.53134276,73.85751949,1.76262844
18.53134334,73.85761422,1.76262844
18.53134391,73.85770896,1.76262844
18.53134448,73.85780369,1.76262844
18.53134505,73.85789842,1.734827363
18.53134563,73.85799315,1.75629861
18.5313462,73.85808788,1.767189023
18.53134677,73.85818261,1.749083074
18.53134734,73.85827734,1.72247441
18.53134792,73.85837207,1.712296866
18.53134849,73.8584668,1.708258392
18.53134906,73.85856153,1.677301284
18.53134963,73.85865626,1.662410598
18.53135021,73.858751,1.660933414
18.53135078,73.85884573,1.635346179
18.53135135,73.85894046,1.618972853
18.53135192,73.85903519,1.62582153
18.53135249,73.85912992,1.637875786
18.53135307,73.85922465,1.68746205
18.53135364,73.85931938,1.71420163
18.53135421,73.85941411,1.746348993
18.53135478,73.85950884,1.757430126
18.53135535,73.85960357,1.785489749
18.53135593,73.85969831,1.804566909
18.5313565,73.85979304,1.824929639
18.53135707,73.85988777,1.828888678
18.53135764,73.8599825,1.796993914
18.53135821,73.86007723,1.779722004
18.53135878,73.86017196,1.778964457
18.53135935,73.86026669,1.789178394
18.53135993,73.86036142,1.814519408
18.5313605,73.86045615,1.826162322
18.53136107,73.86055088,1.79476361
18.53136164,73.86064562,1.800119735
18.53136221,73.86074035,1.799811269
18.53136278,73.86083508,1.762174598
18.53136335,73.86092981,1.719291075
18.53136392,73.86102454,1.72265952
18.53136449,73.86111927,1.716255621
18.53136507,73.861214,1.730087358
18.53125355,73.85770956,1.76262844
18.53125412,73.85780429,1.76262844
18.53125469,73.85789902,1.76262844
18.53125526,73.85799375,1.750121008
18.53125584,73.85808848,1.753403443
18.53125641,73.85818321,1.751334608
18.53125698,73.85827794,1.740579532
18.53125755,73.85837267,1.723475691
18.53125813,73.8584674,1.705828525
18.5312587,73.85856213,1.704220873
18.53125927,73.85865686,1.682823463
18.53125984,73.8587516,1.627706689
18.53126041,73.85884633,1.62318273
18.53126099,73.85894106,1.630058863
18.53126156,73.85903579,1.630289294
18.53126213,73.85913052,1.653532982
18.5312627,73.85922525,1.670371798
18.53126327,73.85931998,1.70639801
18.53126385,73.85941471,1.711256602
18.53126442,73.85950944,1.7234885
18.53126499,73.85960417,1.741247638
18.53126556,73.8596989,1.772542534
18.53126613,73.85979364,1.784767241
18.5312667,73.85988837,1.770582211
18.53126728,73.8599831,1.758128238
18.53126785,73.86007783,1.721628279
18.53126842,73.86017256,1.712670612
18.53126899,73.86026729,1.724340121
18.53126956,73.86036202,1.742418911
18.53127013,73.86045675,1.731279796
18.5312707,73.86055148,1.718787667
18.53127128,73.86064621,1.714142114
18.53127185,73.86074095,1.728508323
18.53127242,73.86083568,1.711778379
18.53127299,73.86093041,1.69915467
18.53127356,73.86102514,1.671738239
18.53127413,73.86111987,1.70339362
18.53116433,73.85789962,1.76262844
18.5311649,73.85799435,1.76262844
18.53116547,73.85808908,1.75615007
18.53116605,73.85818381,1.754028509
18.53116662,73.85827854,1.753507738
18.53116719,73.85837327,1.744374395
18.53116776,73.858468,1.731148954
18.53116834,73.85856273,1.727544727
18.53116891,73.85865746,1.676980831
18.53116948,73.8587522,1.645731415
18.53117005,73.85884693,1.642605741
18.53117062,73.85894166,1.658988078
18.5311712,73.85903639,1.654864584
18.53117177,73.85913112,1.634944992
18.53117234,73.85922585,1.669777826
18.53117291,73.85932058,1.688577531
18.53117348,73.85941531,1.700385365
18.53117405,73.85951004,1.692368646
18.53117463,73.85960477,1.714563754
18.5311752,73.8596995,1.731578014
18.53117577,73.85979424,1.742985181
18.53117634,73.85988897,1.737414136
18.53117691,73.8599837,1.711703799
18.53117748,73.86007843,1.673678795
18.53117806,73.86017316,1.669986779
18.53117863,73.86026789,1.723709458
18.5311792,73.86036262,1.700659203
18.53117977,73.86045735,1.660331968
18.53118034,73.86055208,1.674849916
18.53118091,73.86064681,1.692764682
18.53118148,73.86074154,1.666751658
18.53118205,73.86083628,1.693711974
18.53118263,73.86093101,1.703029904
18.5311832,73.86102574,1.674568921
18.53107454,73.85799495,1.76262844
18.53107511,73.85808968,1.76262844
18.53107568,73.85818441,1.76262844
18.53107625,73.85827914,1.751645754
18.53107683,73.85837387,1.76262844
18.5310774,73.8584686,1.76262844
18.53107797,73.85856333,1.724758166
18.53107854,73.85865806,1.7027775
18.53107912,73.85875279,1.689942235
18.53107969,73.85884753,1.666966756
18.53108026,73.85894226,1.656901959
18.53108255,73.85932118,1.68789711
18.53108312,73.85941591,1.672527467
18.53108369,73.85951064,1.710672526
18.53108426,73.85960537,1.724150439
18.53108483,73.8597001,1.726665133
18.53108655,73.8599843,1.689286977
18.53108712,73.86007903,1.670600735
18.53108769,73.86017376,1.693501573
18.53108826,73.86026849,1.723714035
18.53108884,73.86036322,1.717022695
18.53108941,73.86045795,1.665470253
18.53108998,73.86055268,1.658810203
18.53109055,73.86064741,1.656004387
18.53098646,73.85837447,1.76262844
18.53098704,73.8584692,1.76262844
18.53098761,73.85856393,1.76262844
18.53098818,73.85865866,1.712134741
18.53098875,73.85875339,1.71601244
18.53098932,73.85884813,1.6968815
18.5309979,73.86026909,1.796601388
18.53099847,73.86036382,1.7652307
18.53099904,73.86045855,1.726381406
18.53099961,73.86055328,1.640014393
18.53090754,73.86026969,1.87069145
18.53090811,73.86036442,1.809968102
18.53090868,73.86045915,1.731376436
18.53090925,73.86055388,1.656677781
18.53081717,73.86027029,1.906113796
18.53081774,73.86036502,1.808842256
18.53081832,73.86045975,1.70668477
18.53081889,73.86055448,1.637188136
18.53081946,73.86064921,1.597917401
18.53072681,73.86027088,1.870568328
18.53072738,73.86036562,1.791865374
18.53072795,73.86046035,1.682030548
18.53072852,73.86055508,1.614738724
18.5307291,73.86064981,1.566059723
18.53063702,73.86036621,1.735744837
18.53063759,73.86046094,1.631615594
18.53063816,73.86055568,1.582774149
18.53063873,73.86065041,1.559567613
18.53054723,73.86046154,1.593522629
18.5305478,73.86055627,1.554182696
18.53054837,73.860651,1.548105866
18.53045686,73.86046214,1.552657212
18.53045743,73.86055687,1.548447706
18.530458,73.8606516,1.533794393
18.53036707,73.86055747,1.529833552
