latitude,longitude,depth_m
18.52084000,73.99149500,1.69000000
18.52084000,73.99161500,1.75000000
18.52084000,73.99173500,1.80000000
18.52084000,73.99185500,1.84000000
18.52084000,73.99197500,1.88000000
18.52084000,73.99209500,1.88000000
18.52084000,73.99221500,1.84000000
18.52084000,73.99233500,1.80000000
18.52084000,73.99245500,1.75000000
18.52084000,73.99257500,1.69000000
18.52096000,73.99137500,1.69000000
18.52096000,73.99149500,1.75000000
18.52096000,73.99161500,1.80000000
18.52096000,73.99173500,1.84000000
18.52096000,73.99185500,1.88000000
18.52096000,73.99197500,1.91000000
18.52096000,73.99209500,1.91000000
18.52096000,73.99221500,1.88000000
18.52096000,73.99233500,1.84000000
18.52096000,73.99245500,1.80000000
18.52096000,73.99257500,1.75000000
18.52096000,73.99269500,1.69000000
18.52108000,73.99137500,1.69000000
18.52108000,73.99149500,1.75000000
18.52108000,73.99161500,1.80000000
18.52108000,73.99173500,1.84000000
18.52108000,73.99185500,1.88000000
18.52108000,73.99197500,1.91000000
18.52108000,73.99209500,1.94000000
18.52108000,73.99221500,1.91000000
18.52108000,73.99233500,1.88000000
18.52108000,73.99245500,1.84000000
18.52108000,73.99257500,1.80000000
18.52108000,73.99269500,1.75000000
18.52108000,73.99281500,1.69000000
18.52120000,73.99137500,1.69000000
18.52120000,73.99149500,1.75000000
18.52120000,73.99161500,1.80000000
18.52120000,73.99173500,1.84000000
18.52120000,73.99185500,1.88000000
18.52120000,73.99197500,1.91000000
18.52120000,73.99209500,1.94000000
18.52120000,73.99221500,1.91000000
18.52120000,73.99233500,1.88000000
18.52120000,73.99245500,1.84000000
18.52120000,73.99257500,1.80000000
18.52120000,73.99269500,1.75000000
18.52120000,73.99281500,1.69000000
18.52132000,73.99137500,1.69000000
18.52132000,73.99149500,1.75000000
18.52132000,73.99161500,1.80000000
18.52132000,73.99173500,1.84000000
18.52132000,73.99185500,1.88000000
18.52132000,73.99197500,1.91000000
18.52132000,73.99209500,1.91000000
18.52132000,73.99221500,1.88000000
18.52132000,73.99233500,1.84000000
18.52132000,73.99245500,1.80000000
18.52132000,73.99257500,1.75000000
18.52132000,73.99269500,1.69000000
18.52144000,73.99137500,1.69000000
18.52144000,73.99149500,1.75000000
18.52144000,73.99161500,1.80000000
18.52144000,73.99173500,1.84000000
18.52144000,73.99185500,1.88000000
18.52144000,73.99197500,1.91000000
18.52144000,73.99209500,1.91000000
18.52144000,73.99221500,1.88000000
18.52144000,73.99233500,1.84000000
18.52144000,73.99245500,1.80000000
18.52144000,73.99257500,1.75000000
18.52144000,73.99269500,1.69000000
18.52156000,73.99137500,1.69000000
18.52156000,73.99149500,1.75000000
18.52156000,73.99161500,1.80000000
18.52156000,73.99173500,1.84000000
18.52156000,73.99185500,1.88000000
18.52156000,73.99197500,1.91000000
18.52156000,73.99209500,1.91000000
18.52156000,73.99221500,1.88000000
18.52156000,73.99233500,1.84000000
18.52156000,73.99245500,1.80000000
18.52156000,73.99257500,1.75000000
18.52156000,73.99269500,1.69000000
18.52168000,73.99137500,1.69000000
18.52168000,73.99149500,1.75000000
18.52168000,73.99161500,1.80000000
18.52168000,73.99173500,1.84000000
18.52168000,73.99185500,1.88000000
18.52168000,73.99197500,1.91000000
18.52168000,73.99209500,1.88000000
18.52168000,73.99221500,1.84000000
18.52168000,73.99233500,1.80000000
18.52168000,73.99245500,1.75000000
18.52168000,73.99257500,1.69000000
18.52180000,73.99137500,1.69000000
18.52180000,73.99149500,1.75000000
18.52180000,73.99161500,1.80000000
18.52180000,73.99173500,1.84000000
18.52180000,73.99185500,1.88000000
18.52180000,73.99197500,1.91000000
18.52180000,73.99209500,1.88000000
18.52180000,73.99221500,1.84000000
18.52180000,73.99233500,1.80000000
18.52180000,73.99245500,1.75000000
18.52180000,73.99257500,1.69000000
18.52192000,73.99125500,1.69000000
18.52192000,73.99137500,1.75000000
18.52192000,73.99149500,1.80000000
18.52192000,73.99161500,1.84000000
18.52192000,73.99173500,1.88000000
18.52192000,73.99185500,1.91000000
18.52192000,73.99197500,1.88000000
18.52192000,73.99209500,1.84000000
18.52192000,73.99221500,1.80000000
18.52192000,73.99233500,1.75000000
18.52192000,73.99245500,1.69000000
18.52204000,73.99113500,1.69000000
18.52204000,73.99125500,1.75000000
18.52204000,73.99137500,1.80000000
18.52204000,73.99149500,1.84000000
18.52204000,73.99161500,1.88000000
18.52204000,73.99173500,1.91000000
18.52204000,73.99185500,1.91000000
18.52204000,73.99197500,1.88000000
18.52204000,73.99209500,1.84000000
18.52204000,73.99221500,1.80000000
18.52204000,73.99233500,1.75000000
18.52204000,73.99245500,1.69000000
18.52216000,73.99113500,1.69000000
18.52216000,73.99125500,1.75000000
18.52216000,73.99137500,1.80000000
18.52216000,73.99149500,1.84000000
18.52216000,73.99161500,1.88000000
18.52216000,73.99173500,1.91000000
18.52216000,73.99185500,1.91000000
18.52216000,73.99197500,1.88000000
18.52216000,73.99209500,1.84000000
18.52216000,73.99221500,1.80000000
18.52216000,73.99233500,1.75000000
18.52216000,73.99245500,1.69000000
18.52228000,73.99089500,1.69000000
18.52228000,73.99101500,1.69000000
18.52228000,73.99113500,1.75000000
18.52228000,73.99125500,1.80000000
18.52228000,73.99137500,1.84000000
18.52228000,73.99149500,1.88000000
18.52228000,73.99161500,1.91000000
18.52228000,73.99173500,1.94000000
18.52228000,73.99185500,1.91000000
18.52228000,73.99197500,1.88000000
18.52228000,73.99209500,1.84000000
18.52228000,73.99221500,1.80000000
18.52228000,73.99233500,1.75000000
18.52228000,73.99245500,1.69000000
18.52240000,73.99065500,1.69000000
18.52240000,73.99077500,1.69000000
18.52240000,73.99089500,1.75000000
18.52240000,73.99101500,1.75000000
18.52240000,73.99113500,1.80000000
18.52240000,73.99125500,1.84000000
18.52240000,73.99137500,1.88000000
18.52240000,73.99149500,1.91000000
18.52240000,73.99161500,1.94000000
18.52240000,73.99173500,1.91000000
18.52240000,73.99185500,1.88000000
18.52240000,73.99197500,1.84000000
18.52240000,73.99209500,1.80000000
18.52240000,73.99221500,1.75000000
18.52240000,73.99233500,1.69000000
18.52252000,73.99053500,1.69000000
18.52252000,73.99065500,1.75000000
18.52252000,73.99077500,1.75000000
18.52252000,73.99089500,1.80000000
18.52252000,73.99101500,1.80000000
18.52252000,73.99113500,1.84000000
18.52252000,73.99125500,1.88000000
18.52252000,73.99137500,1.91000000
18.52252000,73.99149500,1.94000000
18.52252000,73.99161500,1.94000000
18.52252000,73.99173500,1.91000000
18.52252000,73.99185500,1.88000000
18.52252000,73.99197500,1.84000000
18.52252000,73.99209500,1.80000000
18.52252000,73.99221500,1.75000000
18.52252000,73.99233500,1.69000000
18.52264000,73.99053500,1.69000000
18.52264000,73.99065500,1.75000000
18.52264000,73.99077500,1.80000000
18.52264000,73.99089500,1.84000000
18.52264000,73.99101500,1.84000000
18.52264000,73.99113500,1.88000000
18.52264000,73.99125500,1.91000000
18.52264000,73.99137500,1.94000000
18.52264000,73.99149500,1.94000000
18.52264000,73.99161500,1.91000000
18.52264000,73.99173500,1.88000000
18.52264000,73.99185500,1.84000000
18.52264000,73.99197500,1.80000000
18.52264000,73.99209500,1.75000000
18.52264000,73.99221500,1.69000000
18.52276000,73.99041500,1.69000000
18.52276000,73.99053500,1.75000000
18.52276000,73.99065500,1.80000000
18.52276000,73.99077500,1.84000000
18.52276000,73.99089500,1.88000000
18.52276000,73.99101500,1.88000000
18.52276000,73.99113500,1.91000000
18.52276000,73.99125500,1.94000000
18.52276000,73.99137500,1.94000000
18.52276000,73.99149500,1.91000000
18.52276000,73.99161500,1.88000000
18.52276000,73.99173500,1.84000000
18.52276000,73.99185500,1.80000000
18.52276000,73.99197500,1.75000000
18.52276000,73.99209500,1.69000000
18.52288000,73.99041500,1.69000000
18.52288000,73.99053500,1.75000000
18.52288000,73.99065500,1.80000000
18.52288000,73.99077500,1.84000000
18.52288000,73.99089500,1.88000000
18.52288000,73.99101500,1.91000000
18.52288000,73.99113500,1.94000000
18.52288000,73.99125500,1.94000000
18.52288000,73.99137500,1.91000000
18.52288000,73.99149500,1.88000000
18.52288000,73.99161500,1.84000000
18.52288000,73.99173500,1.80000000
18.52288000,73.99185500,1.75000000
18.52288000,73.99197500,1.69000000
18.52300000,73.99041500,1.69000000
18.52300000,73.99053500,1.75000000
18.52300000,73.99065500,1.80000000
18.52300000,73.99077500,1.84000000
18.52300000,73.99089500,1.88000000
18.52300000,73.99101500,1.91000000
18.52300000,73.99113500,1.94000000
18.52300000,73.99125500,1.91000000
18.52300000,73.99137500,1.88000000
18.52300000,73.99149500,1.84000000
18.52300000,73.99161500,1.80000000
18.52300000,73.99173500,1.75000000
18.52300000,73.99185500,1.69000000
18.52312000,73.99029500,1.69000000
18.52312000,73.99041500,1.75000000
18.52312000,73.99053500,1.80000000
18.52312000,73.99065500,1.84000000
18.52312000,73.99077500,1.88000000
18.52312000,73.99089500,1.91000000
18.52312000,73.99101500,1.94000000
18.52312000,73.99113500,1.94000000
18.52312000,73.99125500,1.91000000
18.52312000,73.99137500,1.88000000
18.52312000,73.99149500,1.84000000
18.52312000,73.99161500,1.80000000
18.52312000,73.99173500,1.75000000
18.52312000,73.99185500,1.69000000
18.52324000,73.99029500,1.69000000
18.52324000,73.99041500,1.75000000
18.52324000,73.99053500,1.80000000
18.52324000,73.99065500,1.84000000
18.52324000,73.99077500,1.88000000
18.52324000,73.99089500,1.91000000
18.52324000,73.99101500,1.94000000
18.52324000,73.99113500,1.91000000
18.52324000,73.99125500,1.88000000
18.52324000,73.99137500,1.84000000
18.52324000,73.99149500,1.80000000
18.52324000,73.99161500,1.75000000
18.52324000,73.99173500,1.69000000
18.52336000,73.98981500,1.69000000
18.52336000,73.98993500,1.69000000
18.52336000,73.99005500,1.69000000
18.52336000,73.99017500,1.69000000
18.52336000,73.99029500,1.75000000
18.52336000,73.99041500,1.80000000
18.52336000,73.99053500,1.84000000
18.52336000,73.99065500,1.88000000
18.52336000,73.99077500,1.91000000
18.52336000,73.99089500,1.94000000
18.52336000,73.99101500,1.91000000
18.52336000,73.99113500,1.88000000
18.52336000,73.99125500,1.84000000
18.52336000,73.99137500,1.80000000
18.52336000,73.99149500,1.75000000
18.52336000,73.99161500,1.69000000
18.52348000,73.98969500,1.69000000
18.52348000,73.98981500,1.75000000
18.52348000,73.98993500,1.75000000
18.52348000,73.99005500,1.75000000
18.52348000,73.99017500,1.75000000
18.52348000,73.99029500,1.80000000
18.52348000,73.99041500,1.84000000
18.52348000,73.99053500,1.88000000
18.52348000,73.99065500,1.91000000
18.52348000,73.99077500,1.94000000
18.52348000,73.99089500,1.91000000
18.52348000,73.99101500,1.88000000
18.52348000,73.99113500,1.84000000
18.52348000,73.99125500,1.80000000
18.52348000,73.99137500,1.75000000
18.52348000,73.99149500,1.69000000
18.52360000,73.98957500,1.69000000
18.52360000,73.98969500,1.75000000
18.52360000,73.98981500,1.80000000
18.52360000,73.98993500,1.80000000
18.52360000,73.99005500,1.80000000
18.52360000,73.99017500,1.80000000
18.52360000,73.99029500,1.84000000
18.52360000,73.99041500,1.88000000
18.52360000,73.99053500,1.91000000
18.52360000,73.99065500,1.94000000
18.52360000,73.99077500,1.91000000
18.52360000,73.99089500,1.88000000
18.52360000,73.99101500,1.84000000
18.52360000,73.99113500,1.80000000
18.52360000,73.99125500,1.75000000
18.52360000,73.99137500,1.69000000
18.52372000,73.98957500,1.69000000
18.52372000,73.98969500,1.75000000
18.52372000,73.98981500,1.80000000
18.52372000,73.98993500,1.84000000
18.52372000,73.99005500,1.84000000
18.52372000,73.99017500,1.84000000
18.52372000,73.99029500,1.88000000
18.52372000,73.99041500,1.91000000
18.52372000,73.99053500,1.94000000
18.52372000,73.99065500,1.91000000
18.52372000,73.99077500,1.88000000
18.52372000,73.99089500,1.84000000
18.52372000,73.99101500,1.80000000
18.52372000,73.99113500,1.75000000
18.52372000,73.99125500,1.75000000
18.52372000,73.99137500,1.69000000
18.52384000,73.98957500,1.69000000
18.52384000,73.98969500,1.75000000
18.52384000,73.98981500,1.80000000
18.52384000,73.98993500,1.84000000
18.52384000,73.99005500,1.88000000
18.52384000,73.99017500,1.88000000
18.52384000,73.99029500,1.91000000
18.52384000,73.99041500,1.94000000
18.52384000,73.99053500,1.91000000
18.52384000,73.99065500,1.88000000
18.52384000,73.99077500,1.84000000
18.52384000,73.99089500,1.80000000
18.52384000,73.99101500,1.75000000
18.52384000,73.99113500,1.69000000
18.52384000,73.99125500,1.69000000
18.52396000,73.98921500,1.69000000
18.52396000,73.98933500,1.69000000
18.52396000,73.98957500,1.69000000
18.52396000,73.98969500,1.75000000
18.52396000,73.98981500,1.80000000
18.52396000,73.98993500,1.84000000
18.52396000,73.99005500,1.88000000
18.52396000,73.99017500,1.91000000
18.52396000,73.99029500,1.94000000
18.52396000,73.99041500,1.91000000
18.52396000,73.99053500,1.88000000
18.52396000,73.99065500,1.84000000
18.52396000,73.99077500,1.80000000
18.52396000,73.99089500,1.75000000
18.52396000,73.99101500,1.69000000
18.52408000,73.98909500,1.69000000
18.52408000,73.98921500,1.75000000
18.52408000,73.98933500,1.75000000
18.52408000,73.98945500,1.69000000
18.52408000,73.98957500,1.75000000
18.52408000,73.98969500,1.80000000
18.52408000,73.98981500,1.84000000
18.52408000,73.98993500,1.88000000
18.52408000,73.99005500,1.91000000
18.52408000,73.99017500,1.94000000
18.52408000,73.99029500,1.91000000
18.52408000,73.99041500,1.88000000
18.52408000,73.99053500,1.84000000
18.52408000,73.99065500,1.80000000
18.52408000,73.99077500,1.80000000
18.52408000,73.99089500,1.75000000
18.52408000,73.99101500,1.69000000
18.52420000,73.98909500,1.69000000
18.52420000,73.98921500,1.75000000
18.52420000,73.98933500,1.80000000
18.52420000,73.98945500,1.75000000
18.52420000,73.98957500,1.80000000
18.52420000,73.98969500,1.84000000
18.52420000,73.98981500,1.88000000
18.52420000,73.98993500,1.91000000
18.52420000,73.99005500,1.94000000
18.52420000,73.99017500,1.91000000
18.52420000,73.99029500,1.88000000
18.52420000,73.99041500,1.84000000
18.52420000,73.99053500,1.80000000
18.52420000,73.99065500,1.75000000
18.52420000,73.99077500,1.75000000
18.52420000,73.99089500,1.69000000
18.52432000,73.98849500,1.69000000
18.52432000,73.98909500,1.69000000
18.52432000,73.98921500,1.75000000
18.52432000,73.98933500,1.80000000
18.52432000,73.98945500,1.80000000
18.52432000,73.98957500,1.84000000
18.52432000,73.98969500,1.88000000
18.52432000,73.98981500,1.91000000
18.52432000,73.98993500,1.94000000
18.52432000,73.99005500,1.91000000
18.52432000,73.99017500,1.88000000
18.52432000,73.99029500,1.84000000
18.52432000,73.99041500,1.80000000
18.52432000,73.99053500,1.75000000
18.52432000,73.99065500,1.69000000
18.52432000,73.99077500,1.69000000
18.52444000,73.98825500,1.69000000
18.52444000,73.98837500,1.69000000
18.52444000,73.98849500,1.75000000
18.52444000,73.98861500,1.69000000
18.52444000,73.98873500,1.69000000
18.52444000,73.98921500,1.69000000
18.52444000,73.98933500,1.75000000
18.52444000,73.98945500,1.80000000
18.52444000,73.98957500,1.84000000
18.52444000,73.98969500,1.88000000
18.52444000,73.98981500,1.88000000
18.52444000,73.98993500,1.91000000
18.52444000,73.99005500,1.88000000
18.52444000,73.99017500,1.84000000
18.52444000,73.99029500,1.80000000
18.52444000,73.99041500,1.75000000
18.52444000,73.99053500,1.69000000
18.52456000,73.98825500,1.69000000
18.52456000,73.98837500,1.75000000
18.52456000,73.98849500,1.80000000
18.52456000,73.98861500,1.75000000
18.52456000,73.98873500,1.69000000
18.52456000,73.98921500,1.69000000
18.52456000,73.98933500,1.69000000
18.52456000,73.98945500,1.75000000
18.52456000,73.98957500,1.80000000
18.52456000,73.98969500,1.84000000
18.52456000,73.98981500,1.84000000
18.52456000,73.98993500,1.88000000
18.52456000,73.99005500,1.88000000
18.52456000,73.99017500,1.84000000
18.52456000,73.99029500,1.80000000
18.52456000,73.99041500,1.75000000
18.52456000,73.99053500,1.69000000
18.52468000,73.98801500,1.69000000
18.52468000,73.98813500,1.69000000
18.52468000,73.98825500,1.75000000
18.52468000,73.98837500,1.80000000
18.52468000,73.98849500,1.84000000
18.52468000,73.98861500,1.80000000
18.52468000,73.98873500,1.75000000
18.52468000,73.98885500,1.69000000
18.52468000,73.98945500,1.69000000
18.52468000,73.98957500,1.75000000
18.52468000,73.98969500,1.80000000
18.52468000,73.98981500,1.80000000
18.52468000,73.98993500,1.84000000
18.52468000,73.99005500,1.84000000
18.52468000,73.99017500,1.80000000
18.52468000,73.99029500,1.75000000
18.52468000,73.99041500,1.69000000
18.52480000,73.98777500,1.69000000
18.52480000,73.98789500,1.69000000
18.52480000,73.98801500,1.75000000
18.52480000,73.98813500,1.75000000
18.52480000,73.98825500,1.80000000
18.52480000,73.98837500,1.84000000
18.52480000,73.98849500,1.88000000
18.52480000,73.98861500,1.84000000
18.52480000,73.98873500,1.80000000
18.52480000,73.98885500,1.75000000
18.52480000,73.98897500,1.69000000
18.52480000,73.98957500,1.69000000
18.52480000,73.98969500,1.75000000
18.52480000,73.98981500,1.75000000
18.52480000,73.98993500,1.80000000
18.52480000,73.99005500,1.80000000
18.52480000,73.99017500,1.75000000
18.52480000,73.99029500,1.69000000
18.52492000,73.98765500,1.69000000
18.52492000,73.98777500,1.75000000
18.52492000,73.98789500,1.75000000
18.52492000,73.98801500,1.80000000
18.52492000,73.98813500,1.80000000
18.52492000,73.98825500,1.84000000
18.52492000,73.98837500,1.88000000
18.52492000,73.98849500,1.91000000
18.52492000,73.98861500,1.88000000
18.52492000,73.98873500,1.84000000
18.52492000,73.98885500,1.80000000
18.52492000,73.98897500,1.75000000
18.52492000,73.98909500,1.69000000
18.52492000,73.98969500,1.69000000
18.52492000,73.98981500,1.69000000
18.52492000,73.98993500,1.75000000
18.52492000,73.99005500,1.75000000
18.52492000,73.99017500,1.69000000
18.52504000,73.98741500,1.69000000
18.52504000,73.98753500,1.69000000
18.52504000,73.98765500,1.75000000
18.52504000,73.98777500,1.80000000
18.52504000,73.98789500,1.80000000
18.52504000,73.98801500,1.84000000
18.52504000,73.98813500,1.84000000
18.52504000,73.98825500,1.88000000
18.52504000,73.98837500,1.91000000
18.52504000,73.98849500,1.91000000
18.52504000,73.98861500,1.88000000
18.52504000,73.98873500,1.84000000
18.52504000,73.98885500,1.80000000
18.52504000,73.98897500,1.75000000
18.52504000,73.98909500,1.69000000
18.52504000,73.98993500,1.69000000
18.52504000,73.99005500,1.69000000
18.52516000,73.98717500,1.69000000
18.52516000,73.98729500,1.69000000
18.52516000,73.98741500,1.75000000
18.52516000,73.98753500,1.75000000
18.52516000,73.98765500,1.80000000
18.52516000,73.98777500,1.84000000
18.52516000,73.98789500,1.84000000
18.52516000,73.98801500,1.88000000
18.52516000,73.98813500,1.88000000
18.52516000,73.98825500,1.91000000
18.52516000,73.98837500,1.94000000
18.52516000,73.98849500,1.94000000
18.52516000,73.98861500,1.91000000
18.52516000,73.98873500,1.88000000
18.52516000,73.98885500,1.84000000
18.52516000,73.98897500,1.80000000
18.52516000,73.98909500,1.75000000
18.52516000,73.98921500,1.69000000
18.52528000,73.98693500,1.69000000
18.52528000,73.98705500,1.69000000
18.52528000,73.98717500,1.75000000
18.52528000,73.98729500,1.75000000
18.52528000,73.98741500,1.80000000
18.52528000,73.98753500,1.80000000
18.52528000,73.98765500,1.84000000
18.52528000,73.98777500,1.88000000
18.52528000,73.98789500,1.88000000
18.52528000,73.98801500,1.91000000
18.52528000,73.98813500,1.91000000
18.52528000,73.98825500,1.94000000
18.52528000,73.98837500,1.97000000
18.52528000,73.98849500,1.94000000
18.52528000,73.98861500,1.91000000
18.52528000,73.98873500,1.88000000
18.52528000,73.98885500,1.84000000
18.52528000,73.98897500,1.80000000
18.52528000,73.98909500,1.75000000
18.52528000,73.98921500,1.69000000
18.52540000,73.98669500,1.69000000
18.52540000,73.98681500,1.69000000
18.52540000,73.98693500,1.75000000
18.52540000,73.98705500,1.75000000
18.52540000,73.98717500,1.80000000
18.52540000,73.98729500,1.80000000
18.52540000,73.98741500,1.84000000
18.52540000,73.98753500,1.84000000
18.52540000,73.98765500,1.88000000
18.52540000,73.98777500,1.91000000
18.52540000,73.98789500,1.91000000
18.52540000,73.98801500,1.94000000
18.52540000,73.98813500,1.94000000
18.52540000,73.98825500,1.94000000
18.52540000,73.98837500,1.94000000
18.52540000,73.98849500,1.91000000
18.52540000,73.98861500,1.91000000
18.52540000,73.98873500,1.88000000
18.52540000,73.98885500,1.84000000
18.52540000,73.98897500,1.84000000
18.52540000,73.98909500,1.80000000
18.52540000,73.98921500,1.75000000
18.52540000,73.98933500,1.69000000
18.52552000,73.98657500,1.69000000
18.52552000,73.98669500,1.75000000
18.52552000,73.98681500,1.75000000
18.52552000,73.98693500,1.80000000
18.52552000,73.98705500,1.80000000
18.52552000,73.98717500,1.84000000
18.52552000,73.98729500,1.84000000
18.52552000,73.98741500,1.88000000
18.52552000,73.98753500,1.88000000
18.52552000,73.98765500,1.91000000
18.52552000,73.98777500,1.94000000
18.52552000,73.98789500,1.94000000
18.52552000,73.98801500,1.97000000
18.52552000,73.98813500,1.94000000
18.52552000,73.98825500,1.91000000
18.52552000,73.98837500,1.91000000
18.52552000,73.98849500,1.88000000
18.52552000,73.98861500,1.88000000
18.52552000,73.98873500,1.84000000
18.52552000,73.98885500,1.80000000
18.52552000,73.98897500,1.80000000
18.52552000,73.98909500,1.75000000
18.52552000,73.98921500,1.69000000
18.52564000,73.98645500,1.69000000
18.52564000,73.98657500,1.75000000
18.52564000,73.98669500,1.80000000
18.52564000,73.98681500,1.80000000
18.52564000,73.98693500,1.84000000
18.52564000,73.98705500,1.84000000
18.52564000,73.98717500,1.88000000
18.52564000,73.98729500,1.88000000
18.52564000,73.98741500,1.91000000
18.52564000,73.98753500,1.91000000
18.52564000,73.98765500,1.94000000
18.52564000,73.98777500,1.97000000
18.52564000,73.98789500,1.94000000
18.52564000,73.98801500,1.94000000
18.52564000,73.98813500,1.91000000
18.52564000,73.98825500,1.88000000
18.52564000,73.98837500,1.88000000
18.52564000,73.98849500,1.84000000
18.52564000,73.98861500,1.84000000
18.52564000,73.98873500,1.80000000
18.52564000,73.98885500,1.75000000
18.52564000,73.98897500,1.75000000
18.52564000,73.98909500,1.69000000
18.52564000,73.98921500,1.69000000
18.52576000,73.98621500,1.69000000
18.52576000,73.98633500,1.69000000
18.52576000,73.98645500,1.75000000
18.52576000,73.98657500,1.80000000
18.52576000,73.98669500,1.84000000
18.52576000,73.98681500,1.84000000
18.52576000,73.98693500,1.88000000
18.52576000,73.98705500,1.88000000
18.52576000,73.98717500,1.91000000
18.52576000,73.98729500,1.91000000
18.52576000,73.98741500,1.94000000
18.52576000,73.98753500,1.94000000
18.52576000,73.98765500,1.97000000
18.52576000,73.98777500,1.94000000
18.52576000,73.98789500,1.91000000
18.52576000,73.98801500,1.91000000
18.52576000,73.98813500,1.88000000
18.52576000,73.98825500,1.84000000
18.52576000,73.98837500,1.84000000
18.52576000,73.98849500,1.80000000
18.52576000,73.98861500,1.80000000
18.52576000,73.98873500,1.75000000
18.52576000,73.98885500,1.69000000
18.52576000,73.98897500,1.69000000
18.52588000,73.98597500,1.69000000
18.52588000,73.98609500,1.69000000
18.52588000,73.98621500,1.75000000
18.52588000,73.98633500,1.75000000
18.52588000,73.98645500,1.80000000
18.52588000,73.98657500,1.84000000
18.52588000,73.98669500,1.88000000
18.52588000,73.98681500,1.88000000
18.52588000,73.98693500,1.91000000
18.52588000,73.98705500,1.91000000
18.52588000,73.98717500,1.94000000
18.52588000,73.98729500,1.94000000
18.52588000,73.98741500,1.97000000
18.52588000,73.98753500,1.94000000
18.52588000,73.98765500,1.94000000
18.52588000,73.98777500,1.91000000
18.52588000,73.98789500,1.88000000
18.52588000,73.98801500,1.88000000
18.52588000,73.98813500,1.84000000
18.52588000,73.98825500,1.80000000
18.52588000,73.98837500,1.80000000
18.52588000,73.98849500,1.75000000
18.52588000,73.98861500,1.75000000
18.52588000,73.98873500,1.69000000
18.52600000,73.98597500,1.69000000
18.52600000,73.98609500,1.75000000
18.52600000,73.98621500,1.80000000
18.52600000,73.98633500,1.80000000
18.52600000,73.98645500,1.84000000
18.52600000,73.98657500,1.88000000
18.52600000,73.98669500,1.91000000
18.52600000,73.98681500,1.91000000
18.52600000,73.98693500,1.94000000
18.52600000,73.98705500,1.94000000
18.52600000,73.98717500,1.97000000
18.52600000,73.98729500,1.94000000
18.52600000,73.98741500,1.94000000
18.52600000,73.98753500,1.91000000
18.52600000,73.98765500,1.91000000
18.52600000,73.98777500,1.88000000
18.52600000,73.98789500,1.84000000
18.52600000,73.98801500,1.84000000
18.52600000,73.98813500,1.80000000
18.52600000,73.98825500,1.75000000
18.52600000,73.98837500,1.75000000
18.52600000,73.98849500,1.69000000
18.52600000,73.98861500,1.69000000
18.52612000,73.98585500,1.69000000
18.52612000,73.98597500,1.75000000
18.52612000,73.98609500,1.80000000
18.52612000,73.98621500,1.84000000
18.52612000,73.98633500,1.84000000
18.52612000,73.98645500,1.88000000
18.52612000,73.98657500,1.91000000
18.52612000,73.98669500,1.94000000
18.52612000,73.98681500,1.94000000
18.52612000,73.98693500,1.94000000
18.52612000,73.98705500,1.94000000
18.52612000,73.98717500,1.94000000
18.52612000,73.98729500,1.91000000
18.52612000,73.98741500,1.91000000
18.52612000,73.98753500,1.88000000
18.52612000,73.98765500,1.88000000
18.52612000,73.98777500,1.84000000
18.52612000,73.98789500,1.80000000
18.52612000,73.98801500,1.80000000
18.52612000,73.98813500,1.75000000
18.52612000,73.98825500,1.69000000
18.52612000,73.98837500,1.69000000
18.52624000,73.98561500,1.69000000
18.52624000,73.98573500,1.69000000
18.52624000,73.98585500,1.75000000
18.52624000,73.98597500,1.80000000
18.52624000,73.98609500,1.84000000
18.52624000,73.98621500,1.88000000
18.52624000,73.98633500,1.88000000
18.52624000,73.98645500,1.91000000
18.52624000,73.98657500,1.94000000
18.52624000,73.98669500,1.97000000
18.52624000,73.98681500,1.94000000
18.52624000,73.98693500,1.91000000
18.52624000,73.98705500,1.91000000
18.52624000,73.98717500,1.91000000
18.52624000,73.98729500,1.88000000
18.52624000,73.98741500,1.88000000
18.52624000,73.98753500,1.84000000
18.52624000,73.98765500,1.84000000
18.52624000,73.98777500,1.80000000
18.52624000,73.98789500,1.75000000
18.52624000,73.98801500,1.75000000
18.52624000,73.98813500,1.69000000
18.52636000,73.98549500,1.69000000
18.52636000,73.98561500,1.75000000
18.52636000,73.98573500,1.75000000
18.52636000,73.98585500,1.80000000
18.52636000,73.98597500,1.84000000
18.52636000,73.98609500,1.88000000
18.52636000,73.98621500,1.91000000
18.52636000,73.98633500,1.91000000
18.52636000,73.98645500,1.94000000
18.52636000,73.98657500,1.94000000
18.52636000,73.98669500,1.94000000
18.52636000,73.98681500,1.91000000
18.52636000,73.98693500,1.88000000
18.52636000,73.98705500,1.88000000
18.52636000,73.98717500,1.88000000
18.52636000,73.98729500,1.84000000
18.52636000,73.98741500,1.84000000
18.52636000,73.98753500,1.80000000
18.52636000,73.98765500,1.80000000
18.52636000,73.98777500,1.75000000
18.52636000,73.98789500,1.69000000
18.52636000,73.98801500,1.69000000
18.52648000,73.98525500,1.69000000
18.52648000,73.98537500,1.69000000
18.52648000,73.98549500,1.75000000
18.52648000,73.98561500,1.80000000
18.52648000,73.98573500,1.80000000
18.52648000,73.98585500,1.84000000
18.52648000,73.98597500,1.88000000
18.52648000,73.98609500,1.91000000
18.52648000,73.98621500,1.94000000
18.52648000,73.98633500,1.91000000
18.52648000,73.98645500,1.91000000
18.52648000,73.98657500,1.91000000
18.52648000,73.98669500,1.91000000
18.52648000,73.98681500,1.88000000
18.52648000,73.98693500,1.84000000
18.52648000,73.98705500,1.84000000
18.52648000,73.98717500,1.84000000
18.52648000,73.98729500,1.80000000
18.52648000,73.98741500,1.80000000
18.52648000,73.98753500,1.75000000
18.52648000,73.98765500,1.75000000
18.52648000,73.98777500,1.69000000
18.52660000,73.98501500,1.69000000
18.52660000,73.98513500,1.69000000
18.52660000,73.98525500,1.75000000
18.52660000,73.98537500,1.75000000
18.52660000,73.98549500,1.80000000
18.52660000,73.98561500,1.84000000
18.52660000,73.98573500,1.84000000
18.52660000,73.98585500,1.88000000
18.52660000,73.98597500,1.91000000
18.52660000,73.98609500,1.91000000
18.52660000,73.98621500,1.91000000
18.52660000,73.98633500,1.88000000
18.52660000,73.98645500,1.88000000
18.52660000,73.98657500,1.88000000
18.52660000,73.98669500,1.88000000
18.52660000,73.98681500,1.84000000
18.52660000,73.98693500,1.80000000
18.52660000,73.98705500,1.80000000
18.52660000,73.98717500,1.80000000
18.52660000,73.98729500,1.75000000
18.52660000,73.98741500,1.75000000
18.52660000,73.98753500,1.69000000
18.52660000,73.98765500,1.69000000
18.52672000,73.98489500,1.69000000
18.52672000,73.98501500,1.75000000
18.52672000,73.98513500,1.75000000
18.52672000,73.98525500,1.80000000
18.52672000,73.98537500,1.80000000
18.52672000,73.98549500,1.84000000
18.52672000,73.98561500,1.88000000
18.52672000,73.98573500,1.88000000
18.52672000,73.98585500,1.91000000
18.52672000,73.98597500,1.91000000
18.52672000,73.98609500,1.88000000
18.52672000,73.98621500,1.88000000
18.52672000,73.98633500,1.84000000
18.52672000,73.98645500,1.84000000
18.52672000,73.98657500,1.84000000
18.52672000,73.98669500,1.84000000
18.52672000,73.98681500,1.80000000
18.52672000,73.98693500,1.75000000
18.52672000,73.98705500,1.75000000
18.52672000,73.98717500,1.75000000
18.52672000,73.98729500,1.69000000
18.52672000,73.98741500,1.69000000
18.52684000,73.98441500,1.69000000
18.52684000,73.98453500,1.69000000
18.52684000,73.98465500,1.69000000
18.52684000,73.98477500,1.69000000
18.52684000,73.98489500,1.75000000
18.52684000,73.98501500,1.80000000
18.52684000,73.98513500,1.80000000
18.52684000,73.98525500,1.84000000
18.52684000,73.98537500,1.84000000
18.52684000,73.98549500,1.88000000
18.52684000,73.98561500,1.91000000
18.52684000,73.98573500,1.88000000
18.52684000,73.98585500,1.88000000
18.52684000,73.98597500,1.88000000
18.52684000,73.98609500,1.84000000
18.52684000,73.98621500,1.84000000
18.52684000,73.98633500,1.80000000
18.52684000,73.98645500,1.80000000
18.52684000,73.98657500,1.80000000
18.52684000,73.98669500,1.80000000
18.52684000,73.98681500,1.75000000
18.52684000,73.98693500,1.69000000
18.52684000,73.98705500,1.69000000
18.52684000,73.98717500,1.69000000
18.52696000,73.98417500,1.69000000
18.52696000,73.98429500,1.69000000
18.52696000,73.98441500,1.75000000
18.52696000,73.98453500,1.75000000
18.52696000,73.98465500,1.75000000
18.52696000,73.98477500,1.75000000
18.52696000,73.98489500,1.80000000
18.52696000,73.98501500,1.84000000
18.52696000,73.98513500,1.84000000
18.52696000,73.98525500,1.88000000
18.52696000,73.98537500,1.88000000
18.52696000,73.98549500,1.91000000
18.52696000,73.98561500,1.88000000
18.52696000,73.98573500,1.84000000
18.52696000,73.98585500,1.84000000
18.52696000,73.98597500,1.84000000
18.52696000,73.98609500,1.80000000
18.52696000,73.98621500,1.80000000
18.52696000,73.98633500,1.75000000
18.52696000,73.98645500,1.75000000
18.52696000,73.98657500,1.75000000
18.52696000,73.98669500,1.75000000
18.52696000,73.98681500,1.69000000
18.52708000,73.98405500,1.69000000
18.52708000,73.98417500,1.75000000
18.52708000,73.98429500,1.75000000
18.52708000,73.98441500,1.80000000
18.52708000,73.98453500,1.80000000
18.52708000,73.98465500,1.80000000
18.52708000,73.98477500,1.80000000
18.52708000,73.98489500,1.84000000
18.52708000,73.98501500,1.88000000
18.52708000,73.98513500,1.88000000
18.52708000,73.98525500,1.91000000
18.52708000,73.98537500,1.88000000
18.52708000,73.98549500,1.88000000
18.52708000,73.98561500,1.84000000
18.52708000,73.98573500,1.80000000
18.52708000,73.98585500,1.80000000
18.52708000,73.98597500,1.80000000
18.52708000,73.98609500,1.75000000
18.52708000,73.98621500,1.75000000
18.52708000,73.98633500,1.69000000
18.52708000,73.98645500,1.69000000
18.52708000,73.98657500,1.69000000
18.52708000,73.98669500,1.69000000
18.52720000,73.98381500,1.69000000
18.52720000,73.98393500,1.69000000
18.52720000,73.98405500,1.75000000
18.52720000,73.98417500,1.80000000
18.52720000,73.98429500,1.80000000
18.52720000,73.98441500,1.84000000
18.52720000,73.98453500,1.84000000
18.52720000,73.98465500,1.84000000
18.52720000,73.98477500,1.84000000
18.52720000,73.98489500,1.88000000
18.52720000,73.98501500,1.91000000
18.52720000,73.98513500,1.88000000
18.52720000,73.98525500,1.88000000
18.52720000,73.98537500,1.84000000
18.52720000,73.98549500,1.84000000
18.52720000,73.98561500,1.80000000
18.52720000,73.98573500,1.75000000
18.52720000,73.98585500,1.75000000
18.52720000,73.98597500,1.75000000
18.52720000,73.98609500,1.69000000
18.52720000,73.98621500,1.69000000
18.52732000,73.98369500,1.69000000
18.52732000,73.98381500,1.75000000
18.52732000,73.98393500,1.75000000
18.52732000,73.98405500,1.80000000
18.52732000,73.98417500,1.84000000
18.52732000,73.98429500,1.84000000
18.52732000,73.98441500,1.88000000
18.52732000,73.98453500,1.88000000
18.52732000,73.98465500,1.88000000
18.52732000,73.98477500,1.88000000
18.52732000,73.98489500,1.91000000
18.52732000,73.98501500,1.88000000
18.52732000,73.98513500,1.84000000
18.52732000,73.98525500,1.84000000
18.52732000,73.98537500,1.80000000
18.52732000,73.98549500,1.80000000
18.52732000,73.98561500,1.75000000
18.52732000,73.98573500,1.69000000
18.52732000,73.98585500,1.69000000
18.52732000,73.98597500,1.69000000
18.52744000,73.98357500,1.69000000
18.52744000,73.98369500,1.75000000
18.52744000,73.98381500,1.80000000
18.52744000,73.98393500,1.80000000
18.52744000,73.98405500,1.84000000
18.52744000,73.98417500,1.88000000
18.52744000,73.98429500,1.88000000
18.52744000,73.98441500,1.91000000
18.52744000,73.98453500,1.91000000
18.52744000,73.98465500,1.91000000
18.52744000,73.98477500,1.91000000
18.52744000,73.98489500,1.88000000
18.52744000,73.98501500,1.84000000
18.52744000,73.98513500,1.80000000
18.52744000,73.98525500,1.80000000
18.52744000,73.98537500,1.75000000
18.52744000,73.98549500,1.75000000
18.52744000,73.98561500,1.69000000
18.52756000,73.98309500,1.69000000
18.52756000,73.98321500,1.69000000
18.52756000,73.98333500,1.69000000
18.52756000,73.98345500,1.69000000
18.52756000,73.98357500,1.75000000
18.52756000,73.98369500,1.80000000
18.52756000,73.98381500,1.84000000
18.52756000,73.98393500,1.84000000
18.52756000,73.98405500,1.88000000
18.52756000,73.98417500,1.91000000
18.52756000,73.98429500,1.91000000
18.52756000,73.98441500,1.91000000
18.52756000,73.98453500,1.91000000
18.52756000,73.98465500,1.88000000
18.52756000,73.98477500,1.88000000
18.52756000,73.98489500,1.84000000
18.52756000,73.98501500,1.80000000
18.52756000,73.98513500,1.75000000
18.52756000,73.98525500,1.75000000
18.52756000,73.98537500,1.69000000
18.52756000,73.98549500,1.69000000
18.52768000,73.98285500,1.69000000
18.52768000,73.98297500,1.69000000
18.52768000,73.98309500,1.75000000
18.52768000,73.98321500,1.75000000
18.52768000,73.98333500,1.75000000
18.52768000,73.98345500,1.75000000
18.52768000,73.98357500,1.80000000
18.52768000,73.98369500,1.84000000
18.52768000,73.98381500,1.88000000
18.52768000,73.98393500,1.88000000
18.52768000,73.98405500,1.91000000
18.52768000,73.98417500,1.88000000
18.52768000,73.98429500,1.88000000
18.52768000,73.98441500,1.88000000
18.52768000,73.98453500,1.88000000
18.52768000,73.98465500,1.84000000
18.52768000,73.98477500,1.84000000
18.52768000,73.98489500,1.80000000
18.52768000,73.98501500,1.75000000
18.52768000,73.98513500,1.69000000
18.52768000,73.98525500,1.69000000
18.52780000,73.98273500,1.69000000
18.52780000,73.98285500,1.75000000
18.52780000,73.98297500,1.75000000
18.52780000,73.98309500,1.80000000
18.52780000,73.98321500,1.80000000
18.52780000,73.98333500,1.80000000
18.52780000,73.98345500,1.80000000
18.52780000,73.98357500,1.84000000
18.52780000,73.98369500,1.88000000
18.52780000,73.98381500,1.91000000
18.52780000,73.98393500,1.91000000
18.52780000,73.98405500,1.88000000
18.52780000,73.98417500,1.84000000
18.52780000,73.98429500,1.84000000
18.52780000,73.98441500,1.84000000
18.52780000,73.98453500,1.84000000
18.52780000,73.98465500,1.80000000
18.52780000,73.98477500,1.80000000
18.52780000,73.98489500,1.75000000
18.52780000,73.98501500,1.69000000
18.52792000,73.98249500,1.69000000
18.52792000,73.98261500,1.69000000
18.52792000,73.98273500,1.75000000
18.52792000,73.98285500,1.80000000
18.52792000,73.98297500,1.80000000
18.52792000,73.98309500,1.84000000
18.52792000,73.98321500,1.84000000
18.52792000,73.98333500,1.84000000
18.52792000,73.98345500,1.84000000
18.52792000,73.98357500,1.88000000
18.52792000,73.98369500,1.91000000
18.52792000,73.98381500,1.91000000
18.52792000,73.98393500,1.88000000
18.52792000,73.98405500,1.84000000
18.52792000,73.98417500,1.80000000
18.52792000,73.98429500,1.80000000
18.52792000,73.98441500,1.80000000
18.52792000,73.98453500,1.80000000
18.52792000,73.98465500,1.75000000
18.52792000,73.98477500,1.75000000
18.52792000,73.98489500,1.69000000
18.52804000,73.98225500,1.69000000
18.52804000,73.98237500,1.69000000
18.52804000,73.98249500,1.75000000
18.52804000,73.98261500,1.75000000
18.52804000,73.98273500,1.80000000
18.52804000,73.98285500,1.84000000
18.52804000,73.98297500,1.84000000
18.52804000,73.98309500,1.88000000
18.52804000,73.98321500,1.88000000
18.52804000,73.98333500,1.88000000
18.52804000,73.98345500,1.88000000
18.52804000,73.98357500,1.91000000
18.52804000,73.98369500,1.88000000
18.52804000,73.98381500,1.88000000
18.52804000,73.98393500,1.84000000
18.52804000,73.98405500,1.80000000
18.52804000,73.98417500,1.75000000
18.52804000,73.98429500,1.75000000
18.52804000,73.98441500,1.75000000
18.52804000,73.98453500,1.75000000
18.52804000,73.98465500,1.69000000
18.52804000,73.98477500,1.69000000
18.52816000,73.98213500,1.69000000
18.52816000,73.98225500,1.75000000
18.52816000,73.98237500,1.75000000
18.52816000,73.98249500,1.80000000
18.52816000,73.98261500,1.80000000
18.52816000,73.98273500,1.84000000
18.52816000,73.98285500,1.88000000
18.52816000,73.98297500,1.88000000
18.52816000,73.98309500,1.91000000
18.52816000,73.98321500,1.91000000
18.52816000,73.98333500,1.88000000
18.52816000,73.98345500,1.88000000
18.52816000,73.98357500,1.88000000
18.52816000,73.98369500,1.84000000
18.52816000,73.98381500,1.84000000
18.52816000,73.98393500,1.80000000
18.52816000,73.98405500,1.75000000
18.52816000,73.98417500,1.69000000
18.52816000,73.98429500,1.69000000
18.52816000,73.98441500,1.69000000
18.52816000,73.98453500,1.69000000
18.52828000,73.98189500,1.69000000
18.52828000,73.98201500,1.69000000
18.52828000,73.98213500,1.75000000
18.52828000,73.98225500,1.80000000
18.52828000,73.98237500,1.80000000
18.52828000,73.98249500,1.84000000
18.52828000,73.98261500,1.84000000
18.52828000,73.98273500,1.88000000
18.52828000,73.98285500,1.91000000
18.52828000,73.98297500,1.91000000
18.52828000,73.98309500,1.88000000
18.52828000,73.98321500,1.88000000
18.52828000,73.98333500,1.84000000
18.52828000,73.98345500,1.84000000
18.52828000,73.98357500,1.84000000
18.52828000,73.98369500,1.80000000
18.52828000,73.98381500,1.80000000
18.52828000,73.98393500,1.75000000
18.52828000,73.98405500,1.69000000
18.52840000,73.98177500,1.69000000
18.52840000,73.98189500,1.75000000
18.52840000,73.98201500,1.75000000
18.52840000,73.98213500,1.80000000
18.52840000,73.98225500,1.84000000
18.52840000,73.98237500,1.84000000
18.52840000,73.98249500,1.88000000
18.52840000,73.98261500,1.88000000
18.52840000,73.98273500,1.91000000
18.52840000,73.98285500,1.91000000
18.52840000,73.98297500,1.88000000
18.52840000,73.98309500,1.84000000
18.52840000,73.98321500,1.84000000
18.52840000,73.98333500,1.80000000
18.52840000,73.98345500,1.80000000
18.52840000,73.98357500,1.80000000
18.52840000,73.98369500,1.75000000
18.52840000,73.98381500,1.75000000
18.52840000,73.98393500,1.69000000
18.52840000,73.98405500,1.69000000
18.52852000,73.98165500,1.69000000
18.52852000,73.98177500,1.75000000
18.52852000,73.98189500,1.80000000
18.52852000,73.98201500,1.80000000
18.52852000,73.98213500,1.84000000
18.52852000,73.98225500,1.88000000
18.52852000,73.98237500,1.88000000
18.52852000,73.98249500,1.91000000
18.52852000,73.98261500,1.91000000
18.52852000,73.98273500,1.88000000
18.52852000,73.98285500,1.88000000
18.52852000,73.98297500,1.84000000
18.52852000,73.98309500,1.80000000
18.52852000,73.98321500,1.80000000
18.52852000,73.98333500,1.75000000
18.52852000,73.98345500,1.75000000
18.52852000,73.98357500,1.75000000
18.52852000,73.98369500,1.69000000
18.52852000,73.98381500,1.69000000
18.52864000,73.98141500,1.69000000
18.52864000,73.98153500,1.69000000
18.52864000,73.98165500,1.75000000
18.52864000,73.98177500,1.80000000
18.52864000,73.98189500,1.84000000
18.52864000,73.98201500,1.84000000
18.52864000,73.98213500,1.88000000
18.52864000,73.98225500,1.91000000
18.52864000,73.98237500,1.91000000
18.52864000,73.98249500,1.88000000
18.52864000,73.98261500,1.88000000
18.52864000,73.98273500,1.84000000
18.52864000,73.98285500,1.84000000
18.52864000,73.98297500,1.80000000
18.52864000,73.98309500,1.75000000
18.52864000,73.98321500,1.75000000
18.52864000,73.98333500,1.69000000
18.52864000,73.98345500,1.69000000
18.52864000,73.98357500,1.69000000
18.52876000,73.98117500,1.69000000
18.52876000,73.98129500,1.69000000
18.52876000,73.98141500,1.75000000
18.52876000,73.98153500,1.75000000
18.52876000,73.98165500,1.80000000
18.52876000,73.98177500,1.84000000
18.52876000,73.98189500,1.88000000
18.52876000,73.98201500,1.88000000
18.52876000,73.98213500,1.91000000
18.52876000,73.98225500,1.91000000
18.52876000,73.98237500,1.88000000
18.52876000,73.98249500,1.84000000
18.52876000,73.98261500,1.84000000
18.52876000,73.98273500,1.80000000
18.52876000,73.98285500,1.80000000
18.52876000,73.98297500,1.75000000
18.52876000,73.98309500,1.69000000
18.52876000,73.98321500,1.69000000
18.52888000,73.98105500,1.69000000
18.52888000,73.98117500,1.75000000
18.52888000,73.98129500,1.75000000
18.52888000,73.98141500,1.80000000
18.52888000,73.98153500,1.80000000
18.52888000,73.98165500,1.84000000
18.52888000,73.98177500,1.88000000
18.52888000,73.98189500,1.91000000
18.52888000,73.98201500,1.91000000
18.52888000,73.98213500,1.91000000
18.52888000,73.98225500,1.88000000
18.52888000,73.98237500,1.84000000
18.52888000,73.98249500,1.80000000
18.52888000,73.98261500,1.80000000
18.52888000,73.98273500,1.75000000
18.52888000,73.98285500,1.75000000
18.52888000,73.98297500,1.69000000
18.52900000,73.98081500,1.69000000
18.52900000,73.98093500,1.69000000
18.52900000,73.98105500,1.75000000
18.52900000,73.98117500,1.80000000
18.52900000,73.98129500,1.80000000
18.52900000,73.98141500,1.84000000
18.52900000,73.98153500,1.84000000
18.52900000,73.98165500,1.88000000
18.52900000,73.98177500,1.91000000
18.52900000,73.98189500,1.88000000
18.52900000,73.98201500,1.88000000
18.52900000,73.98213500,1.88000000
18.52900000,73.98225500,1.84000000
18.52900000,73.98237500,1.80000000
18.52900000,73.98249500,1.75000000
18.52900000,73.98261500,1.75000000
18.52900000,73.98273500,1.69000000
18.52900000,73.98285500,1.69000000
18.52912000,73.98057500,1.69000000
18.52912000,73.98069500,1.69000000
18.52912000,73.98081500,1.75000000
18.52912000,73.98093500,1.75000000
18.52912000,73.98105500,1.80000000
18.52912000,73.98117500,1.84000000
18.52912000,73.98129500,1.84000000
18.52912000,73.98141500,1.88000000
18.52912000,73.98153500,1.88000000
18.52912000,73.98165500,1.88000000
18.52912000,73.98177500,1.88000000
18.52912000,73.98189500,1.84000000
18.52912000,73.98201500,1.84000000
18.52912000,73.98213500,1.84000000
18.52912000,73.98225500,1.80000000
18.52912000,73.98237500,1.75000000
18.52912000,73.98249500,1.69000000
18.52912000,73.98261500,1.69000000
18.52924000,73.98045500,1.69000000
18.52924000,73.98057500,1.75000000
18.52924000,73.98069500,1.75000000
18.52924000,73.98081500,1.80000000
18.52924000,73.98093500,1.80000000
18.52924000,73.98105500,1.84000000
18.52924000,73.98117500,1.88000000
18.52924000,73.98129500,1.88000000
18.52924000,73.98141500,1.91000000
18.52924000,73.98153500,1.88000000
18.52924000,73.98165500,1.84000000
18.52924000,73.98177500,1.84000000
18.52924000,73.98189500,1.80000000
18.52924000,73.98201500,1.80000000
18.52924000,73.98213500,1.80000000
18.52924000,73.98225500,1.75000000
18.52924000,73.98237500,1.69000000
18.52936000,73.98033500,1.69000000
18.52936000,73.98045500,1.75000000
18.52936000,73.98057500,1.80000000
18.52936000,73.98069500,1.80000000
18.52936000,73.98081500,1.84000000
18.52936000,73.98093500,1.84000000
18.52936000,73.98105500,1.88000000
18.52936000,73.98117500,1.91000000
18.52936000,73.98129500,1.91000000
18.52936000,73.98141500,1.88000000
18.52936000,73.98153500,1.84000000
18.52936000,73.98165500,1.80000000
18.52936000,73.98177500,1.80000000
18.52936000,73.98189500,1.75000000
18.52936000,73.98201500,1.75000000
18.52936000,73.98213500,1.75000000
18.52936000,73.98225500,1.69000000
18.52948000,73.98009500,1.69000000
18.52948000,73.98021500,1.69000000
18.52948000,73.98033500,1.75000000
18.52948000,73.98045500,1.80000000
18.52948000,73.98057500,1.84000000
18.52948000,73.98069500,1.84000000
18.52948000,73.98081500,1.88000000
18.52948000,73.98093500,1.88000000
18.52948000,73.98105500,1.91000000
18.52948000,73.98117500,1.91000000
18.52948000,73.98129500,1.88000000
18.52948000,73.98141500,1.84000000
18.52948000,73.98153500,1.80000000
18.52948000,73.98165500,1.75000000
18.52948000,73.98177500,1.75000000
18.52948000,73.98189500,1.69000000
18.52948000,73.98201500,1.69000000
18.52948000,73.98213500,1.69000000
18.52960000,73.97997500,1.69000000
18.52960000,73.98009500,1.75000000
18.52960000,73.98021500,1.75000000
18.52960000,73.98033500,1.80000000
18.52960000,73.98045500,1.84000000
18.52960000,73.98057500,1.88000000
18.52960000,73.98069500,1.88000000
18.52960000,73.98081500,1.91000000
18.52960000,73.98093500,1.91000000
18.52960000,73.98105500,1.88000000
18.52960000,73.98117500,1.88000000
18.52960000,73.98129500,1.84000000
18.52960000,73.98141500,1.80000000
18.52960000,73.98153500,1.75000000
18.52960000,73.98165500,1.69000000
18.52960000,73.98177500,1.69000000
18.52972000,73.97985500,1.69000000
18.52972000,73.97997500,1.75000000
18.52972000,73.98009500,1.80000000
18.52972000,73.98021500,1.80000000
18.52972000,73.98033500,1.84000000
18.52972000,73.98045500,1.88000000
18.52972000,73.98057500,1.91000000
18.52972000,73.98069500,1.91000000
18.52972000,73.98081500,1.88000000
18.52972000,73.98093500,1.88000000
18.52972000,73.98105500,1.84000000
18.52972000,73.98117500,1.84000000
18.52972000,73.98129500,1.80000000
18.52972000,73.98141500,1.75000000
18.52972000,73.98153500,1.69000000
18.52984000,73.97985500,1.69000000
18.52984000,73.97997500,1.75000000
18.52984000,73.98009500,1.80000000
18.52984000,73.98021500,1.84000000
18.52984000,73.98033500,1.88000000
18.52984000,73.98045500,1.91000000
18.52984000,73.98057500,1.91000000
18.52984000,73.98069500,1.88000000
18.52984000,73.98081500,1.84000000
18.52984000,73.98093500,1.84000000
18.52984000,73.98105500,1.80000000
18.52984000,73.98117500,1.80000000
18.52984000,73.98129500,1.75000000
18.52984000,73.98141500,1.69000000
18.52996000,73.97973500,1.69000000
18.52996000,73.97985500,1.75000000
18.52996000,73.97997500,1.80000000
18.52996000,73.98009500,1.84000000
18.52996000,73.98021500,1.88000000
18.52996000,73.98033500,1.91000000
18.52996000,73.98045500,1.91000000
18.52996000,73.98057500,1.88000000
18.52996000,73.98069500,1.84000000
18.52996000,73.98081500,1.80000000
18.52996000,73.98093500,1.80000000
18.52996000,73.98105500,1.75000000
18.52996000,73.98117500,1.75000000
18.52996000,73.98129500,1.69000000
18.53008000,73.97961500,1.69000000
18.53008000,73.97973500,1.75000000
18.53008000,73.97985500,1.80000000
18.53008000,73.97997500,1.84000000
18.53008000,73.98009500,1.88000000
18.53008000,73.98021500,1.91000000
18.53008000,73.98033500,1.91000000
18.53008000,73.98045500,1.88000000
18.53008000,73.98057500,1.84000000
18.53008000,73.98069500,1.80000000
18.53008000,73.98081500,1.75000000
18.53008000,73.98093500,1.75000000
18.53008000,73.98105500,1.69000000
18.53008000,73.98117500,1.69000000
18.53020000,73.97949500,1.69000000
18.53020000,73.97961500,1.75000000
18.53020000,73.97973500,1.80000000
18.53020000,73.97985500,1.84000000
18.53020000,73.97997500,1.88000000
18.53020000,73.98009500,1.91000000
18.53020000,73.98021500,1.88000000
18.53020000,73.98033500,1.88000000
18.53020000,73.98045500,1.84000000
18.53020000,73.98057500,1.80000000
18.53020000,73.98069500,1.75000000
18.53020000,73.98081500,1.69000000
18.53020000,73.98093500,1.69000000
18.53032000,73.86045500,1.69000000
18.53032000,73.86057500,1.69000000
18.53032000,73.86069500,1.69000000
18.53032000,73.97949500,1.69000000
18.53032000,73.97961500,1.75000000
18.53032000,73.97973500,1.80000000
18.53032000,73.97985500,1.84000000
18.53032000,73.97997500,1.88000000
18.53032000,73.98009500,1.88000000
18.53032000,73.98021500,1.84000000
18.53032000,73.98033500,1.84000000
18.53032000,73.98045500,1.80000000
18.53032000,73.98057500,1.75000000
18.53032000,73.98069500,1.69000000
18.53044000,73.86045500,1.69000000
18.53044000,73.86057500,1.75000000
18.53044000,73.86069500,1.69000000
18.53044000,73.97889500,1.69000000
18.53044000,73.97901500,1.69000000
18.53044000,73.97913500,1.69000000
18.53044000,73.97925500,1.69000000
18.53044000,73.97937500,1.69000000
18.53044000,73.97949500,1.75000000
18.53044000,73.97961500,1.80000000
18.53044000,73.97973500,1.84000000
18.53044000,73.97985500,1.88000000
18.53044000,73.97997500,1.88000000
18.53044000,73.98009500,1.84000000
18.53044000,73.98021500,1.80000000
18.53044000,73.98033500,1.80000000
18.53044000,73.98045500,1.75000000
18.53044000,73.98057500,1.69000000
18.53056000,73.86033500,1.69000000
18.53056000,73.86045500,1.75000000
18.53056000,73.86057500,1.80000000
18.53056000,73.86069500,1.75000000
18.53056000,73.86081500,1.69000000
18.53056000,73.97865500,1.69000000
18.53056000,73.97877500,1.69000000
18.53056000,73.97889500,1.75000000
18.53056000,73.97901500,1.75000000
18.53056000,73.97913500,1.75000000
18.53056000,73.97925500,1.75000000
18.53056000,73.97937500,1.75000000
18.53056000,73.97949500,1.80000000
18.53056000,73.97961500,1.84000000
18.53056000,73.97973500,1.88000000
18.53056000,73.97985500,1.88000000
18.53056000,73.97997500,1.84000000
18.53056000,73.98009500,1.80000000
18.53056000,73.98021500,1.75000000
18.53056000,73.98033500,1.75000000
18.53056000,73.98045500,1.69000000
18.53068000,73.86021500,1.69000000
18.53068000,73.86033500,1.75000000
18.53068000,73.86045500,1.80000000
18.53068000,73.86057500,1.80000000
18.53068000,73.86069500,1.75000000
18.53068000,73.86081500,1.69000000
18.53068000,73.97865500,1.69000000
18.53068000,73.97877500,1.75000000
18.53068000,73.97889500,1.80000000
18.53068000,73.97901500,1.80000000
18.53068000,73.97913500,1.80000000
18.53068000,73.97925500,1.80000000
18.53068000,73.97937500,1.80000000
18.53068000,73.97949500,1.84000000
18.53068000,73.97961500,1.88000000
18.53068000,73.97973500,1.88000000
18.53068000,73.97985500,1.84000000
18.53068000,73.97997500,1.80000000
18.53068000,73.98009500,1.75000000
18.53068000,73.98021500,1.69000000
18.53068000,73.98033500,1.69000000
18.53080000,73.86009500,1.69000000
18.53080000,73.86021500,1.75000000
18.53080000,73.86033500,1.80000000
18.53080000,73.86045500,1.80000000
18.53080000,73.86057500,1.75000000
18.53080000,73.86069500,1.69000000
18.53080000,73.97853500,1.69000000
18.53080000,73.97865500,1.75000000
18.53080000,73.97877500,1.80000000
18.53080000,73.97889500,1.84000000
18.53080000,73.97901500,1.84000000
18.53080000,73.97913500,1.84000000
18.53080000,73.97925500,1.84000000
18.53080000,73.97937500,1.84000000
18.53080000,73.97949500,1.88000000
18.53080000,73.97961500,1.88000000
18.53080000,73.97973500,1.84000000
18.53080000,73.97985500,1.80000000
18.53080000,73.97997500,1.75000000
18.53080000,73.98009500,1.69000000
18.53092000,73.85805500,1.69000000
18.53092000,73.85817500,1.69000000
18.53092000,73.85829500,1.69000000
18.53092000,73.85841500,1.69000000
18.53092000,73.85853500,1.69000000
18.53092000,73.85865500,1.69000000
18.53092000,73.85877500,1.69000000
18.53092000,73.85949500,1.69000000
18.53092000,73.85961500,1.69000000
18.53092000,73.86009500,1.69000000
18.53092000,73.86021500,1.75000000
18.53092000,73.86033500,1.80000000
18.53092000,73.86045500,1.80000000
18.53092000,73.86057500,1.75000000
18.53092000,73.86069500,1.69000000
18.53092000,73.97829500,1.69000000
18.53092000,73.97841500,1.69000000
18.53092000,73.97853500,1.75000000
18.53092000,73.97865500,1.80000000
18.53092000,73.97877500,1.84000000
18.53092000,73.97889500,1.88000000
18.53092000,73.97901500,1.88000000
18.53092000,73.97913500,1.88000000
18.53092000,73.97925500,1.88000000
18.53092000,73.97937500,1.88000000
18.53092000,73.97949500,1.91000000
18.53092000,73.97961500,1.88000000
18.53092000,73.97973500,1.84000000
18.53092000,73.97985500,1.80000000
18.53092000,73.97997500,1.75000000
18.53092000,73.98009500,1.69000000
18.53104000,73.85793500,1.69000000
18.53104000,73.85805500,1.75000000
18.53104000,73.85817500,1.75000000
18.53104000,73.85829500,1.75000000
18.53104000,73.85841500,1.75000000
18.53104000,73.85853500,1.75000000
18.53104000,73.85865500,1.75000000
18.53104000,73.85877500,1.75000000
18.53104000,73.85889500,1.69000000
18.53104000,73.85901500,1.69000000
18.53104000,73.85913500,1.69000000
18.53104000,73.85925500,1.69000000
18.53104000,73.85937500,1.69000000
18.53104000,73.85949500,1.75000000
18.53104000,73.85961500,1.75000000
18.53104000,73.85973500,1.69000000
18.53104000,73.85985500,1.69000000
18.53104000,73.85997500,1.69000000
18.53104000,73.86009500,1.75000000
18.53104000,73.86021500,1.80000000
18.53104000,73.86033500,1.84000000
18.53104000,73.86045500,1.84000000
18.53104000,73.86057500,1.80000000
18.53104000,73.86069500,1.75000000
18.53104000,73.86081500,1.69000000
18.53104000,73.86093500,1.69000000
18.53104000,73.97817500,1.69000000
18.53104000,73.97829500,1.75000000
18.53104000,73.97841500,1.75000000
18.53104000,73.97853500,1.80000000
18.53104000,73.97865500,1.84000000
18.53104000,73.97877500,1.88000000
18.53104000,73.97889500,1.91000000
18.53104000,73.97901500,1.91000000
18.53104000,73.97913500,1.91000000
18.53104000,73.97925500,1.91000000
18.53104000,73.97937500,1.91000000
18.53104000,73.97949500,1.88000000
18.53104000,73.97961500,1.84000000
18.53104000,73.97973500,1.84000000
18.53104000,73.97985500,1.80000000
18.53104000,73.97997500,1.75000000
18.53104000,73.98009500,1.69000000
18.53116000,73.85781500,1.69000000
18.53116000,73.85793500,1.75000000
18.53116000,73.85805500,1.80000000
18.53116000,73.85817500,1.80000000
18.53116000,73.85829500,1.80000000
18.53116000,73.85841500,1.80000000
18.53116000,73.85853500,1.80000000
18.53116000,73.85865500,1.80000000
18.53116000,73.85877500,1.80000000
18.53116000,73.85889500,1.75000000
18.53116000,73.85901500,1.75000000
18.53116000,73.85913500,1.75000000
18.53116000,73.85925500,1.75000000
18.53116000,73.85937500,1.75000000
18.53116000,73.85949500,1.80000000
18.53116000,73.85961500,1.80000000
18.53116000,73.85973500,1.75000000
18.53116000,73.85985500,1.75000000
18.53116000,73.85997500,1.75000000
18.53116000,73.86009500,1.80000000
18.53116000,73.86021500,1.84000000
18.53116000,73.86033500,1.88000000
18.53116000,73.86045500,1.88000000
18.53116000,73.86057500,1.84000000
18.53116000,73.86069500,1.80000000
18.53116000,73.86081500,1.75000000
18.53116000,73.86093500,1.75000000
18.53116000,73.86105500,1.69000000
18.53116000,73.86117500,1.69000000
18.53116000,73.97817500,1.69000000
18.53116000,73.97829500,1.75000000
18.53116000,73.97841500,1.80000000
18.53116000,73.97853500,1.84000000
18.53116000,73.97865500,1.88000000
18.53116000,73.97877500,1.91000000
18.53116000,73.97889500,1.94000000
18.53116000,73.97901500,1.94000000
18.53116000,73.97913500,1.94000000
18.53116000,73.97925500,1.91000000
18.53116000,73.97937500,1.88000000
18.53116000,73.97949500,1.84000000
18.53116000,73.97961500,1.80000000
18.53116000,73.97973500,1.80000000
18.53116000,73.97985500,1.80000000
18.53116000,73.97997500,1.75000000
18.53116000,73.98009500,1.69000000
18.53128000,73.85709500,1.69000000
18.53128000,73.85721500,1.69000000
18.53128000,73.85733500,1.69000000
18.53128000,73.85745500,1.69000000
18.53128000,73.85757500,1.69000000
18.53128000,73.85769500,1.69000000
18.53128000,73.85781500,1.75000000
18.53128000,73.85793500,1.80000000
18.53128000,73.85805500,1.84000000
18.53128000,73.85817500,1.84000000
18.53128000,73.85829500,1.84000000
18.53128000,73.85841500,1.84000000
18.53128000,73.85853500,1.84000000
18.53128000,73.85865500,1.84000000
18.53128000,73.85877500,1.84000000
18.53128000,73.85889500,1.80000000
18.53128000,73.85901500,1.80000000
18.53128000,73.85913500,1.80000000
18.53128000,73.85925500,1.80000000
18.53128000,73.85937500,1.80000000
18.53128000,73.85949500,1.84000000
18.53128000,73.85961500,1.84000000
18.53128000,73.85973500,1.80000000
18.53128000,73.85985500,1.80000000
18.53128000,73.85997500,1.80000000
18.53128000,73.86009500,1.84000000
18.53128000,73.86021500,1.88000000
18.53128000,73.86033500,1.91000000
18.53128000,73.86045500,1.91000000
18.53128000,73.86057500,1.88000000
18.53128000,73.86069500,1.84000000
18.53128000,73.86081500,1.80000000
18.53128000,73.86093500,1.80000000
18.53128000,73.86105500,1.75000000
18.53128000,73.86117500,1.75000000
18.53128000,73.86129500,1.69000000
18.53128000,73.97805500,1.69000000
18.53128000,73.97817500,1.75000000
18.53128000,73.97829500,1.80000000
18.53128000,73.97841500,1.84000000
18.53128000,73.97853500,1.88000000
18.53128000,73.97865500,1.91000000
18.53128000,73.97877500,1.94000000
18.53128000,73.97889500,1.97000000
18.53128000,73.97901500,1.94000000
18.53128000,73.97913500,1.91000000
18.53128000,73.97925500,1.88000000
18.53128000,73.97937500,1.84000000
18.53128000,73.97949500,1.80000000
18.53128000,73.97961500,1.75000000
18.53128000,73.97973500,1.75000000
18.53128000,73.97985500,1.75000000
18.53128000,73.97997500,1.69000000
18.53140000,73.85673500,1.69000000
18.53140000,73.85685500,1.69000000
18.53140000,73.85697500,1.69000000
18.53140000,73.85709500,1.75000000
18.53140000,73.85721500,1.75000000
18.53140000,73.85733500,1.75000000
18.53140000,73.85745500,1.75000000
18.53140000,73.85757500,1.75000000
18.53140000,73.85769500,1.75000000
18.53140000,73.85781500,1.80000000
18.53140000,73.85793500,1.84000000
18.53140000,73.85805500,1.88000000
18.53140000,73.85817500,1.88000000
18.53140000,73.85829500,1.88000000
18.53140000,73.85841500,1.88000000
18.53140000,73.85853500,1.88000000
18.53140000,73.85865500,1.88000000
18.53140000,73.85877500,1.88000000
18.53140000,73.85889500,1.84000000
18.53140000,73.85901500,1.84000000
18.53140000,73.85913500,1.84000000
18.53140000,73.85925500,1.84000000
18.53140000,73.85937500,1.84000000
18.53140000,73.85949500,1.88000000
18.53140000,73.85961500,1.88000000
18.53140000,73.85973500,1.84000000
18.53140000,73.85985500,1.84000000
18.53140000,73.85997500,1.84000000
18.53140000,73.86009500,1.88000000
18.53140000,73.86021500,1.91000000
18.53140000,73.86033500,1.94000000
18.53140000,73.86045500,1.94000000
18.53140000,73.86057500,1.91000000
18.53140000,73.86069500,1.88000000
18.53140000,73.86081500,1.84000000
18.53140000,73.86093500,1.84000000
18.53140000,73.86105500,1.80000000
18.53140000,73.86117500,1.80000000
18.53140000,73.86129500,1.75000000
18.53140000,73.86141500,1.69000000
18.53140000,73.97793500,1.69000000
18.53140000,73.97805500,1.75000000
18.53140000,73.97817500,1.80000000
18.53140000,73.97829500,1.84000000
18.53140000,73.97841500,1.88000000
18.53140000,73.97853500,1.91000000
18.53140000,73.97865500,1.94000000
18.53140000,73.97877500,1.97000000
18.53140000,73.97889500,1.94000000
18.53140000,73.97901500,1.91000000
18.53140000,73.97913500,1.88000000
18.53140000,73.97925500,1.84000000
18.53140000,73.97937500,1.80000000
18.53140000,73.97949500,1.75000000
18.53140000,73.97961500,1.69000000
18.53140000,73.97973500,1.69000000
18.53140000,73.97985500,1.69000000
18.53152000,73.85649500,1.69000000
18.53152000,73.85661500,1.69000000
18.53152000,73.85673500,1.75000000
18.53152000,73.85685500,1.75000000
18.53152000,73.85697500,1.75000000
18.53152000,73.85709500,1.80000000
18.53152000,73.85721500,1.80000000
18.53152000,73.85733500,1.80000000
18.53152000,73.85745500,1.80000000
18.53152000,73.85757500,1.80000000
18.53152000,73.85769500,1.80000000
18.53152000,73.85781500,1.84000000
18.53152000,73.85793500,1.84000000
18.53152000,73.85805500,1.84000000
18.53152000,73.85817500,1.84000000
18.53152000,73.85829500,1.84000000
18.53152000,73.85841500,1.84000000
18.53152000,73.85853500,1.84000000
18.53152000,73.85865500,1.84000000
18.53152000,73.85877500,1.84000000
18.53152000,73.85889500,1.84000000
18.53152000,73.85901500,1.84000000
18.53152000,73.85913500,1.84000000
18.53152000,73.85925500,1.84000000
18.53152000,73.85937500,1.84000000
18.53152000,73.85949500,1.88000000
18.53152000,73.85961500,1.88000000
18.53152000,73.85973500,1.88000000
18.53152000,73.85985500,1.88000000
18.53152000,73.85997500,1.88000000
18.53152000,73.86009500,1.91000000
18.53152000,73.86021500,1.91000000
18.53152000,73.86033500,1.91000000
18.53152000,73.86045500,1.94000000
18.53152000,73.86057500,1.94000000
18.53152000,73.86069500,1.91000000
18.53152000,73.86081500,1.88000000
18.53152000,73.86093500,1.88000000
18.53152000,73.86105500,1.84000000
18.53152000,73.86117500,1.84000000
18.53152000,73.86129500,1.80000000
18.53152000,73.86141500,1.75000000
18.53152000,73.86153500,1.69000000
18.53152000,73.97781500,1.69000000
18.53152000,73.97793500,1.75000000
18.53152000,73.97805500,1.80000000
18.53152000,73.97817500,1.84000000
18.53152000,73.97829500,1.88000000
18.53152000,73.97841500,1.91000000
18.53152000,73.97853500,1.94000000
18.53152000,73.97865500,1.97000000
18.53152000,73.97877500,1.94000000
18.53152000,73.97889500,1.91000000
18.53152000,73.97901500,1.88000000
18.53152000,73.97913500,1.84000000
18.53152000,73.97925500,1.80000000
18.53152000,73.97937500,1.75000000
18.53152000,73.97949500,1.69000000
18.53164000,73.85625500,1.69000000
18.53164000,73.85637500,1.69000000
18.53164000,73.85649500,1.75000000
18.53164000,73.85661500,1.75000000
18.53164000,73.85673500,1.80000000
18.53164000,73.85685500,1.80000000
18.53164000,73.85697500,1.80000000
18.53164000,73.85709500,1.84000000
18.53164000,73.85721500,1.84000000
18.53164000,73.85733500,1.84000000
18.53164000,73.85745500,1.84000000
18.53164000,73.85757500,1.84000000
18.53164000,73.85769500,1.84000000
18.53164000,73.85781500,1.84000000
18.53164000,73.85793500,1.80000000
18.53164000,73.85805500,1.80000000
18.53164000,73.85817500,1.80000000
18.53164000,73.85829500,1.80000000
18.53164000,73.85841500,1.80000000
18.53164000,73.85853500,1.80000000
18.53164000,73.85865500,1.80000000
18.53164000,73.85877500,1.80000000
18.53164000,73.85889500,1.80000000
18.53164000,73.85901500,1.80000000
18.53164000,73.85913500,1.80000000
18.53164000,73.85925500,1.80000000
18.53164000,73.85937500,1.80000000
18.53164000,73.85949500,1.84000000
18.53164000,73.85961500,1.84000000
18.53164000,73.85973500,1.88000000
18.53164000,73.85985500,1.88000000
18.53164000,73.85997500,1.88000000
18.53164000,73.86009500,1.88000000
18.53164000,73.86021500,1.88000000
18.53164000,73.86033500,1.88000000
18.53164000,73.86045500,1.91000000
18.53164000,73.86057500,1.91000000
18.53164000,73.86069500,1.91000000
18.53164000,73.86081500,1.91000000
18.53164000,73.86093500,1.91000000
18.53164000,73.86105500,1.88000000
18.53164000,73.86117500,1.84000000
18.53164000,73.86129500,1.80000000
18.53164000,73.86141500,1.75000000
18.53164000,73.86153500,1.69000000
18.53164000,73.97769500,1.69000000
18.53164000,73.97781500,1.75000000
18.53164000,73.97793500,1.80000000
18.53164000,73.97805500,1.84000000
18.53164000,73.97817500,1.88000000
18.53164000,73.97829500,1.91000000
18.53164000,73.97841500,1.94000000
18.53164000,73.97853500,1.94000000
18.53164000,73.97865500,1.94000000
18.53164000,73.97877500,1.91000000
18.53164000,73.97889500,1.88000000
18.53164000,73.97901500,1.84000000
18.53164000,73.97913500,1.80000000
18.53164000,73.97925500,1.75000000
18.53164000,73.97937500,1.69000000
18.53176000,73.85613500,1.69000000
18.53176000,73.85625500,1.75000000
18.53176000,73.85637500,1.75000000
18.53176000,73.85649500,1.80000000
18.53176000,73.85661500,1.80000000
18.53176000,73.85673500,1.84000000
18.53176000,73.85685500,1.84000000
18.53176000,73.85697500,1.84000000
18.53176000,73.85709500,1.88000000
18.53176000,73.85721500,1.88000000
18.53176000,73.85733500,1.88000000
18.53176000,73.85745500,1.84000000
18.53176000,73.85757500,1.84000000
18.53176000,73.85769500,1.80000000
18.53176000,73.85781500,1.80000000
18.53176000,73.85793500,1.75000000
18.53176000,73.85805500,1.75000000
18.53176000,73.85817500,1.75000000
18.53176000,73.85829500,1.75000000
18.53176000,73.85841500,1.75000000
18.53176000,73.85853500,1.75000000
18.53176000,73.85865500,1.75000000
18.53176000,73.85877500,1.75000000
18.53176000,73.85889500,1.75000000
18.53176000,73.85901500,1.75000000
18.53176000,73.85913500,1.75000000
18.53176000,73.85925500,1.75000000
18.53176000,73.85937500,1.75000000
18.53176000,73.85949500,1.80000000
18.53176000,73.85961500,1.80000000
18.53176000,73.85973500,1.84000000
18.53176000,73.85985500,1.84000000
18.53176000,73.85997500,1.84000000
18.53176000,73.86009500,1.84000000
18.53176000,73.86021500,1.84000000
18.53176000,73.86033500,1.84000000
18.53176000,73.86045500,1.88000000
18.53176000,73.86057500,1.88000000
18.53176000,73.86069500,1.88000000
18.53176000,73.86081500,1.91000000
18.53176000,73.86093500,1.91000000
18.53176000,73.86105500,1.88000000
18.53176000,73.86117500,1.88000000
18.53176000,73.86129500,1.84000000
18.53176000,73.86141500,1.80000000
18.53176000,73.86153500,1.75000000
18.53176000,73.86165500,1.69000000
18.53176000,73.86177500,1.69000000
18.53176000,73.97757500,1.69000000
18.53176000,73.97769500,1.75000000
18.53176000,73.97781500,1.80000000
18.53176000,73.97793500,1.84000000
18.53176000,73.97805500,1.88000000
18.53176000,73.97817500,1.91000000
18.53176000,73.97829500,1.94000000
18.53176000,73.97841500,1.94000000
18.53176000,73.97853500,1.91000000
18.53176000,73.97865500,1.91000000
18.53176000,73.97877500,1.88000000
18.53176000,73.97889500,1.84000000
18.53176000,73.97901500,1.80000000
18.53176000,73.97913500,1.75000000
18.53176000,73.97925500,1.69000000
18.53188000,73.85601500,1.69000000
18.53188000,73.85613500,1.75000000
18.53188000,73.85625500,1.80000000
18.53188000,73.85637500,1.80000000
18.53188000,73.85649500,1.84000000
18.53188000,73.85661500,1.84000000
18.53188000,73.85673500,1.88000000
18.53188000,73.85685500,1.88000000
18.53188000,73.85697500,1.88000000
18.53188000,73.85709500,1.88000000
18.53188000,73.85721500,1.84000000
18.53188000,73.85733500,1.84000000
18.53188000,73.85745500,1.80000000
18.53188000,73.85757500,1.80000000
18.53188000,73.85769500,1.75000000
18.53188000,73.85781500,1.75000000
18.53188000,73.85793500,1.69000000
18.53188000,73.85805500,1.69000000
18.53188000,73.85817500,1.69000000
18.53188000,73.85829500,1.69000000
18.53188000,73.85841500,1.69000000
18.53188000,73.85853500,1.69000000
18.53188000,73.85865500,1.69000000
18.53188000,73.85877500,1.69000000
18.53188000,73.85889500,1.69000000
18.53188000,73.85901500,1.69000000
18.53188000,73.85913500,1.69000000
18.53188000,73.85925500,1.69000000
18.53188000,73.85937500,1.69000000
18.53188000,73.85949500,1.75000000
18.53188000,73.85961500,1.75000000
18.53188000,73.85973500,1.80000000
18.53188000,73.85985500,1.80000000
18.53188000,73.85997500,1.80000000
18.53188000,73.86009500,1.80000000
18.53188000,73.86021500,1.80000000
18.53188000,73.86033500,1.80000000
18.53188000,73.86045500,1.84000000
18.53188000,73.86057500,1.84000000
18.53188000,73.86069500,1.84000000
18.53188000,73.86081500,1.88000000
18.53188000,73.86093500,1.88000000
18.53188000,73.86105500,1.84000000
18.53188000,73.86117500,1.84000000
18.53188000,73.86129500,1.84000000
18.53188000,73.86141500,1.84000000
18.53188000,73.86153500,1.80000000
18.53188000,73.86165500,1.75000000
18.53188000,73.86177500,1.75000000
18.53188000,73.86189500,1.69000000
18.53188000,73.86201500,1.69000000
18.53188000,73.97733500,1.69000000
18.53188000,73.97745500,1.69000000
18.53188000,73.97757500,1.75000000
18.53188000,73.97769500,1.80000000
18.53188000,73.97781500,1.84000000
18.53188000,73.97793500,1.88000000
18.53188000,73.97805500,1.91000000
18.53188000,73.97817500,1.94000000
18.53188000,73.97829500,1.94000000
18.53188000,73.97841500,1.91000000
18.53188000,73.97853500,1.88000000
18.53188000,73.97865500,1.88000000
18.53188000,73.97877500,1.84000000
18.53188000,73.97889500,1.80000000
18.53188000,73.97901500,1.75000000
18.53188000,73.97913500,1.69000000
18.53200000,73.85601500,1.69000000
18.53200000,73.85613500,1.75000000
18.53200000,73.85625500,1.80000000
18.53200000,73.85637500,1.84000000
18.53200000,73.85649500,1.88000000
18.53200000,73.85661500,1.88000000
18.53200000,73.85673500,1.88000000
18.53200000,73.85685500,1.88000000
18.53200000,73.85697500,1.84000000
18.53200000,73.85709500,1.84000000
18.53200000,73.85721500,1.80000000
18.53200000,73.85733500,1.80000000
18.53200000,73.85745500,1.75000000
18.53200000,73.85757500,1.75000000
18.53200000,73.85769500,1.69000000
18.53200000,73.85781500,1.69000000
18.53200000,73.85949500,1.69000000
18.53200000,73.85961500,1.69000000
18.53200000,73.85973500,1.75000000
18.53200000,73.85985500,1.75000000
18.53200000,73.85997500,1.75000000
18.53200000,73.86009500,1.75000000
18.53200000,73.86021500,1.75000000
18.53200000,73.86033500,1.75000000
18.53200000,73.86045500,1.80000000
18.53200000,73.86057500,1.80000000
18.53200000,73.86069500,1.80000000
18.53200000,73.86081500,1.84000000
18.53200000,73.86093500,1.84000000
18.53200000,73.86105500,1.80000000
18.53200000,73.86117500,1.80000000
18.53200000,73.86129500,1.80000000
18.53200000,73.86141500,1.80000000
18.53200000,73.86153500,1.84000000
18.53200000,73.86165500,1.80000000
18.53200000,73.86177500,1.80000000
18.53200000,73.86189500,1.75000000
18.53200000,73.86201500,1.69000000
18.53200000,73.97721500,1.69000000
18.53200000,73.97733500,1.75000000
18.53200000,73.97745500,1.75000000
18.53200000,73.97757500,1.80000000
18.53200000,73.97769500,1.84000000
18.53200000,73.97781500,1.88000000
18.53200000,73.97793500,1.91000000
18.53200000,73.97805500,1.94000000
18.53200000,73.97817500,1.94000000
18.53200000,73.97829500,1.91000000
18.53200000,73.97841500,1.88000000
18.53200000,73.97853500,1.84000000
18.53200000,73.97865500,1.84000000
18.53200000,73.97877500,1.80000000
18.53200000,73.97889500,1.75000000
18.53200000,73.97901500,1.69000000
18.53212000,73.85589500,1.69000000
18.53212000,73.85601500,1.75000000
18.53212000,73.85613500,1.80000000
18.53212000,73.85625500,1.84000000
18.53212000,73.85637500,1.88000000
18.53212000,73.85649500,1.88000000
18.53212000,73.85661500,1.88000000
18.53212000,73.85673500,1.84000000
18.53212000,73.85685500,1.84000000
18.53212000,73.85697500,1.80000000
18.53212000,73.85709500,1.80000000
18.53212000,73.85721500,1.75000000
18.53212000,73.85733500,1.75000000
18.53212000,73.85745500,1.69000000
18.53212000,73.85757500,1.69000000
18.53212000,73.85973500,1.69000000
18.53212000,73.85985500,1.69000000
18.53212000,73.85997500,1.69000000
18.53212000,73.86009500,1.69000000
18.53212000,73.86021500,1.69000000
18.53212000,73.86033500,1.69000000
18.53212000,73.86045500,1.75000000
18.53212000,73.86057500,1.75000000
18.53212000,73.86069500,1.75000000
18.53212000,73.86081500,1.80000000
18.53212000,73.86093500,1.80000000
18.53212000,73.86105500,1.75000000
18.53212000,73.86117500,1.75000000
18.53212000,73.86129500,1.75000000
18.53212000,73.86141500,1.75000000
18.53212000,73.86153500,1.80000000
18.53212000,73.86165500,1.84000000
18.53212000,73.86177500,1.84000000
18.53212000,73.86189500,1.80000000
18.53212000,73.86201500,1.75000000
18.53212000,73.86213500,1.69000000
18.53212000,73.97709500,1.69000000
18.53212000,73.97721500,1.75000000
18.53212000,73.97733500,1.80000000
18.53212000,73.97745500,1.80000000
18.53212000,73.97757500,1.84000000
18.53212000,73.97769500,1.88000000
18.53212000,73.97781500,1.91000000
18.53212000,73.97793500,1.94000000
18.53212000,73.97805500,1.94000000
18.53212000,73.97817500,1.91000000
18.53212000,73.97829500,1.88000000
18.53212000,73.97841500,1.84000000
18.53212000,73.97853500,1.80000000
18.53212000,73.97865500,1.80000000
18.53212000,73.97877500,1.75000000
18.53212000,73.97889500,1.69000000
18.53224000,73.85589500,1.69000000
18.53224000,73.85601500,1.75000000
18.53224000,73.85613500,1.80000000
18.53224000,73.85625500,1.80000000
18.53224000,73.85637500,1.84000000
18.53224000,73.85649500,1.84000000
18.53224000,73.85661500,1.84000000
18.53224000,73.85673500,1.80000000
18.53224000,73.85685500,1.80000000
18.53224000,73.85697500,1.75000000
18.53224000,73.85709500,1.75000000
18.53224000,73.85721500,1.69000000
18.53224000,73.85733500,1.69000000
18.53224000,73.86045500,1.69000000
18.53224000,73.86057500,1.69000000
18.53224000,73.86069500,1.69000000
18.53224000,73.86081500,1.75000000
18.53224000,73.86093500,1.75000000
18.53224000,73.86105500,1.69000000
18.53224000,73.86117500,1.69000000
18.53224000,73.86129500,1.69000000
18.53224000,73.86141500,1.69000000
18.53224000,73.86153500,1.75000000
18.53224000,73.86165500,1.80000000
18.53224000,73.86177500,1.84000000
18.53224000,73.86189500,1.80000000
18.53224000,73.86201500,1.75000000
18.53224000,73.86213500,1.69000000
18.53224000,73.97697500,1.69000000
18.53224000,73.97709500,1.75000000
18.53224000,73.97721500,1.80000000
18.53224000,73.97733500,1.84000000
18.53224000,73.97745500,1.84000000
18.53224000,73.97757500,1.88000000
18.53224000,73.97769500,1.91000000
18.53224000,73.97781500,1.94000000
18.53224000,73.97793500,1.94000000
18.53224000,73.97805500,1.91000000
18.53224000,73.97817500,1.88000000
18.53224000,73.97829500,1.84000000
18.53224000,73.97841500,1.80000000
18.53224000,73.97853500,1.75000000
18.53224000,73.97865500,1.75000000
18.53224000,73.97877500,1.69000000
18.53236000,73.85601500,1.69000000
18.53236000,73.85613500,1.75000000
18.53236000,73.85625500,1.75000000
18.53236000,73.85637500,1.80000000
18.53236000,73.85649500,1.80000000
18.53236000,73.85661500,1.80000000
18.53236000,73.85673500,1.75000000
18.53236000,73.85685500,1.75000000
18.53236000,73.85697500,1.69000000
18.53236000,73.85709500,1.69000000
18.53236000,73.86081500,1.69000000
18.53236000,73.86093500,1.69000000
18.53236000,73.86153500,1.69000000
18.53236000,73.86165500,1.75000000
18.53236000,73.86177500,1.80000000
18.53236000,73.86189500,1.84000000
18.53236000,73.86201500,1.80000000
18.53236000,73.86213500,1.75000000
18.53236000,73.86225500,1.69000000
18.53236000,73.97697500,1.69000000
18.53236000,73.97709500,1.75000000
18.53236000,73.97721500,1.80000000
18.53236000,73.97733500,1.84000000
18.53236000,73.97745500,1.88000000
18.53236000,73.97757500,1.91000000
18.53236000,73.97769500,1.94000000
18.53236000,73.97781500,1.94000000
18.53236000,73.97793500,1.91000000
18.53236000,73.97805500,1.88000000
18.53236000,73.97817500,1.84000000
18.53236000,73.97829500,1.80000000
18.53236000,73.97841500,1.75000000
18.53236000,73.97853500,1.69000000
18.53236000,73.97865500,1.69000000
18.53248000,73.85613500,1.69000000
18.53248000,73.85625500,1.69000000
18.53248000,73.85637500,1.75000000
18.53248000,73.85649500,1.75000000
18.53248000,73.85661500,1.75000000
18.53248000,73.85673500,1.69000000
18.53248000,73.85685500,1.69000000
18.53248000,73.86153500,1.69000000
18.53248000,73.86165500,1.75000000
18.53248000,73.86177500,1.80000000
18.53248000,73.86189500,1.84000000
18.53248000,73.86201500,1.84000000
18.53248000,73.86213500,1.80000000
18.53248000,73.86225500,1.75000000
18.53248000,73.86237500,1.69000000
18.53248000,73.97685500,1.69000000
18.53248000,73.97697500,1.75000000
18.53248000,73.97709500,1.80000000
18.53248000,73.97721500,1.84000000
18.53248000,73.97733500,1.88000000
18.53248000,73.97745500,1.91000000
18.53248000,73.97757500,1.94000000
18.53248000,73.97769500,1.94000000
18.53248000,73.97781500,1.91000000
18.53248000,73.97793500,1.88000000
18.53248000,73.97805500,1.84000000
18.53248000,73.97817500,1.80000000
18.53248000,73.97829500,1.75000000
18.53248000,73.97841500,1.69000000
18.53260000,73.85637500,1.69000000
18.53260000,73.85649500,1.69000000
18.53260000,73.85661500,1.69000000
18.53260000,73.86153500,1.69000000
18.53260000,73.86165500,1.75000000
18.53260000,73.86177500,1.80000000
18.53260000,73.86189500,1.84000000
18.53260000,73.86201500,1.84000000
18.53260000,73.86213500,1.80000000
18.53260000,73.86225500,1.75000000
18.53260000,73.86237500,1.69000000
18.53260000,73.97673500,1.69000000
18.53260000,73.97685500,1.75000000
18.53260000,73.97697500,1.80000000
18.53260000,73.97709500,1.84000000
18.53260000,73.97721500,1.88000000
18.53260000,73.97733500,1.91000000
18.53260000,73.97745500,1.94000000
18.53260000,73.97757500,1.94000000
18.53260000,73.97769500,1.91000000
18.53260000,73.97781500,1.88000000
18.53260000,73.97793500,1.84000000
18.53260000,73.97805500,1.80000000
18.53260000,73.97817500,1.75000000
18.53260000,73.97829500,1.69000000
18.53272000,73.85541500,1.69000000
18.53272000,73.85553500,1.69000000
18.53272000,73.85565500,1.69000000
18.53272000,73.86153500,1.69000000
18.53272000,73.86165500,1.75000000
18.53272000,73.86177500,1.80000000
18.53272000,73.86189500,1.84000000
18.53272000,73.86201500,1.88000000
18.53272000,73.86213500,1.84000000
18.53272000,73.86225500,1.80000000
18.53272000,73.86237500,1.75000000
18.53272000,73.86249500,1.69000000
18.53272000,73.97661500,1.69000000
18.53272000,73.97673500,1.75000000
18.53272000,73.97685500,1.80000000
18.53272000,73.97697500,1.84000000
18.53272000,73.97709500,1.88000000
18.53272000,73.97721500,1.91000000
18.53272000,73.97733500,1.94000000
18.53272000,73.97745500,1.94000000
18.53272000,73.97757500,1.91000000
18.53272000,73.97769500,1.88000000
18.53272000,73.97781500,1.84000000
18.53272000,73.97793500,1.80000000
18.53272000,73.97805500,1.75000000
18.53272000,73.97817500,1.69000000
18.53284000,73.85517500,1.69000000
18.53284000,73.85529500,1.69000000
18.53284000,73.85541500,1.75000000
18.53284000,73.85553500,1.75000000
18.53284000,73.85565500,1.75000000
18.53284000,73.85577500,1.69000000
18.53284000,73.85589500,1.69000000
18.53284000,73.86153500,1.69000000
18.53284000,73.86165500,1.75000000
18.53284000,73.86177500,1.80000000
18.53284000,73.86189500,1.84000000
18.53284000,73.86201500,1.88000000
18.53284000,73.86213500,1.88000000
18.53284000,73.86225500,1.84000000
18.53284000,73.86237500,1.80000000
18.53284000,73.86249500,1.75000000
18.53284000,73.86261500,1.69000000
18.53284000,73.97661500,1.69000000
18.53284000,73.97673500,1.75000000
18.53284000,73.97685500,1.80000000
18.53284000,73.97697500,1.84000000
18.53284000,73.97709500,1.88000000
18.53284000,73.97721500,1.91000000
18.53284000,73.97733500,1.94000000
18.53284000,73.97745500,1.91000000
18.53284000,73.97757500,1.88000000
18.53284000,73.97769500,1.84000000
18.53284000,73.97781500,1.80000000
18.53284000,73.97793500,1.75000000
18.53284000,73.97805500,1.69000000
18.53296000,73.85517500,1.69000000
18.53296000,73.85529500,1.75000000
18.53296000,73.85541500,1.75000000
18.53296000,73.85553500,1.80000000
18.53296000,73.85565500,1.80000000
18.53296000,73.85577500,1.75000000
18.53296000,73.85589500,1.69000000
18.53296000,73.86153500,1.69000000
18.53296000,73.86165500,1.75000000
18.53296000,73.86177500,1.80000000
18.53296000,73.86189500,1.84000000
18.53296000,73.86201500,1.88000000
18.53296000,73.86213500,1.91000000
18.53296000,73.86225500,1.88000000
18.53296000,73.86237500,1.84000000
18.53296000,73.86249500,1.80000000
18.53296000,73.86261500,1.75000000
18.53296000,73.86273500,1.69000000
18.53296000,73.97649500,1.69000000
18.53296000,73.97661500,1.75000000
18.53296000,73.97673500,1.80000000
18.53296000,73.97685500,1.84000000
18.53296000,73.97697500,1.88000000
18.53296000,73.97709500,1.91000000
18.53296000,73.97721500,1.94000000
18.53296000,73.97733500,1.94000000
18.53296000,73.97745500,1.91000000
18.53296000,73.97757500,1.88000000
18.53296000,73.97769500,1.84000000
18.53296000,73.97781500,1.80000000
18.53296000,73.97793500,1.75000000
18.53296000,73.97805500,1.69000000
18.53308000,73.85529500,1.69000000
18.53308000,73.85541500,1.69000000
18.53308000,73.85553500,1.75000000
18.53308000,73.85565500,1.75000000
18.53308000,73.85577500,1.75000000
18.53308000,73.85589500,1.69000000
18.53308000,73.86153500,1.69000000
18.53308000,73.86165500,1.75000000
18.53308000,73.86177500,1.80000000
18.53308000,73.86189500,1.84000000
18.53308000,73.86201500,1.88000000
18.53308000,73.86213500,1.91000000
18.53308000,73.86225500,1.91000000
18.53308000,73.86237500,1.88000000
18.53308000,73.86249500,1.84000000
18.53308000,73.86261500,1.80000000
18.53308000,73.86273500,1.75000000
18.53308000,73.86285500,1.69000000
18.53308000,73.97637500,1.69000000
18.53308000,73.97649500,1.75000000
18.53308000,73.97661500,1.80000000
18.53308000,73.97673500,1.84000000
18.53308000,73.97685500,1.88000000
18.53308000,73.97697500,1.91000000
18.53308000,73.97709500,1.94000000
18.53308000,73.97721500,1.94000000
18.53308000,73.97733500,1.91000000
18.53308000,73.97745500,1.88000000
18.53308000,73.97757500,1.84000000
18.53308000,73.97769500,1.80000000
18.53308000,73.97781500,1.75000000
18.53308000,73.97793500,1.69000000
18.53320000,73.85553500,1.69000000
18.53320000,73.85565500,1.69000000
18.53320000,73.85577500,1.69000000
18.53320000,73.85589500,1.69000000
18.53320000,73.86165500,1.69000000
18.53320000,73.86177500,1.75000000
18.53320000,73.86189500,1.80000000
18.53320000,73.86201500,1.84000000
18.53320000,73.86213500,1.88000000
18.53320000,73.86225500,1.91000000
18.53320000,73.86237500,1.91000000
18.53320000,73.86249500,1.88000000
18.53320000,73.86261500,1.84000000
18.53320000,73.86273500,1.80000000
18.53320000,73.86285500,1.75000000
18.53320000,73.86297500,1.69000000
18.53320000,73.86309500,1.69000000
18.53320000,73.97625500,1.69000000
18.53320000,73.97637500,1.75000000
18.53320000,73.97649500,1.80000000
18.53320000,73.97661500,1.84000000
18.53320000,73.97673500,1.88000000
18.53320000,73.97685500,1.91000000
18.53320000,73.97697500,1.94000000
18.53320000,73.97709500,1.94000000
18.53320000,73.97721500,1.91000000
18.53320000,73.97733500,1.88000000
18.53320000,73.97745500,1.84000000
18.53320000,73.97757500,1.80000000
18.53320000,73.97769500,1.75000000
18.53320000,73.97781500,1.69000000
18.53332000,73.86165500,1.69000000
18.53332000,73.86177500,1.69000000
18.53332000,73.86189500,1.75000000
18.53332000,73.86201500,1.80000000
18.53332000,73.86213500,1.84000000
18.53332000,73.86225500,1.88000000
18.53332000,73.86237500,1.91000000
18.53332000,73.86249500,1.91000000
18.53332000,73.86261500,1.88000000
18.53332000,73.86273500,1.84000000
18.53332000,73.86285500,1.80000000
18.53332000,73.86297500,1.75000000
18.53332000,73.86309500,1.75000000
18.53332000,73.86321500,1.69000000
18.53332000,73.86333500,1.69000000
18.53332000,73.97625500,1.69000000
18.53332000,73.97637500,1.75000000
18.53332000,73.97649500,1.80000000
18.53332000,73.97661500,1.84000000
18.53332000,73.97673500,1.88000000
18.53332000,73.97685500,1.91000000
18.53332000,73.97697500,1.94000000
18.53332000,73.97709500,1.91000000
18.53332000,73.97721500,1.88000000
18.53332000,73.97733500,1.84000000
18.53332000,73.97745500,1.80000000
18.53332000,73.97757500,1.75000000
18.53332000,73.97769500,1.69000000
18.53344000,73.86189500,1.69000000
18.53344000,73.86201500,1.75000000
18.53344000,73.86213500,1.80000000
18.53344000,73.86225500,1.84000000
18.53344000,73.86237500,1.88000000
18.53344000,73.86249500,1.91000000
18.53344000,73.86261500,1.91000000
18.53344000,73.86273500,1.88000000
18.53344000,73.86285500,1.84000000
18.53344000,73.86297500,1.80000000
18.53344000,73.86309500,1.80000000
18.53344000,73.86321500,1.75000000
18.53344000,73.86333500,1.69000000
18.53344000,73.97613500,1.69000000
18.53344000,73.97625500,1.75000000
18.53344000,73.97637500,1.80000000
18.53344000,73.97649500,1.84000000
18.53344000,73.97661500,1.88000000
18.53344000,73.97673500,1.91000000
18.53344000,73.97685500,1.94000000
18.53344000,73.97697500,1.91000000
18.53344000,73.97709500,1.88000000
18.53344000,73.97721500,1.84000000
18.53344000,73.97733500,1.80000000
18.53344000,73.97745500,1.75000000
18.53344000,73.97757500,1.75000000
18.53344000,73.97769500,1.69000000
18.53356000,73.86201500,1.69000000
18.53356000,73.86213500,1.75000000
18.53356000,73.86225500,1.80000000
18.53356000,73.86237500,1.84000000
18.53356000,73.86249500,1.88000000
18.53356000,73.86261500,1.91000000
18.53356000,73.86273500,1.91000000
18.53356000,73.86285500,1.88000000
18.53356000,73.86297500,1.84000000
18.53356000,73.86309500,1.84000000
18.53356000,73.86321500,1.80000000
18.53356000,73.86333500,1.75000000
18.53356000,73.86345500,1.69000000
18.53356000,73.97601500,1.69000000
18.53356000,73.97613500,1.75000000
18.53356000,73.97625500,1.80000000
18.53356000,73.97637500,1.84000000
18.53356000,73.97649500,1.88000000
18.53356000,73.97661500,1.91000000
18.53356000,73.97673500,1.94000000
18.53356000,73.97685500,1.91000000
18.53356000,73.97697500,1.88000000
18.53356000,73.97709500,1.84000000
18.53356000,73.97721500,1.80000000
18.53356000,73.97733500,1.75000000
18.53356000,73.97745500,1.69000000
18.53356000,73.97757500,1.69000000
18.53368000,73.86201500,1.69000000
18.53368000,73.86213500,1.75000000
18.53368000,73.86225500,1.80000000
18.53368000,73.86237500,1.84000000
18.53368000,73.86249500,1.88000000
18.53368000,73.86261500,1.91000000
18.53368000,73.86273500,1.94000000
18.53368000,73.86285500,1.91000000
18.53368000,73.86297500,1.88000000
18.53368000,73.86309500,1.84000000
18.53368000,73.86321500,1.80000000
18.53368000,73.86333500,1.75000000
18.53368000,73.86345500,1.69000000
18.53368000,73.97577500,1.69000000
18.53368000,73.97589500,1.69000000
18.53368000,73.97601500,1.75000000
18.53368000,73.97613500,1.80000000
18.53368000,73.97625500,1.84000000
18.53368000,73.97637500,1.88000000
18.53368000,73.97649500,1.91000000
18.53368000,73.97661500,1.94000000
18.53368000,73.97673500,1.91000000
18.53368000,73.97685500,1.88000000
18.53368000,73.97697500,1.84000000
18.53368000,73.97709500,1.80000000
18.53368000,73.97721500,1.75000000
18.53368000,73.97733500,1.69000000
18.53380000,73.86213500,1.69000000
18.53380000,73.86225500,1.75000000
18.53380000,73.86237500,1.80000000
18.53380000,73.86249500,1.84000000
18.53380000,73.86261500,1.88000000
18.53380000,73.86273500,1.91000000
18.53380000,73.86285500,1.94000000
18.53380000,73.86297500,1.91000000
18.53380000,73.86309500,1.88000000
18.53380000,73.86321500,1.84000000
18.53380000,73.86333500,1.80000000
18.53380000,73.86345500,1.75000000
18.53380000,73.86357500,1.69000000
18.53380000,73.97577500,1.69000000
18.53380000,73.97589500,1.75000000
18.53380000,73.97601500,1.80000000
18.53380000,73.97613500,1.84000000
18.53380000,73.97625500,1.88000000
18.53380000,73.97637500,1.91000000
18.53380000,73.97649500,1.94000000
18.53380000,73.97661500,1.91000000
18.53380000,73.97673500,1.88000000
18.53380000,73.97685500,1.84000000
18.53380000,73.97697500,1.80000000
18.53380000,73.97709500,1.75000000
18.53380000,73.97721500,1.69000000
18.53392000,73.86225500,1.69000000
18.53392000,73.86237500,1.75000000
18.53392000,73.86249500,1.80000000
18.53392000,73.86261500,1.84000000
18.53392000,73.86273500,1.88000000
18.53392000,73.86285500,1.91000000
18.53392000,73.86297500,1.94000000
18.53392000,73.86309500,1.91000000
18.53392000,73.86321500,1.88000000
18.53392000,73.86333500,1.84000000
18.53392000,73.86345500,1.80000000
18.53392000,73.86357500,1.75000000
18.53392000,73.86369500,1.69000000
18.53392000,73.97565500,1.69000000
18.53392000,73.97577500,1.75000000
18.53392000,73.97589500,1.80000000
18.53392000,73.97601500,1.84000000
18.53392000,73.97613500,1.88000000
18.53392000,73.97625500,1.91000000
18.53392000,73.97637500,1.94000000
18.53392000,73.97649500,1.94000000
18.53392000,73.97661500,1.91000000
18.53392000,73.97673500,1.88000000
18.53392000,73.97685500,1.84000000
18.53392000,73.97697500,1.80000000
18.53392000,73.97709500,1.75000000
18.53392000,73.97721500,1.69000000
18.53404000,73.86225500,1.69000000
18.53404000,73.86237500,1.75000000
18.53404000,73.86249500,1.80000000
18.53404000,73.86261500,1.84000000
18.53404000,73.86273500,1.88000000
18.53404000,73.86285500,1.91000000
18.53404000,73.86297500,1.94000000
18.53404000,73.86309500,1.94000000
18.53404000,73.86321500,1.91000000
18.53404000,73.86333500,1.88000000
18.53404000,73.86345500,1.84000000
18.53404000,73.86357500,1.80000000
18.53404000,73.86369500,1.75000000
18.53404000,73.86381500,1.69000000
18.53404000,73.97565500,1.69000000
18.53404000,73.97577500,1.75000000
18.53404000,73.97589500,1.80000000
18.53404000,73.97601500,1.84000000
18.53404000,73.97613500,1.88000000
18.53404000,73.97625500,1.91000000
18.53404000,73.97637500,1.94000000
18.53404000,73.97649500,1.91000000
18.53404000,73.97661500,1.88000000
18.53404000,73.97673500,1.84000000
18.53404000,73.97685500,1.80000000
18.53404000,73.97697500,1.75000000
18.53404000,73.97709500,1.69000000
18.53416000,73.86225500,1.69000000
18.53416000,73.86237500,1.75000000
18.53416000,73.86249500,1.80000000
18.53416000,73.86261500,1.84000000
18.53416000,73.86273500,1.88000000
18.53416000,73.86285500,1.91000000
18.53416000,73.86297500,1.94000000
18.53416000,73.86309500,1.97000000
18.53416000,73.86321500,1.94000000
18.53416000,73.86333500,1.91000000
18.53416000,73.86345500,1.88000000
18.53416000,73.86357500,1.84000000
18.53416000,73.86369500,1.80000000
18.53416000,73.86381500,1.75000000
18.53416000,73.86393500,1.69000000
18.53416000,73.97553500,1.69000000
18.53416000,73.97565500,1.75000000
18.53416000,73.97577500,1.80000000
18.53416000,73.97589500,1.84000000
18.53416000,73.97601500,1.88000000
18.53416000,73.97613500,1.91000000
18.53416000,73.97625500,1.94000000
18.53416000,73.97637500,1.94000000
18.53416000,73.97649500,1.91000000
18.53416000,73.97661500,1.88000000
18.53416000,73.97673500,1.84000000
18.53416000,73.97685500,1.80000000
18.53416000,73.97697500,1.75000000
18.53416000,73.97709500,1.69000000
18.53428000,73.86225500,1.69000000
18.53428000,73.86237500,1.75000000
18.53428000,73.86249500,1.80000000
18.53428000,73.86261500,1.84000000
18.53428000,73.86273500,1.88000000
18.53428000,73.86285500,1.91000000
18.53428000,73.86297500,1.94000000
18.53428000,73.86309500,1.97000000
18.53428000,73.86321500,1.97000000
18.53428000,73.86333500,1.94000000
18.53428000,73.86345500,1.91000000
18.53428000,73.86357500,1.88000000
18.53428000,73.86369500,1.84000000
18.53428000,73.86381500,1.80000000
18.53428000,73.86393500,1.75000000
18.53428000,73.86405500,1.69000000
18.53428000,73.86417500,1.69000000
18.53428000,73.86429500,1.69000000
18.53428000,73.86441500,1.69000000
18.53428000,73.97553500,1.69000000
18.53428000,73.97565500,1.75000000
18.53428000,73.97577500,1.80000000
18.53428000,73.97589500,1.84000000
18.53428000,73.97601500,1.88000000
18.53428000,73.97613500,1.91000000
18.53428000,73.97625500,1.94000000
18.53428000,73.97637500,1.94000000
18.53428000,73.97649500,1.91000000
18.53428000,73.97661500,1.88000000
18.53428000,73.97673500,1.84000000
18.53428000,73.97685500,1.80000000
18.53428000,73.97697500,1.75000000
18.53428000,73.97709500,1.69000000
18.53440000,73.86225500,1.69000000
18.53440000,73.86237500,1.75000000
18.53440000,73.86249500,1.80000000
18.53440000,73.86261500,1.84000000
18.53440000,73.86273500,1.88000000
18.53440000,73.86285500,1.91000000
18.53440000,73.86297500,1.94000000
18.53440000,73.86309500,1.97000000
18.53440000,73.86321500,2.00000000
18.53440000,73.86333500,1.97000000
18.53440000,73.86345500,1.94000000
18.53440000,73.86357500,1.91000000
18.53440000,73.86369500,1.88000000
18.53440000,73.86381500,1.84000000
18.53440000,73.86393500,1.80000000
18.53440000,73.86405500,1.75000000
18.53440000,73.86417500,1.75000000
18.53440000,73.86429500,1.75000000
18.53440000,73.86441500,1.75000000
18.53440000,73.86453500,1.69000000
18.53440000,73.86465500,1.69000000
18.53440000,73.97553500,1.69000000
18.53440000,73.97565500,1.75000000
18.53440000,73.97577500,1.80000000
18.53440000,73.97589500,1.84000000
18.53440000,73.97601500,1.88000000
18.53440000,73.97613500,1.91000000
18.53440000,73.97625500,1.94000000
18.53440000,73.97637500,1.91000000
18.53440000,73.97649500,1.88000000
18.53440000,73.97661500,1.84000000
18.53440000,73.97673500,1.80000000
18.53440000,73.97685500,1.75000000
18.53440000,73.97697500,1.69000000
18.53452000,73.86237500,1.69000000
18.53452000,73.86249500,1.75000000
18.53452000,73.86261500,1.80000000
18.53452000,73.86273500,1.84000000
18.53452000,73.86285500,1.88000000
18.53452000,73.86297500,1.91000000
18.53452000,73.86309500,1.94000000
18.53452000,73.86321500,1.97000000
18.53452000,73.86333500,2.00000000
18.53452000,73.86345500,1.97000000
18.53452000,73.86357500,1.94000000
18.53452000,73.86369500,1.91000000
18.53452000,73.86381500,1.88000000
18.53452000,73.86393500,1.84000000
18.53452000,73.86405500,1.80000000
18.53452000,73.86417500,1.80000000
18.53452000,73.86429500,1.80000000
18.53452000,73.86441500,1.80000000
18.53452000,73.86453500,1.75000000
18.53452000,73.86465500,1.75000000
18.53452000,73.86477500,1.69000000
18.53452000,73.97541500,1.69000000
18.53452000,73.97553500,1.75000000
18.53452000,73.97565500,1.80000000
18.53452000,73.97577500,1.84000000
18.53452000,73.97589500,1.88000000
18.53452000,73.97601500,1.91000000
18.53452000,73.97613500,1.94000000
18.53452000,73.97625500,1.94000000
18.53452000,73.97637500,1.91000000
18.53452000,73.97649500,1.88000000
18.53452000,73.97661500,1.84000000
18.53452000,73.97673500,1.80000000
18.53452000,73.97685500,1.75000000
18.53452000,73.97697500,1.69000000
18.53464000,73.86237500,1.69000000
18.53464000,73.86249500,1.75000000
18.53464000,73.86261500,1.80000000
18.53464000,73.86273500,1.84000000
18.53464000,73.86285500,1.88000000
18.53464000,73.86297500,1.91000000
18.53464000,73.86309500,1.94000000
18.53464000,73.86321500,1.97000000
18.53464000,73.86333500,2.00000000
18.53464000,73.86345500,1.97000000
18.53464000,73.86357500,1.94000000
18.53464000,73.86369500,1.91000000
18.53464000,73.86381500,1.88000000
18.53464000,73.86393500,1.84000000
18.53464000,73.86405500,1.80000000
18.53464000,73.86417500,1.75000000
18.53464000,73.86429500,1.75000000
18.53464000,73.86441500,1.75000000
18.53464000,73.86453500,1.75000000
18.53464000,73.86465500,1.75000000
18.53464000,73.86477500,1.69000000
18.53464000,73.97541500,1.69000000
18.53464000,73.97553500,1.75000000
18.53464000,73.97565500,1.80000000
18.53464000,73.97577500,1.84000000
18.53464000,73.97589500,1.88000000
18.53464000,73.97601500,1.91000000
18.53464000,73.97613500,1.94000000
18.53464000,73.97625500,1.91000000
18.53464000,73.97637500,1.88000000
18.53464000,73.97649500,1.84000000
18.53464000,73.97661500,1.80000000
18.53464000,73.97673500,1.75000000
18.53464000,73.97685500,1.69000000
18.53476000,73.86237500,1.69000000
18.53476000,73.86249500,1.75000000
18.53476000,73.86261500,1.80000000
18.53476000,73.86273500,1.84000000
18.53476000,73.86285500,1.88000000
18.53476000,73.86297500,1.91000000
18.53476000,73.86309500,1.94000000
18.53476000,73.86321500,1.97000000
18.53476000,73.86333500,1.97000000
18.53476000,73.86345500,1.94000000
18.53476000,73.86357500,1.91000000
18.53476000,73.86369500,1.88000000
18.53476000,73.86381500,1.84000000
18.53476000,73.86393500,1.80000000
18.53476000,73.86405500,1.75000000
18.53476000,73.86417500,1.69000000
18.53476000,73.86429500,1.69000000
18.53476000,73.86441500,1.69000000
18.53476000,73.86453500,1.69000000
18.53476000,73.86465500,1.69000000
18.53476000,73.97541500,1.69000000
18.53476000,73.97553500,1.75000000
18.53476000,73.97565500,1.80000000
18.53476000,73.97577500,1.84000000
18.53476000,73.97589500,1.88000000
18.53476000,73.97601500,1.91000000
18.53476000,73.97613500,1.91000000
18.53476000,73.97625500,1.88000000
18.53476000,73.97637500,1.84000000
18.53476000,73.97649500,1.80000000
18.53476000,73.97661500,1.75000000
18.53476000,73.97673500,1.69000000
18.53488000,73.86249500,1.69000000
18.53488000,73.86261500,1.75000000
18.53488000,73.86273500,1.80000000
18.53488000,73.86285500,1.84000000
18.53488000,73.86297500,1.88000000
18.53488000,73.86309500,1.91000000
18.53488000,73.86321500,1.94000000
18.53488000,73.86333500,1.94000000
18.53488000,73.86345500,1.91000000
18.53488000,73.86357500,1.88000000
18.53488000,73.86369500,1.84000000
18.53488000,73.86381500,1.80000000
18.53488000,73.86393500,1.75000000
18.53488000,73.86405500,1.69000000
18.53488000,73.93605500,1.69000000
18.53488000,73.93617500,1.69000000
18.53488000,73.93677500,1.69000000
18.53488000,73.97529500,1.69000000
18.53488000,73.97541500,1.75000000
18.53488000,73.97553500,1.80000000
18.53488000,73.97565500,1.84000000
18.53488000,73.97577500,1.88000000
18.53488000,73.97589500,1.91000000
18.53488000,73.97601500,1.91000000
18.53488000,73.97613500,1.88000000
18.53488000,73.97625500,1.84000000
18.53488000,73.97637500,1.80000000
18.53488000,73.97649500,1.75000000
18.53488000,73.97661500,1.69000000
18.53500000,73.86249500,1.69000000
18.53500000,73.86261500,1.75000000
18.53500000,73.86273500,1.80000000
18.53500000,73.86285500,1.84000000
18.53500000,73.86297500,1.88000000
18.53500000,73.86309500,1.91000000
18.53500000,73.86321500,1.94000000
18.53500000,73.86333500,1.94000000
18.53500000,73.86345500,1.91000000
18.53500000,73.86357500,1.88000000
18.53500000,73.86369500,1.84000000
18.53500000,73.86381500,1.80000000
18.53500000,73.86393500,1.75000000
18.53500000,73.86405500,1.69000000
18.53500000,73.93593500,1.69000000
18.53500000,73.93605500,1.75000000
18.53500000,73.93617500,1.75000000
18.53500000,73.93629500,1.69000000
18.53500000,73.93641500,1.69000000
18.53500000,73.93653500,1.69000000
18.53500000,73.93665500,1.69000000
18.53500000,73.93677500,1.75000000
18.53500000,73.93689500,1.69000000
18.53500000,73.93701500,1.69000000
18.53500000,73.97529500,1.69000000
18.53500000,73.97541500,1.75000000
18.53500000,73.97553500,1.80000000
18.53500000,73.97565500,1.84000000
18.53500000,73.97577500,1.88000000
18.53500000,73.97589500,1.91000000
18.53500000,73.97601500,1.91000000
18.53500000,73.97613500,1.88000000
18.53500000,73.97625500,1.84000000
18.53500000,73.97637500,1.80000000
18.53500000,73.97649500,1.75000000
18.53500000,73.97661500,1.69000000
18.53512000,73.86261500,1.69000000
18.53512000,73.86273500,1.75000000
18.53512000,73.86285500,1.80000000
18.53512000,73.86297500,1.84000000
18.53512000,73.86309500,1.88000000
18.53512000,73.86321500,1.91000000
18.53512000,73.86333500,1.94000000
18.53512000,73.86345500,1.91000000
18.53512000,73.86357500,1.88000000
18.53512000,73.86369500,1.84000000
18.53512000,73.86381500,1.80000000
18.53512000,73.86393500,1.75000000
18.53512000,73.86405500,1.69000000
18.53512000,73.93581500,1.69000000
18.53512000,73.93593500,1.75000000
18.53512000,73.93605500,1.80000000
18.53512000,73.93617500,1.80000000
18.53512000,73.93629500,1.75000000
18.53512000,73.93641500,1.75000000
18.53512000,73.93653500,1.75000000
18.53512000,73.93665500,1.75000000
18.53512000,73.93677500,1.80000000
18.53512000,73.93689500,1.75000000
18.53512000,73.93701500,1.75000000
18.53512000,73.93713500,1.69000000
18.53512000,73.93725500,1.69000000
18.53512000,73.93737500,1.69000000
18.53512000,73.97517500,1.69000000
18.53512000,73.97529500,1.75000000
18.53512000,73.97541500,1.80000000
18.53512000,73.97553500,1.84000000
18.53512000,73.97565500,1.88000000
18.53512000,73.97577500,1.91000000
18.53512000,73.97589500,1.94000000
18.53512000,73.97601500,1.91000000
18.53512000,73.97613500,1.88000000
18.53512000,73.97625500,1.84000000
18.53512000,73.97637500,1.80000000
18.53512000,73.97649500,1.75000000
18.53512000,73.97661500,1.69000000
18.53524000,73.86261500,1.69000000
18.53524000,73.86273500,1.75000000
18.53524000,73.86285500,1.80000000
18.53524000,73.86297500,1.84000000
18.53524000,73.86309500,1.88000000
18.53524000,73.86321500,1.91000000
18.53524000,73.86333500,1.94000000
18.53524000,73.86345500,1.94000000
18.53524000,73.86357500,1.91000000
18.53524000,73.86369500,1.88000000
18.53524000,73.86381500,1.84000000
18.53524000,73.86393500,1.80000000
18.53524000,73.86405500,1.75000000
18.53524000,73.86417500,1.69000000
18.53524000,73.93581500,1.69000000
18.53524000,73.93593500,1.75000000
18.53524000,73.93605500,1.80000000
18.53524000,73.93617500,1.84000000
18.53524000,73.93629500,1.80000000
18.53524000,73.93641500,1.80000000
18.53524000,73.93653500,1.80000000
18.53524000,73.93665500,1.80000000
18.53524000,73.93677500,1.84000000
18.53524000,73.93689500,1.80000000
18.53524000,73.93701500,1.80000000
18.53524000,73.93713500,1.75000000
18.53524000,73.93725500,1.75000000
18.53524000,73.93737500,1.75000000
18.53524000,73.93749500,1.69000000
18.53524000,73.93761500,1.69000000
18.53524000,73.93833500,1.69000000
18.53524000,73.97517500,1.69000000
18.53524000,73.97529500,1.75000000
18.53524000,73.97541500,1.80000000
18.53524000,73.97553500,1.84000000
18.53524000,73.97565500,1.88000000
18.53524000,73.97577500,1.91000000
18.53524000,73.97589500,1.94000000
18.53524000,73.97601500,1.91000000
18.53524000,73.97613500,1.88000000
18.53524000,73.97625500,1.84000000
18.53524000,73.97637500,1.80000000
18.53524000,73.97649500,1.75000000
18.53524000,73.97661500,1.69000000
18.53536000,73.86273500,1.69000000
18.53536000,73.86285500,1.75000000
18.53536000,73.86297500,1.80000000
18.53536000,73.86309500,1.84000000
18.53536000,73.86321500,1.88000000
18.53536000,73.86333500,1.91000000
18.53536000,73.86345500,1.94000000
18.53536000,73.86357500,1.91000000
18.53536000,73.86369500,1.88000000
18.53536000,73.86381500,1.84000000
18.53536000,73.86393500,1.80000000
18.53536000,73.86405500,1.75000000
18.53536000,73.86417500,1.69000000
18.53536000,73.93521500,1.69000000
18.53536000,73.93533500,1.69000000
18.53536000,73.93545500,1.69000000
18.53536000,73.93581500,1.69000000
18.53536000,73.93593500,1.69000000
18.53536000,73.93605500,1.75000000
18.53536000,73.93617500,1.80000000
18.53536000,73.93629500,1.84000000
18.53536000,73.93641500,1.84000000
18.53536000,73.93653500,1.84000000
18.53536000,73.93665500,1.84000000
18.53536000,73.93677500,1.88000000
18.53536000,73.93689500,1.84000000
18.53536000,73.93701500,1.84000000
18.53536000,73.93713500,1.80000000
18.53536000,73.93725500,1.80000000
18.53536000,73.93737500,1.80000000
18.53536000,73.93749500,1.75000000
18.53536000,73.93761500,1.75000000
18.53536000,73.93773500,1.69000000
18.53536000,73.93785500,1.69000000
18.53536000,73.93797500,1.69000000
18.53536000,73.93809500,1.69000000
18.53536000,73.93821500,1.69000000
18.53536000,73.93833500,1.75000000
18.53536000,73.93845500,1.69000000
18.53536000,73.93857500,1.69000000
18.53536000,73.93869500,1.69000000
18.53536000,73.97505500,1.69000000
18.53536000,73.97517500,1.75000000
18.53536000,73.97529500,1.80000000
18.53536000,73.97541500,1.84000000
18.53536000,73.97553500,1.88000000
18.53536000,73.97565500,1.91000000
18.53536000,73.97577500,1.94000000
18.53536000,73.97589500,1.91000000
18.53536000,73.97601500,1.88000000
18.53536000,73.97613500,1.84000000
18.53536000,73.97625500,1.80000000
18.53536000,73.97637500,1.75000000
18.53536000,73.97649500,1.69000000
18.53548000,73.86273500,1.69000000
18.53548000,73.86285500,1.75000000
18.53548000,73.86297500,1.80000000
18.53548000,73.86309500,1.84000000
18.53548000,73.86321500,1.88000000
18.53548000,73.86333500,1.91000000
18.53548000,73.86345500,1.94000000
18.53548000,73.86357500,1.91000000
18.53548000,73.86369500,1.88000000
18.53548000,73.86381500,1.84000000
18.53548000,73.86393500,1.80000000
18.53548000,73.86405500,1.75000000
18.53548000,73.86417500,1.69000000
18.53548000,73.93509500,1.69000000
18.53548000,73.93521500,1.75000000
18.53548000,73.93533500,1.75000000
18.53548000,73.93545500,1.75000000
18.53548000,73.93557500,1.69000000
18.53548000,73.93569500,1.69000000
18.53548000,73.93605500,1.69000000
18.53548000,73.93617500,1.75000000
18.53548000,73.93629500,1.80000000
18.53548000,73.93641500,1.84000000
18.53548000,73.93653500,1.88000000
18.53548000,73.93665500,1.88000000
18.53548000,73.93677500,1.91000000
18.53548000,73.93689500,1.88000000
18.53548000,73.93701500,1.88000000
18.53548000,73.93713500,1.84000000
18.53548000,73.93725500,1.84000000
18.53548000,73.93737500,1.84000000
18.53548000,73.93749500,1.80000000
18.53548000,73.93761500,1.80000000
18.53548000,73.93773500,1.75000000
18.53548000,73.93785500,1.75000000
18.53548000,73.93797500,1.75000000
18.53548000,73.93809500,1.75000000
18.53548000,73.93821500,1.75000000
18.53548000,73.93833500,1.80000000
18.53548000,73.93845500,1.75000000
18.53548000,73.93857500,1.75000000
18.53548000,73.93869500,1.75000000
18.53548000,73.93881500,1.69000000
18.53548000,73.97493500,1.69000000
18.53548000,73.97505500,1.75000000
18.53548000,73.97517500,1.80000000
18.53548000,73.97529500,1.84000000
18.53548000,73.97541500,1.88000000
18.53548000,73.97553500,1.91000000
18.53548000,73.97565500,1.94000000
18.53548000,73.97577500,1.91000000
18.53548000,73.97589500,1.88000000
18.53548000,73.97601500,1.84000000
18.53548000,73.97613500,1.80000000
18.53548000,73.97625500,1.75000000
18.53548000,73.97637500,1.69000000
18.53560000,73.86285500,1.69000000
18.53560000,73.86297500,1.75000000
18.53560000,73.86309500,1.80000000
18.53560000,73.86321500,1.84000000
18.53560000,73.86333500,1.88000000
18.53560000,73.86345500,1.91000000
18.53560000,73.86357500,1.91000000
18.53560000,73.86369500,1.88000000
18.53560000,73.86381500,1.84000000
18.53560000,73.86393500,1.80000000
18.53560000,73.86405500,1.75000000
18.53560000,73.86417500,1.69000000
18.53560000,73.93509500,1.69000000
18.53560000,73.93521500,1.75000000
18.53560000,73.93533500,1.80000000
18.53560000,73.93545500,1.80000000
18.53560000,73.93557500,1.75000000
18.53560000,73.93569500,1.75000000
18.53560000,73.93581500,1.69000000
18.53560000,73.93605500,1.69000000
18.53560000,73.93617500,1.75000000
18.53560000,73.93629500,1.80000000
18.53560000,73.93641500,1.84000000
18.53560000,73.93653500,1.88000000
18.53560000,73.93665500,1.91000000
18.53560000,73.93677500,1.94000000
18.53560000,73.93689500,1.91000000
18.53560000,73.93701500,1.91000000
18.53560000,73.93713500,1.88000000
18.53560000,73.93725500,1.88000000
18.53560000,73.93737500,1.88000000
18.53560000,73.93749500,1.84000000
18.53560000,73.93761500,1.84000000
18.53560000,73.93773500,1.80000000
18.53560000,73.93785500,1.80000000
18.53560000,73.93797500,1.80000000
18.53560000,73.93809500,1.80000000
18.53560000,73.93821500,1.80000000
18.53560000,73.93833500,1.84000000
18.53560000,73.93845500,1.80000000
18.53560000,73.93857500,1.80000000
18.53560000,73.93869500,1.80000000
18.53560000,73.93881500,1.75000000
18.53560000,73.93893500,1.69000000
18.53560000,73.97481500,1.69000000
18.53560000,73.97493500,1.75000000
18.53560000,73.97505500,1.80000000
18.53560000,73.97517500,1.84000000
18.53560000,73.97529500,1.88000000
18.53560000,73.97541500,1.91000000
18.53560000,73.97553500,1.94000000
18.53560000,73.97565500,1.91000000
18.53560000,73.97577500,1.88000000
18.53560000,73.97589500,1.84000000
18.53560000,73.97601500,1.80000000
18.53560000,73.97613500,1.75000000
18.53560000,73.97625500,1.69000000
18.53572000,73.86285500,1.69000000
18.53572000,73.86297500,1.75000000
18.53572000,73.86309500,1.80000000
18.53572000,73.86321500,1.84000000
18.53572000,73.86333500,1.88000000
18.53572000,73.86345500,1.91000000
18.53572000,73.86357500,1.91000000
18.53572000,73.86369500,1.88000000
18.53572000,73.86381500,1.84000000
18.53572000,73.86393500,1.80000000
18.53572000,73.86405500,1.75000000
18.53572000,73.86417500,1.69000000
18.53572000,73.93269500,1.69000000
18.53572000,73.93281500,1.69000000
18.53572000,73.93509500,1.69000000
18.53572000,73.93521500,1.75000000
18.53572000,73.93533500,1.80000000
18.53572000,73.93545500,1.84000000
18.53572000,73.93557500,1.80000000
18.53572000,73.93569500,1.80000000
18.53572000,73.93581500,1.75000000
18.53572000,73.93593500,1.69000000
18.53572000,73.93605500,1.75000000
18.53572000,73.93617500,1.80000000
18.53572000,73.93629500,1.84000000
18.53572000,73.93641500,1.88000000
18.53572000,73.93653500,1.91000000
18.53572000,73.93665500,1.94000000
18.53572000,73.93677500,1.94000000
18.53572000,73.93689500,1.94000000
18.53572000,73.93701500,1.94000000
18.53572000,73.93713500,1.91000000
18.53572000,73.93725500,1.91000000
18.53572000,73.93737500,1.91000000
18.53572000,73.93749500,1.88000000
18.53572000,73.93761500,1.88000000
18.53572000,73.93773500,1.84000000
18.53572000,73.93785500,1.84000000
18.53572000,73.93797500,1.84000000
18.53572000,73.93809500,1.84000000
18.53572000,73.93821500,1.84000000
18.53572000,73.93833500,1.88000000
18.53572000,73.93845500,1.84000000
18.53572000,73.93857500,1.84000000
18.53572000,73.93869500,1.84000000
18.53572000,73.93881500,1.80000000
18.53572000,73.93893500,1.75000000
18.53572000,73.93905500,1.69000000
18.53572000,73.97481500,1.69000000
18.53572000,73.97493500,1.75000000
18.53572000,73.97505500,1.80000000
18.53572000,73.97517500,1.84000000
18.53572000,73.97529500,1.88000000
18.53572000,73.97541500,1.91000000
18.53572000,73.97553500,1.94000000
18.53572000,73.97565500,1.91000000
18.53572000,73.97577500,1.88000000
18.53572000,73.97589500,1.84000000
18.53572000,73.97601500,1.80000000
18.53572000,73.97613500,1.75000000
18.53572000,73.97625500,1.69000000
18.53584000,73.86297500,1.69000000
18.53584000,73.86309500,1.75000000
18.53584000,73.86321500,1.80000000
18.53584000,73.86333500,1.84000000
18.53584000,73.86345500,1.88000000
18.53584000,73.86357500,1.91000000
18.53584000,73.86369500,1.91000000
18.53584000,73.86381500,1.88000000
18.53584000,73.86393500,1.84000000
18.53584000,73.86405500,1.80000000
18.53584000,73.86417500,1.75000000
18.53584000,73.86429500,1.69000000
18.53584000,73.86441500,1.69000000
18.53584000,73.93245500,1.69000000
18.53584000,73.93257500,1.69000000
18.53584000,73.93269500,1.75000000
18.53584000,73.93281500,1.75000000
18.53584000,73.93293500,1.69000000
18.53584000,73.93305500,1.69000000
18.53584000,73.93521500,1.69000000
18.53584000,73.93533500,1.75000000
18.53584000,73.93545500,1.80000000
18.53584000,73.93557500,1.84000000
18.53584000,73.93569500,1.84000000
18.53584000,73.93581500,1.80000000
18.53584000,73.93593500,1.75000000
18.53584000,73.93605500,1.80000000
18.53584000,73.93617500,1.84000000
18.53584000,73.93629500,1.84000000
18.53584000,73.93641500,1.88000000
18.53584000,73.93653500,1.91000000
18.53584000,73.93665500,1.91000000
18.53584000,73.93677500,1.91000000
18.53584000,73.93689500,1.91000000
18.53584000,73.93701500,1.91000000
18.53584000,73.93713500,1.91000000
18.53584000,73.93725500,1.91000000
18.53584000,73.93737500,1.91000000
18.53584000,73.93749500,1.91000000
18.53584000,73.93761500,1.91000000
18.53584000,73.93773500,1.88000000
18.53584000,73.93785500,1.88000000
18.53584000,73.93797500,1.88000000
18.53584000,73.93809500,1.88000000
18.53584000,73.93821500,1.88000000
18.53584000,73.93833500,1.88000000
18.53584000,73.93845500,1.88000000
18.53584000,73.93857500,1.88000000
18.53584000,73.93869500,1.84000000
18.53584000,73.93881500,1.80000000
18.53584000,73.93893500,1.75000000
18.53584000,73.93905500,1.69000000
18.53584000,73.97469500,1.69000000
18.53584000,73.97481500,1.75000000
18.53584000,73.97493500,1.80000000
18.53584000,73.97505500,1.84000000
18.53584000,73.97517500,1.88000000
18.53584000,73.97529500,1.91000000
18.53584000,73.97541500,1.94000000
18.53584000,73.97553500,1.91000000
18.53584000,73.97565500,1.88000000
18.53584000,73.97577500,1.84000000
18.53584000,73.97589500,1.80000000
18.53584000,73.97601500,1.75000000
18.53584000,73.97613500,1.69000000
18.53596000,73.86297500,1.69000000
18.53596000,73.86309500,1.75000000
18.53596000,73.86321500,1.80000000
18.53596000,73.86333500,1.84000000
18.53596000,73.86345500,1.88000000
18.53596000,73.86357500,1.91000000
18.53596000,73.86369500,1.94000000
18.53596000,73.86381500,1.91000000
18.53596000,73.86393500,1.88000000
18.53596000,73.86405500,1.84000000
18.53596000,73.86417500,1.80000000
18.53596000,73.86429500,1.75000000
18.53596000,73.86441500,1.75000000
18.53596000,73.86453500,1.69000000
18.53596000,73.93233500,1.69000000
18.53596000,73.93245500,1.75000000
18.53596000,73.93257500,1.75000000
18.53596000,73.93269500,1.80000000
18.53596000,73.93281500,1.80000000
18.53596000,73.93293500,1.75000000
18.53596000,73.93305500,1.69000000
18.53596000,73.93521500,1.69000000
18.53596000,73.93533500,1.75000000
18.53596000,73.93545500,1.80000000
18.53596000,73.93557500,1.84000000
18.53596000,73.93569500,1.88000000
18.53596000,73.93581500,1.84000000
18.53596000,73.93593500,1.80000000
18.53596000,73.93605500,1.84000000
18.53596000,73.93617500,1.84000000
18.53596000,73.93629500,1.80000000
18.53596000,73.93641500,1.84000000
18.53596000,73.93653500,1.88000000
18.53596000,73.93665500,1.88000000
18.53596000,73.93677500,1.88000000
18.53596000,73.93689500,1.88000000
18.53596000,73.93701500,1.88000000
18.53596000,73.93713500,1.88000000
18.53596000,73.93725500,1.88000000
18.53596000,73.93737500,1.88000000
18.53596000,73.93749500,1.88000000
18.53596000,73.93761500,1.88000000
18.53596000,73.93773500,1.84000000
18.53596000,73.93785500,1.84000000
18.53596000,73.93797500,1.84000000
18.53596000,73.93809500,1.84000000
18.53596000,73.93821500,1.84000000
18.53596000,73.93833500,1.84000000
18.53596000,73.93845500,1.88000000
18.53596000,73.93857500,1.88000000
18.53596000,73.93869500,1.88000000
18.53596000,73.93881500,1.84000000
18.53596000,73.93893500,1.80000000
18.53596000,73.93905500,1.75000000
18.53596000,73.93917500,1.69000000
18.53596000,73.97469500,1.69000000
18.53596000,73.97481500,1.75000000
18.53596000,73.97493500,1.80000000
18.53596000,73.97505500,1.84000000
18.53596000,73.97517500,1.88000000
18.53596000,73.97529500,1.91000000
18.53596000,73.97541500,1.94000000
18.53596000,73.97553500,1.91000000
18.53596000,73.97565500,1.88000000
18.53596000,73.97577500,1.84000000
18.53596000,73.97589500,1.80000000
18.53596000,73.97601500,1.75000000
18.53596000,73.97613500,1.69000000
18.53608000,73.86309500,1.69000000
18.53608000,73.86321500,1.75000000
18.53608000,73.86333500,1.80000000
18.53608000,73.86345500,1.84000000
18.53608000,73.86357500,1.88000000
18.53608000,73.86369500,1.91000000
18.53608000,73.86381500,1.94000000
18.53608000,73.86393500,1.91000000
18.53608000,73.86405500,1.88000000
18.53608000,73.86417500,1.84000000
18.53608000,73.86429500,1.80000000
18.53608000,73.86441500,1.80000000
18.53608000,73.86453500,1.75000000
18.53608000,73.86465500,1.69000000
18.53608000,73.93209500,1.69000000
18.53608000,73.93221500,1.69000000
18.53608000,73.93233500,1.75000000
18.53608000,73.93245500,1.80000000
18.53608000,73.93257500,1.80000000
18.53608000,73.93269500,1.84000000
18.53608000,73.93281500,1.80000000
18.53608000,73.93293500,1.75000000
18.53608000,73.93305500,1.69000000
18.53608000,73.93533500,1.69000000
18.53608000,73.93545500,1.75000000
18.53608000,73.93557500,1.80000000
18.53608000,73.93569500,1.84000000
18.53608000,73.93581500,1.88000000
18.53608000,73.93593500,1.84000000
18.53608000,73.93605500,1.84000000
18.53608000,73.93617500,1.80000000
18.53608000,73.93629500,1.75000000
18.53608000,73.93641500,1.80000000
18.53608000,73.93653500,1.84000000
18.53608000,73.93665500,1.84000000
18.53608000,73.93677500,1.84000000
18.53608000,73.93689500,1.84000000
18.53608000,73.93701500,1.84000000
18.53608000,73.93713500,1.84000000
18.53608000,73.93725500,1.84000000
18.53608000,73.93737500,1.84000000
18.53608000,73.93749500,1.84000000
18.53608000,73.93761500,1.84000000
18.53608000,73.93773500,1.80000000
18.53608000,73.93785500,1.80000000
18.53608000,73.93797500,1.80000000
18.53608000,73.93809500,1.80000000
18.53608000,73.93821500,1.80000000
18.53608000,73.93833500,1.80000000
18.53608000,73.93845500,1.84000000
18.53608000,73.93857500,1.84000000
18.53608000,73.93869500,1.84000000
18.53608000,73.93881500,1.88000000
18.53608000,73.93893500,1.84000000
18.53608000,73.93905500,1.80000000
18.53608000,73.93917500,1.75000000
18.53608000,73.93929500,1.69000000
18.53608000,73.93953500,1.69000000
18.53608000,73.93965500,1.69000000
18.53608000,73.93977500,1.69000000
18.53608000,73.97469500,1.69000000
18.53608000,73.97481500,1.75000000
18.53608000,73.97493500,1.80000000
18.53608000,73.97505500,1.84000000
18.53608000,73.97517500,1.88000000
18.53608000,73.97529500,1.91000000
18.53608000,73.97541500,1.91000000
18.53608000,73.97553500,1.88000000
18.53608000,73.97565500,1.84000000
18.53608000,73.97577500,1.80000000
18.53608000,73.97589500,1.75000000
18.53608000,73.97601500,1.69000000
18.53620000,73.86321500,1.69000000
18.53620000,73.86333500,1.75000000
18.53620000,73.86345500,1.80000000
18.53620000,73.86357500,1.84000000
18.53620000,73.86369500,1.88000000
18.53620000,73.86381500,1.91000000
18.53620000,73.86393500,1.94000000
18.53620000,73.86405500,1.91000000
18.53620000,73.86417500,1.88000000
18.53620000,73.86429500,1.84000000
18.53620000,73.86441500,1.84000000
18.53620000,73.86453500,1.80000000
18.53620000,73.86465500,1.75000000
18.53620000,73.86477500,1.69000000
18.53620000,73.93197500,1.69000000
18.53620000,73.93209500,1.75000000
18.53620000,73.93221500,1.75000000
18.53620000,73.93233500,1.80000000
18.53620000,73.93245500,1.84000000
18.53620000,73.93257500,1.84000000
18.53620000,73.93269500,1.84000000
18.53620000,73.93281500,1.80000000
18.53620000,73.93293500,1.75000000
18.53620000,73.93305500,1.69000000
18.53620000,73.93533500,1.69000000
18.53620000,73.93545500,1.75000000
18.53620000,73.93557500,1.80000000
18.53620000,73.93569500,1.80000000
18.53620000,73.93581500,1.84000000
18.53620000,73.93593500,1.84000000
18.53620000,73.93605500,1.80000000
18.53620000,73.93617500,1.75000000
18.53620000,73.93629500,1.69000000
18.53620000,73.93641500,1.75000000
18.53620000,73.93653500,1.80000000
18.53620000,73.93665500,1.80000000
18.53620000,73.93677500,1.80000000
18.53620000,73.93689500,1.80000000
18.53620000,73.93701500,1.80000000
18.53620000,73.93713500,1.80000000
18.53620000,73.93725500,1.80000000
18.53620000,73.93737500,1.80000000
18.53620000,73.93749500,1.80000000
18.53620000,73.93761500,1.80000000
18.53620000,73.93773500,1.75000000
18.53620000,73.93785500,1.75000000
18.53620000,73.93797500,1.75000000
18.53620000,73.93809500,1.75000000
18.53620000,73.93821500,1.75000000
18.53620000,73.93833500,1.75000000
18.53620000,73.93845500,1.80000000
18.53620000,73.93857500,1.80000000
18.53620000,73.93869500,1.80000000
18.53620000,73.93881500,1.84000000
18.53620000,73.93893500,1.84000000
18.53620000,73.93905500,1.80000000
18.53620000,73.93917500,1.75000000
18.53620000,73.93929500,1.69000000
18.53620000,73.93941500,1.69000000
18.53620000,73.93953500,1.75000000
18.53620000,73.93965500,1.75000000
18.53620000,73.93977500,1.75000000
18.53620000,73.93989500,1.69000000
18.53620000,73.97469500,1.69000000
18.53620000,73.97481500,1.75000000
18.53620000,73.97493500,1.80000000
18.53620000,73.97505500,1.84000000
18.53620000,73.97517500,1.88000000
18.53620000,73.97529500,1.91000000
18.53620000,73.97541500,1.88000000
18.53620000,73.97553500,1.84000000
18.53620000,73.97565500,1.80000000
18.53620000,73.97577500,1.75000000
18.53620000,73.97589500,1.69000000
18.53632000,73.86333500,1.69000000
18.53632000,73.86345500,1.75000000
18.53632000,73.86357500,1.80000000
18.53632000,73.86369500,1.84000000
18.53632000,73.86381500,1.88000000
18.53632000,73.86393500,1.91000000
18.53632000,73.86405500,1.94000000
18.53632000,73.86417500,1.91000000
18.53632000,73.86429500,1.88000000
18.53632000,73.86441500,1.88000000
18.53632000,73.86453500,1.84000000
18.53632000,73.86465500,1.80000000
18.53632000,73.86477500,1.75000000
18.53632000,73.86489500,1.69000000
18.53632000,73.93041500,1.69000000
18.53632000,73.93053500,1.69000000
18.53632000,73.93065500,1.69000000
18.53632000,73.93197500,1.69000000
18.53632000,73.93209500,1.75000000
18.53632000,73.93221500,1.80000000
18.53632000,73.93233500,1.84000000
18.53632000,73.93245500,1.88000000
18.53632000,73.93257500,1.88000000
18.53632000,73.93269500,1.84000000
18.53632000,73.93281500,1.80000000
18.53632000,73.93293500,1.75000000
18.53632000,73.93305500,1.69000000
18.53632000,73.93545500,1.69000000
18.53632000,73.93557500,1.75000000
18.53632000,73.93569500,1.75000000
18.53632000,73.93581500,1.80000000
18.53632000,73.93593500,1.80000000
18.53632000,73.93605500,1.75000000
18.53632000,73.93617500,1.69000000
18.53632000,73.93641500,1.69000000
18.53632000,73.93653500,1.75000000
18.53632000,73.93665500,1.75000000
18.53632000,73.93677500,1.75000000
18.53632000,73.93689500,1.75000000
18.53632000,73.93701500,1.75000000
18.53632000,73.93713500,1.75000000
18.53632000,73.93725500,1.75000000
18.53632000,73.93737500,1.75000000
18.53632000,73.93749500,1.75000000
18.53632000,73.93761500,1.75000000
18.53632000,73.93773500,1.69000000
18.53632000,73.93785500,1.69000000
18.53632000,73.93797500,1.69000000
18.53632000,73.93809500,1.69000000
18.53632000,73.93821500,1.69000000
18.53632000,73.93833500,1.69000000
18.53632000,73.93845500,1.75000000
18.53632000,73.93857500,1.75000000
18.53632000,73.93869500,1.75000000
18.53632000,73.93881500,1.80000000
18.53632000,73.93893500,1.80000000
18.53632000,73.93905500,1.75000000
18.53632000,73.93917500,1.69000000
18.53632000,73.93941500,1.69000000
18.53632000,73.93953500,1.75000000
18.53632000,73.93965500,1.75000000
18.53632000,73.93977500,1.75000000
18.53632000,73.93989500,1.69000000
18.53632000,73.97469500,1.69000000
18.53632000,73.97481500,1.75000000
18.53632000,73.97493500,1.80000000
18.53632000,73.97505500,1.84000000
18.53632000,73.97517500,1.88000000
18.53632000,73.97529500,1.91000000
18.53632000,73.97541500,1.88000000
18.53632000,73.97553500,1.84000000
18.53632000,73.97565500,1.80000000
18.53632000,73.97577500,1.75000000
18.53632000,73.97589500,1.69000000
18.53644000,73.86333500,1.69000000
18.53644000,73.86345500,1.75000000
18.53644000,73.86357500,1.80000000
18.53644000,73.86369500,1.84000000
18.53644000,73.86381500,1.88000000
18.53644000,73.86393500,1.91000000
18.53644000,73.86405500,1.94000000
18.53644000,73.86417500,1.94000000
18.53644000,73.86429500,1.91000000
18.53644000,73.86441500,1.88000000
18.53644000,73.86453500,1.84000000
18.53644000,73.86465500,1.80000000
18.53644000,73.86477500,1.75000000
18.53644000,73.86489500,1.69000000
18.53644000,73.93017500,1.69000000
18.53644000,73.93029500,1.69000000
18.53644000,73.93041500,1.75000000
18.53644000,73.93053500,1.75000000
18.53644000,73.93065500,1.75000000
18.53644000,73.93077500,1.69000000
18.53644000,73.93089500,1.69000000
18.53644000,73.93101500,1.69000000
18.53644000,73.93113500,1.69000000
18.53644000,73.93125500,1.69000000
18.53644000,73.93185500,1.69000000
18.53644000,73.93197500,1.75000000
18.53644000,73.93209500,1.80000000
18.53644000,73.93221500,1.84000000
18.53644000,73.93233500,1.88000000
18.53644000,73.93245500,1.88000000
18.53644000,73.93257500,1.88000000
18.53644000,73.93269500,1.84000000
18.53644000,73.93281500,1.80000000
18.53644000,73.93293500,1.75000000
18.53644000,73.93305500,1.69000000
18.53644000,73.93557500,1.69000000
18.53644000,73.93569500,1.69000000
18.53644000,73.93581500,1.75000000
18.53644000,73.93593500,1.75000000
18.53644000,73.93605500,1.69000000
18.53644000,73.93653500,1.69000000
18.53644000,73.93665500,1.69000000
18.53644000,73.93677500,1.69000000
18.53644000,73.93689500,1.69000000
18.53644000,73.93701500,1.69000000
18.53644000,73.93713500,1.69000000
18.53644000,73.93725500,1.69000000
18.53644000,73.93737500,1.69000000
18.53644000,73.93749500,1.69000000
18.53644000,73.93761500,1.69000000
18.53644000,73.93845500,1.69000000
18.53644000,73.93857500,1.69000000
18.53644000,73.93869500,1.69000000
18.53644000,73.93881500,1.75000000
18.53644000,73.93893500,1.75000000
18.53644000,73.93905500,1.69000000
18.53644000,73.93953500,1.69000000
18.53644000,73.93965500,1.69000000
18.53644000,73.93977500,1.69000000
18.53644000,73.97469500,1.69000000
18.53644000,73.97481500,1.75000000
18.53644000,73.97493500,1.80000000
18.53644000,73.97505500,1.84000000
18.53644000,73.97517500,1.88000000
18.53644000,73.97529500,1.91000000
18.53644000,73.97541500,1.88000000
18.53644000,73.97553500,1.84000000
18.53644000,73.97565500,1.80000000
18.53644000,73.97577500,1.75000000
18.53644000,73.97589500,1.69000000
18.53656000,73.86345500,1.69000000
18.53656000,73.86357500,1.75000000
18.53656000,73.86369500,1.80000000
18.53656000,73.86381500,1.84000000
18.53656000,73.86393500,1.88000000
18.53656000,73.86405500,1.91000000
18.53656000,73.86417500,1.94000000
18.53656000,73.86429500,1.94000000
18.53656000,73.86441500,1.91000000
18.53656000,73.86453500,1.88000000
18.53656000,73.86465500,1.84000000
18.53656000,73.86477500,1.80000000
18.53656000,73.86489500,1.75000000
18.53656000,73.86501500,1.69000000
18.53656000,73.93017500,1.69000000
18.53656000,73.93029500,1.75000000
18.53656000,73.93041500,1.80000000
18.53656000,73.93053500,1.80000000
18.53656000,73.93065500,1.80000000
18.53656000,73.93077500,1.75000000
18.53656000,73.93089500,1.75000000
18.53656000,73.93101500,1.75000000
18.53656000,73.93113500,1.75000000
18.53656000,73.93125500,1.69000000
18.53656000,73.93185500,1.69000000
18.53656000,73.93197500,1.75000000
18.53656000,73.93209500,1.80000000
18.53656000,73.93221500,1.84000000
18.53656000,73.93233500,1.84000000
18.53656000,73.93245500,1.84000000
18.53656000,73.93257500,1.84000000
18.53656000,73.93269500,1.84000000
18.53656000,73.93281500,1.80000000
18.53656000,73.93293500,1.75000000
18.53656000,73.93305500,1.69000000
18.53656000,73.93581500,1.69000000
18.53656000,73.93593500,1.69000000
18.53656000,73.93881500,1.69000000
18.53656000,73.93893500,1.69000000
18.53656000,73.97469500,1.69000000
18.53656000,73.97481500,1.75000000
18.53656000,73.97493500,1.80000000
18.53656000,73.97505500,1.84000000
18.53656000,73.97517500,1.88000000
18.53656000,73.97529500,1.91000000
18.53656000,73.97541500,1.88000000
18.53656000,73.97553500,1.84000000
18.53656000,73.97565500,1.80000000
18.53656000,73.97577500,1.75000000
18.53656000,73.97589500,1.69000000
18.53668000,73.86345500,1.69000000
18.53668000,73.86357500,1.75000000
18.53668000,73.86369500,1.80000000
18.53668000,73.86381500,1.84000000
18.53668000,73.86393500,1.88000000
18.53668000,73.86405500,1.91000000
18.53668000,73.86417500,1.94000000
18.53668000,73.86429500,1.94000000
18.53668000,73.86441500,1.91000000
18.53668000,73.86453500,1.88000000
18.53668000,73.86465500,1.84000000
18.53668000,73.86477500,1.80000000
18.53668000,73.86489500,1.75000000
18.53668000,73.86501500,1.69000000
18.53668000,73.93017500,1.69000000
18.53668000,73.93029500,1.75000000
18.53668000,73.93041500,1.80000000
18.53668000,73.93053500,1.84000000
18.53668000,73.93065500,1.84000000
18.53668000,73.93077500,1.80000000
18.53668000,73.93089500,1.80000000
18.53668000,73.93101500,1.80000000
18.53668000,73.93113500,1.80000000
18.53668000,73.93125500,1.75000000
18.53668000,73.93137500,1.69000000
18.53668000,73.93185500,1.69000000
18.53668000,73.93197500,1.75000000
18.53668000,73.93209500,1.80000000
18.53668000,73.93221500,1.80000000
18.53668000,73.93233500,1.80000000
18.53668000,73.93245500,1.80000000
18.53668000,73.93257500,1.80000000
18.53668000,73.93269500,1.80000000
18.53668000,73.93281500,1.80000000
18.53668000,73.93293500,1.75000000
18.53668000,73.93305500,1.69000000
18.53668000,73.97469500,1.69000000
18.53668000,73.97481500,1.75000000
18.53668000,73.97493500,1.80000000
18.53668000,73.97505500,1.84000000
18.53668000,73.97517500,1.88000000
18.53668000,73.97529500,1.91000000
18.53668000,73.97541500,1.88000000
18.53668000,73.97553500,1.84000000
18.53668000,73.97565500,1.80000000
18.53668000,73.97577500,1.75000000
18.53668000,73.97589500,1.69000000
18.53680000,73.86357500,1.69000000
18.53680000,73.86369500,1.75000000
18.53680000,73.86381500,1.80000000
18.53680000,73.86393500,1.84000000
18.53680000,73.86405500,1.88000000
18.53680000,73.86417500,1.91000000
18.53680000,73.86429500,1.91000000
18.53680000,73.86441500,1.94000000
18.53680000,73.86453500,1.91000000
18.53680000,73.86465500,1.88000000
18.53680000,73.86477500,1.84000000
18.53680000,73.86489500,1.80000000
18.53680000,73.86501500,1.75000000
18.53680000,73.86513500,1.69000000
18.53680000,73.92933500,1.69000000
18.53680000,73.92945500,1.69000000
18.53680000,73.92957500,1.69000000
18.53680000,73.92969500,1.69000000
18.53680000,73.93017500,1.69000000
18.53680000,73.93029500,1.75000000
18.53680000,73.93041500,1.80000000
18.53680000,73.93053500,1.84000000
18.53680000,73.93065500,1.84000000
18.53680000,73.93077500,1.84000000
18.53680000,73.93089500,1.80000000
18.53680000,73.93101500,1.80000000
18.53680000,73.93113500,1.75000000
18.53680000,73.93125500,1.75000000
18.53680000,73.93137500,1.69000000
18.53680000,73.93197500,1.69000000
18.53680000,73.93209500,1.75000000
18.53680000,73.93221500,1.75000000
18.53680000,73.93233500,1.75000000
18.53680000,73.93245500,1.75000000
18.53680000,73.93257500,1.75000000
18.53680000,73.93269500,1.75000000
18.53680000,73.93281500,1.75000000
18.53680000,73.93293500,1.69000000
18.53680000,73.97469500,1.69000000
18.53680000,73.97481500,1.75000000
18.53680000,73.97493500,1.80000000
18.53680000,73.97505500,1.84000000
18.53680000,73.97517500,1.88000000
18.53680000,73.97529500,1.88000000
18.53680000,73.97541500,1.84000000
18.53680000,73.97553500,1.80000000
18.53680000,73.97565500,1.75000000
18.53680000,73.97577500,1.69000000
18.53692000,73.86369500,1.69000000
18.53692000,73.86381500,1.75000000
18.53692000,73.86393500,1.80000000
18.53692000,73.86405500,1.84000000
18.53692000,73.86417500,1.88000000
18.53692000,73.86429500,1.88000000
18.53692000,73.86441500,1.91000000
18.53692000,73.86453500,1.94000000
18.53692000,73.86465500,1.91000000
18.53692000,73.86477500,1.88000000
18.53692000,73.86489500,1.84000000
18.53692000,73.86501500,1.80000000
18.53692000,73.86513500,1.75000000
18.53692000,73.86525500,1.69000000
18.53692000,73.92897500,1.69000000
18.53692000,73.92909500,1.69000000
18.53692000,73.92921500,1.69000000
18.53692000,73.92933500,1.75000000
18.53692000,73.92945500,1.75000000
18.53692000,73.92957500,1.75000000
18.53692000,73.92969500,1.75000000
18.53692000,73.92981500,1.69000000
18.53692000,73.93017500,1.69000000
18.53692000,73.93029500,1.75000000
18.53692000,73.93041500,1.80000000
18.53692000,73.93053500,1.84000000
18.53692000,73.93065500,1.80000000
18.53692000,73.93077500,1.80000000
18.53692000,73.93089500,1.75000000
18.53692000,73.93101500,1.75000000
18.53692000,73.93113500,1.69000000
18.53692000,73.93125500,1.69000000
18.53692000,73.93209500,1.69000000
18.53692000,73.93221500,1.69000000
18.53692000,73.93233500,1.69000000
18.53692000,73.93245500,1.69000000
18.53692000,73.93257500,1.69000000
18.53692000,73.93269500,1.69000000
18.53692000,73.93281500,1.69000000
18.53692000,73.94025500,1.69000000
18.53692000,73.94037500,1.69000000
18.53692000,73.97469500,1.69000000
18.53692000,73.97481500,1.75000000
18.53692000,73.97493500,1.80000000
18.53692000,73.97505500,1.84000000
18.53692000,73.97517500,1.88000000
18.53692000,73.97529500,1.88000000
18.53692000,73.97541500,1.84000000
18.53692000,73.97553500,1.80000000
18.53692000,73.97565500,1.75000000
18.53692000,73.97577500,1.69000000
18.53704000,73.86381500,1.69000000
18.53704000,73.86393500,1.75000000
18.53704000,73.86405500,1.80000000
18.53704000,73.86417500,1.84000000
18.53704000,73.86429500,1.84000000
18.53704000,73.86441500,1.88000000
18.53704000,73.86453500,1.91000000
18.53704000,73.86465500,1.94000000
18.53704000,73.86477500,1.91000000
18.53704000,73.86489500,1.88000000
18.53704000,73.86501500,1.84000000
18.53704000,73.86513500,1.80000000
18.53704000,73.86525500,1.75000000
18.53704000,73.86537500,1.69000000
18.53704000,73.92873500,1.69000000
18.53704000,73.92885500,1.69000000
18.53704000,73.92897500,1.75000000
18.53704000,73.92909500,1.75000000
18.53704000,73.92921500,1.75000000
18.53704000,73.92933500,1.80000000
18.53704000,73.92945500,1.80000000
18.53704000,73.92957500,1.80000000
18.53704000,73.92969500,1.80000000
18.53704000,73.92981500,1.75000000
18.53704000,73.92993500,1.69000000
18.53704000,73.93017500,1.69000000
18.53704000,73.93029500,1.75000000
18.53704000,73.93041500,1.80000000
18.53704000,73.93053500,1.80000000
18.53704000,73.93065500,1.75000000
18.53704000,73.93077500,1.75000000
18.53704000,73.93089500,1.69000000
18.53704000,73.93101500,1.69000000
18.53704000,73.94001500,1.69000000
18.53704000,73.94013500,1.69000000
18.53704000,73.94025500,1.75000000
18.53704000,73.94037500,1.75000000
18.53704000,73.94049500,1.69000000
18.53704000,73.94061500,1.69000000
18.53704000,73.97469500,1.69000000
18.53704000,73.97481500,1.75000000
18.53704000,73.97493500,1.80000000
18.53704000,73.97505500,1.84000000
18.53704000,73.97517500,1.88000000
18.53704000,73.97529500,1.88000000
18.53704000,73.97541500,1.84000000
18.53704000,73.97553500,1.80000000
18.53704000,73.97565500,1.75000000
18.53704000,73.97577500,1.69000000
18.53716000,73.86393500,1.69000000
18.53716000,73.86405500,1.75000000
18.53716000,73.86417500,1.80000000
18.53716000,73.86429500,1.80000000
18.53716000,73.86441500,1.84000000
18.53716000,73.86453500,1.88000000
18.53716000,73.86465500,1.91000000
18.53716000,73.86477500,1.94000000
18.53716000,73.86489500,1.91000000
18.53716000,73.86501500,1.88000000
18.53716000,73.86513500,1.84000000
18.53716000,73.86525500,1.80000000
18.53716000,73.86537500,1.75000000
18.53716000,73.86549500,1.69000000
18.53716000,73.92861500,1.69000000
18.53716000,73.92873500,1.75000000
18.53716000,73.92885500,1.75000000
18.53716000,73.92897500,1.80000000
18.53716000,73.92909500,1.80000000
18.53716000,73.92921500,1.80000000
18.53716000,73.92933500,1.84000000
18.53716000,73.92945500,1.84000000
18.53716000,73.92957500,1.80000000
18.53716000,73.92969500,1.75000000
18.53716000,73.92981500,1.69000000
18.53716000,73.93017500,1.69000000
18.53716000,73.93029500,1.75000000
18.53716000,73.93041500,1.75000000
18.53716000,73.93053500,1.75000000
18.53716000,73.93065500,1.69000000
18.53716000,73.93077500,1.69000000
18.53716000,73.93989500,1.69000000
18.53716000,73.94001500,1.75000000
18.53716000,73.94013500,1.75000000
18.53716000,73.94025500,1.80000000
18.53716000,73.94037500,1.80000000
18.53716000,73.94049500,1.75000000
18.53716000,73.94061500,1.69000000
18.53716000,73.97469500,1.69000000
18.53716000,73.97481500,1.75000000
18.53716000,73.97493500,1.80000000
18.53716000,73.97505500,1.84000000
18.53716000,73.97517500,1.88000000
18.53716000,73.97529500,1.88000000
18.53716000,73.97541500,1.84000000
18.53716000,73.97553500,1.80000000
18.53716000,73.97565500,1.75000000
18.53716000,73.97577500,1.69000000
18.53728000,73.86405500,1.69000000
18.53728000,73.86417500,1.75000000
18.53728000,73.86429500,1.75000000
18.53728000,73.86441500,1.80000000
18.53728000,73.86453500,1.84000000
18.53728000,73.86465500,1.88000000
18.53728000,73.86477500,1.91000000
18.53728000,73.86489500,1.91000000
18.53728000,73.86501500,1.91000000
18.53728000,73.86513500,1.88000000
18.53728000,73.86525500,1.84000000
18.53728000,73.86537500,1.80000000
18.53728000,73.86549500,1.75000000
18.53728000,73.86561500,1.69000000
18.53728000,73.92825500,1.69000000
18.53728000,73.92837500,1.69000000
18.53728000,73.92849500,1.69000000
18.53728000,73.92861500,1.75000000
18.53728000,73.92873500,1.80000000
18.53728000,73.92885500,1.80000000
18.53728000,73.92897500,1.84000000
18.53728000,73.92909500,1.84000000
18.53728000,73.92921500,1.84000000
18.53728000,73.92933500,1.84000000
18.53728000,73.92945500,1.80000000
18.53728000,73.92957500,1.75000000
18.53728000,73.92969500,1.69000000
18.53728000,73.93029500,1.69000000
18.53728000,73.93041500,1.69000000
18.53728000,73.93053500,1.69000000
18.53728000,73.93989500,1.69000000
18.53728000,73.94001500,1.75000000
18.53728000,73.94013500,1.80000000
18.53728000,73.94025500,1.84000000
18.53728000,73.94037500,1.84000000
18.53728000,73.94049500,1.80000000
18.53728000,73.94061500,1.75000000
18.53728000,73.94073500,1.69000000
18.53728000,73.94085500,1.69000000
18.53728000,73.94097500,1.69000000
18.53728000,73.97457500,1.69000000
18.53728000,73.97469500,1.75000000
18.53728000,73.97481500,1.80000000
18.53728000,73.97493500,1.84000000
18.53728000,73.97505500,1.88000000
18.53728000,73.97517500,1.91000000
18.53728000,73.97529500,1.88000000
18.53728000,73.97541500,1.84000000
18.53728000,73.97553500,1.80000000
18.53728000,73.97565500,1.75000000
18.53728000,73.97577500,1.69000000
18.53740000,73.86417500,1.69000000
18.53740000,73.86429500,1.69000000
18.53740000,73.86441500,1.75000000
18.53740000,73.86453500,1.80000000
18.53740000,73.86465500,1.84000000
18.53740000,73.86477500,1.88000000
18.53740000,73.86489500,1.88000000
18.53740000,73.86501500,1.91000000
18.53740000,73.86513500,1.91000000
18.53740000,73.86525500,1.88000000
18.53740000,73.86537500,1.84000000
18.53740000,73.86549500,1.80000000
18.53740000,73.86561500,1.75000000
18.53740000,73.86573500,1.69000000
18.53740000,73.92801500,1.69000000
18.53740000,73.92813500,1.69000000
18.53740000,73.92825500,1.75000000
18.53740000,73.92837500,1.75000000
18.53740000,73.92849500,1.75000000
18.53740000,73.92861500,1.80000000
18.53740000,73.92873500,1.84000000
18.53740000,73.92885500,1.84000000
18.53740000,73.92897500,1.88000000
18.53740000,73.92909500,1.88000000
18.53740000,73.92921500,1.84000000
18.53740000,73.92933500,1.80000000
18.53740000,73.92945500,1.75000000
18.53740000,73.92957500,1.69000000
18.53740000,73.93977500,1.69000000
18.53740000,73.93989500,1.75000000
18.53740000,73.94001500,1.80000000
18.53740000,73.94013500,1.84000000
18.53740000,73.94025500,1.88000000
18.53740000,73.94037500,1.88000000
18.53740000,73.94049500,1.84000000
18.53740000,73.94061500,1.80000000
18.53740000,73.94073500,1.75000000
18.53740000,73.94085500,1.75000000
18.53740000,73.94097500,1.75000000
18.53740000,73.94109500,1.69000000
18.53740000,73.97445500,1.69000000
18.53740000,73.97457500,1.75000000
18.53740000,73.97469500,1.80000000
18.53740000,73.97481500,1.84000000
18.53740000,73.97493500,1.88000000
18.53740000,73.97505500,1.91000000
18.53740000,73.97517500,1.88000000
18.53740000,73.97529500,1.84000000
18.53740000,73.97541500,1.80000000
18.53740000,73.97553500,1.75000000
18.53740000,73.97565500,1.69000000
18.53752000,73.86441500,1.69000000
18.53752000,73.86453500,1.75000000
18.53752000,73.86465500,1.80000000
18.53752000,73.86477500,1.84000000
18.53752000,73.86489500,1.84000000
18.53752000,73.86501500,1.88000000
18.53752000,73.86513500,1.91000000
18.53752000,73.86525500,1.91000000
18.53752000,73.86537500,1.88000000
18.53752000,73.86549500,1.84000000
18.53752000,73.86561500,1.80000000
18.53752000,73.86573500,1.75000000
18.53752000,73.86585500,1.69000000
18.53752000,73.92765500,1.69000000
18.53752000,73.92777500,1.69000000
18.53752000,73.92789500,1.69000000
18.53752000,73.92801500,1.75000000
18.53752000,73.92813500,1.75000000
18.53752000,73.92825500,1.80000000
18.53752000,73.92837500,1.80000000
18.53752000,73.92849500,1.80000000
18.53752000,73.92861500,1.84000000
18.53752000,73.92873500,1.88000000
18.53752000,73.92885500,1.88000000
18.53752000,73.92897500,1.91000000
18.53752000,73.92909500,1.88000000
18.53752000,73.92921500,1.84000000
18.53752000,73.92933500,1.80000000
18.53752000,73.92945500,1.75000000
18.53752000,73.92957500,1.69000000
18.53752000,73.93989500,1.69000000
18.53752000,73.94001500,1.75000000
18.53752000,73.94013500,1.80000000
18.53752000,73.94025500,1.84000000
18.53752000,73.94037500,1.88000000
18.53752000,73.94049500,1.88000000
18.53752000,73.94061500,1.84000000
18.53752000,73.94073500,1.80000000
18.53752000,73.94085500,1.80000000
18.53752000,73.94097500,1.80000000
18.53752000,73.94109500,1.75000000
18.53752000,73.94121500,1.69000000
18.53752000,73.97433500,1.69000000
18.53752000,73.97445500,1.75000000
18.53752000,73.97457500,1.80000000
18.53752000,73.97469500,1.84000000
18.53752000,73.97481500,1.88000000
18.53752000,73.97493500,1.91000000
18.53752000,73.97505500,1.88000000
18.53752000,73.97517500,1.84000000
18.53752000,73.97529500,1.80000000
18.53752000,73.97541500,1.75000000
18.53752000,73.97553500,1.69000000
18.53764000,73.86453500,1.69000000
18.53764000,73.86465500,1.75000000
18.53764000,73.86477500,1.80000000
18.53764000,73.86489500,1.80000000
18.53764000,73.86501500,1.84000000
18.53764000,73.86513500,1.88000000
18.53764000,73.86525500,1.88000000
18.53764000,73.86537500,1.91000000
18.53764000,73.86549500,1.88000000
18.53764000,73.86561500,1.84000000
18.53764000,73.86573500,1.80000000
18.53764000,73.86585500,1.75000000
18.53764000,73.86597500,1.69000000
18.53764000,73.86609500,1.69000000
18.53764000,73.92681500,1.69000000
18.53764000,73.92753500,1.69000000
18.53764000,73.92765500,1.75000000
18.53764000,73.92777500,1.75000000
18.53764000,73.92789500,1.75000000
18.53764000,73.92801500,1.80000000
18.53764000,73.92813500,1.80000000
18.53764000,73.92825500,1.84000000
18.53764000,73.92837500,1.84000000
18.53764000,73.92849500,1.84000000
18.53764000,73.92861500,1.88000000
18.53764000,73.92873500,1.88000000
18.53764000,73.92885500,1.88000000
18.53764000,73.92897500,1.88000000
18.53764000,73.92909500,1.84000000
18.53764000,73.92921500,1.80000000
18.53764000,73.92933500,1.75000000
18.53764000,73.92945500,1.69000000
18.53764000,73.93989500,1.69000000
18.53764000,73.94001500,1.75000000
18.53764000,73.94013500,1.80000000
18.53764000,73.94025500,1.84000000
18.53764000,73.94037500,1.88000000
18.53764000,73.94049500,1.91000000
18.53764000,73.94061500,1.88000000
18.53764000,73.94073500,1.84000000
18.53764000,73.94085500,1.84000000
18.53764000,73.94097500,1.80000000
18.53764000,73.94109500,1.75000000
18.53764000,73.94121500,1.69000000
18.53764000,73.97433500,1.69000000
18.53764000,73.97445500,1.75000000
18.53764000,73.97457500,1.80000000
18.53764000,73.97469500,1.84000000
18.53764000,73.97481500,1.88000000
18.53764000,73.97493500,1.91000000
18.53764000,73.97505500,1.88000000
18.53764000,73.97517500,1.84000000
18.53764000,73.97529500,1.80000000
18.53764000,73.97541500,1.75000000
18.53764000,73.97553500,1.69000000
18.53776000,73.86453500,1.69000000
18.53776000,73.86465500,1.69000000
18.53776000,73.86477500,1.75000000
18.53776000,73.86489500,1.75000000
18.53776000,73.86501500,1.80000000
18.53776000,73.86513500,1.84000000
18.53776000,73.86525500,1.84000000
18.53776000,73.86537500,1.88000000
18.53776000,73.86549500,1.91000000
18.53776000,73.86561500,1.88000000
18.53776000,73.86573500,1.84000000
18.53776000,73.86585500,1.80000000
18.53776000,73.86597500,1.75000000
18.53776000,73.86609500,1.75000000
18.53776000,73.86621500,1.69000000
18.53776000,73.86633500,1.69000000
18.53776000,73.92657500,1.69000000
18.53776000,73.92669500,1.69000000
18.53776000,73.92681500,1.75000000
18.53776000,73.92693500,1.69000000
18.53776000,73.92705500,1.69000000
18.53776000,73.92741500,1.69000000
18.53776000,73.92753500,1.75000000
18.53776000,73.92765500,1.80000000
18.53776000,73.92777500,1.80000000
18.53776000,73.92789500,1.80000000
18.53776000,73.92801500,1.84000000
18.53776000,73.92813500,1.84000000
18.53776000,73.92825500,1.88000000
18.53776000,73.92837500,1.88000000
18.53776000,73.92849500,1.88000000
18.53776000,73.92861500,1.88000000
18.53776000,73.92873500,1.84000000
18.53776000,73.92885500,1.84000000
18.53776000,73.92897500,1.84000000
18.53776000,73.92909500,1.84000000
18.53776000,73.92921500,1.80000000
18.53776000,73.92933500,1.75000000
18.53776000,73.92945500,1.69000000
18.53776000,73.94001500,1.69000000
18.53776000,73.94013500,1.75000000
18.53776000,73.94025500,1.80000000
18.53776000,73.94037500,1.84000000
18.53776000,73.94049500,1.88000000
18.53776000,73.94061500,1.91000000
18.53776000,73.94073500,1.88000000
18.53776000,73.94085500,1.84000000
18.53776000,73.94097500,1.80000000
18.53776000,73.94109500,1.75000000
18.53776000,73.94121500,1.69000000
18.53776000,73.97433500,1.69000000
18.53776000,73.97445500,1.75000000
18.53776000,73.97457500,1.80000000
18.53776000,73.97469500,1.84000000
18.53776000,73.97481500,1.88000000
18.53776000,73.97493500,1.88000000
18.53776000,73.97505500,1.84000000
18.53776000,73.97517500,1.80000000
18.53776000,73.97529500,1.75000000
18.53776000,73.97541500,1.69000000
18.53788000,73.86477500,1.69000000
18.53788000,73.86489500,1.69000000
18.53788000,73.86501500,1.75000000
18.53788000,73.86513500,1.80000000
18.53788000,73.86525500,1.80000000
18.53788000,73.86537500,1.84000000
18.53788000,73.86549500,1.88000000
18.53788000,73.86561500,1.88000000
18.53788000,73.86573500,1.88000000
18.53788000,73.86585500,1.84000000
18.53788000,73.86597500,1.80000000
18.53788000,73.86609500,1.80000000
18.53788000,73.86621500,1.75000000
18.53788000,73.86633500,1.75000000
18.53788000,73.86645500,1.69000000
18.53788000,73.92597500,1.69000000
18.53788000,73.92609500,1.69000000
18.53788000,73.92621500,1.69000000
18.53788000,73.92633500,1.69000000
18.53788000,73.92645500,1.69000000
18.53788000,73.92657500,1.75000000
18.53788000,73.92669500,1.75000000
18.53788000,73.92681500,1.80000000
18.53788000,73.92693500,1.75000000
18.53788000,73.92705500,1.69000000
18.53788000,73.92741500,1.69000000
18.53788000,73.92753500,1.75000000
18.53788000,73.92765500,1.80000000
18.53788000,73.92777500,1.84000000
18.53788000,73.92789500,1.84000000
18.53788000,73.92801500,1.84000000
18.53788000,73.92813500,1.84000000
18.53788000,73.92825500,1.84000000
18.53788000,73.92837500,1.84000000
18.53788000,73.92849500,1.84000000
18.53788000,73.92861500,1.84000000
18.53788000,73.92873500,1.80000000
18.53788000,73.92885500,1.80000000
18.53788000,73.92897500,1.80000000
18.53788000,73.92909500,1.80000000
18.53788000,73.92921500,1.75000000
18.53788000,73.92933500,1.69000000
18.53788000,73.94013500,1.69000000
18.53788000,73.94025500,1.75000000
18.53788000,73.94037500,1.80000000
18.53788000,73.94049500,1.84000000
18.53788000,73.94061500,1.88000000
18.53788000,73.94073500,1.91000000
18.53788000,73.94085500,1.88000000
18.53788000,73.94097500,1.84000000
18.53788000,73.94109500,1.80000000
18.53788000,73.94121500,1.75000000
18.53788000,73.94133500,1.69000000
18.53788000,73.97433500,1.69000000
18.53788000,73.97445500,1.75000000
18.53788000,73.97457500,1.80000000
18.53788000,73.97469500,1.84000000
18.53788000,73.97481500,1.88000000
18.53788000,73.97493500,1.88000000
18.53788000,73.97505500,1.84000000
18.53788000,73.97517500,1.80000000
18.53788000,73.97529500,1.75000000
18.53788000,73.97541500,1.69000000
18.53800000,73.86501500,1.69000000
18.53800000,73.86513500,1.75000000
18.53800000,73.86525500,1.75000000
18.53800000,73.86537500,1.80000000
18.53800000,73.86549500,1.84000000
18.53800000,73.86561500,1.84000000
18.53800000,73.86573500,1.88000000
18.53800000,73.86585500,1.88000000
18.53800000,73.86597500,1.84000000
18.53800000,73.86609500,1.84000000
18.53800000,73.86621500,1.80000000
18.53800000,73.86633500,1.80000000
18.53800000,73.86645500,1.75000000
18.53800000,73.86657500,1.69000000
18.53800000,73.86669500,1.69000000
18.53800000,73.92573500,1.69000000
18.53800000,73.92585500,1.69000000
18.53800000,73.92597500,1.75000000
18.53800000,73.92609500,1.75000000
18.53800000,73.92621500,1.75000000
18.53800000,73.92633500,1.75000000
18.53800000,73.92645500,1.75000000
18.53800000,73.92657500,1.80000000
18.53800000,73.92669500,1.80000000
18.53800000,73.92681500,1.84000000
18.53800000,73.92693500,1.80000000
18.53800000,73.92705500,1.75000000
18.53800000,73.92717500,1.69000000
18.53800000,73.92741500,1.69000000
18.53800000,73.92753500,1.75000000
18.53800000,73.92765500,1.80000000
18.53800000,73.92777500,1.84000000
18.53800000,73.92789500,1.80000000
18.53800000,73.92801500,1.80000000
18.53800000,73.92813500,1.80000000
18.53800000,73.92825500,1.80000000
18.53800000,73.92837500,1.80000000
18.53800000,73.92849500,1.80000000
18.53800000,73.92861500,1.80000000
18.53800000,73.92873500,1.75000000
18.53800000,73.92885500,1.75000000
18.53800000,73.92897500,1.75000000
18.53800000,73.92909500,1.75000000
18.53800000,73.92921500,1.75000000
18.53800000,73.92933500,1.69000000
18.53800000,73.94013500,1.69000000
18.53800000,73.94025500,1.75000000
18.53800000,73.94037500,1.80000000
18.53800000,73.94049500,1.84000000
18.53800000,73.94061500,1.88000000
18.53800000,73.94073500,1.91000000
18.53800000,73.94085500,1.91000000
18.53800000,73.94097500,1.88000000
18.53800000,73.94109500,1.84000000
18.53800000,73.94121500,1.80000000
18.53800000,73.94133500,1.75000000
18.53800000,73.94145500,1.69000000
18.53800000,73.97421500,1.69000000
18.53800000,73.97433500,1.75000000
18.53800000,73.97445500,1.80000000
18.53800000,73.97457500,1.84000000
18.53800000,73.97469500,1.88000000
18.53800000,73.97481500,1.91000000
18.53800000,73.97493500,1.88000000
18.53800000,73.97505500,1.84000000
18.53800000,73.97517500,1.80000000
18.53800000,73.97529500,1.75000000
18.53800000,73.97541500,1.69000000
18.53812000,73.86513500,1.69000000
18.53812000,73.86525500,1.69000000
18.53812000,73.86537500,1.75000000
18.53812000,73.86549500,1.80000000
18.53812000,73.86561500,1.80000000
18.53812000,73.86573500,1.84000000
18.53812000,73.86585500,1.84000000
18.53812000,73.86597500,1.88000000
18.53812000,73.86609500,1.88000000
18.53812000,73.86621500,1.84000000
18.53812000,73.86633500,1.84000000
18.53812000,73.86645500,1.80000000
18.53812000,73.86657500,1.75000000
18.53812000,73.86669500,1.75000000
18.53812000,73.86681500,1.69000000
18.53812000,73.86693500,1.69000000
18.53812000,73.92573500,1.69000000
18.53812000,73.92585500,1.75000000
18.53812000,73.92597500,1.80000000
18.53812000,73.92609500,1.80000000
18.53812000,73.92621500,1.80000000
18.53812000,73.92633500,1.80000000
18.53812000,73.92645500,1.80000000
18.53812000,73.92657500,1.84000000
18.53812000,73.92669500,1.84000000
18.53812000,73.92681500,1.88000000
18.53812000,73.92693500,1.84000000
18.53812000,73.92705500,1.80000000
18.53812000,73.92717500,1.75000000
18.53812000,73.92729500,1.69000000
18.53812000,73.92741500,1.75000000
18.53812000,73.92753500,1.80000000
18.53812000,73.92765500,1.80000000
18.53812000,73.92777500,1.80000000
18.53812000,73.92789500,1.75000000
18.53812000,73.92801500,1.75000000
18.53812000,73.92813500,1.75000000
18.53812000,73.92825500,1.75000000
18.53812000,73.92837500,1.75000000
18.53812000,73.92849500,1.75000000
18.53812000,73.92861500,1.75000000
18.53812000,73.92873500,1.69000000
18.53812000,73.92885500,1.69000000
18.53812000,73.92897500,1.69000000
18.53812000,73.92909500,1.69000000
18.53812000,73.92921500,1.69000000
18.53812000,73.94025500,1.69000000
18.53812000,73.94037500,1.75000000
18.53812000,73.94049500,1.80000000
18.53812000,73.94061500,1.84000000
18.53812000,73.94073500,1.88000000
18.53812000,73.94085500,1.91000000
18.53812000,73.94097500,1.88000000
18.53812000,73.94109500,1.84000000
18.53812000,73.94121500,1.80000000
18.53812000,73.94133500,1.75000000
18.53812000,73.94145500,1.69000000
18.53812000,73.97421500,1.69000000
18.53812000,73.97433500,1.75000000
18.53812000,73.97445500,1.80000000
18.53812000,73.97457500,1.84000000
18.53812000,73.97469500,1.88000000
18.53812000,73.97481500,1.91000000
18.53812000,73.97493500,1.91000000
18.53812000,73.97505500,1.88000000
18.53812000,73.97517500,1.84000000
18.53812000,73.97529500,1.80000000
18.53812000,73.97541500,1.75000000
18.53812000,73.97553500,1.69000000
18.53824000,73.86537500,1.69000000
18.53824000,73.86549500,1.75000000
18.53824000,73.86561500,1.75000000
18.53824000,73.86573500,1.80000000
18.53824000,73.86585500,1.80000000
18.53824000,73.86597500,1.84000000
18.53824000,73.86609500,1.88000000
18.53824000,73.86621500,1.88000000
18.53824000,73.86633500,1.88000000
18.53824000,73.86645500,1.84000000
18.53824000,73.86657500,1.80000000
18.53824000,73.86669500,1.80000000
18.53824000,73.86681500,1.75000000
18.53824000,73.86693500,1.75000000
18.53824000,73.86705500,1.69000000
18.53824000,73.86717500,1.69000000
18.53824000,73.92357500,1.69000000
18.53824000,73.92369500,1.69000000
18.53824000,73.92561500,1.69000000
18.53824000,73.92573500,1.75000000
18.53824000,73.92585500,1.80000000
18.53824000,73.92597500,1.84000000
18.53824000,73.92609500,1.84000000
18.53824000,73.92621500,1.84000000
18.53824000,73.92633500,1.84000000
18.53824000,73.92645500,1.84000000
18.53824000,73.92657500,1.88000000
18.53824000,73.92669500,1.88000000
18.53824000,73.92681500,1.91000000
18.53824000,73.92693500,1.88000000
18.53824000,73.92705500,1.84000000
18.53824000,73.92717500,1.80000000
18.53824000,73.92729500,1.75000000
18.53824000,73.92741500,1.75000000
18.53824000,73.92753500,1.75000000
18.53824000,73.92765500,1.75000000
18.53824000,73.92777500,1.75000000
18.53824000,73.92789500,1.69000000
18.53824000,73.92801500,1.69000000
18.53824000,73.92813500,1.69000000
18.53824000,73.92825500,1.69000000
18.53824000,73.92837500,1.69000000
18.53824000,73.92849500,1.69000000
18.53824000,73.92861500,1.69000000
18.53824000,73.94037500,1.69000000
18.53824000,73.94049500,1.75000000
18.53824000,73.94061500,1.80000000
18.53824000,73.94073500,1.84000000
18.53824000,73.94085500,1.88000000
18.53824000,73.94097500,1.91000000
18.53824000,73.94109500,1.88000000
18.53824000,73.94121500,1.84000000
18.53824000,73.94133500,1.80000000
18.53824000,73.94145500,1.75000000
18.53824000,73.94157500,1.69000000
18.53824000,73.97421500,1.69000000
18.53824000,73.97433500,1.75000000
18.53824000,73.97445500,1.80000000
18.53824000,73.97457500,1.84000000
18.53824000,73.97469500,1.88000000
18.53824000,73.97481500,1.91000000
18.53824000,73.97493500,1.88000000
18.53824000,73.97505500,1.84000000
18.53824000,73.97517500,1.80000000
18.53824000,73.97529500,1.75000000
18.53824000,73.97541500,1.69000000
18.53836000,73.86549500,1.69000000
18.53836000,73.86561500,1.69000000
18.53836000,73.86573500,1.75000000
18.53836000,73.86585500,1.75000000
18.53836000,73.86597500,1.80000000
18.53836000,73.86609500,1.84000000
18.53836000,73.86621500,1.88000000
18.53836000,73.86633500,1.88000000
18.53836000,73.86645500,1.88000000
18.53836000,73.86657500,1.84000000
18.53836000,73.86669500,1.84000000
18.53836000,73.86681500,1.80000000
18.53836000,73.86693500,1.80000000
18.53836000,73.86705500,1.75000000
18.53836000,73.86717500,1.75000000
18.53836000,73.86729500,1.69000000
18.53836000,73.92333500,1.69000000
18.53836000,73.92345500,1.69000000
18.53836000,73.92357500,1.75000000
18.53836000,73.92369500,1.75000000
18.53836000,73.92381500,1.69000000
18.53836000,73.92393500,1.69000000
18.53836000,73.92405500,1.69000000
18.53836000,73.92561500,1.69000000
18.53836000,73.92573500,1.75000000
18.53836000,73.92585500,1.80000000
18.53836000,73.92597500,1.84000000
18.53836000,73.92609500,1.88000000
18.53836000,73.92621500,1.88000000
18.53836000,73.92633500,1.88000000
18.53836000,73.92645500,1.88000000
18.53836000,73.92657500,1.91000000
18.53836000,73.92669500,1.91000000
18.53836000,73.92681500,1.88000000
18.53836000,73.92693500,1.84000000
18.53836000,73.92705500,1.80000000
18.53836000,73.92717500,1.75000000
18.53836000,73.92729500,1.69000000
18.53836000,73.92741500,1.69000000
18.53836000,73.92753500,1.69000000
18.53836000,73.92765500,1.69000000
18.53836000,73.92777500,1.69000000
18.53836000,73.94049500,1.69000000
18.53836000,73.94061500,1.75000000
18.53836000,73.94073500,1.80000000
18.53836000,73.94085500,1.84000000
18.53836000,73.94097500,1.88000000
18.53836000,73.94109500,1.88000000
18.53836000,73.94121500,1.84000000
18.53836000,73.94133500,1.80000000
18.53836000,73.94145500,1.75000000
18.53836000,73.94157500,1.69000000
18.53836000,73.97421500,1.69000000
18.53836000,73.97433500,1.75000000
18.53836000,73.97445500,1.80000000
18.53836000,73.97457500,1.84000000
18.53836000,73.97469500,1.88000000
18.53836000,73.97481500,1.91000000
18.53836000,73.97493500,1.88000000
18.53836000,73.97505500,1.84000000
18.53836000,73.97517500,1.80000000
18.53836000,73.97529500,1.75000000
18.53836000,73.97541500,1.69000000
18.53848000,73.86573500,1.69000000
18.53848000,73.86585500,1.69000000
18.53848000,73.86597500,1.75000000
18.53848000,73.86609500,1.80000000
18.53848000,73.86621500,1.84000000
18.53848000,73.86633500,1.84000000
18.53848000,73.86645500,1.88000000
18.53848000,73.86657500,1.88000000
18.53848000,73.86669500,1.88000000
18.53848000,73.86681500,1.84000000
18.53848000,73.86693500,1.84000000
18.53848000,73.86705500,1.80000000
18.53848000,73.86717500,1.80000000
18.53848000,73.86729500,1.75000000
18.53848000,73.86741500,1.69000000
18.53848000,73.86753500,1.69000000
18.53848000,73.86993500,1.69000000
18.53848000,73.87005500,1.69000000
18.53848000,73.87017500,1.69000000
18.53848000,73.87029500,1.69000000
18.53848000,73.92309500,1.69000000
18.53848000,73.92321500,1.69000000
18.53848000,73.92333500,1.75000000
18.53848000,73.92345500,1.75000000
18.53848000,73.92357500,1.80000000
18.53848000,73.92369500,1.80000000
18.53848000,73.92381500,1.75000000
18.53848000,73.92393500,1.75000000
18.53848000,73.92405500,1.75000000
18.53848000,73.92417500,1.69000000
18.53848000,73.92429500,1.69000000
18.53848000,73.92561500,1.69000000
18.53848000,73.92573500,1.75000000
18.53848000,73.92585500,1.80000000
18.53848000,73.92597500,1.84000000
18.53848000,73.92609500,1.88000000
18.53848000,73.92621500,1.88000000
18.53848000,73.92633500,1.88000000
18.53848000,73.92645500,1.88000000
18.53848000,73.92657500,1.88000000
18.53848000,73.92669500,1.88000000
18.53848000,73.92681500,1.84000000
18.53848000,73.92693500,1.80000000
18.53848000,73.92705500,1.75000000
18.53848000,73.92717500,1.69000000
18.53848000,73.94061500,1.69000000
18.53848000,73.94073500,1.75000000
18.53848000,73.94085500,1.80000000
18.53848000,73.94097500,1.84000000
18.53848000,73.94109500,1.88000000
18.53848000,73.94121500,1.84000000
18.53848000,73.94133500,1.80000000
18.53848000,73.94145500,1.75000000
18.53848000,73.94157500,1.69000000
18.53848000,73.97409500,1.69000000
18.53848000,73.97421500,1.75000000
18.53848000,73.97433500,1.80000000
18.53848000,73.97445500,1.84000000
18.53848000,73.97457500,1.88000000
18.53848000,73.97469500,1.91000000
18.53848000,73.97481500,1.88000000
18.53848000,73.97493500,1.84000000
18.53848000,73.97505500,1.80000000
18.53848000,73.97517500,1.75000000
18.53848000,73.97529500,1.69000000
18.53860000,73.86597500,1.69000000
18.53860000,73.86609500,1.75000000
18.53860000,73.86621500,1.80000000
18.53860000,73.86633500,1.80000000
18.53860000,73.86645500,1.84000000
18.53860000,73.86657500,1.84000000
18.53860000,73.86669500,1.88000000
18.53860000,73.86681500,1.88000000
18.53860000,73.86693500,1.88000000
18.53860000,73.86705500,1.84000000
18.53860000,73.86717500,1.84000000
18.53860000,73.86729500,1.80000000
18.53860000,73.86741500,1.75000000
18.53860000,73.86753500,1.75000000
18.53860000,73.86765500,1.69000000
18.53860000,73.86777500,1.69000000
18.53860000,73.86993500,1.69000000
18.53860000,73.87005500,1.75000000
18.53860000,73.87017500,1.75000000
18.53860000,73.87029500,1.75000000
18.53860000,73.87041500,1.69000000
18.53860000,73.87053500,1.69000000
18.53860000,73.91985500,1.69000000
18.53860000,73.91997500,1.69000000
18.53860000,73.92009500,1.69000000
18.53860000,73.92021500,1.69000000
18.53860000,73.92033500,1.69000000
18.53860000,73.92045500,1.69000000
18.53860000,73.92057500,1.69000000
18.53860000,73.92069500,1.69000000
18.53860000,73.92081500,1.69000000
18.53860000,73.92093500,1.69000000
18.53860000,73.92105500,1.69000000
18.53860000,73.92117500,1.69000000
18.53860000,73.92129500,1.69000000
18.53860000,73.92141500,1.69000000
18.53860000,73.92153500,1.69000000
18.53860000,73.92213500,1.69000000
18.53860000,73.92225500,1.69000000
18.53860000,73.92237500,1.69000000
18.53860000,73.92249500,1.69000000
18.53860000,73.92261500,1.69000000
18.53860000,73.92273500,1.69000000
18.53860000,73.92285500,1.69000000
18.53860000,73.92297500,1.69000000
18.53860000,73.92309500,1.75000000
18.53860000,73.92321500,1.75000000
18.53860000,73.92333500,1.80000000
18.53860000,73.92345500,1.80000000
18.53860000,73.92357500,1.84000000
18.53860000,73.92369500,1.84000000
18.53860000,73.92381500,1.80000000
18.53860000,73.92393500,1.80000000
18.53860000,73.92405500,1.80000000
18.53860000,73.92417500,1.75000000
18.53860000,73.92429500,1.75000000
18.53860000,73.92441500,1.69000000
18.53860000,73.92501500,1.69000000
18.53860000,73.92513500,1.69000000
18.53860000,73.92561500,1.69000000
18.53860000,73.92573500,1.75000000
18.53860000,73.92585500,1.80000000
18.53860000,73.92597500,1.84000000
18.53860000,73.92609500,1.84000000
18.53860000,73.92621500,1.84000000
18.53860000,73.92633500,1.84000000
18.53860000,73.92645500,1.84000000
18.53860000,73.92657500,1.84000000
18.53860000,73.92669500,1.84000000
18.53860000,73.92681500,1.80000000
18.53860000,73.92693500,1.75000000
18.53860000,73.92705500,1.69000000
18.53860000,73.94073500,1.69000000
18.53860000,73.94085500,1.75000000
18.53860000,73.94097500,1.80000000
18.53860000,73.94109500,1.84000000
18.53860000,73.94121500,1.88000000
18.53860000,73.94133500,1.84000000
18.53860000,73.94145500,1.80000000
18.53860000,73.94157500,1.75000000
18.53860000,73.94169500,1.69000000
18.53860000,73.97409500,1.69000000
18.53860000,73.97421500,1.75000000
18.53860000,73.97433500,1.80000000
18.53860000,73.97445500,1.84000000
18.53860000,73.97457500,1.88000000
18.53860000,73.97469500,1.91000000
18.53860000,73.97481500,1.88000000
18.53860000,73.97493500,1.84000000
18.53860000,73.97505500,1.80000000
18.53860000,73.97517500,1.75000000
18.53860000,73.97529500,1.69000000
18.53872000,73.86609500,1.69000000
18.53872000,73.86621500,1.75000000
18.53872000,73.86633500,1.75000000
18.53872000,73.86645500,1.80000000
18.53872000,73.86657500,1.80000000
18.53872000,73.86669500,1.84000000
18.53872000,73.86681500,1.84000000
18.53872000,73.86693500,1.88000000
18.53872000,73.86705500,1.88000000
18.53872000,73.86717500,1.88000000
18.53872000,73.86729500,1.84000000
18.53872000,73.86741500,1.80000000
18.53872000,73.86753500,1.80000000
18.53872000,73.86765500,1.75000000
18.53872000,73.86777500,1.75000000
18.53872000,73.86789500,1.69000000
18.53872000,73.86993500,1.69000000
18.53872000,73.87005500,1.75000000
18.53872000,73.87017500,1.80000000
18.53872000,73.87029500,1.80000000
18.53872000,73.87041500,1.75000000
18.53872000,73.87053500,1.75000000
18.53872000,73.87065500,1.69000000
18.53872000,73.91925500,1.69000000
18.53872000,73.91937500,1.69000000
18.53872000,73.91949500,1.69000000
18.53872000,73.91961500,1.69000000
18.53872000,73.91973500,1.69000000
18.53872000,73.91985500,1.75000000
18.53872000,73.91997500,1.75000000
18.53872000,73.92009500,1.75000000
18.53872000,73.92021500,1.75000000
18.53872000,73.92033500,1.75000000
18.53872000,73.92045500,1.75000000
18.53872000,73.92057500,1.75000000
18.53872000,73.92069500,1.75000000
18.53872000,73.92081500,1.75000000
18.53872000,73.92093500,1.75000000
18.53872000,73.92105500,1.75000000
18.53872000,73.92117500,1.75000000
18.53872000,73.92129500,1.75000000
18.53872000,73.92141500,1.75000000
18.53872000,73.92153500,1.75000000
18.53872000,73.92165500,1.69000000
18.53872000,73.92201500,1.69000000
18.53872000,73.92213500,1.75000000
18.53872000,73.92225500,1.75000000
18.53872000,73.92237500,1.75000000
18.53872000,73.92249500,1.75000000
18.53872000,73.92261500,1.75000000
18.53872000,73.92273500,1.75000000
18.53872000,73.92285500,1.75000000
18.53872000,73.92297500,1.75000000
18.53872000,73.92309500,1.80000000
18.53872000,73.92321500,1.80000000
18.53872000,73.92333500,1.84000000
18.53872000,73.92345500,1.84000000
18.53872000,73.92357500,1.88000000
18.53872000,73.92369500,1.88000000
18.53872000,73.92381500,1.84000000
18.53872000,73.92393500,1.84000000
18.53872000,73.92405500,1.84000000
18.53872000,73.92417500,1.80000000
18.53872000,73.92429500,1.75000000
18.53872000,73.92441500,1.69000000
18.53872000,73.92489500,1.69000000
18.53872000,73.92501500,1.75000000
18.53872000,73.92513500,1.75000000
18.53872000,73.92525500,1.69000000
18.53872000,73.92573500,1.69000000
18.53872000,73.92585500,1.75000000
18.53872000,73.92597500,1.80000000
18.53872000,73.92609500,1.80000000
18.53872000,73.92621500,1.80000000
18.53872000,73.92633500,1.80000000
18.53872000,73.92645500,1.80000000
18.53872000,73.92657500,1.80000000
18.53872000,73.92669500,1.80000000
18.53872000,73.92681500,1.75000000
18.53872000,73.92693500,1.69000000
18.53872000,73.94085500,1.69000000
18.53872000,73.94097500,1.75000000
18.53872000,73.94109500,1.80000000
18.53872000,73.94121500,1.84000000
18.53872000,73.94133500,1.84000000
18.53872000,73.94145500,1.80000000
18.53872000,73.94157500,1.75000000
18.53872000,73.94169500,1.69000000
18.53872000,73.97397500,1.69000000
18.53872000,73.97409500,1.75000000
18.53872000,73.97421500,1.80000000
18.53872000,73.97433500,1.84000000
18.53872000,73.97445500,1.88000000
18.53872000,73.97457500,1.91000000
18.53872000,73.97469500,1.91000000
18.53872000,73.97481500,1.88000000
18.53872000,73.97493500,1.84000000
18.53872000,73.97505500,1.80000000
18.53872000,73.97517500,1.75000000
18.53872000,73.97529500,1.69000000
18.53884000,73.86621500,1.69000000
18.53884000,73.86633500,1.69000000
18.53884000,73.86645500,1.75000000
18.53884000,73.86657500,1.75000000
18.53884000,73.86669500,1.80000000
18.53884000,73.86681500,1.80000000
18.53884000,73.86693500,1.84000000
18.53884000,73.86705500,1.84000000
18.53884000,73.86717500,1.88000000
18.53884000,73.86729500,1.88000000
18.53884000,73.86741500,1.84000000
18.53884000,73.86753500,1.84000000
18.53884000,73.86765500,1.80000000
18.53884000,73.86777500,1.80000000
18.53884000,73.86789500,1.75000000
18.53884000,73.86801500,1.69000000
18.53884000,73.86813500,1.69000000
18.53884000,73.86825500,1.69000000
18.53884000,73.86837500,1.69000000
18.53884000,73.87005500,1.69000000
18.53884000,73.87017500,1.75000000
18.53884000,73.87029500,1.80000000
18.53884000,73.87041500,1.80000000
18.53884000,73.87053500,1.80000000
18.53884000,73.87065500,1.75000000
18.53884000,73.87077500,1.69000000
18.53884000,73.91661500,1.69000000
18.53884000,73.91673500,1.69000000
18.53884000,73.91685500,1.69000000
18.53884000,73.91697500,1.69000000
18.53884000,73.91793500,1.69000000
18.53884000,73.91889500,1.69000000
18.53884000,73.91901500,1.69000000
18.53884000,73.91913500,1.69000000
18.53884000,73.91925500,1.75000000
18.53884000,73.91937500,1.75000000
18.53884000,73.91949500,1.75000000
18.53884000,73.91961500,1.75000000
18.53884000,73.91973500,1.75000000
18.53884000,73.91985500,1.80000000
18.53884000,73.91997500,1.80000000
18.53884000,73.92009500,1.80000000
18.53884000,73.92021500,1.80000000
18.53884000,73.92033500,1.80000000
18.53884000,73.92045500,1.80000000
18.53884000,73.92057500,1.80000000
18.53884000,73.92069500,1.80000000
18.53884000,73.92081500,1.80000000
18.53884000,73.92093500,1.80000000
18.53884000,73.92105500,1.80000000
18.53884000,73.92117500,1.80000000
18.53884000,73.92129500,1.80000000
18.53884000,73.92141500,1.80000000
18.53884000,73.92153500,1.80000000
18.53884000,73.92165500,1.75000000
18.53884000,73.92177500,1.69000000
18.53884000,73.92189500,1.69000000
18.53884000,73.92201500,1.75000000
18.53884000,73.92213500,1.80000000
18.53884000,73.92225500,1.80000000
18.53884000,73.92237500,1.80000000
18.53884000,73.92249500,1.80000000
18.53884000,73.92261500,1.80000000
18.53884000,73.92273500,1.80000000
18.53884000,73.92285500,1.80000000
18.53884000,73.92297500,1.80000000
18.53884000,73.92309500,1.84000000
18.53884000,73.92321500,1.84000000
18.53884000,73.92333500,1.88000000
18.53884000,73.92345500,1.88000000
18.53884000,73.92357500,1.91000000
18.53884000,73.92369500,1.91000000
18.53884000,73.92381500,1.88000000
18.53884000,73.92393500,1.88000000
18.53884000,73.92405500,1.88000000
18.53884000,73.92417500,1.84000000
18.53884000,73.92429500,1.80000000
18.53884000,73.92441500,1.75000000
18.53884000,73.92453500,1.69000000
18.53884000,73.92501500,1.69000000
18.53884000,73.92513500,1.69000000
18.53884000,73.92573500,1.69000000
18.53884000,73.92585500,1.75000000
18.53884000,73.92597500,1.75000000
18.53884000,73.92609500,1.75000000
18.53884000,73.92621500,1.75000000
18.53884000,73.92633500,1.75000000
18.53884000,73.92645500,1.75000000
18.53884000,73.92657500,1.75000000
18.53884000,73.92669500,1.75000000
18.53884000,73.92681500,1.69000000
18.53884000,73.92693500,1.69000000
18.53884000,73.94085500,1.69000000
18.53884000,73.94097500,1.75000000
18.53884000,73.94109500,1.80000000
18.53884000,73.94121500,1.84000000
18.53884000,73.94133500,1.88000000
18.53884000,73.94145500,1.84000000
18.53884000,73.94157500,1.80000000
18.53884000,73.94169500,1.75000000
18.53884000,73.94181500,1.69000000
18.53884000,73.97397500,1.69000000
18.53884000,73.97409500,1.75000000
18.53884000,73.97421500,1.80000000
18.53884000,73.97433500,1.84000000
18.53884000,73.97445500,1.88000000
18.53884000,73.97457500,1.91000000
18.53884000,73.97469500,1.91000000
18.53884000,73.97481500,1.88000000
18.53884000,73.97493500,1.84000000
18.53884000,73.97505500,1.80000000
18.53884000,73.97517500,1.75000000
18.53884000,73.97529500,1.69000000
18.53896000,73.86645500,1.69000000
18.53896000,73.86657500,1.69000000
18.53896000,73.86669500,1.75000000
18.53896000,73.86681500,1.75000000
18.53896000,73.86693500,1.80000000
18.53896000,73.86705500,1.80000000
18.53896000,73.86717500,1.84000000
18.53896000,73.86729500,1.84000000
18.53896000,73.86741500,1.88000000
18.53896000,73.86753500,1.88000000
18.53896000,73.86765500,1.84000000
18.53896000,73.86777500,1.84000000
18.53896000,73.86789500,1.80000000
18.53896000,73.86801500,1.75000000
18.53896000,73.86813500,1.75000000
18.53896000,73.86825500,1.75000000
18.53896000,73.86837500,1.75000000
18.53896000,73.86849500,1.69000000
18.53896000,73.86861500,1.69000000
18.53896000,73.87005500,1.69000000
18.53896000,73.87017500,1.75000000
18.53896000,73.87029500,1.80000000
18.53896000,73.87041500,1.84000000
18.53896000,73.87053500,1.84000000
18.53896000,73.87065500,1.80000000
18.53896000,73.87077500,1.75000000
18.53896000,73.87089500,1.69000000
18.53896000,73.91565500,1.69000000
18.53896000,73.91577500,1.69000000
18.53896000,73.91589500,1.69000000
18.53896000,73.91601500,1.69000000
18.53896000,73.91613500,1.69000000
18.53896000,73.91625500,1.69000000
18.53896000,73.91637500,1.69000000
18.53896000,73.91649500,1.69000000
18.53896000,73.91661500,1.75000000
18.53896000,73.91673500,1.75000000
18.53896000,73.91685500,1.75000000
18.53896000,73.91697500,1.75000000
18.53896000,73.91709500,1.69000000
18.53896000,73.91721500,1.69000000
18.53896000,73.91781500,1.69000000
18.53896000,73.91793500,1.75000000
18.53896000,73.91805500,1.69000000
18.53896000,73.91817500,1.69000000
18.53896000,73.91829500,1.69000000
18.53896000,73.91841500,1.69000000
18.53896000,73.91853500,1.69000000
18.53896000,73.91865500,1.69000000
18.53896000,73.91877500,1.69000000
18.53896000,73.91889500,1.75000000
18.53896000,73.91901500,1.75000000
18.53896000,73.91913500,1.75000000
18.53896000,73.91925500,1.80000000
18.53896000,73.91937500,1.80000000
18.53896000,73.91949500,1.80000000
18.53896000,73.91961500,1.80000000
18.53896000,73.91973500,1.80000000
18.53896000,73.91985500,1.84000000
18.53896000,73.91997500,1.84000000
18.53896000,73.92009500,1.84000000
18.53896000,73.92021500,1.84000000
18.53896000,73.92033500,1.84000000
18.53896000,73.92045500,1.84000000
18.53896000,73.92057500,1.84000000
18.53896000,73.92069500,1.84000000
18.53896000,73.92081500,1.84000000
18.53896000,73.92093500,1.84000000
18.53896000,73.92105500,1.84000000
18.53896000,73.92117500,1.84000000
18.53896000,73.92129500,1.84000000
18.53896000,73.92141500,1.84000000
18.53896000,73.92153500,1.84000000
18.53896000,73.92165500,1.80000000
18.53896000,73.92177500,1.75000000
18.53896000,73.92189500,1.75000000
18.53896000,73.92201500,1.80000000
18.53896000,73.92213500,1.84000000
18.53896000,73.92225500,1.84000000
18.53896000,73.92237500,1.84000000
18.53896000,73.92249500,1.84000000
18.53896000,73.92261500,1.84000000
18.53896000,73.92273500,1.84000000
18.53896000,73.92285500,1.84000000
18.53896000,73.92297500,1.84000000
18.53896000,73.92309500,1.88000000
18.53896000,73.92321500,1.88000000
18.53896000,73.92333500,1.88000000
18.53896000,73.92345500,1.88000000
18.53896000,73.92357500,1.88000000
18.53896000,73.92369500,1.88000000
18.53896000,73.92381500,1.84000000
18.53896000,73.92393500,1.84000000
18.53896000,73.92405500,1.84000000
18.53896000,73.92417500,1.80000000
18.53896000,73.92429500,1.75000000
18.53896000,73.92441500,1.69000000
18.53896000,73.92585500,1.69000000
18.53896000,73.92597500,1.69000000
18.53896000,73.92609500,1.69000000
18.53896000,73.92621500,1.69000000
18.53896000,73.92633500,1.69000000
18.53896000,73.92645500,1.69000000
18.53896000,73.92657500,1.69000000
18.53896000,73.92669500,1.69000000
18.53896000,73.94097500,1.69000000
18.53896000,73.94109500,1.75000000
18.53896000,73.94121500,1.80000000
18.53896000,73.94133500,1.84000000
18.53896000,73.94145500,1.84000000
18.53896000,73.94157500,1.80000000
18.53896000,73.94169500,1.75000000
18.53896000,73.94181500,1.69000000
18.53896000,73.97385500,1.69000000
18.53896000,73.97397500,1.75000000
18.53896000,73.97409500,1.80000000
18.53896000,73.97421500,1.84000000
18.53896000,73.97433500,1.88000000
18.53896000,73.97445500,1.91000000
18.53896000,73.97457500,1.91000000
18.53896000,73.97469500,1.88000000
18.53896000,73.97481500,1.84000000
18.53896000,73.97493500,1.80000000
18.53896000,73.97505500,1.75000000
18.53896000,73.97517500,1.69000000
18.53908000,73.86669500,1.69000000
18.53908000,73.86681500,1.69000000
18.53908000,73.86693500,1.75000000
18.53908000,73.86705500,1.75000000
18.53908000,73.86717500,1.80000000
18.53908000,73.86729500,1.80000000
18.53908000,73.86741500,1.84000000
18.53908000,73.86753500,1.84000000
18.53908000,73.86765500,1.84000000
18.53908000,73.86777500,1.84000000
18.53908000,73.86789500,1.84000000
18.53908000,73.86801500,1.80000000
18.53908000,73.86813500,1.80000000
18.53908000,73.86825500,1.80000000
18.53908000,73.86837500,1.80000000
18.53908000,73.86849500,1.75000000
18.53908000,73.86861500,1.75000000
18.53908000,73.86873500,1.69000000
18.53908000,73.86885500,1.69000000
18.53908000,73.86897500,1.69000000
18.53908000,73.87005500,1.69000000
18.53908000,73.87017500,1.75000000
18.53908000,73.87029500,1.80000000
18.53908000,73.87041500,1.84000000
18.53908000,73.87053500,1.88000000
18.53908000,73.87065500,1.84000000
18.53908000,73.87077500,1.80000000
18.53908000,73.87089500,1.75000000
18.53908000,73.87101500,1.69000000
18.53908000,73.87113500,1.69000000
18.53908000,73.91553500,1.69000000
18.53908000,73.91565500,1.75000000
18.53908000,73.91577500,1.75000000
18.53908000,73.91589500,1.75000000
18.53908000,73.91601500,1.75000000
18.53908000,73.91613500,1.75000000
18.53908000,73.91625500,1.75000000
18.53908000,73.91637500,1.75000000
18.53908000,73.91649500,1.75000000
18.53908000,73.91661500,1.80000000
18.53908000,73.91673500,1.80000000
18.53908000,73.91685500,1.80000000
18.53908000,73.91697500,1.80000000
18.53908000,73.91709500,1.75000000
18.53908000,73.91721500,1.75000000
18.53908000,73.91733500,1.69000000
18.53908000,73.91745500,1.69000000
18.53908000,73.91757500,1.69000000
18.53908000,73.91769500,1.69000000
18.53908000,73.91781500,1.75000000
18.53908000,73.91793500,1.80000000
18.53908000,73.91805500,1.75000000
18.53908000,73.91817500,1.75000000
18.53908000,73.91829500,1.75000000
18.53908000,73.91841500,1.75000000
18.53908000,73.91853500,1.75000000
18.53908000,73.91865500,1.75000000
18.53908000,73.91877500,1.75000000
18.53908000,73.91889500,1.80000000
18.53908000,73.91901500,1.80000000
18.53908000,73.91913500,1.80000000
18.53908000,73.91925500,1.84000000
18.53908000,73.91937500,1.84000000
18.53908000,73.91949500,1.84000000
18.53908000,73.91961500,1.84000000
18.53908000,73.91973500,1.84000000
18.53908000,73.91985500,1.88000000
18.53908000,73.91997500,1.88000000
18.53908000,73.92009500,1.88000000
18.53908000,73.92021500,1.88000000
18.53908000,73.92033500,1.88000000
18.53908000,73.92045500,1.88000000
18.53908000,73.92057500,1.88000000
18.53908000,73.92069500,1.88000000
18.53908000,73.92081500,1.88000000
18.53908000,73.92093500,1.88000000
18.53908000,73.92105500,1.88000000
18.53908000,73.92117500,1.84000000
18.53908000,73.92129500,1.80000000
18.53908000,73.92141500,1.80000000
18.53908000,73.92153500,1.80000000
18.53908000,73.92165500,1.84000000
18.53908000,73.92177500,1.80000000
18.53908000,73.92189500,1.80000000
18.53908000,73.92201500,1.84000000
18.53908000,73.92213500,1.88000000
18.53908000,73.92225500,1.88000000
18.53908000,73.92237500,1.84000000
18.53908000,73.92249500,1.84000000
18.53908000,73.92261500,1.84000000
18.53908000,73.92273500,1.88000000
18.53908000,73.92285500,1.88000000
18.53908000,73.92297500,1.88000000
18.53908000,73.92309500,1.88000000
18.53908000,73.92321500,1.84000000
18.53908000,73.92333500,1.84000000
18.53908000,73.92345500,1.84000000
18.53908000,73.92357500,1.84000000
18.53908000,73.92369500,1.84000000
18.53908000,73.92381500,1.80000000
18.53908000,73.92393500,1.80000000
18.53908000,73.92405500,1.80000000
18.53908000,73.92417500,1.80000000
18.53908000,73.92429500,1.75000000
18.53908000,73.92441500,1.69000000
18.53908000,73.94097500,1.69000000
18.53908000,73.94109500,1.75000000
18.53908000,73.94121500,1.80000000
18.53908000,73.94133500,1.84000000
18.53908000,73.94145500,1.88000000
18.53908000,73.94157500,1.84000000
18.53908000,73.94169500,1.80000000
18.53908000,73.94181500,1.75000000
18.53908000,73.94193500,1.69000000
18.53908000,73.97385500,1.69000000
18.53908000,73.97397500,1.75000000
18.53908000,73.97409500,1.80000000
18.53908000,73.97421500,1.84000000
18.53908000,73.97433500,1.88000000
18.53908000,73.97445500,1.91000000
18.53908000,73.97457500,1.91000000
18.53908000,73.97469500,1.88000000
18.53908000,73.97481500,1.84000000
18.53908000,73.97493500,1.80000000
18.53908000,73.97505500,1.75000000
18.53908000,73.97517500,1.69000000
18.53920000,73.86693500,1.69000000
18.53920000,73.86705500,1.69000000
18.53920000,73.86717500,1.75000000
18.53920000,73.86729500,1.75000000
18.53920000,73.86741500,1.80000000
18.53920000,73.86753500,1.80000000
18.53920000,73.86765500,1.80000000
18.53920000,73.86777500,1.80000000
18.53920000,73.86789500,1.84000000
18.53920000,73.86801500,1.84000000
18.53920000,73.86813500,1.84000000
18.53920000,73.86825500,1.84000000
18.53920000,73.86837500,1.84000000
18.53920000,73.86849500,1.80000000
18.53920000,73.86861500,1.80000000
18.53920000,73.86873500,1.75000000
18.53920000,73.86885500,1.75000000
18.53920000,73.86897500,1.75000000
18.53920000,73.86909500,1.69000000
18.53920000,73.86921500,1.69000000
18.53920000,73.86933500,1.69000000
18.53920000,73.86945500,1.69000000
18.53920000,73.86957500,1.69000000
18.53920000,73.86969500,1.69000000
18.53920000,73.86981500,1.69000000
18.53920000,73.86993500,1.69000000
18.53920000,73.87005500,1.75000000
18.53920000,73.87017500,1.80000000
18.53920000,73.87029500,1.84000000
18.53920000,73.87041500,1.88000000
18.53920000,73.87053500,1.91000000
18.53920000,73.87065500,1.88000000
18.53920000,73.87077500,1.84000000
18.53920000,73.87089500,1.80000000
18.53920000,73.87101500,1.75000000
18.53920000,73.87113500,1.75000000
18.53920000,73.87125500,1.69000000
18.53920000,73.87137500,1.69000000
18.53920000,73.87149500,1.69000000
18.53920000,73.91457500,1.69000000
18.53920000,73.91469500,1.69000000
18.53920000,73.91541500,1.69000000
18.53920000,73.91553500,1.75000000
18.53920000,73.91565500,1.80000000
18.53920000,73.91577500,1.80000000
18.53920000,73.91589500,1.80000000
18.53920000,73.91601500,1.80000000
18.53920000,73.91613500,1.80000000
18.53920000,73.91625500,1.80000000
18.53920000,73.91637500,1.80000000
18.53920000,73.91649500,1.80000000
18.53920000,73.91661500,1.84000000
18.53920000,73.91673500,1.84000000
18.53920000,73.91685500,1.84000000
18.53920000,73.91697500,1.84000000
18.53920000,73.91709500,1.80000000
18.53920000,73.91721500,1.80000000
18.53920000,73.91733500,1.75000000
18.53920000,73.91745500,1.75000000
18.53920000,73.91757500,1.75000000
18.53920000,73.91769500,1.75000000
18.53920000,73.91781500,1.80000000
18.53920000,73.91793500,1.84000000
18.53920000,73.91805500,1.80000000
18.53920000,73.91817500,1.80000000
18.53920000,73.91829500,1.80000000
18.53920000,73.91841500,1.80000000
18.53920000,73.91853500,1.80000000
18.53920000,73.91865500,1.80000000
18.53920000,73.91877500,1.80000000
18.53920000,73.91889500,1.84000000
18.53920000,73.91901500,1.84000000
18.53920000,73.91913500,1.84000000
18.53920000,73.91925500,1.88000000
18.53920000,73.91937500,1.88000000
18.53920000,73.91949500,1.88000000
18.53920000,73.91961500,1.88000000
18.53920000,73.91973500,1.88000000
18.53920000,73.91985500,1.88000000
18.53920000,73.91997500,1.88000000
18.53920000,73.92009500,1.88000000
18.53920000,73.92021500,1.88000000
18.53920000,73.92033500,1.88000000
18.53920000,73.92045500,1.91000000
18.53920000,73.92057500,1.88000000
18.53920000,73.92069500,1.88000000
18.53920000,73.92081500,1.84000000
18.53920000,73.92093500,1.84000000
18.53920000,73.92105500,1.84000000
18.53920000,73.92117500,1.80000000
18.53920000,73.92129500,1.75000000
18.53920000,73.92141500,1.75000000
18.53920000,73.92153500,1.75000000
18.53920000,73.92165500,1.80000000
18.53920000,73.92177500,1.84000000
18.53920000,73.92189500,1.84000000
18.53920000,73.92201500,1.84000000
18.53920000,73.92213500,1.84000000
18.53920000,73.92225500,1.84000000
18.53920000,73.92237500,1.80000000
18.53920000,73.92249500,1.80000000
18.53920000,73.92261500,1.80000000
18.53920000,73.92273500,1.84000000
18.53920000,73.92285500,1.84000000
18.53920000,73.92297500,1.84000000
18.53920000,73.92309500,1.84000000
18.53920000,73.92321500,1.80000000
18.53920000,73.92333500,1.80000000
18.53920000,73.92345500,1.80000000
18.53920000,73.92357500,1.80000000
18.53920000,73.92369500,1.80000000
18.53920000,73.92381500,1.75000000
18.53920000,73.92393500,1.75000000
18.53920000,73.92405500,1.75000000
18.53920000,73.92417500,1.75000000
18.53920000,73.92429500,1.69000000
18.53920000,73.94109500,1.69000000
18.53920000,73.94121500,1.75000000
18.53920000,73.94133500,1.80000000
18.53920000,73.94145500,1.84000000
18.53920000,73.94157500,1.84000000
18.53920000,73.94169500,1.80000000
18.53920000,73.94181500,1.75000000
18.53920000,73.94193500,1.69000000
18.53920000,73.97385500,1.69000000
18.53920000,73.97397500,1.75000000
18.53920000,73.97409500,1.80000000
18.53920000,73.97421500,1.84000000
18.53920000,73.97433500,1.88000000
18.53920000,73.97445500,1.91000000
18.53920000,73.97457500,1.88000000
18.53920000,73.97469500,1.84000000
18.53920000,73.97481500,1.80000000
18.53920000,73.97493500,1.75000000
18.53920000,73.97505500,1.69000000
18.53932000,73.86717500,1.69000000
18.53932000,73.86729500,1.69000000
18.53932000,73.86741500,1.75000000
18.53932000,73.86753500,1.75000000
18.53932000,73.86765500,1.75000000
18.53932000,73.86777500,1.75000000
18.53932000,73.86789500,1.80000000
18.53932000,73.86801500,1.80000000
18.53932000,73.86813500,1.84000000
18.53932000,73.86825500,1.84000000
18.53932000,73.86837500,1.88000000
18.53932000,73.86849500,1.84000000
18.53932000,73.86861500,1.84000000
18.53932000,73.86873500,1.80000000
18.53932000,73.86885500,1.80000000
18.53932000,73.86897500,1.80000000
18.53932000,73.86909500,1.75000000
18.53932000,73.86921500,1.75000000
18.53932000,73.86933500,1.75000000
18.53932000,73.86945500,1.75000000
18.53932000,73.86957500,1.75000000
18.53932000,73.86969500,1.75000000
18.53932000,73.86981500,1.75000000
18.53932000,73.86993500,1.75000000
18.53932000,73.87005500,1.80000000
18.53932000,73.87017500,1.84000000
18.53932000,73.87029500,1.88000000
18.53932000,73.87041500,1.91000000
18.53932000,73.87053500,1.94000000
18.53932000,73.87065500,1.91000000
18.53932000,73.87077500,1.88000000
18.53932000,73.87089500,1.84000000
18.53932000,73.87101500,1.80000000
18.53932000,73.87113500,1.80000000
18.53932000,73.87125500,1.75000000
18.53932000,73.87137500,1.75000000
18.53932000,73.87149500,1.75000000
18.53932000,73.87161500,1.69000000
18.53932000,73.87173500,1.69000000
18.53932000,73.87185500,1.69000000
18.53932000,73.91433500,1.69000000
18.53932000,73.91445500,1.69000000
18.53932000,73.91457500,1.75000000
18.53932000,73.91469500,1.75000000
18.53932000,73.91481500,1.69000000
18.53932000,73.91493500,1.69000000
18.53932000,73.91541500,1.69000000
18.53932000,73.91553500,1.75000000
18.53932000,73.91565500,1.80000000
18.53932000,73.91577500,1.84000000
18.53932000,73.91589500,1.84000000
18.53932000,73.91601500,1.84000000
18.53932000,73.91613500,1.84000000
18.53932000,73.91625500,1.84000000
18.53932000,73.91637500,1.84000000
18.53932000,73.91649500,1.84000000
18.53932000,73.91661500,1.88000000
18.53932000,73.91673500,1.88000000
18.53932000,73.91685500,1.88000000
18.53932000,73.91697500,1.88000000
18.53932000,73.91709500,1.84000000
18.53932000,73.91721500,1.84000000
18.53932000,73.91733500,1.80000000
18.53932000,73.91745500,1.80000000
18.53932000,73.91757500,1.80000000
18.53932000,73.91769500,1.80000000
18.53932000,73.91781500,1.84000000
18.53932000,73.91793500,1.88000000
18.53932000,73.91805500,1.84000000
18.53932000,73.91817500,1.84000000
18.53932000,73.91829500,1.84000000
18.53932000,73.91841500,1.84000000
18.53932000,73.91853500,1.84000000
18.53932000,73.91865500,1.84000000
18.53932000,73.91877500,1.84000000
18.53932000,73.91889500,1.88000000
18.53932000,73.91901500,1.88000000
18.53932000,73.91913500,1.88000000
18.53932000,73.91925500,1.91000000
18.53932000,73.91937500,1.91000000
18.53932000,73.91949500,1.91000000
18.53932000,73.91961500,1.88000000
18.53932000,73.91973500,1.88000000
18.53932000,73.91985500,1.84000000
18.53932000,73.91997500,1.84000000
18.53932000,73.92009500,1.84000000
18.53932000,73.92021500,1.84000000
18.53932000,73.92033500,1.84000000
18.53932000,73.92045500,1.88000000
18.53932000,73.92057500,1.84000000
18.53932000,73.92069500,1.84000000
18.53932000,73.92081500,1.80000000
18.53932000,73.92093500,1.80000000
18.53932000,73.92105500,1.80000000
18.53932000,73.92117500,1.75000000
18.53932000,73.92129500,1.69000000
18.53932000,73.92141500,1.69000000
18.53932000,73.92153500,1.69000000
18.53932000,73.92165500,1.75000000
18.53932000,73.92177500,1.80000000
18.53932000,73.92189500,1.80000000
18.53932000,73.92201500,1.80000000
18.53932000,73.92213500,1.80000000
18.53932000,73.92225500,1.80000000
18.53932000,73.92237500,1.75000000
18.53932000,73.92249500,1.75000000
18.53932000,73.92261500,1.75000000
18.53932000,73.92273500,1.80000000
18.53932000,73.92285500,1.80000000
18.53932000,73.92297500,1.80000000
18.53932000,73.92309500,1.80000000
18.53932000,73.92321500,1.75000000
18.53932000,73.92333500,1.75000000
18.53932000,73.92345500,1.75000000
18.53932000,73.92357500,1.75000000
18.53932000,73.92369500,1.75000000
18.53932000,73.92381500,1.69000000
18.53932000,73.92393500,1.69000000
18.53932000,73.92405500,1.69000000
18.53932000,73.92417500,1.69000000
18.53932000,73.94121500,1.69000000
18.53932000,73.94133500,1.75000000
18.53932000,73.94145500,1.80000000
18.53932000,73.94157500,1.84000000
18.53932000,73.94169500,1.84000000
18.53932000,73.94181500,1.80000000
18.53932000,73.94193500,1.75000000
18.53932000,73.94205500,1.69000000
18.53932000,73.97373500,1.69000000
18.53932000,73.97385500,1.75000000
18.53932000,73.97397500,1.80000000
18.53932000,73.97409500,1.84000000
18.53932000,73.97421500,1.88000000
18.53932000,73.97433500,1.91000000
18.53932000,73.97445500,1.88000000
18.53932000,73.97457500,1.84000000
18.53932000,73.97469500,1.80000000
18.53932000,73.97481500,1.75000000
18.53932000,73.97493500,1.69000000
18.53944000,73.86741500,1.69000000
18.53944000,73.86753500,1.69000000
18.53944000,73.86765500,1.69000000
18.53944000,73.86777500,1.69000000
18.53944000,73.86789500,1.75000000
18.53944000,73.86801500,1.75000000
18.53944000,73.86813500,1.80000000
18.53944000,73.86825500,1.80000000
18.53944000,73.86837500,1.84000000
18.53944000,73.86849500,1.84000000
18.53944000,73.86861500,1.84000000
18.53944000,73.86873500,1.84000000
18.53944000,73.86885500,1.84000000
18.53944000,73.86897500,1.84000000
18.53944000,73.86909500,1.80000000
18.53944000,73.86921500,1.80000000
18.53944000,73.86933500,1.80000000
18.53944000,73.86945500,1.80000000
18.53944000,73.86957500,1.80000000
18.53944000,73.86969500,1.80000000
18.53944000,73.86981500,1.80000000
18.53944000,73.86993500,1.80000000
18.53944000,73.87005500,1.84000000
18.53944000,73.87017500,1.88000000
18.53944000,73.87029500,1.91000000
18.53944000,73.87041500,1.94000000
18.53944000,73.87053500,1.97000000
18.53944000,73.87065500,1.94000000
18.53944000,73.87077500,1.91000000
18.53944000,73.87089500,1.88000000
18.53944000,73.87101500,1.84000000
18.53944000,73.87113500,1.84000000
18.53944000,73.87125500,1.80000000
18.53944000,73.87137500,1.80000000
18.53944000,73.87149500,1.80000000
18.53944000,73.87161500,1.75000000
18.53944000,73.87173500,1.75000000
18.53944000,73.87185500,1.75000000
18.53944000,73.87197500,1.69000000
18.53944000,73.87209500,1.69000000
18.53944000,73.91361500,1.69000000
18.53944000,73.91373500,1.69000000
18.53944000,73.91385500,1.69000000
18.53944000,73.91433500,1.69000000
18.53944000,73.91445500,1.75000000
18.53944000,73.91457500,1.80000000
18.53944000,73.91469500,1.80000000
18.53944000,73.91481500,1.75000000
18.53944000,73.91493500,1.69000000
18.53944000,73.91529500,1.69000000
18.53944000,73.91541500,1.75000000
18.53944000,73.91553500,1.80000000
18.53944000,73.91565500,1.84000000
18.53944000,73.91577500,1.88000000
18.53944000,73.91589500,1.88000000
18.53944000,73.91601500,1.88000000
18.53944000,73.91613500,1.88000000
18.53944000,73.91625500,1.88000000
18.53944000,73.91637500,1.88000000
18.53944000,73.91649500,1.88000000
18.53944000,73.91661500,1.91000000
18.53944000,73.91673500,1.91000000
18.53944000,73.91685500,1.91000000
18.53944000,73.91697500,1.91000000
18.53944000,73.91709500,1.88000000
18.53944000,73.91721500,1.88000000
18.53944000,73.91733500,1.84000000
18.53944000,73.91745500,1.84000000
18.53944000,73.91757500,1.84000000
18.53944000,73.91769500,1.84000000
18.53944000,73.91781500,1.88000000
18.53944000,73.91793500,1.88000000
18.53944000,73.91805500,1.88000000
18.53944000,73.91817500,1.88000000
18.53944000,73.91829500,1.88000000
18.53944000,73.91841500,1.88000000
18.53944000,73.91853500,1.88000000
18.53944000,73.91865500,1.88000000
18.53944000,73.91877500,1.88000000
18.53944000,73.91889500,1.88000000
18.53944000,73.91901500,1.88000000
18.53944000,73.91913500,1.88000000
18.53944000,73.91925500,1.88000000
18.53944000,73.91937500,1.88000000
18.53944000,73.91949500,1.88000000
18.53944000,73.91961500,1.84000000
18.53944000,73.91973500,1.84000000
18.53944000,73.91985500,1.80000000
18.53944000,73.91997500,1.80000000
18.53944000,73.92009500,1.80000000
18.53944000,73.92021500,1.80000000
18.53944000,73.92033500,1.80000000
18.53944000,73.92045500,1.84000000
18.53944000,73.92057500,1.80000000
18.53944000,73.92069500,1.80000000
18.53944000,73.92081500,1.75000000
18.53944000,73.92093500,1.75000000
18.53944000,73.92105500,1.75000000
18.53944000,73.92117500,1.69000000
18.53944000,73.92165500,1.69000000
18.53944000,73.92177500,1.75000000
18.53944000,73.92189500,1.75000000
18.53944000,73.92201500,1.75000000
18.53944000,73.92213500,1.75000000
18.53944000,73.92225500,1.75000000
18.53944000,73.92237500,1.69000000
18.53944000,73.92249500,1.69000000
18.53944000,73.92261500,1.69000000
18.53944000,73.92273500,1.75000000
18.53944000,73.92285500,1.75000000
18.53944000,73.92297500,1.75000000
18.53944000,73.92309500,1.75000000
18.53944000,73.92321500,1.69000000
18.53944000,73.92333500,1.69000000
18.53944000,73.92345500,1.69000000
18.53944000,73.92357500,1.69000000
18.53944000,73.92369500,1.69000000
18.53944000,73.94133500,1.69000000
18.53944000,73.94145500,1.75000000
18.53944000,73.94157500,1.80000000
18.53944000,73.94169500,1.84000000
18.53944000,73.94181500,1.80000000
18.53944000,73.94193500,1.75000000
18.53944000,73.94205500,1.69000000
18.53944000,73.97373500,1.69000000
18.53944000,73.97385500,1.75000000
18.53944000,73.97397500,1.80000000
18.53944000,73.97409500,1.84000000
18.53944000,73.97421500,1.88000000
18.53944000,73.97433500,1.88000000
18.53944000,73.97445500,1.84000000
18.53944000,73.97457500,1.80000000
18.53944000,73.97469500,1.75000000
18.53944000,73.97481500,1.69000000
18.53956000,73.86789500,1.69000000
18.53956000,73.86801500,1.69000000
18.53956000,73.86813500,1.75000000
18.53956000,73.86825500,1.75000000
18.53956000,73.86837500,1.80000000
18.53956000,73.86849500,1.80000000
18.53956000,73.86861500,1.80000000
18.53956000,73.86873500,1.80000000
18.53956000,73.86885500,1.80000000
18.53956000,73.86897500,1.80000000
18.53956000,73.86909500,1.84000000
18.53956000,73.86921500,1.84000000
18.53956000,73.86933500,1.84000000
18.53956000,73.86945500,1.84000000
18.53956000,73.86957500,1.84000000
18.53956000,73.86969500,1.84000000
18.53956000,73.86981500,1.84000000
18.53956000,73.86993500,1.84000000
18.53956000,73.87005500,1.88000000
18.53956000,73.87017500,1.91000000
18.53956000,73.87029500,1.94000000
18.53956000,73.87041500,1.97000000
18.53956000,73.87053500,1.97000000
18.53956000,73.87065500,1.97000000
18.53956000,73.87077500,1.94000000
18.53956000,73.87089500,1.91000000
18.53956000,73.87101500,1.88000000
18.53956000,73.87113500,1.88000000
18.53956000,73.87125500,1.84000000
18.53956000,73.87137500,1.84000000
18.53956000,73.87149500,1.84000000
18.53956000,73.87161500,1.80000000
18.53956000,73.87173500,1.80000000
18.53956000,73.87185500,1.80000000
18.53956000,73.87197500,1.75000000
18.53956000,73.87209500,1.75000000
18.53956000,73.87221500,1.69000000
18.53956000,73.91301500,1.69000000
18.53956000,73.91313500,1.69000000
18.53956000,73.91325500,1.69000000
18.53956000,73.91337500,1.69000000
18.53956000,73.91349500,1.69000000
18.53956000,73.91361500,1.75000000
18.53956000,73.91373500,1.75000000
18.53956000,73.91385500,1.75000000
18.53956000,73.91397500,1.69000000
18.53956000,73.91421500,1.69000000
18.53956000,73.91433500,1.75000000
18.53956000,73.91445500,1.80000000
18.53956000,73.91457500,1.84000000
18.53956000,73.91469500,1.84000000
18.53956000,73.91481500,1.80000000
18.53956000,73.91493500,1.75000000
18.53956000,73.91505500,1.69000000
18.53956000,73.91529500,1.69000000
18.53956000,73.91541500,1.75000000
18.53956000,73.91553500,1.80000000
18.53956000,73.91565500,1.84000000
18.53956000,73.91577500,1.88000000
18.53956000,73.91589500,1.91000000
18.53956000,73.91601500,1.91000000
18.53956000,73.91613500,1.91000000
18.53956000,73.91625500,1.91000000
18.53956000,73.91637500,1.91000000
18.53956000,73.91649500,1.91000000
18.53956000,73.91661500,1.91000000
18.53956000,73.91673500,1.91000000
18.53956000,73.91685500,1.91000000
18.53956000,73.91697500,1.88000000
18.53956000,73.91709500,1.88000000
18.53956000,73.91721500,1.88000000
18.53956000,73.91733500,1.88000000
18.53956000,73.91745500,1.88000000
18.53956000,73.91757500,1.84000000
18.53956000,73.91769500,1.84000000
18.53956000,73.91781500,1.84000000
18.53956000,73.91793500,1.84000000
18.53956000,73.91805500,1.84000000
18.53956000,73.91817500,1.84000000
18.53956000,73.91829500,1.84000000
18.53956000,73.91841500,1.84000000
18.53956000,73.91853500,1.88000000
18.53956000,73.91865500,1.84000000
18.53956000,73.91877500,1.84000000
18.53956000,73.91889500,1.84000000
18.53956000,73.91901500,1.84000000
18.53956000,73.91913500,1.84000000
18.53956000,73.91925500,1.84000000
18.53956000,73.91937500,1.84000000
18.53956000,73.91949500,1.84000000
18.53956000,73.91961500,1.80000000
18.53956000,73.91973500,1.80000000
18.53956000,73.91985500,1.75000000
18.53956000,73.91997500,1.75000000
18.53956000,73.92009500,1.75000000
18.53956000,73.92021500,1.75000000
18.53956000,73.92033500,1.75000000
18.53956000,73.92045500,1.80000000
18.53956000,73.92057500,1.75000000
18.53956000,73.92069500,1.75000000
18.53956000,73.92081500,1.69000000
18.53956000,73.92093500,1.69000000
18.53956000,73.92105500,1.69000000
18.53956000,73.92177500,1.69000000
18.53956000,73.92189500,1.69000000
18.53956000,73.92201500,1.69000000
18.53956000,73.92213500,1.69000000
18.53956000,73.92225500,1.69000000
18.53956000,73.92273500,1.69000000
18.53956000,73.92285500,1.69000000
18.53956000,73.92297500,1.69000000
18.53956000,73.92309500,1.69000000
18.53956000,73.94133500,1.69000000
18.53956000,73.94145500,1.75000000
18.53956000,73.94157500,1.80000000
18.53956000,73.94169500,1.84000000
18.53956000,73.94181500,1.84000000
18.53956000,73.94193500,1.80000000
18.53956000,73.94205500,1.75000000
18.53956000,73.94217500,1.69000000
18.53956000,73.97373500,1.69000000
18.53956000,73.97385500,1.75000000
18.53956000,73.97397500,1.80000000
18.53956000,73.97409500,1.84000000
18.53956000,73.97421500,1.88000000
18.53956000,73.97433500,1.88000000
18.53956000,73.97445500,1.84000000
18.53956000,73.97457500,1.80000000
18.53956000,73.97469500,1.75000000
18.53956000,73.97481500,1.69000000
18.53968000,73.86813500,1.69000000
18.53968000,73.86825500,1.69000000
18.53968000,73.86837500,1.75000000
18.53968000,73.86849500,1.75000000
18.53968000,73.86861500,1.75000000
18.53968000,73.86873500,1.75000000
18.53968000,73.86885500,1.75000000
18.53968000,73.86897500,1.75000000
18.53968000,73.86909500,1.80000000
18.53968000,73.86921500,1.80000000
18.53968000,73.86933500,1.80000000
18.53968000,73.86945500,1.84000000
18.53968000,73.86957500,1.84000000
18.53968000,73.86969500,1.88000000
18.53968000,73.86981500,1.88000000
18.53968000,73.86993500,1.88000000
18.53968000,73.87005500,1.88000000
18.53968000,73.87017500,1.91000000
18.53968000,73.87029500,1.91000000
18.53968000,73.87041500,1.94000000
18.53968000,73.87053500,1.94000000
18.53968000,73.87065500,1.94000000
18.53968000,73.87077500,1.94000000
18.53968000,73.87089500,1.94000000
18.53968000,73.87101500,1.91000000
18.53968000,73.87113500,1.91000000
18.53968000,73.87125500,1.88000000
18.53968000,73.87137500,1.88000000
18.53968000,73.87149500,1.88000000
18.53968000,73.87161500,1.84000000
18.53968000,73.87173500,1.84000000
18.53968000,73.87185500,1.84000000
18.53968000,73.87197500,1.80000000
18.53968000,73.87209500,1.80000000
18.53968000,73.87221500,1.75000000
18.53968000,73.87233500,1.69000000
18.53968000,73.91277500,1.69000000
18.53968000,73.91289500,1.69000000
18.53968000,73.91301500,1.75000000
18.53968000,73.91313500,1.75000000
18.53968000,73.91325500,1.75000000
18.53968000,73.91337500,1.75000000
18.53968000,73.91349500,1.75000000
18.53968000,73.91361500,1.80000000
18.53968000,73.91373500,1.80000000
18.53968000,73.91385500,1.80000000
18.53968000,73.91397500,1.75000000
18.53968000,73.91409500,1.69000000
18.53968000,73.91433500,1.69000000
18.53968000,73.91445500,1.75000000
18.53968000,73.91457500,1.80000000
18.53968000,73.91469500,1.84000000
18.53968000,73.91481500,1.84000000
18.53968000,73.91493500,1.80000000
18.53968000,73.91505500,1.75000000
18.53968000,73.91517500,1.69000000
18.53968000,73.91529500,1.75000000
18.53968000,73.91541500,1.80000000
18.53968000,73.91553500,1.84000000
18.53968000,73.91565500,1.88000000
18.53968000,73.91577500,1.88000000
18.53968000,73.91589500,1.91000000
18.53968000,73.91601500,1.88000000
18.53968000,73.91613500,1.88000000
18.53968000,73.91625500,1.88000000
18.53968000,73.91637500,1.88000000
18.53968000,73.91649500,1.88000000
18.53968000,73.91661500,1.88000000
18.53968000,73.91673500,1.88000000
18.53968000,73.91685500,1.88000000
18.53968000,73.91697500,1.84000000
18.53968000,73.91709500,1.84000000
18.53968000,73.91721500,1.84000000
18.53968000,73.91733500,1.84000000
18.53968000,73.91745500,1.84000000
18.53968000,73.91757500,1.80000000
18.53968000,73.91769500,1.80000000
18.53968000,73.91781500,1.80000000
18.53968000,73.91793500,1.80000000
18.53968000,73.91805500,1.80000000
18.53968000,73.91817500,1.80000000
18.53968000,73.91829500,1.80000000
18.53968000,73.91841500,1.80000000
18.53968000,73.91853500,1.84000000
18.53968000,73.91865500,1.80000000
18.53968000,73.91877500,1.80000000
18.53968000,73.91889500,1.80000000
18.53968000,73.91901500,1.80000000
18.53968000,73.91913500,1.80000000
18.53968000,73.91925500,1.80000000
18.53968000,73.91937500,1.80000000
18.53968000,73.91949500,1.80000000
18.53968000,73.91961500,1.75000000
18.53968000,73.91973500,1.75000000
18.53968000,73.91985500,1.69000000
18.53968000,73.91997500,1.69000000
18.53968000,73.92009500,1.69000000
18.53968000,73.92021500,1.69000000
18.53968000,73.92033500,1.69000000
18.53968000,73.92045500,1.75000000
18.53968000,73.92057500,1.69000000
18.53968000,73.92069500,1.69000000
18.53968000,73.94133500,1.69000000
18.53968000,73.94145500,1.75000000
18.53968000,73.94157500,1.80000000
18.53968000,73.94169500,1.84000000
18.53968000,73.94181500,1.84000000
18.53968000,73.94193500,1.80000000
18.53968000,73.94205500,1.75000000
18.53968000,73.94217500,1.69000000
18.53968000,73.97373500,1.69000000
18.53968000,73.97385500,1.75000000
18.53968000,73.97397500,1.80000000
18.53968000,73.97409500,1.84000000
18.53968000,73.97421500,1.88000000
18.53968000,73.97433500,1.88000000
18.53968000,73.97445500,1.84000000
18.53968000,73.97457500,1.80000000
18.53968000,73.97469500,1.75000000
18.53968000,73.97481500,1.69000000
18.53980000,73.86837500,1.69000000
18.53980000,73.86849500,1.69000000
18.53980000,73.86861500,1.69000000
18.53980000,73.86873500,1.69000000
18.53980000,73.86885500,1.69000000
18.53980000,73.86897500,1.69000000
18.53980000,73.86909500,1.75000000
18.53980000,73.86921500,1.75000000
18.53980000,73.86933500,1.75000000
18.53980000,73.86945500,1.80000000
18.53980000,73.86957500,1.80000000
18.53980000,73.86969500,1.84000000
18.53980000,73.86981500,1.84000000
18.53980000,73.86993500,1.84000000
18.53980000,73.87005500,1.84000000
18.53980000,73.87017500,1.88000000
18.53980000,73.87029500,1.88000000
18.53980000,73.87041500,1.91000000
18.53980000,73.87053500,1.91000000
18.53980000,73.87065500,1.91000000
18.53980000,73.87077500,1.91000000
18.53980000,73.87089500,1.94000000
18.53980000,73.87101500,1.94000000
18.53980000,73.87113500,1.94000000
18.53980000,73.87125500,1.91000000
18.53980000,73.87137500,1.91000000
18.53980000,73.87149500,1.91000000
18.53980000,73.87161500,1.88000000
18.53980000,73.87173500,1.88000000
18.53980000,73.87185500,1.88000000
18.53980000,73.87197500,1.84000000
18.53980000,73.87209500,1.84000000
18.53980000,73.87221500,1.80000000
18.53980000,73.87233500,1.75000000
18.53980000,73.87245500,1.69000000
18.53980000,73.87257500,1.69000000
18.53980000,73.91265500,1.69000000
18.53980000,73.91277500,1.75000000
18.53980000,73.91289500,1.75000000
18.53980000,73.91301500,1.80000000
18.53980000,73.91313500,1.80000000
18.53980000,73.91325500,1.80000000
18.53980000,73.91337500,1.80000000
18.53980000,73.91349500,1.80000000
18.53980000,73.91361500,1.84000000
18.53980000,73.91373500,1.84000000
18.53980000,73.91385500,1.80000000
18.53980000,73.91397500,1.75000000
18.53980000,73.91409500,1.69000000
18.53980000,73.91433500,1.69000000
18.53980000,73.91445500,1.75000000
18.53980000,73.91457500,1.80000000
18.53980000,73.91469500,1.84000000
18.53980000,73.91481500,1.84000000
18.53980000,73.91493500,1.84000000
18.53980000,73.91505500,1.80000000
18.53980000,73.91517500,1.75000000
18.53980000,73.91529500,1.80000000
18.53980000,73.91541500,1.80000000
18.53980000,73.91553500,1.84000000
18.53980000,73.91565500,1.84000000
18.53980000,73.91577500,1.84000000
18.53980000,73.91589500,1.88000000
18.53980000,73.91601500,1.84000000
18.53980000,73.91613500,1.84000000
18.53980000,73.91625500,1.84000000
18.53980000,73.91637500,1.84000000
18.53980000,73.91649500,1.84000000
18.53980000,73.91661500,1.84000000
18.53980000,73.91673500,1.84000000
18.53980000,73.91685500,1.84000000
18.53980000,73.91697500,1.80000000
18.53980000,73.91709500,1.80000000
18.53980000,73.91721500,1.80000000
18.53980000,73.91733500,1.80000000
18.53980000,73.91745500,1.80000000
18.53980000,73.91757500,1.75000000
18.53980000,73.91769500,1.75000000
18.53980000,73.91781500,1.75000000
18.53980000,73.91793500,1.75000000
18.53980000,73.91805500,1.75000000
18.53980000,73.91817500,1.75000000
18.53980000,73.91829500,1.75000000
18.53980000,73.91841500,1.75000000
18.53980000,73.91853500,1.80000000
18.53980000,73.91865500,1.75000000
18.53980000,73.91877500,1.75000000
18.53980000,73.91889500,1.75000000
18.53980000,73.91901500,1.75000000
18.53980000,73.91913500,1.75000000
18.53980000,73.91925500,1.75000000
18.53980000,73.91937500,1.75000000
18.53980000,73.91949500,1.75000000
18.53980000,73.91961500,1.69000000
18.53980000,73.91973500,1.69000000
18.53980000,73.92045500,1.69000000
18.53980000,73.94133500,1.69000000
18.53980000,73.94145500,1.75000000
18.53980000,73.94157500,1.80000000
18.53980000,73.94169500,1.84000000
18.53980000,73.94181500,1.84000000
18.53980000,73.94193500,1.80000000
18.53980000,73.94205500,1.75000000
18.53980000,73.94217500,1.69000000
18.53980000,73.97373500,1.69000000
18.53980000,73.97385500,1.75000000
18.53980000,73.97397500,1.80000000
18.53980000,73.97409500,1.84000000
18.53980000,73.97421500,1.88000000
18.53980000,73.97433500,1.88000000
18.53980000,73.97445500,1.84000000
18.53980000,73.97457500,1.80000000
18.53980000,73.97469500,1.75000000
18.53980000,73.97481500,1.69000000
18.53992000,73.86909500,1.69000000
18.53992000,73.86921500,1.69000000
18.53992000,73.86933500,1.69000000
18.53992000,73.86945500,1.75000000
18.53992000,73.86957500,1.75000000
18.53992000,73.86969500,1.80000000
18.53992000,73.86981500,1.80000000
18.53992000,73.86993500,1.80000000
18.53992000,73.87005500,1.80000000
18.53992000,73.87017500,1.84000000
18.53992000,73.87029500,1.84000000
18.53992000,73.87041500,1.88000000
18.53992000,73.87053500,1.88000000
18.53992000,73.87065500,1.88000000
18.53992000,73.87077500,1.88000000
18.53992000,73.87089500,1.91000000
18.53992000,73.87101500,1.91000000
18.53992000,73.87113500,1.94000000
18.53992000,73.87125500,1.94000000
18.53992000,73.87137500,1.94000000
18.53992000,73.87149500,1.94000000
18.53992000,73.87161500,1.91000000
18.53992000,73.87173500,1.91000000
18.53992000,73.87185500,1.91000000
18.53992000,73.87197500,1.88000000
18.53992000,73.87209500,1.88000000
18.53992000,73.87221500,1.84000000
18.53992000,73.87233500,1.80000000
18.53992000,73.87245500,1.75000000
18.53992000,73.87257500,1.75000000
18.53992000,73.87269500,1.69000000
18.53992000,73.91265500,1.69000000
18.53992000,73.91277500,1.75000000
18.53992000,73.91289500,1.80000000
18.53992000,73.91301500,1.84000000
18.53992000,73.91313500,1.84000000
18.53992000,73.91325500,1.84000000
18.53992000,73.91337500,1.84000000
18.53992000,73.91349500,1.84000000
18.53992000,73.91361500,1.88000000
18.53992000,73.91373500,1.84000000
18.53992000,73.91385500,1.80000000
18.53992000,73.91397500,1.75000000
18.53992000,73.91409500,1.69000000
18.53992000,73.91433500,1.69000000
18.53992000,73.91445500,1.75000000
18.53992000,73.91457500,1.80000000
18.53992000,73.91469500,1.80000000
18.53992000,73.91481500,1.80000000
18.53992000,73.91493500,1.80000000
18.53992000,73.91505500,1.75000000
18.53992000,73.91517500,1.75000000
18.53992000,73.91529500,1.75000000
18.53992000,73.91541500,1.75000000
18.53992000,73.91553500,1.80000000
18.53992000,73.91565500,1.80000000
18.53992000,73.91577500,1.80000000
18.53992000,73.91589500,1.84000000
18.53992000,73.91601500,1.80000000
18.53992000,73.91613500,1.80000000
18.53992000,73.91625500,1.80000000
18.53992000,73.91637500,1.80000000
18.53992000,73.91649500,1.80000000
18.53992000,73.91661500,1.80000000
18.53992000,73.91673500,1.80000000
18.53992000,73.91685500,1.80000000
18.53992000,73.91697500,1.75000000
18.53992000,73.91709500,1.75000000
18.53992000,73.91721500,1.75000000
18.53992000,73.91733500,1.75000000
18.53992000,73.91745500,1.75000000
18.53992000,73.91757500,1.69000000
18.53992000,73.91769500,1.69000000
18.53992000,73.91781500,1.69000000
18.53992000,73.91793500,1.69000000
18.53992000,73.91805500,1.69000000
18.53992000,73.91817500,1.69000000
18.53992000,73.91829500,1.69000000
18.53992000,73.91841500,1.69000000
18.53992000,73.91853500,1.75000000
18.53992000,73.91865500,1.69000000
18.53992000,73.91877500,1.69000000
18.53992000,73.91889500,1.69000000
18.53992000,73.91901500,1.69000000
18.53992000,73.91913500,1.69000000
18.53992000,73.91925500,1.69000000
18.53992000,73.91937500,1.69000000
18.53992000,73.91949500,1.69000000
18.53992000,73.94133500,1.69000000
18.53992000,73.94145500,1.75000000
18.53992000,73.94157500,1.80000000
18.53992000,73.94169500,1.84000000
18.53992000,73.94181500,1.88000000
18.53992000,73.94193500,1.84000000
18.53992000,73.94205500,1.80000000
18.53992000,73.94217500,1.75000000
18.53992000,73.94229500,1.69000000
18.53992000,73.97373500,1.69000000
18.53992000,73.97385500,1.75000000
18.53992000,73.97397500,1.80000000
18.53992000,73.97409500,1.84000000
18.53992000,73.97421500,1.88000000
18.53992000,73.97433500,1.84000000
18.53992000,73.97445500,1.80000000
18.53992000,73.97457500,1.75000000
18.53992000,73.97469500,1.69000000
18.54004000,73.86945500,1.69000000
18.54004000,73.86957500,1.69000000
18.54004000,73.86969500,1.75000000
18.54004000,73.86981500,1.75000000
18.54004000,73.86993500,1.75000000
18.54004000,73.87005500,1.75000000
18.54004000,73.87017500,1.80000000
18.54004000,73.87029500,1.80000000
18.54004000,73.87041500,1.84000000
18.54004000,73.87053500,1.84000000
18.54004000,73.87065500,1.84000000
18.54004000,73.87077500,1.84000000
18.54004000,73.87089500,1.88000000
18.54004000,73.87101500,1.88000000
18.54004000,73.87113500,1.91000000
18.54004000,73.87125500,1.91000000
18.54004000,73.87137500,1.94000000
18.54004000,73.87149500,1.94000000
18.54004000,73.87161500,1.94000000
18.54004000,73.87173500,1.94000000
18.54004000,73.87185500,1.94000000
18.54004000,73.87197500,1.91000000
18.54004000,73.87209500,1.91000000
18.54004000,73.87221500,1.88000000
18.54004000,73.87233500,1.84000000
18.54004000,73.87245500,1.80000000
18.54004000,73.87257500,1.80000000
18.54004000,73.87269500,1.75000000
18.54004000,73.87281500,1.69000000
18.54004000,73.87293500,1.69000000
18.54004000,73.87305500,1.69000000
18.54004000,73.91253500,1.69000000
18.54004000,73.91265500,1.75000000
18.54004000,73.91277500,1.80000000
18.54004000,73.91289500,1.84000000
18.54004000,73.91301500,1.88000000
18.54004000,73.91313500,1.88000000
18.54004000,73.91325500,1.88000000
18.54004000,73.91337500,1.88000000
18.54004000,73.91349500,1.88000000
18.54004000,73.91361500,1.88000000
18.54004000,73.91373500,1.88000000
18.54004000,73.91385500,1.84000000
18.54004000,73.91397500,1.80000000
18.54004000,73.91409500,1.75000000
18.54004000,73.91421500,1.69000000
18.54004000,73.91445500,1.69000000
18.54004000,73.91457500,1.75000000
18.54004000,73.91469500,1.75000000
18.54004000,73.91481500,1.75000000
18.54004000,73.91493500,1.75000000
18.54004000,73.91505500,1.69000000
18.54004000,73.91517500,1.69000000
18.54004000,73.91529500,1.69000000
18.54004000,73.91541500,1.69000000
18.54004000,73.91553500,1.75000000
18.54004000,73.91565500,1.75000000
18.54004000,73.91577500,1.75000000
18.54004000,73.91589500,1.80000000
18.54004000,73.91601500,1.75000000
18.54004000,73.91613500,1.75000000
18.54004000,73.91625500,1.75000000
18.54004000,73.91637500,1.75000000
18.54004000,73.91649500,1.75000000
18.54004000,73.91661500,1.75000000
18.54004000,73.91673500,1.75000000
18.54004000,73.91685500,1.75000000
18.54004000,73.91697500,1.69000000
18.54004000,73.91709500,1.69000000
18.54004000,73.91721500,1.69000000
18.54004000,73.91733500,1.69000000
18.54004000,73.91745500,1.69000000
18.54004000,73.91853500,1.69000000
18.54004000,73.94133500,1.69000000
18.54004000,73.94145500,1.75000000
18.54004000,73.94157500,1.80000000
18.54004000,73.94169500,1.84000000
18.54004000,73.94181500,1.84000000
18.54004000,73.94193500,1.84000000
18.54004000,73.94205500,1.84000000
18.54004000,73.94217500,1.80000000
18.54004000,73.94229500,1.75000000
18.54004000,73.94241500,1.69000000
18.54004000,73.97313500,1.69000000
18.54004000,73.97325500,1.69000000
18.54004000,73.97337500,1.69000000
18.54004000,73.97373500,1.69000000
18.54004000,73.97385500,1.75000000
18.54004000,73.97397500,1.80000000
18.54004000,73.97409500,1.84000000
18.54004000,73.97421500,1.88000000
18.54004000,73.97433500,1.84000000
18.54004000,73.97445500,1.80000000
18.54004000,73.97457500,1.75000000
18.54004000,73.97469500,1.69000000
18.54016000,73.86969500,1.69000000
18.54016000,73.86981500,1.69000000
18.54016000,73.86993500,1.69000000
18.54016000,73.87005500,1.69000000
18.54016000,73.87017500,1.75000000
18.54016000,73.87029500,1.75000000
18.54016000,73.87041500,1.80000000
18.54016000,73.87053500,1.80000000
18.54016000,73.87065500,1.80000000
18.54016000,73.87077500,1.80000000
18.54016000,73.87089500,1.84000000
18.54016000,73.87101500,1.84000000
18.54016000,73.87113500,1.88000000
18.54016000,73.87125500,1.88000000
18.54016000,73.87137500,1.91000000
18.54016000,73.87149500,1.91000000
18.54016000,73.87161500,1.94000000
18.54016000,73.87173500,1.94000000
18.54016000,73.87185500,1.97000000
18.54016000,73.87197500,1.94000000
18.54016000,73.87209500,1.94000000
18.54016000,73.87221500,1.91000000
18.54016000,73.87233500,1.88000000
18.54016000,73.87245500,1.84000000
18.54016000,73.87257500,1.84000000
18.54016000,73.87269500,1.80000000
18.54016000,73.87281500,1.75000000
18.54016000,73.87293500,1.75000000
18.54016000,73.87305500,1.75000000
18.54016000,73.87317500,1.69000000
18.54016000,73.87329500,1.69000000
18.54016000,73.87341500,1.69000000
18.54016000,73.91001500,1.69000000
18.54016000,73.91013500,1.69000000
18.54016000,73.91025500,1.69000000
18.54016000,73.91037500,1.69000000
18.54016000,73.91049500,1.69000000
18.54016000,73.91061500,1.69000000
18.54016000,73.91253500,1.69000000
18.54016000,73.91265500,1.75000000
18.54016000,73.91277500,1.80000000
18.54016000,73.91289500,1.84000000
18.54016000,73.91301500,1.88000000
18.54016000,73.91313500,1.91000000
18.54016000,73.91325500,1.91000000
18.54016000,73.91337500,1.91000000
18.54016000,73.91349500,1.88000000
18.54016000,73.91361500,1.84000000
18.54016000,73.91373500,1.84000000
18.54016000,73.91385500,1.84000000
18.54016000,73.91397500,1.80000000
18.54016000,73.91409500,1.75000000
18.54016000,73.91421500,1.69000000
18.54016000,73.91457500,1.69000000
18.54016000,73.91469500,1.69000000
18.54016000,73.91481500,1.69000000
18.54016000,73.91493500,1.69000000
18.54016000,73.91553500,1.69000000
18.54016000,73.91565500,1.69000000
18.54016000,73.91577500,1.69000000
18.54016000,73.91589500,1.75000000
18.54016000,73.91601500,1.69000000
18.54016000,73.91613500,1.69000000
18.54016000,73.91625500,1.69000000
18.54016000,73.91637500,1.69000000
18.54016000,73.91649500,1.69000000
18.54016000,73.91661500,1.69000000
18.54016000,73.91673500,1.69000000
18.54016000,73.91685500,1.69000000
18.54016000,73.94133500,1.69000000
18.54016000,73.94145500,1.75000000
18.54016000,73.94157500,1.80000000
18.54016000,73.94169500,1.80000000
18.54016000,73.94181500,1.80000000
18.54016000,73.94193500,1.80000000
18.54016000,73.94205500,1.84000000
18.54016000,73.94217500,1.80000000
18.54016000,73.94229500,1.75000000
18.54016000,73.94241500,1.69000000
18.54016000,73.97301500,1.69000000
18.54016000,73.97313500,1.75000000
18.54016000,73.97325500,1.75000000
18.54016000,73.97337500,1.75000000
18.54016000,73.97349500,1.69000000
18.54016000,73.97361500,1.69000000
18.54016000,73.97373500,1.75000000
18.54016000,73.97385500,1.80000000
18.54016000,73.97397500,1.84000000
18.54016000,73.97409500,1.88000000
18.54016000,73.97421500,1.84000000
18.54016000,73.97433500,1.80000000
18.54016000,73.97445500,1.75000000
18.54016000,73.97457500,1.69000000
18.54028000,73.87017500,1.69000000
18.54028000,73.87029500,1.69000000
18.54028000,73.87041500,1.75000000
18.54028000,73.87053500,1.75000000
18.54028000,73.87065500,1.75000000
18.54028000,73.87077500,1.75000000
18.54028000,73.87089500,1.80000000
18.54028000,73.87101500,1.80000000
18.54028000,73.87113500,1.84000000
18.54028000,73.87125500,1.84000000
18.54028000,73.87137500,1.88000000
18.54028000,73.87149500,1.88000000
18.54028000,73.87161500,1.91000000
18.54028000,73.87173500,1.91000000
18.54028000,73.87185500,1.94000000
18.54028000,73.87197500,1.94000000
18.54028000,73.87209500,1.94000000
18.54028000,73.87221500,1.94000000
18.54028000,73.87233500,1.91000000
18.54028000,73.87245500,1.88000000
18.54028000,73.87257500,1.88000000
18.54028000,73.87269500,1.84000000
18.54028000,73.87281500,1.80000000
18.54028000,73.87293500,1.80000000
18.54028000,73.87305500,1.80000000
18.54028000,73.87317500,1.75000000
18.54028000,73.87329500,1.75000000
18.54028000,73.87341500,1.75000000
18.54028000,73.87353500,1.69000000
18.54028000,73.87365500,1.69000000
18.54028000,73.87377500,1.69000000
18.54028000,73.90989500,1.69000000
18.54028000,73.91001500,1.75000000
18.54028000,73.91013500,1.75000000
18.54028000,73.91025500,1.75000000
18.54028000,73.91037500,1.75000000
18.54028000,73.91049500,1.75000000
18.54028000,73.91061500,1.75000000
18.54028000,73.91073500,1.69000000
18.54028000,73.91085500,1.69000000
18.54028000,73.91253500,1.69000000
18.54028000,73.91265500,1.75000000
18.54028000,73.91277500,1.80000000
18.54028000,73.91289500,1.84000000
18.54028000,73.91301500,1.88000000
18.54028000,73.91313500,1.88000000
18.54028000,73.91325500,1.88000000
18.54028000,73.91337500,1.88000000
18.54028000,73.91349500,1.84000000
18.54028000,73.91361500,1.80000000
18.54028000,73.91373500,1.80000000
18.54028000,73.91385500,1.80000000
18.54028000,73.91397500,1.80000000
18.54028000,73.91409500,1.75000000
18.54028000,73.91421500,1.69000000
18.54028000,73.91589500,1.69000000
18.54028000,73.94145500,1.69000000
18.54028000,73.94157500,1.75000000
18.54028000,73.94169500,1.75000000
18.54028000,73.94181500,1.75000000
18.54028000,73.94193500,1.75000000
18.54028000,73.94205500,1.80000000
18.54028000,73.94217500,1.75000000
18.54028000,73.94229500,1.69000000
18.54028000,73.97301500,1.69000000
18.54028000,73.97313500,1.75000000
18.54028000,73.97325500,1.80000000
18.54028000,73.97337500,1.80000000
18.54028000,73.97349500,1.75000000
18.54028000,73.97361500,1.75000000
18.54028000,73.97373500,1.80000000
18.54028000,73.97385500,1.84000000
18.54028000,73.97397500,1.88000000
18.54028000,73.97409500,1.84000000
18.54028000,73.97421500,1.80000000
18.54028000,73.97433500,1.75000000
18.54028000,73.97445500,1.69000000
18.54040000,73.87041500,1.69000000
18.54040000,73.87053500,1.69000000
18.54040000,73.87065500,1.69000000
18.54040000,73.87077500,1.69000000
18.54040000,73.87089500,1.75000000
18.54040000,73.87101500,1.75000000
18.54040000,73.87113500,1.80000000
18.54040000,73.87125500,1.80000000
18.54040000,73.87137500,1.84000000
18.54040000,73.87149500,1.84000000
18.54040000,73.87161500,1.88000000
18.54040000,73.87173500,1.88000000
18.54040000,73.87185500,1.91000000
18.54040000,73.87197500,1.91000000
18.54040000,73.87209500,1.91000000
18.54040000,73.87221500,1.91000000
18.54040000,73.87233500,1.94000000
18.54040000,73.87245500,1.91000000
18.54040000,73.87257500,1.91000000
18.54040000,73.87269500,1.88000000
18.54040000,73.87281500,1.84000000
18.54040000,73.87293500,1.84000000
18.54040000,73.87305500,1.84000000
18.54040000,73.87317500,1.80000000
18.54040000,73.87329500,1.80000000
18.54040000,73.87341500,1.80000000
18.54040000,73.87353500,1.75000000
18.54040000,73.87365500,1.75000000
18.54040000,73.87377500,1.75000000
18.54040000,73.87389500,1.69000000
18.54040000,73.87401500,1.69000000
18.54040000,73.90977500,1.69000000
18.54040000,73.90989500,1.75000000
18.54040000,73.91001500,1.80000000
18.54040000,73.91013500,1.80000000
18.54040000,73.91025500,1.80000000
18.54040000,73.91037500,1.80000000
18.54040000,73.91049500,1.80000000
18.54040000,73.91061500,1.80000000
18.54040000,73.91073500,1.75000000
18.54040000,73.91085500,1.69000000
18.54040000,73.91265500,1.69000000
18.54040000,73.91277500,1.75000000
18.54040000,73.91289500,1.80000000
18.54040000,73.91301500,1.84000000
18.54040000,73.91313500,1.84000000
18.54040000,73.91325500,1.84000000
18.54040000,73.91337500,1.84000000
18.54040000,73.91349500,1.80000000
18.54040000,73.91361500,1.75000000
18.54040000,73.91373500,1.75000000
18.54040000,73.91385500,1.75000000
18.54040000,73.91397500,1.75000000
18.54040000,73.91409500,1.69000000
18.54040000,73.94157500,1.69000000
18.54040000,73.94169500,1.69000000
18.54040000,73.94181500,1.69000000
18.54040000,73.94193500,1.69000000
18.54040000,73.94205500,1.75000000
18.54040000,73.94217500,1.69000000
18.54040000,73.94229500,1.69000000
18.54040000,73.97289500,1.69000000
18.54040000,73.97301500,1.75000000
18.54040000,73.97313500,1.80000000
18.54040000,73.97325500,1.84000000
18.54040000,73.97337500,1.84000000
18.54040000,73.97349500,1.80000000
18.54040000,73.97361500,1.80000000
18.54040000,73.97373500,1.84000000
18.54040000,73.97385500,1.88000000
18.54040000,73.97397500,1.84000000
18.54040000,73.97409500,1.80000000
18.54040000,73.97421500,1.75000000
18.54040000,73.97433500,1.69000000
18.54052000,73.87089500,1.69000000
18.54052000,73.87101500,1.69000000
18.54052000,73.87113500,1.75000000
18.54052000,73.87125500,1.75000000
18.54052000,73.87137500,1.80000000
18.54052000,73.87149500,1.80000000
18.54052000,73.87161500,1.84000000
18.54052000,73.87173500,1.84000000
18.54052000,73.87185500,1.88000000
18.54052000,73.87197500,1.88000000
18.54052000,73.87209500,1.88000000
18.54052000,73.87221500,1.88000000
18.54052000,73.87233500,1.91000000
18.54052000,73.87245500,1.91000000
18.54052000,73.87257500,1.94000000
18.54052000,73.87269500,1.91000000
18.54052000,73.87281500,1.88000000
18.54052000,73.87293500,1.88000000
18.54052000,73.87305500,1.88000000
18.54052000,73.87317500,1.84000000
18.54052000,73.87329500,1.84000000
18.54052000,73.87341500,1.84000000
18.54052000,73.87353500,1.80000000
18.54052000,73.87365500,1.80000000
18.54052000,73.87377500,1.80000000
18.54052000,73.87389500,1.75000000
18.54052000,73.87401500,1.75000000
18.54052000,73.87413500,1.69000000
18.54052000,73.87425500,1.69000000
18.54052000,73.90893500,1.69000000
18.54052000,73.90905500,1.69000000
18.54052000,73.90917500,1.69000000
18.54052000,73.90929500,1.69000000
18.54052000,73.90941500,1.69000000
18.54052000,73.90953500,1.69000000
18.54052000,73.90965500,1.69000000
18.54052000,73.90977500,1.75000000
18.54052000,73.90989500,1.80000000
18.54052000,73.91001500,1.84000000
18.54052000,73.91013500,1.84000000
18.54052000,73.91025500,1.84000000
18.54052000,73.91037500,1.84000000
18.54052000,73.91049500,1.84000000
18.54052000,73.91061500,1.84000000
18.54052000,73.91073500,1.80000000
18.54052000,73.91085500,1.75000000
18.54052000,73.91097500,1.69000000
18.54052000,73.91265500,1.69000000
18.54052000,73.91277500,1.75000000
18.54052000,73.91289500,1.80000000
18.54052000,73.91301500,1.80000000
18.54052000,73.91313500,1.80000000
18.54052000,73.91325500,1.80000000
18.54052000,73.91337500,1.80000000
18.54052000,73.91349500,1.75000000
18.54052000,73.91361500,1.69000000
18.54052000,73.91373500,1.69000000
18.54052000,73.91385500,1.69000000
18.54052000,73.91397500,1.69000000
18.54052000,73.94205500,1.69000000
18.54052000,73.97277500,1.69000000
18.54052000,73.97289500,1.75000000
18.54052000,73.97301500,1.80000000
18.54052000,73.97313500,1.84000000
18.54052000,73.97325500,1.88000000
18.54052000,73.97337500,1.88000000
18.54052000,73.97349500,1.84000000
18.54052000,73.97361500,1.84000000
18.54052000,73.97373500,1.84000000
18.54052000,73.97385500,1.84000000
18.54052000,73.97397500,1.80000000
18.54052000,73.97409500,1.75000000
18.54052000,73.97421500,1.69000000
18.54052000,73.97433500,1.69000000
18.54064000,73.87113500,1.69000000
18.54064000,73.87125500,1.69000000
18.54064000,73.87137500,1.75000000
18.54064000,73.87149500,1.75000000
18.54064000,73.87161500,1.80000000
18.54064000,73.87173500,1.80000000
18.54064000,73.87185500,1.84000000
18.54064000,73.87197500,1.84000000
18.54064000,73.87209500,1.84000000
18.54064000,73.87221500,1.84000000
18.54064000,73.87233500,1.88000000
18.54064000,73.87245500,1.88000000
18.54064000,73.87257500,1.91000000
18.54064000,73.87269500,1.91000000
18.54064000,73.87281500,1.91000000
18.54064000,73.87293500,1.91000000
18.54064000,73.87305500,1.91000000
18.54064000,73.87317500,1.88000000
18.54064000,73.87329500,1.88000000
18.54064000,73.87341500,1.88000000
18.54064000,73.87353500,1.84000000
18.54064000,73.87365500,1.84000000
18.54064000,73.87377500,1.84000000
18.54064000,73.87389500,1.80000000
18.54064000,73.87401500,1.80000000
18.54064000,73.87413500,1.75000000
18.54064000,73.87425500,1.75000000
18.54064000,73.87437500,1.69000000
18.54064000,73.87449500,1.69000000
18.54064000,73.90713500,1.69000000
18.54064000,73.90725500,1.69000000
18.54064000,73.90737500,1.69000000
18.54064000,73.90749500,1.69000000
18.54064000,73.90761500,1.69000000
18.54064000,73.90881500,1.69000000
18.54064000,73.90893500,1.75000000
18.54064000,73.90905500,1.75000000
18.54064000,73.90917500,1.75000000
18.54064000,73.90929500,1.75000000
18.54064000,73.90941500,1.75000000
18.54064000,73.90953500,1.75000000
18.54064000,73.90965500,1.75000000
18.54064000,73.90977500,1.80000000
18.54064000,73.90989500,1.84000000
18.54064000,73.91001500,1.88000000
18.54064000,73.91013500,1.88000000
18.54064000,73.91025500,1.88000000
18.54064000,73.91037500,1.88000000
18.54064000,73.91049500,1.88000000
18.54064000,73.91061500,1.84000000
18.54064000,73.91073500,1.80000000
18.54064000,73.91085500,1.75000000
18.54064000,73.91097500,1.69000000
18.54064000,73.91145500,1.69000000
18.54064000,73.91277500,1.69000000
18.54064000,73.91289500,1.75000000
18.54064000,73.91301500,1.75000000
18.54064000,73.91313500,1.75000000
18.54064000,73.91325500,1.75000000
18.54064000,73.91337500,1.75000000
18.54064000,73.91349500,1.69000000
18.54064000,73.97253500,1.69000000
18.54064000,73.97265500,1.69000000
18.54064000,73.97277500,1.75000000
18.54064000,73.97289500,1.80000000
18.54064000,73.97301500,1.84000000
18.54064000,73.97313500,1.88000000
18.54064000,73.97325500,1.91000000
18.54064000,73.97337500,1.91000000
18.54064000,73.97349500,1.88000000
18.54064000,73.97361500,1.84000000
18.54064000,73.97373500,1.80000000
18.54064000,73.97385500,1.80000000
18.54064000,73.97397500,1.75000000
18.54064000,73.97409500,1.69000000
18.54076000,73.87137500,1.69000000
18.54076000,73.87149500,1.69000000
18.54076000,73.87161500,1.75000000
18.54076000,73.87173500,1.75000000
18.54076000,73.87185500,1.80000000
18.54076000,73.87197500,1.80000000
18.54076000,73.87209500,1.80000000
18.54076000,73.87221500,1.80000000
18.54076000,73.87233500,1.84000000
18.54076000,73.87245500,1.84000000
18.54076000,73.87257500,1.88000000
18.54076000,73.87269500,1.88000000
18.54076000,73.87281500,1.91000000
18.54076000,73.87293500,1.91000000
18.54076000,73.87305500,1.91000000
18.54076000,73.87317500,1.91000000
18.54076000,73.87329500,1.91000000
18.54076000,73.87341500,1.91000000
18.54076000,73.87353500,1.88000000
18.54076000,73.87365500,1.88000000
18.54076000,73.87377500,1.88000000
18.54076000,73.87389500,1.84000000
18.54076000,73.87401500,1.84000000
18.54076000,73.87413500,1.80000000
18.54076000,73.87425500,1.80000000
18.54076000,73.87437500,1.75000000
18.54076000,73.87449500,1.75000000
18.54076000,73.87461500,1.69000000
18.54076000,73.87473500,1.69000000
18.54076000,73.90497500,1.69000000
18.54076000,73.90617500,1.69000000
18.54076000,73.90689500,1.69000000
18.54076000,73.90701500,1.69000000
18.54076000,73.90713500,1.75000000
18.54076000,73.90725500,1.75000000
18.54076000,73.90737500,1.75000000
18.54076000,73.90749500,1.75000000
18.54076000,73.90761500,1.69000000
18.54076000,73.90869500,1.69000000
18.54076000,73.90881500,1.75000000
18.54076000,73.90893500,1.80000000
18.54076000,73.90905500,1.80000000
18.54076000,73.90917500,1.80000000
18.54076000,73.90929500,1.80000000
18.54076000,73.90941500,1.80000000
18.54076000,73.90953500,1.80000000
18.54076000,73.90965500,1.80000000
18.54076000,73.90977500,1.84000000
18.54076000,73.90989500,1.88000000
18.54076000,73.91001500,1.91000000
18.54076000,73.91013500,1.91000000
18.54076000,73.91025500,1.91000000
18.54076000,73.91037500,1.91000000
18.54076000,73.91049500,1.88000000
18.54076000,73.91061500,1.84000000
18.54076000,73.91073500,1.80000000
18.54076000,73.91085500,1.75000000
18.54076000,73.91097500,1.69000000
18.54076000,73.91289500,1.69000000
18.54076000,73.91301500,1.69000000
18.54076000,73.91313500,1.69000000
18.54076000,73.91325500,1.69000000
18.54076000,73.91337500,1.69000000
18.54076000,73.97229500,1.69000000
18.54076000,73.97241500,1.69000000
18.54076000,73.97253500,1.75000000
18.54076000,73.97265500,1.75000000
18.54076000,73.97277500,1.80000000
18.54076000,73.97289500,1.84000000
18.54076000,73.97301500,1.88000000
18.54076000,73.97313500,1.91000000
18.54076000,73.97325500,1.91000000
18.54076000,73.97337500,1.88000000
18.54076000,73.97349500,1.84000000
18.54076000,73.97361500,1.80000000
18.54076000,73.97373500,1.75000000
18.54076000,73.97385500,1.75000000
18.54076000,73.97397500,1.69000000
18.54088000,73.87161500,1.69000000
18.54088000,73.87173500,1.69000000
18.54088000,73.87185500,1.75000000
18.54088000,73.87197500,1.75000000
18.54088000,73.87209500,1.75000000
18.54088000,73.87221500,1.75000000
18.54088000,73.87233500,1.80000000
18.54088000,73.87245500,1.80000000
18.54088000,73.87257500,1.84000000
18.54088000,73.87269500,1.84000000
18.54088000,73.87281500,1.88000000
18.54088000,73.87293500,1.88000000
18.54088000,73.87305500,1.88000000
18.54088000,73.87317500,1.88000000
18.54088000,73.87329500,1.91000000
18.54088000,73.87341500,1.91000000
18.54088000,73.87353500,1.91000000
18.54088000,73.87365500,1.91000000
18.54088000,73.87377500,1.91000000
18.54088000,73.87389500,1.88000000
18.54088000,73.87401500,1.88000000
18.54088000,73.87413500,1.84000000
18.54088000,73.87425500,1.84000000
18.54088000,73.87437500,1.80000000
18.54088000,73.87449500,1.80000000
18.54088000,73.87461500,1.75000000
18.54088000,73.87473500,1.75000000
18.54088000,73.87485500,1.69000000
18.54088000,73.87497500,1.69000000
18.54088000,73.87509500,1.69000000
18.54088000,73.90161500,1.69000000
18.54088000,73.90485500,1.69000000
18.54088000,73.90497500,1.75000000
18.54088000,73.90509500,1.69000000
18.54088000,73.90521500,1.69000000
18.54088000,73.90605500,1.69000000
18.54088000,73.90617500,1.75000000
18.54088000,73.90629500,1.69000000
18.54088000,73.90641500,1.69000000
18.54088000,73.90665500,1.69000000
18.54088000,73.90677500,1.69000000
18.54088000,73.90689500,1.75000000
18.54088000,73.90701500,1.75000000
18.54088000,73.90713500,1.80000000
18.54088000,73.90725500,1.80000000
18.54088000,73.90737500,1.80000000
18.54088000,73.90749500,1.80000000
18.54088000,73.90761500,1.75000000
18.54088000,73.90773500,1.69000000
18.54088000,73.90869500,1.69000000
18.54088000,73.90881500,1.75000000
18.54088000,73.90893500,1.80000000
18.54088000,73.90905500,1.84000000
18.54088000,73.90917500,1.84000000
18.54088000,73.90929500,1.84000000
18.54088000,73.90941500,1.84000000
18.54088000,73.90953500,1.84000000
18.54088000,73.90965500,1.80000000
18.54088000,73.90977500,1.84000000
18.54088000,73.90989500,1.88000000
18.54088000,73.91001500,1.88000000
18.54088000,73.91013500,1.91000000
18.54088000,73.91025500,1.91000000
18.54088000,73.91037500,1.88000000
18.54088000,73.91049500,1.88000000
18.54088000,73.91061500,1.84000000
18.54088000,73.91073500,1.80000000
18.54088000,73.91085500,1.75000000
18.54088000,73.91097500,1.69000000
18.54088000,73.97205500,1.69000000
18.54088000,73.97217500,1.69000000
18.54088000,73.97229500,1.75000000
18.54088000,73.97241500,1.75000000
18.54088000,73.97253500,1.80000000
18.54088000,73.97265500,1.80000000
18.54088000,73.97277500,1.84000000
18.54088000,73.97289500,1.88000000
18.54088000,73.97301500,1.91000000
18.54088000,73.97313500,1.91000000
18.54088000,73.97325500,1.88000000
18.54088000,73.97337500,1.84000000
18.54088000,73.97349500,1.80000000
18.54088000,73.97361500,1.75000000
18.54088000,73.97373500,1.69000000
18.54088000,73.97385500,1.69000000
18.54100000,73.87185500,1.69000000
18.54100000,73.87197500,1.69000000
18.54100000,73.87209500,1.69000000
18.54100000,73.87221500,1.69000000
18.54100000,73.87233500,1.75000000
18.54100000,73.87245500,1.75000000
18.54100000,73.87257500,1.80000000
18.54100000,73.87269500,1.80000000
18.54100000,73.87281500,1.84000000
18.54100000,73.87293500,1.84000000
18.54100000,73.87305500,1.84000000
18.54100000,73.87317500,1.84000000
18.54100000,73.87329500,1.88000000
18.54100000,73.87341500,1.88000000
18.54100000,73.87353500,1.91000000
18.54100000,73.87365500,1.91000000
18.54100000,73.87377500,1.91000000
18.54100000,73.87389500,1.91000000
18.54100000,73.87401500,1.91000000
18.54100000,73.87413500,1.88000000
18.54100000,73.87425500,1.88000000
18.54100000,73.87437500,1.84000000
18.54100000,73.87449500,1.84000000
18.54100000,73.87461500,1.80000000
18.54100000,73.87473500,1.80000000
18.54100000,73.87485500,1.75000000
18.54100000,73.87497500,1.75000000
18.54100000,73.87509500,1.75000000
18.54100000,73.87521500,1.69000000
18.54100000,73.87533500,1.69000000
18.54100000,73.90041500,1.69000000
18.54100000,73.90053500,1.69000000
18.54100000,73.90065500,1.69000000
18.54100000,73.90137500,1.69000000
18.54100000,73.90149500,1.69000000
18.54100000,73.90161500,1.75000000
18.54100000,73.90173500,1.69000000
18.54100000,73.90185500,1.69000000
18.54100000,73.90365500,1.69000000
18.54100000,73.90473500,1.69000000
18.54100000,73.90485500,1.75000000
18.54100000,73.90497500,1.80000000
18.54100000,73.90509500,1.75000000
18.54100000,73.90521500,1.75000000
18.54100000,73.90533500,1.69000000
18.54100000,73.90593500,1.69000000
18.54100000,73.90605500,1.75000000
18.54100000,73.90617500,1.80000000
18.54100000,73.90629500,1.75000000
18.54100000,73.90641500,1.75000000
18.54100000,73.90653500,1.69000000
18.54100000,73.90665500,1.75000000
18.54100000,73.90677500,1.75000000
18.54100000,73.90689500,1.80000000
18.54100000,73.90701500,1.80000000
18.54100000,73.90713500,1.84000000
18.54100000,73.90725500,1.84000000
18.54100000,73.90737500,1.84000000
18.54100000,73.90749500,1.80000000
18.54100000,73.90761500,1.75000000
18.54100000,73.90773500,1.69000000
18.54100000,73.90869500,1.69000000
18.54100000,73.90881500,1.75000000
18.54100000,73.90893500,1.80000000
18.54100000,73.90905500,1.84000000
18.54100000,73.90917500,1.88000000
18.54100000,73.90929500,1.88000000
18.54100000,73.90941500,1.84000000
18.54100000,73.90953500,1.80000000
18.54100000,73.90965500,1.75000000
18.54100000,73.90977500,1.80000000
18.54100000,73.90989500,1.84000000
18.54100000,73.91001500,1.84000000
18.54100000,73.91013500,1.88000000
18.54100000,73.91025500,1.88000000
18.54100000,73.91037500,1.84000000
18.54100000,73.91049500,1.84000000
18.54100000,73.91061500,1.80000000
18.54100000,73.91073500,1.75000000
18.54100000,73.91085500,1.69000000
18.54100000,73.91157500,1.69000000
18.54100000,73.91169500,1.69000000
18.54100000,73.97193500,1.69000000
18.54100000,73.97205500,1.75000000
18.54100000,73.97217500,1.75000000
18.54100000,73.97229500,1.80000000
18.54100000,73.97241500,1.80000000
18.54100000,73.97253500,1.84000000
18.54100000,73.97265500,1.84000000
18.54100000,73.97277500,1.88000000
18.54100000,73.97289500,1.91000000
18.54100000,73.97301500,1.91000000
18.54100000,73.97313500,1.88000000
18.54100000,73.97325500,1.84000000
18.54100000,73.97337500,1.80000000
18.54100000,73.97349500,1.75000000
18.54100000,73.97361500,1.69000000
18.54112000,73.87233500,1.69000000
18.54112000,73.87245500,1.69000000
18.54112000,73.87257500,1.75000000
18.54112000,73.87269500,1.75000000
18.54112000,73.87281500,1.80000000
18.54112000,73.87293500,1.80000000
18.54112000,73.87305500,1.80000000
18.54112000,73.87317500,1.80000000
18.54112000,73.87329500,1.84000000
18.54112000,73.87341500,1.84000000
18.54112000,73.87353500,1.88000000
18.54112000,73.87365500,1.88000000
18.54112000,73.87377500,1.88000000
18.54112000,73.87389500,1.91000000
18.54112000,73.87401500,1.91000000
18.54112000,73.87413500,1.91000000
18.54112000,73.87425500,1.91000000
18.54112000,73.87437500,1.88000000
18.54112000,73.87449500,1.88000000
18.54112000,73.87461500,1.84000000
18.54112000,73.87473500,1.84000000
18.54112000,73.87485500,1.80000000
18.54112000,73.87497500,1.80000000
18.54112000,73.87509500,1.80000000
18.54112000,73.87521500,1.75000000
18.54112000,73.87533500,1.75000000
18.54112000,73.87545500,1.69000000
18.54112000,73.87557500,1.69000000
18.54112000,73.89945500,1.69000000
18.54112000,73.89957500,1.69000000
18.54112000,73.89969500,1.69000000
18.54112000,73.89981500,1.69000000
18.54112000,73.89993500,1.69000000
18.54112000,73.90005500,1.69000000
18.54112000,73.90017500,1.69000000
18.54112000,73.90029500,1.69000000
18.54112000,73.90041500,1.75000000
18.54112000,73.90053500,1.75000000
18.54112000,73.90065500,1.75000000
18.54112000,73.90077500,1.69000000
18.54112000,73.90089500,1.69000000
18.54112000,73.90125500,1.69000000
18.54112000,73.90137500,1.75000000
18.54112000,73.90149500,1.75000000
18.54112000,73.90161500,1.80000000
18.54112000,73.90173500,1.75000000
18.54112000,73.90185500,1.75000000
18.54112000,73.90197500,1.69000000
18.54112000,73.90245500,1.69000000
18.54112000,73.90257500,1.69000000
18.54112000,73.90269500,1.69000000
18.54112000,73.90281500,1.69000000
18.54112000,73.90365500,1.69000000
18.54112000,73.90377500,1.69000000
18.54112000,73.90473500,1.69000000
18.54112000,73.90485500,1.75000000
18.54112000,73.90497500,1.80000000
18.54112000,73.90509500,1.80000000
18.54112000,73.90521500,1.75000000
18.54112000,73.90533500,1.69000000
18.54112000,73.90593500,1.69000000
18.54112000,73.90605500,1.75000000
18.54112000,73.90617500,1.80000000
18.54112000,73.90629500,1.80000000
18.54112000,73.90641500,1.80000000
18.54112000,73.90653500,1.75000000
18.54112000,73.90665500,1.80000000
18.54112000,73.90677500,1.80000000
18.54112000,73.90689500,1.84000000
18.54112000,73.90701500,1.84000000
18.54112000,73.90713500,1.88000000
18.54112000,73.90725500,1.88000000
18.54112000,73.90737500,1.88000000
18.54112000,73.90749500,1.84000000
18.54112000,73.90761500,1.80000000
18.54112000,73.90773500,1.75000000
18.54112000,73.90785500,1.69000000
18.54112000,73.90869500,1.69000000
18.54112000,73.90881500,1.75000000
18.54112000,73.90893500,1.80000000
18.54112000,73.90905500,1.84000000
18.54112000,73.90917500,1.84000000
18.54112000,73.90929500,1.84000000
18.54112000,73.90941500,1.80000000
18.54112000,73.90953500,1.75000000
18.54112000,73.90965500,1.69000000
18.54112000,73.90977500,1.75000000
18.54112000,73.90989500,1.80000000
18.54112000,73.91001500,1.80000000
18.54112000,73.91013500,1.84000000
18.54112000,73.91025500,1.84000000
18.54112000,73.91037500,1.80000000
18.54112000,73.91049500,1.80000000
18.54112000,73.91061500,1.80000000
18.54112000,73.91073500,1.75000000
18.54112000,73.91085500,1.69000000
18.54112000,73.97181500,1.69000000
18.54112000,73.97193500,1.75000000
18.54112000,73.97205500,1.80000000
18.54112000,73.97217500,1.80000000
18.54112000,73.97229500,1.84000000
18.54112000,73.97241500,1.84000000
18.54112000,73.97253500,1.88000000
18.54112000,73.97265500,1.88000000
18.54112000,73.97277500,1.91000000
18.54112000,73.97289500,1.91000000
18.54112000,73.97301500,1.88000000
18.54112000,73.97313500,1.84000000
18.54112000,73.97325500,1.80000000
18.54112000,73.97337500,1.75000000
18.54112000,73.97349500,1.69000000
18.54124000,73.87257500,1.69000000
18.54124000,73.87269500,1.69000000
18.54124000,73.87281500,1.75000000
18.54124000,73.87293500,1.75000000
18.54124000,73.87305500,1.75000000
18.54124000,73.87317500,1.75000000
18.54124000,73.87329500,1.80000000
18.54124000,73.87341500,1.80000000
18.54124000,73.87353500,1.84000000
18.54124000,73.87365500,1.84000000
18.54124000,73.87377500,1.84000000
18.54124000,73.87389500,1.88000000
18.54124000,73.87401500,1.88000000
18.54124000,73.87413500,1.88000000
18.54124000,73.87425500,1.88000000
18.54124000,73.87437500,1.91000000
18.54124000,73.87449500,1.91000000
18.54124000,73.87461500,1.88000000
18.54124000,73.87473500,1.88000000
18.54124000,73.87485500,1.84000000
18.54124000,73.87497500,1.84000000
18.54124000,73.87509500,1.84000000
18.54124000,73.87521500,1.80000000
18.54124000,73.87533500,1.80000000
18.54124000,73.87545500,1.75000000
18.54124000,73.87557500,1.75000000
18.54124000,73.87569500,1.69000000
18.54124000,73.87581500,1.69000000
18.54124000,73.87593500,1.69000000
18.54124000,73.89933500,1.69000000
18.54124000,73.89945500,1.75000000
18.54124000,73.89957500,1.75000000
18.54124000,73.89969500,1.75000000
18.54124000,73.89981500,1.75000000
18.54124000,73.89993500,1.75000000
18.54124000,73.90005500,1.75000000
18.54124000,73.90017500,1.75000000
18.54124000,73.90029500,1.75000000
18.54124000,73.90041500,1.80000000
18.54124000,73.90053500,1.80000000
18.54124000,73.90065500,1.80000000
18.54124000,73.90077500,1.75000000
18.54124000,73.90089500,1.69000000
18.54124000,73.90125500,1.69000000
18.54124000,73.90137500,1.75000000
18.54124000,73.90149500,1.80000000
18.54124000,73.90161500,1.84000000
18.54124000,73.90173500,1.80000000
18.54124000,73.90185500,1.80000000
18.54124000,73.90197500,1.75000000
18.54124000,73.90209500,1.69000000
18.54124000,73.90221500,1.69000000
18.54124000,73.90233500,1.69000000
18.54124000,73.90245500,1.75000000
18.54124000,73.90257500,1.75000000
18.54124000,73.90269500,1.75000000
18.54124000,73.90281500,1.69000000
18.54124000,73.90365500,1.69000000
18.54124000,73.90377500,1.75000000
18.54124000,73.90389500,1.69000000
18.54124000,73.90473500,1.69000000
18.54124000,73.90485500,1.75000000
18.54124000,73.90497500,1.80000000
18.54124000,73.90509500,1.84000000
18.54124000,73.90521500,1.80000000
18.54124000,73.90533500,1.75000000
18.54124000,73.90545500,1.69000000
18.54124000,73.90593500,1.69000000
18.54124000,73.90605500,1.75000000
18.54124000,73.90617500,1.80000000
18.54124000,73.90629500,1.84000000
18.54124000,73.90641500,1.84000000
18.54124000,73.90653500,1.80000000
18.54124000,73.90665500,1.80000000
18.54124000,73.90677500,1.80000000
18.54124000,73.90689500,1.80000000
18.54124000,73.90701500,1.80000000
18.54124000,73.90713500,1.84000000
18.54124000,73.90725500,1.84000000
18.54124000,73.90737500,1.84000000
18.54124000,73.90749500,1.84000000
18.54124000,73.90761500,1.80000000
18.54124000,73.90773500,1.75000000
18.54124000,73.90785500,1.69000000
18.54124000,73.90869500,1.69000000
18.54124000,73.90881500,1.75000000
18.54124000,73.90893500,1.80000000
18.54124000,73.90905500,1.80000000
18.54124000,73.90917500,1.80000000
18.54124000,73.90929500,1.80000000
18.54124000,73.90941500,1.75000000
18.54124000,73.90953500,1.69000000
18.54124000,73.90977500,1.69000000
18.54124000,73.90989500,1.75000000
18.54124000,73.91001500,1.75000000
18.54124000,73.91013500,1.80000000
18.54124000,73.91025500,1.80000000
18.54124000,73.91037500,1.75000000
18.54124000,73.91049500,1.75000000
18.54124000,73.91061500,1.75000000
18.54124000,73.91073500,1.69000000
18.54124000,73.97145500,1.69000000
18.54124000,73.97157500,1.69000000
18.54124000,73.97169500,1.69000000
18.54124000,73.97181500,1.75000000
18.54124000,73.97193500,1.80000000
18.54124000,73.97205500,1.84000000
18.54124000,73.97217500,1.84000000
18.54124000,73.97229500,1.88000000
18.54124000,73.97241500,1.88000000
18.54124000,73.97253500,1.91000000
18.54124000,73.97265500,1.91000000
18.54124000,73.97277500,1.94000000
18.54124000,73.97289500,1.91000000
18.54124000,73.97301500,1.88000000
18.54124000,73.97313500,1.84000000
18.54124000,73.97325500,1.80000000
18.54124000,73.97337500,1.75000000
18.54124000,73.97349500,1.69000000
18.54136000,73.87281500,1.69000000
18.54136000,73.87293500,1.69000000
18.54136000,73.87305500,1.69000000
18.54136000,73.87317500,1.69000000
18.54136000,73.87329500,1.75000000
18.54136000,73.87341500,1.75000000
18.54136000,73.87353500,1.80000000
18.54136000,73.87365500,1.80000000
18.54136000,73.87377500,1.80000000
18.54136000,73.87389500,1.84000000
18.54136000,73.87401500,1.84000000
18.54136000,73.87413500,1.84000000
18.54136000,73.87425500,1.84000000
18.54136000,73.87437500,1.88000000
18.54136000,73.87449500,1.88000000
18.54136000,73.87461500,1.91000000
18.54136000,73.87473500,1.91000000
18.54136000,73.87485500,1.88000000
18.54136000,73.87497500,1.88000000
18.54136000,73.87509500,1.88000000
18.54136000,73.87521500,1.84000000
18.54136000,73.87533500,1.84000000
18.54136000,73.87545500,1.80000000
18.54136000,73.87557500,1.80000000
18.54136000,73.87569500,1.75000000
18.54136000,73.87581500,1.75000000
18.54136000,73.87593500,1.75000000
18.54136000,73.87605500,1.69000000
18.54136000,73.89813500,1.69000000
18.54136000,73.89825500,1.69000000
18.54136000,73.89933500,1.69000000
18.54136000,73.89945500,1.75000000
18.54136000,73.89957500,1.80000000
18.54136000,73.89969500,1.80000000
18.54136000,73.89981500,1.80000000
18.54136000,73.89993500,1.80000000
18.54136000,73.90005500,1.80000000
18.54136000,73.90017500,1.80000000
18.54136000,73.90029500,1.80000000
18.54136000,73.90041500,1.84000000
18.54136000,73.90053500,1.84000000
18.54136000,73.90065500,1.84000000
18.54136000,73.90077500,1.80000000
18.54136000,73.90089500,1.75000000
18.54136000,73.90101500,1.69000000
18.54136000,73.90113500,1.69000000
18.54136000,73.90125500,1.75000000
18.54136000,73.90137500,1.80000000
18.54136000,73.90149500,1.84000000
18.54136000,73.90161500,1.88000000
18.54136000,73.90173500,1.84000000
18.54136000,73.90185500,1.84000000
18.54136000,73.90197500,1.80000000
18.54136000,73.90209500,1.75000000
18.54136000,73.90221500,1.75000000
18.54136000,73.90233500,1.75000000
18.54136000,73.90245500,1.80000000
18.54136000,73.90257500,1.80000000
18.54136000,73.90269500,1.80000000
18.54136000,73.90281500,1.75000000
18.54136000,73.90293500,1.69000000
18.54136000,73.90353500,1.69000000
18.54136000,73.90365500,1.75000000
18.54136000,73.90377500,1.80000000
18.54136000,73.90389500,1.75000000
18.54136000,73.90401500,1.69000000
18.54136000,73.90473500,1.69000000
18.54136000,73.90485500,1.75000000
18.54136000,73.90497500,1.80000000
18.54136000,73.90509500,1.84000000
18.54136000,73.90521500,1.80000000
18.54136000,73.90533500,1.75000000
18.54136000,73.90545500,1.69000000
18.54136000,73.90593500,1.69000000
18.54136000,73.90605500,1.75000000
18.54136000,73.90617500,1.80000000
18.54136000,73.90629500,1.84000000
18.54136000,73.90641500,1.80000000
18.54136000,73.90653500,1.75000000
18.54136000,73.90665500,1.75000000
18.54136000,73.90677500,1.75000000
18.54136000,73.90689500,1.75000000
18.54136000,73.90701500,1.75000000
18.54136000,73.90713500,1.80000000
18.54136000,73.90725500,1.80000000
18.54136000,73.90737500,1.80000000
18.54136000,73.90749500,1.80000000
18.54136000,73.90761500,1.75000000
18.54136000,73.90773500,1.69000000
18.54136000,73.90869500,1.69000000
18.54136000,73.90881500,1.69000000
18.54136000,73.90893500,1.75000000
18.54136000,73.90905500,1.75000000
18.54136000,73.90917500,1.75000000
18.54136000,73.90929500,1.75000000
18.54136000,73.90941500,1.69000000
18.54136000,73.90989500,1.69000000
18.54136000,73.91001500,1.69000000
18.54136000,73.91013500,1.75000000
18.54136000,73.91025500,1.75000000
18.54136000,73.91037500,1.69000000
18.54136000,73.91049500,1.69000000
18.54136000,73.91061500,1.69000000
18.54136000,73.97121500,1.69000000
18.54136000,73.97133500,1.69000000
18.54136000,73.97145500,1.75000000
18.54136000,73.97157500,1.75000000
18.54136000,73.97169500,1.75000000
18.54136000,73.97181500,1.80000000
18.54136000,73.97193500,1.84000000
18.54136000,73.97205500,1.88000000
18.54136000,73.97217500,1.88000000
18.54136000,73.97229500,1.91000000
18.54136000,73.97241500,1.91000000
18.54136000,73.97253500,1.94000000
18.54136000,73.97265500,1.94000000
18.54136000,73.97277500,1.91000000
18.54136000,73.97289500,1.88000000
18.54136000,73.97301500,1.84000000
18.54136000,73.97313500,1.80000000
18.54136000,73.97325500,1.75000000
18.54136000,73.97337500,1.69000000
18.54148000,73.87329500,1.69000000
18.54148000,73.87341500,1.69000000
18.54148000,73.87353500,1.75000000
18.54148000,73.87365500,1.75000000
18.54148000,73.87377500,1.75000000
18.54148000,73.87389500,1.80000000
18.54148000,73.87401500,1.80000000
18.54148000,73.87413500,1.80000000
18.54148000,73.87425500,1.80000000
18.54148000,73.87437500,1.84000000
18.54148000,73.87449500,1.84000000
18.54148000,73.87461500,1.88000000
18.54148000,73.87473500,1.88000000
18.54148000,73.87485500,1.91000000
18.54148000,73.87497500,1.91000000
18.54148000,73.87509500,1.91000000
18.54148000,73.87521500,1.88000000
18.54148000,73.87533500,1.88000000
18.54148000,73.87545500,1.84000000
18.54148000,73.87557500,1.84000000
18.54148000,73.87569500,1.80000000
18.54148000,73.87581500,1.80000000
18.54148000,73.87593500,1.80000000
18.54148000,73.87605500,1.75000000
18.54148000,73.87617500,1.69000000
18.54148000,73.89789500,1.69000000
18.54148000,73.89801500,1.69000000
18.54148000,73.89813500,1.75000000
18.54148000,73.89825500,1.75000000
18.54148000,73.89837500,1.69000000
18.54148000,73.89849500,1.69000000
18.54148000,73.89933500,1.69000000
18.54148000,73.89945500,1.75000000
18.54148000,73.89957500,1.80000000
18.54148000,73.89969500,1.84000000
18.54148000,73.89981500,1.84000000
18.54148000,73.89993500,1.84000000
18.54148000,73.90005500,1.84000000
18.54148000,73.90017500,1.84000000
18.54148000,73.90029500,1.84000000
18.54148000,73.90041500,1.88000000
18.54148000,73.90053500,1.88000000
18.54148000,73.90065500,1.88000000
18.54148000,73.90077500,1.84000000
18.54148000,73.90089500,1.80000000
18.54148000,73.90101500,1.75000000
18.54148000,73.90113500,1.75000000
18.54148000,73.90125500,1.80000000
18.54148000,73.90137500,1.84000000
18.54148000,73.90149500,1.88000000
18.54148000,73.90161500,1.88000000
18.54148000,73.90173500,1.84000000
18.54148000,73.90185500,1.80000000
18.54148000,73.90197500,1.75000000
18.54148000,73.90209500,1.69000000
18.54148000,73.90221500,1.69000000
18.54148000,73.90233500,1.75000000
18.54148000,73.90245500,1.80000000
18.54148000,73.90257500,1.84000000
18.54148000,73.90269500,1.80000000
18.54148000,73.90281500,1.75000000
18.54148000,73.90293500,1.69000000
18.54148000,73.90353500,1.69000000
18.54148000,73.90365500,1.75000000
18.54148000,73.90377500,1.80000000
18.54148000,73.90389500,1.75000000
18.54148000,73.90401500,1.69000000
18.54148000,73.90485500,1.69000000
18.54148000,73.90497500,1.75000000
18.54148000,73.90509500,1.80000000
18.54148000,73.90521500,1.80000000
18.54148000,73.90533500,1.75000000
18.54148000,73.90545500,1.69000000
18.54148000,73.90605500,1.69000000
18.54148000,73.90617500,1.75000000
18.54148000,73.90629500,1.80000000
18.54148000,73.90641500,1.75000000
18.54148000,73.90653500,1.69000000
18.54148000,73.90665500,1.69000000
18.54148000,73.90677500,1.69000000
18.54148000,73.90689500,1.69000000
18.54148000,73.90701500,1.69000000
18.54148000,73.90713500,1.75000000
18.54148000,73.90725500,1.75000000
18.54148000,73.90737500,1.75000000
18.54148000,73.90749500,1.75000000
18.54148000,73.90761500,1.69000000
18.54148000,73.90773500,1.69000000
18.54148000,73.90893500,1.69000000
18.54148000,73.90905500,1.69000000
18.54148000,73.90917500,1.69000000
18.54148000,73.90929500,1.69000000
18.54148000,73.91013500,1.69000000
18.54148000,73.91025500,1.69000000
18.54148000,73.97109500,1.69000000
18.54148000,73.97121500,1.75000000
18.54148000,73.97133500,1.75000000
18.54148000,73.97145500,1.80000000
18.54148000,73.97157500,1.80000000
18.54148000,73.97169500,1.80000000
18.54148000,73.97181500,1.84000000
18.54148000,73.97193500,1.88000000
18.54148000,73.97205500,1.91000000
18.54148000,73.97217500,1.91000000
18.54148000,73.97229500,1.94000000
18.54148000,73.97241500,1.94000000
18.54148000,73.97253500,1.94000000
18.54148000,73.97265500,1.91000000
18.54148000,73.97277500,1.88000000
18.54148000,73.97289500,1.84000000
18.54148000,73.97301500,1.84000000
18.54148000,73.97313500,1.80000000
18.54148000,73.97325500,1.75000000
18.54148000,73.97337500,1.69000000
18.54160000,73.87353500,1.69000000
18.54160000,73.87365500,1.69000000
18.54160000,73.87377500,1.69000000
18.54160000,73.87389500,1.75000000
18.54160000,73.87401500,1.75000000
18.54160000,73.87413500,1.75000000
18.54160000,73.87425500,1.75000000
18.54160000,73.87437500,1.80000000
18.54160000,73.87449500,1.80000000
18.54160000,73.87461500,1.84000000
18.54160000,73.87473500,1.84000000
18.54160000,73.87485500,1.88000000
18.54160000,73.87497500,1.88000000
18.54160000,73.87509500,1.91000000
18.54160000,73.87521500,1.91000000
18.54160000,73.87533500,1.91000000
18.54160000,73.87545500,1.88000000
18.54160000,73.87557500,1.84000000
18.54160000,73.87569500,1.80000000
18.54160000,73.87581500,1.84000000
18.54160000,73.87593500,1.80000000
18.54160000,73.87605500,1.75000000
18.54160000,73.87617500,1.69000000
18.54160000,73.87701500,1.69000000
18.54160000,73.87713500,1.69000000
18.54160000,73.87725500,1.69000000
18.54160000,73.87737500,1.69000000
18.54160000,73.87749500,1.69000000
18.54160000,73.89789500,1.69000000
18.54160000,73.89801500,1.75000000
18.54160000,73.89813500,1.80000000
18.54160000,73.89825500,1.80000000
18.54160000,73.89837500,1.75000000
18.54160000,73.89849500,1.69000000
18.54160000,73.89945500,1.69000000
18.54160000,73.89957500,1.75000000
18.54160000,73.89969500,1.80000000
18.54160000,73.89981500,1.84000000
18.54160000,73.89993500,1.88000000
18.54160000,73.90005500,1.88000000
18.54160000,73.90017500,1.88000000
18.54160000,73.90029500,1.88000000
18.54160000,73.90041500,1.84000000
18.54160000,73.90053500,1.84000000
18.54160000,73.90065500,1.88000000
18.54160000,73.90077500,1.88000000
18.54160000,73.90089500,1.84000000
18.54160000,73.90101500,1.80000000
18.54160000,73.90113500,1.80000000
18.54160000,73.90125500,1.84000000
18.54160000,73.90137500,1.88000000
18.54160000,73.90149500,1.88000000
18.54160000,73.90161500,1.84000000
18.54160000,73.90173500,1.80000000
18.54160000,73.90185500,1.75000000
18.54160000,73.90197500,1.69000000
18.54160000,73.90233500,1.69000000
18.54160000,73.90245500,1.75000000
18.54160000,73.90257500,1.80000000
18.54160000,73.90269500,1.80000000
18.54160000,73.90281500,1.75000000
18.54160000,73.90293500,1.69000000
18.54160000,73.90353500,1.69000000
18.54160000,73.90365500,1.75000000
18.54160000,73.90377500,1.80000000
18.54160000,73.90389500,1.75000000
18.54160000,73.90401500,1.69000000
18.54160000,73.90485500,1.69000000
18.54160000,73.90497500,1.75000000
18.54160000,73.90509500,1.80000000
18.54160000,73.90521500,1.80000000
18.54160000,73.90533500,1.75000000
18.54160000,73.90545500,1.69000000
18.54160000,73.90605500,1.69000000
18.54160000,73.90617500,1.75000000
18.54160000,73.90629500,1.75000000
18.54160000,73.90641500,1.69000000
18.54160000,73.90713500,1.69000000
18.54160000,73.90725500,1.69000000
18.54160000,73.90737500,1.69000000
18.54160000,73.90749500,1.69000000
18.54160000,73.97097500,1.69000000
18.54160000,73.97109500,1.75000000
18.54160000,73.97121500,1.80000000
18.54160000,73.97133500,1.80000000
18.54160000,73.97145500,1.84000000
18.54160000,73.97157500,1.84000000
18.54160000,73.97169500,1.84000000
18.54160000,73.97181500,1.88000000
18.54160000,73.97193500,1.91000000
18.54160000,73.97205500,1.94000000
18.54160000,73.97217500,1.94000000
18.54160000,73.97229500,1.94000000
18.54160000,73.97241500,1.91000000
18.54160000,73.97253500,1.91000000
18.54160000,73.97265500,1.88000000
18.54160000,73.97277500,1.84000000
18.54160000,73.97289500,1.80000000
18.54160000,73.97301500,1.80000000
18.54160000,73.97313500,1.75000000
18.54160000,73.97325500,1.69000000
18.54172000,73.87389500,1.69000000
18.54172000,73.87401500,1.69000000
18.54172000,73.87413500,1.69000000
18.54172000,73.87425500,1.69000000
18.54172000,73.87437500,1.75000000
18.54172000,73.87449500,1.75000000
18.54172000,73.87461500,1.80000000
18.54172000,73.87473500,1.80000000
18.54172000,73.87485500,1.84000000
18.54172000,73.87497500,1.84000000
18.54172000,73.87509500,1.88000000
18.54172000,73.87521500,1.88000000
18.54172000,73.87533500,1.88000000
18.54172000,73.87545500,1.84000000
18.54172000,73.87557500,1.80000000
18.54172000,73.87569500,1.75000000
18.54172000,73.87581500,1.80000000
18.54172000,73.87593500,1.75000000
18.54172000,73.87605500,1.69000000
18.54172000,73.87677500,1.69000000
18.54172000,73.87689500,1.69000000
18.54172000,73.87701500,1.75000000
18.54172000,73.87713500,1.75000000
18.54172000,73.87725500,1.75000000
18.54172000,73.87737500,1.75000000
18.54172000,73.87749500,1.75000000
18.54172000,73.87761500,1.69000000
18.54172000,73.87773500,1.69000000
18.54172000,73.87785500,1.69000000
18.54172000,73.87797500,1.69000000
18.54172000,73.87809500,1.69000000
18.54172000,73.87821500,1.69000000
18.54172000,73.87833500,1.69000000
18.54172000,73.87845500,1.69000000
18.54172000,73.87857500,1.69000000
18.54172000,73.87869500,1.69000000
18.54172000,73.89693500,1.69000000
18.54172000,73.89705500,1.69000000
18.54172000,73.89717500,1.69000000
18.54172000,73.89777500,1.69000000
18.54172000,73.89789500,1.75000000
18.54172000,73.89801500,1.80000000
18.54172000,73.89813500,1.84000000
18.54172000,73.89825500,1.84000000
18.54172000,73.89837500,1.80000000
18.54172000,73.89849500,1.75000000
18.54172000,73.89861500,1.69000000
18.54172000,73.89945500,1.69000000
18.54172000,73.89957500,1.75000000
18.54172000,73.89969500,1.80000000
18.54172000,73.89981500,1.84000000
18.54172000,73.89993500,1.88000000
18.54172000,73.90005500,1.91000000
18.54172000,73.90017500,1.88000000
18.54172000,73.90029500,1.84000000
18.54172000,73.90041500,1.80000000
18.54172000,73.90053500,1.80000000
18.54172000,73.90065500,1.84000000
18.54172000,73.90077500,1.84000000
18.54172000,73.90089500,1.80000000
18.54172000,73.90101500,1.80000000
18.54172000,73.90113500,1.80000000
18.54172000,73.90125500,1.80000000
18.54172000,73.90137500,1.84000000
18.54172000,73.90149500,1.84000000
18.54172000,73.90161500,1.80000000
18.54172000,73.90173500,1.75000000
18.54172000,73.90185500,1.69000000
18.54172000,73.90245500,1.69000000
18.54172000,73.90257500,1.75000000
18.54172000,73.90269500,1.80000000
18.54172000,73.90281500,1.80000000
18.54172000,73.90293500,1.75000000
18.54172000,73.90305500,1.69000000
18.54172000,73.90341500,1.69000000
18.54172000,73.90353500,1.75000000
18.54172000,73.90365500,1.80000000
18.54172000,73.90377500,1.75000000
18.54172000,73.90389500,1.69000000
18.54172000,73.90497500,1.69000000
18.54172000,73.90509500,1.75000000
18.54172000,73.90521500,1.80000000
18.54172000,73.90533500,1.75000000
18.54172000,73.90545500,1.69000000
18.54172000,73.90617500,1.69000000
18.54172000,73.90629500,1.69000000
18.54172000,73.90641500,1.69000000
18.54172000,73.94253500,1.69000000
18.54172000,73.94265500,1.69000000
18.54172000,73.97073500,1.69000000
18.54172000,73.97085500,1.69000000
18.54172000,73.97097500,1.75000000
18.54172000,73.97109500,1.80000000
18.54172000,73.97121500,1.84000000
18.54172000,73.97133500,1.84000000
18.54172000,73.97145500,1.88000000
18.54172000,73.97157500,1.88000000
18.54172000,73.97169500,1.88000000
18.54172000,73.97181500,1.91000000
18.54172000,73.97193500,1.94000000
18.54172000,73.97205500,1.94000000
18.54172000,73.97217500,1.91000000
18.54172000,73.97229500,1.91000000
18.54172000,73.97241500,1.88000000
18.54172000,73.97253500,1.88000000
18.54172000,73.97265500,1.84000000
18.54172000,73.97277500,1.80000000
18.54172000,73.97289500,1.75000000
18.54172000,73.97301500,1.75000000
18.54172000,73.97313500,1.69000000
18.54172000,73.97325500,1.69000000
18.54184000,73.87437500,1.69000000
18.54184000,73.87449500,1.69000000
18.54184000,73.87461500,1.75000000
18.54184000,73.87473500,1.75000000
18.54184000,73.87485500,1.80000000
18.54184000,73.87497500,1.80000000
18.54184000,73.87509500,1.84000000
18.54184000,73.87521500,1.84000000
18.54184000,73.87533500,1.84000000
18.54184000,73.87545500,1.80000000
18.54184000,73.87557500,1.75000000
18.54184000,73.87569500,1.69000000
18.54184000,73.87581500,1.75000000
18.54184000,73.87593500,1.69000000
18.54184000,73.87665500,1.69000000
18.54184000,73.87677500,1.75000000
18.54184000,73.87689500,1.75000000
18.54184000,73.87701500,1.80000000
18.54184000,73.87713500,1.80000000
18.54184000,73.87725500,1.80000000
18.54184000,73.87737500,1.80000000
18.54184000,73.87749500,1.80000000
18.54184000,73.87761500,1.75000000
18.54184000,73.87773500,1.75000000
18.54184000,73.87785500,1.75000000
18.54184000,73.87797500,1.75000000
18.54184000,73.87809500,1.75000000
18.54184000,73.87821500,1.75000000
18.54184000,73.87833500,1.75000000
18.54184000,73.87845500,1.75000000
18.54184000,73.87857500,1.75000000
18.54184000,73.87869500,1.75000000
18.54184000,73.87881500,1.69000000
18.54184000,73.87893500,1.69000000
18.54184000,73.89597500,1.69000000
18.54184000,73.89609500,1.69000000
18.54184000,73.89621500,1.69000000
18.54184000,73.89633500,1.69000000
18.54184000,73.89645500,1.69000000
18.54184000,73.89657500,1.69000000
18.54184000,73.89669500,1.69000000
18.54184000,73.89681500,1.69000000
18.54184000,73.89693500,1.75000000
18.54184000,73.89705500,1.75000000
18.54184000,73.89717500,1.75000000
18.54184000,73.89729500,1.69000000
18.54184000,73.89741500,1.69000000
18.54184000,73.89777500,1.69000000
18.54184000,73.89789500,1.75000000
18.54184000,73.89801500,1.80000000
18.54184000,73.89813500,1.84000000
18.54184000,73.89825500,1.88000000
18.54184000,73.89837500,1.84000000
18.54184000,73.89849500,1.80000000
18.54184000,73.89861500,1.75000000
18.54184000,73.89873500,1.69000000
18.54184000,73.89945500,1.69000000
18.54184000,73.89957500,1.75000000
18.54184000,73.89969500,1.80000000
18.54184000,73.89981500,1.84000000
18.54184000,73.89993500,1.88000000
18.54184000,73.90005500,1.88000000
18.54184000,73.90017500,1.84000000
18.54184000,73.90029500,1.80000000
18.54184000,73.90041500,1.75000000
18.54184000,73.90053500,1.75000000
18.54184000,73.90065500,1.80000000
18.54184000,73.90077500,1.80000000
18.54184000,73.90089500,1.75000000
18.54184000,73.90101500,1.75000000
18.54184000,73.90113500,1.75000000
18.54184000,73.90125500,1.75000000
18.54184000,73.90137500,1.80000000
18.54184000,73.90149500,1.80000000
18.54184000,73.90161500,1.80000000
18.54184000,73.90173500,1.75000000
18.54184000,73.90185500,1.69000000
18.54184000,73.90257500,1.69000000
18.54184000,73.90269500,1.75000000
18.54184000,73.90281500,1.80000000
18.54184000,73.90293500,1.75000000
18.54184000,73.90305500,1.69000000
18.54184000,73.90341500,1.69000000
18.54184000,73.90353500,1.75000000
18.54184000,73.90365500,1.75000000
18.54184000,73.90377500,1.75000000
18.54184000,73.90389500,1.69000000
18.54184000,73.90509500,1.69000000
18.54184000,73.90521500,1.75000000
18.54184000,73.90533500,1.75000000
18.54184000,73.90545500,1.69000000
18.54184000,73.97061500,1.69000000
18.54184000,73.97073500,1.75000000
18.54184000,73.97085500,1.75000000
18.54184000,73.97097500,1.80000000
18.54184000,73.97109500,1.84000000
18.54184000,73.97121500,1.88000000
18.54184000,73.97133500,1.88000000
18.54184000,73.97145500,1.91000000
18.54184000,73.97157500,1.91000000
18.54184000,73.97169500,1.91000000
18.54184000,73.97181500,1.91000000
18.54184000,73.97193500,1.91000000
18.54184000,73.97205500,1.91000000
18.54184000,73.97217500,1.88000000
18.54184000,73.97229500,1.88000000
18.54184000,73.97241500,1.84000000
18.54184000,73.97253500,1.84000000
18.54184000,73.97265500,1.80000000
18.54184000,73.97277500,1.75000000
18.54184000,73.97289500,1.69000000
18.54184000,73.97301500,1.69000000
18.54196000,73.87461500,1.69000000
18.54196000,73.87473500,1.69000000
18.54196000,73.87485500,1.75000000
18.54196000,73.87497500,1.75000000
18.54196000,73.87509500,1.80000000
18.54196000,73.87521500,1.80000000
18.54196000,73.87533500,1.80000000
18.54196000,73.87545500,1.75000000
18.54196000,73.87557500,1.69000000
18.54196000,73.87581500,1.69000000
18.54196000,73.87593500,1.69000000
18.54196000,73.87653500,1.69000000
18.54196000,73.87665500,1.75000000
18.54196000,73.87677500,1.80000000
18.54196000,73.87689500,1.80000000
18.54196000,73.87701500,1.84000000
18.54196000,73.87713500,1.84000000
18.54196000,73.87725500,1.84000000
18.54196000,73.87737500,1.84000000
18.54196000,73.87749500,1.84000000
18.54196000,73.87761500,1.80000000
18.54196000,73.87773500,1.80000000
18.54196000,73.87785500,1.80000000
18.54196000,73.87797500,1.80000000
18.54196000,73.87809500,1.80000000
18.54196000,73.87821500,1.80000000
18.54196000,73.87833500,1.80000000
18.54196000,73.87845500,1.80000000
18.54196000,73.87857500,1.80000000
18.54196000,73.87869500,1.80000000
18.54196000,73.87881500,1.75000000
18.54196000,73.87893500,1.75000000
18.54196000,73.87905500,1.69000000
18.54196000,73.87917500,1.69000000
18.54196000,73.87929500,1.69000000
18.54196000,73.87941500,1.69000000
18.54196000,73.87953500,1.69000000
18.54196000,73.87965500,1.69000000
18.54196000,73.89573500,1.69000000
18.54196000,73.89585500,1.69000000
18.54196000,73.89597500,1.75000000
18.54196000,73.89609500,1.75000000
18.54196000,73.89621500,1.75000000
18.54196000,73.89633500,1.75000000
18.54196000,73.89645500,1.75000000
18.54196000,73.89657500,1.75000000
18.54196000,73.89669500,1.75000000
18.54196000,73.89681500,1.75000000
18.54196000,73.89693500,1.80000000
18.54196000,73.89705500,1.80000000
18.54196000,73.89717500,1.80000000
18.54196000,73.89729500,1.75000000
18.54196000,73.89741500,1.69000000
18.54196000,73.89765500,1.69000000
18.54196000,73.89777500,1.75000000
18.54196000,73.89789500,1.80000000
18.54196000,73.89801500,1.84000000
18.54196000,73.89813500,1.88000000
18.54196000,73.89825500,1.91000000
18.54196000,73.89837500,1.88000000
18.54196000,73.89849500,1.84000000
18.54196000,73.89861500,1.80000000
18.54196000,73.89873500,1.75000000
18.54196000,73.89885500,1.69000000
18.54196000,73.89945500,1.69000000
18.54196000,73.89957500,1.75000000
18.54196000,73.89969500,1.80000000
18.54196000,73.89981500,1.84000000
18.54196000,73.89993500,1.84000000
18.54196000,73.90005500,1.84000000
18.54196000,73.90017500,1.80000000
18.54196000,73.90029500,1.75000000
18.54196000,73.90041500,1.69000000
18.54196000,73.90053500,1.69000000
18.54196000,73.90065500,1.75000000
18.54196000,73.90077500,1.75000000
18.54196000,73.90089500,1.69000000
18.54196000,73.90101500,1.69000000
18.54196000,73.90113500,1.69000000
18.54196000,73.90125500,1.69000000
18.54196000,73.90137500,1.75000000
18.54196000,73.90149500,1.75000000
18.54196000,73.90161500,1.75000000
18.54196000,73.90173500,1.69000000
18.54196000,73.90257500,1.69000000
18.54196000,73.90269500,1.69000000
18.54196000,73.90281500,1.75000000
18.54196000,73.90293500,1.69000000
18.54196000,73.90353500,1.69000000
18.54196000,73.90365500,1.69000000
18.54196000,73.90377500,1.69000000
18.54196000,73.90521500,1.69000000
18.54196000,73.90533500,1.69000000
18.54196000,73.97049500,1.69000000
18.54196000,73.97061500,1.75000000
18.54196000,73.97073500,1.80000000
18.54196000,73.97085500,1.80000000
18.54196000,73.97097500,1.84000000
18.54196000,73.97109500,1.88000000
18.54196000,73.97121500,1.91000000
18.54196000,73.97133500,1.91000000
18.54196000,73.97145500,1.94000000
18.54196000,73.97157500,1.94000000
18.54196000,73.97169500,1.91000000
18.54196000,73.97181500,1.88000000
18.54196000,73.97193500,1.88000000
18.54196000,73.97205500,1.88000000
18.54196000,73.97217500,1.84000000
18.54196000,73.97229500,1.84000000
18.54196000,73.97241500,1.80000000
18.54196000,73.97253500,1.80000000
18.54196000,73.97265500,1.75000000
18.54196000,73.97277500,1.69000000
18.54208000,73.87485500,1.69000000
18.54208000,73.87497500,1.69000000
18.54208000,73.87509500,1.75000000
18.54208000,73.87521500,1.75000000
18.54208000,73.87533500,1.75000000
18.54208000,73.87545500,1.75000000
18.54208000,73.87557500,1.75000000
18.54208000,73.87569500,1.69000000
18.54208000,73.87581500,1.75000000
18.54208000,73.87593500,1.75000000
18.54208000,73.87605500,1.69000000
18.54208000,73.87653500,1.69000000
18.54208000,73.87665500,1.75000000
18.54208000,73.87677500,1.80000000
18.54208000,73.87689500,1.84000000
18.54208000,73.87701500,1.88000000
18.54208000,73.87713500,1.88000000
18.54208000,73.87725500,1.88000000
18.54208000,73.87737500,1.88000000
18.54208000,73.87749500,1.88000000
18.54208000,73.87761500,1.84000000
18.54208000,73.87773500,1.84000000
18.54208000,73.87785500,1.84000000
18.54208000,73.87797500,1.84000000
18.54208000,73.87809500,1.84000000
18.54208000,73.87821500,1.84000000
18.54208000,73.87833500,1.84000000
18.54208000,73.87845500,1.84000000
18.54208000,73.87857500,1.84000000
18.54208000,73.87869500,1.84000000
18.54208000,73.87881500,1.80000000
18.54208000,73.87893500,1.80000000
18.54208000,73.87905500,1.75000000
18.54208000,73.87917500,1.75000000
18.54208000,73.87929500,1.75000000
18.54208000,73.87941500,1.75000000
18.54208000,73.87953500,1.75000000
18.54208000,73.87965500,1.75000000
18.54208000,73.87977500,1.69000000
18.54208000,73.87989500,1.69000000
18.54208000,73.88001500,1.69000000
18.54208000,73.88013500,1.69000000
18.54208000,73.88025500,1.69000000
18.54208000,73.88037500,1.69000000
18.54208000,73.89489500,1.69000000
18.54208000,73.89501500,1.69000000
18.54208000,73.89513500,1.69000000
18.54208000,73.89525500,1.69000000
18.54208000,73.89537500,1.69000000
18.54208000,73.89549500,1.69000000
18.54208000,73.89561500,1.69000000
18.54208000,73.89573500,1.75000000
18.54208000,73.89585500,1.75000000
18.54208000,73.89597500,1.80000000
18.54208000,73.89609500,1.80000000
18.54208000,73.89621500,1.80000000
18.54208000,73.89633500,1.80000000
18.54208000,73.89645500,1.80000000
18.54208000,73.89657500,1.80000000
18.54208000,73.89669500,1.80000000
18.54208000,73.89681500,1.80000000
18.54208000,73.89693500,1.84000000
18.54208000,73.89705500,1.84000000
18.54208000,73.89717500,1.80000000
18.54208000,73.89729500,1.75000000
18.54208000,73.89741500,1.69000000
18.54208000,73.89777500,1.69000000
18.54208000,73.89789500,1.75000000
18.54208000,73.89801500,1.80000000
18.54208000,73.89813500,1.84000000
18.54208000,73.89825500,1.88000000
18.54208000,73.89837500,1.84000000
18.54208000,73.89849500,1.80000000
18.54208000,73.89861500,1.75000000
18.54208000,73.89873500,1.69000000
18.54208000,73.89957500,1.69000000
18.54208000,73.89969500,1.75000000
18.54208000,73.89981500,1.80000000
18.54208000,73.89993500,1.80000000
18.54208000,73.90005500,1.80000000
18.54208000,73.90017500,1.75000000
18.54208000,73.90029500,1.69000000
18.54208000,73.90065500,1.69000000
18.54208000,73.90077500,1.69000000
18.54208000,73.90137500,1.69000000
18.54208000,73.90149500,1.69000000
18.54208000,73.90161500,1.69000000
18.54208000,73.90281500,1.69000000
18.54208000,73.97037500,1.69000000
18.54208000,73.97049500,1.75000000
18.54208000,73.97061500,1.80000000
18.54208000,73.97073500,1.84000000
18.54208000,73.97085500,1.84000000
18.54208000,73.97097500,1.88000000
18.54208000,73.97109500,1.91000000
18.54208000,73.97121500,1.94000000
18.54208000,73.97133500,1.94000000
18.54208000,73.97145500,1.91000000
18.54208000,73.97157500,1.91000000
18.54208000,73.97169500,1.88000000
18.54208000,73.97181500,1.84000000
18.54208000,73.97193500,1.84000000
18.54208000,73.97205500,1.84000000
18.54208000,73.97217500,1.80000000
18.54208000,73.97229500,1.80000000
18.54208000,73.97241500,1.75000000
18.54208000,73.97253500,1.75000000
18.54208000,73.97265500,1.69000000
18.54220000,73.87509500,1.69000000
18.54220000,73.87521500,1.69000000
18.54220000,73.87533500,1.69000000
18.54220000,73.87545500,1.69000000
18.54220000,73.87557500,1.75000000
18.54220000,73.87569500,1.75000000
18.54220000,73.87581500,1.80000000
18.54220000,73.87593500,1.80000000
18.54220000,73.87605500,1.75000000
18.54220000,73.87617500,1.69000000
18.54220000,73.87641500,1.69000000
18.54220000,73.87653500,1.75000000
18.54220000,73.87665500,1.80000000
18.54220000,73.87677500,1.84000000
18.54220000,73.87689500,1.88000000
18.54220000,73.87701500,1.88000000
18.54220000,73.87713500,1.91000000
18.54220000,73.87725500,1.91000000
18.54220000,73.87737500,1.91000000
18.54220000,73.87749500,1.91000000
18.54220000,73.87761500,1.88000000
18.54220000,73.87773500,1.88000000
18.54220000,73.87785500,1.88000000
18.54220000,73.87797500,1.88000000
18.54220000,73.87809500,1.88000000
18.54220000,73.87821500,1.88000000
18.54220000,73.87833500,1.88000000
18.54220000,73.87845500,1.88000000
18.54220000,73.87857500,1.88000000
18.54220000,73.87869500,1.88000000
18.54220000,73.87881500,1.84000000
18.54220000,73.87893500,1.84000000
18.54220000,73.87905500,1.80000000
18.54220000,73.87917500,1.80000000
18.54220000,73.87929500,1.80000000
18.54220000,73.87941500,1.80000000
18.54220000,73.87953500,1.80000000
18.54220000,73.87965500,1.80000000
18.54220000,73.87977500,1.75000000
18.54220000,73.87989500,1.75000000
18.54220000,73.88001500,1.75000000
18.54220000,73.88013500,1.75000000
18.54220000,73.88025500,1.75000000
18.54220000,73.88037500,1.75000000
18.54220000,73.88049500,1.69000000
18.54220000,73.88061500,1.69000000
18.54220000,73.88073500,1.69000000
18.54220000,73.88085500,1.69000000
18.54220000,73.88097500,1.69000000
18.54220000,73.88109500,1.69000000
18.54220000,73.89465500,1.69000000
18.54220000,73.89477500,1.69000000
18.54220000,73.89489500,1.75000000
18.54220000,73.89501500,1.75000000
18.54220000,73.89513500,1.75000000
18.54220000,73.89525500,1.75000000
18.54220000,73.89537500,1.75000000
18.54220000,73.89549500,1.75000000
18.54220000,73.89561500,1.75000000
18.54220000,73.89573500,1.80000000
18.54220000,73.89585500,1.80000000
18.54220000,73.89597500,1.84000000
18.54220000,73.89609500,1.84000000
18.54220000,73.89621500,1.84000000
18.54220000,73.89633500,1.84000000
18.54220000,73.89645500,1.84000000
18.54220000,73.89657500,1.84000000
18.54220000,73.89669500,1.84000000
18.54220000,73.89681500,1.84000000
18.54220000,73.89693500,1.88000000
18.54220000,73.89705500,1.84000000
18.54220000,73.89717500,1.80000000
18.54220000,73.89729500,1.75000000
18.54220000,73.89741500,1.69000000
18.54220000,73.89777500,1.69000000
18.54220000,73.89789500,1.75000000
18.54220000,73.89801500,1.80000000
18.54220000,73.89813500,1.80000000
18.54220000,73.89825500,1.84000000
18.54220000,73.89837500,1.80000000
18.54220000,73.89849500,1.80000000
18.54220000,73.89861500,1.75000000
18.54220000,73.89873500,1.69000000
18.54220000,73.89957500,1.69000000
18.54220000,73.89969500,1.69000000
18.54220000,73.89981500,1.75000000
18.54220000,73.89993500,1.75000000
18.54220000,73.90005500,1.75000000
18.54220000,73.90017500,1.69000000
18.54220000,73.97013500,1.69000000
18.54220000,73.97025500,1.69000000
18.54220000,73.97037500,1.75000000
18.54220000,73.97049500,1.80000000
18.54220000,73.97061500,1.84000000
18.54220000,73.97073500,1.88000000
18.54220000,73.97085500,1.88000000
18.54220000,73.97097500,1.91000000
18.54220000,73.97109500,1.94000000
18.54220000,73.97121500,1.91000000
18.54220000,73.97133500,1.91000000
18.54220000,73.97145500,1.88000000
18.54220000,73.97157500,1.88000000
18.54220000,73.97169500,1.84000000
18.54220000,73.97181500,1.80000000
18.54220000,73.97193500,1.80000000
18.54220000,73.97205500,1.80000000
18.54220000,73.97217500,1.75000000
18.54220000,73.97229500,1.75000000
18.54220000,73.97241500,1.69000000
18.54220000,73.97253500,1.69000000
18.54232000,73.87557500,1.69000000
18.54232000,73.87569500,1.69000000
18.54232000,73.87581500,1.75000000
18.54232000,73.87593500,1.75000000
18.54232000,73.87605500,1.75000000
18.54232000,73.87617500,1.69000000
18.54232000,73.87641500,1.69000000
18.54232000,73.87653500,1.75000000
18.54232000,73.87665500,1.80000000
18.54232000,73.87677500,1.84000000
18.54232000,73.87689500,1.84000000
18.54232000,73.87701500,1.84000000
18.54232000,73.87713500,1.88000000
18.54232000,73.87725500,1.88000000
18.54232000,73.87737500,1.88000000
18.54232000,73.87749500,1.91000000
18.54232000,73.87761500,1.91000000
18.54232000,73.87773500,1.91000000
18.54232000,73.87785500,1.91000000
18.54232000,73.87797500,1.91000000
18.54232000,73.87809500,1.91000000
18.54232000,73.87821500,1.91000000
18.54232000,73.87833500,1.91000000
18.54232000,73.87845500,1.91000000
18.54232000,73.87857500,1.91000000
18.54232000,73.87869500,1.91000000
18.54232000,73.87881500,1.88000000
18.54232000,73.87893500,1.88000000
18.54232000,73.87905500,1.84000000
18.54232000,73.87917500,1.84000000
18.54232000,73.87929500,1.84000000
18.54232000,73.87941500,1.84000000
18.54232000,73.87953500,1.84000000
18.54232000,73.87965500,1.84000000
18.54232000,73.87977500,1.80000000
18.54232000,73.87989500,1.80000000
18.54232000,73.88001500,1.80000000
18.54232000,73.88013500,1.80000000
18.54232000,73.88025500,1.80000000
18.54232000,73.88037500,1.80000000
18.54232000,73.88049500,1.75000000
18.54232000,73.88061500,1.75000000
18.54232000,73.88073500,1.75000000
18.54232000,73.88085500,1.75000000
18.54232000,73.88097500,1.75000000
18.54232000,73.88109500,1.75000000
18.54232000,73.88121500,1.69000000
18.54232000,73.88133500,1.69000000
18.54232000,73.88145500,1.69000000
18.54232000,73.88157500,1.69000000
18.54232000,73.88169500,1.69000000
18.54232000,73.88181500,1.69000000
18.54232000,73.89417500,1.69000000
18.54232000,73.89429500,1.69000000
18.54232000,73.89441500,1.69000000
18.54232000,73.89453500,1.69000000
18.54232000,73.89465500,1.75000000
18.54232000,73.89477500,1.75000000
18.54232000,73.89489500,1.80000000
18.54232000,73.89501500,1.80000000
18.54232000,73.89513500,1.80000000
18.54232000,73.89525500,1.80000000
18.54232000,73.89537500,1.80000000
18.54232000,73.89549500,1.80000000
18.54232000,73.89561500,1.80000000
18.54232000,73.89573500,1.84000000
18.54232000,73.89585500,1.84000000
18.54232000,73.89597500,1.88000000
18.54232000,73.89609500,1.88000000
18.54232000,73.89621500,1.88000000
18.54232000,73.89633500,1.88000000
18.54232000,73.89645500,1.88000000
18.54232000,73.89657500,1.88000000
18.54232000,73.89669500,1.88000000
18.54232000,73.89681500,1.88000000
18.54232000,73.89693500,1.88000000
18.54232000,73.89705500,1.84000000
18.54232000,73.89717500,1.80000000
18.54232000,73.89729500,1.75000000
18.54232000,73.89741500,1.69000000
18.54232000,73.89789500,1.69000000
18.54232000,73.89801500,1.75000000
18.54232000,73.89813500,1.75000000
18.54232000,73.89825500,1.80000000
18.54232000,73.89837500,1.75000000
18.54232000,73.89849500,1.75000000
18.54232000,73.89861500,1.69000000
18.54232000,73.89981500,1.69000000
18.54232000,73.89993500,1.69000000
18.54232000,73.90005500,1.69000000
18.54232000,73.96953500,1.69000000
18.54232000,73.96965500,1.69000000
18.54232000,73.96977500,1.69000000
18.54232000,73.96989500,1.69000000
18.54232000,73.97001500,1.69000000
18.54232000,73.97013500,1.75000000
18.54232000,73.97025500,1.75000000
18.54232000,73.97037500,1.80000000
18.54232000,73.97049500,1.84000000
18.54232000,73.97061500,1.88000000
18.54232000,73.97073500,1.91000000
18.54232000,73.97085500,1.91000000
18.54232000,73.97097500,1.94000000
18.54232000,73.97109500,1.91000000
18.54232000,73.97121500,1.88000000
18.54232000,73.97133500,1.88000000
18.54232000,73.97145500,1.84000000
18.54232000,73.97157500,1.84000000
18.54232000,73.97169500,1.80000000
18.54232000,73.97181500,1.75000000
18.54232000,73.97193500,1.75000000
18.54232000,73.97205500,1.75000000
18.54232000,73.97217500,1.69000000
18.54232000,73.97229500,1.69000000
18.54244000,73.87581500,1.69000000
18.54244000,73.87593500,1.69000000
18.54244000,73.87605500,1.69000000
18.54244000,73.87653500,1.69000000
18.54244000,73.87665500,1.75000000
18.54244000,73.87677500,1.80000000
18.54244000,73.87689500,1.80000000
18.54244000,73.87701500,1.80000000
18.54244000,73.87713500,1.84000000
18.54244000,73.87725500,1.84000000
18.54244000,73.87737500,1.84000000
18.54244000,73.87749500,1.88000000
18.54244000,73.87761500,1.88000000
18.54244000,73.87773500,1.88000000
18.54244000,73.87785500,1.88000000
18.54244000,73.87797500,1.88000000
18.54244000,73.87809500,1.88000000
18.54244000,73.87821500,1.91000000
18.54244000,73.87833500,1.91000000
18.54244000,73.87845500,1.94000000
18.54244000,73.87857500,1.94000000
18.54244000,73.87869500,1.94000000
18.54244000,73.87881500,1.91000000
18.54244000,73.87893500,1.91000000
18.54244000,73.87905500,1.88000000
18.54244000,73.87917500,1.88000000
18.54244000,73.87929500,1.88000000
18.54244000,73.87941500,1.88000000
18.54244000,73.87953500,1.88000000
18.54244000,73.87965500,1.88000000
18.54244000,73.87977500,1.84000000
18.54244000,73.87989500,1.84000000
18.54244000,73.88001500,1.84000000
18.54244000,73.88013500,1.84000000
18.54244000,73.88025500,1.84000000
18.54244000,73.88037500,1.84000000
18.54244000,73.88049500,1.80000000
18.54244000,73.88061500,1.80000000
18.54244000,73.88073500,1.80000000
18.54244000,73.88085500,1.80000000
18.54244000,73.88097500,1.80000000
18.54244000,73.88109500,1.80000000
18.54244000,73.88121500,1.75000000
18.54244000,73.88133500,1.75000000
18.54244000,73.88145500,1.75000000
18.54244000,73.88157500,1.75000000
18.54244000,73.88169500,1.75000000
18.54244000,73.88181500,1.75000000
18.54244000,73.88193500,1.69000000
18.54244000,73.88205500,1.69000000
18.54244000,73.88217500,1.69000000
18.54244000,73.88229500,1.69000000
18.54244000,73.88241500,1.69000000
18.54244000,73.88253500,1.69000000
18.54244000,73.88265500,1.69000000
18.54244000,73.88277500,1.69000000
18.54244000,73.89393500,1.69000000
18.54244000,73.89405500,1.69000000
18.54244000,73.89417500,1.75000000
18.54244000,73.89429500,1.75000000
18.54244000,73.89441500,1.75000000
18.54244000,73.89453500,1.75000000
18.54244000,73.89465500,1.80000000
18.54244000,73.89477500,1.80000000
18.54244000,73.89489500,1.84000000
18.54244000,73.89501500,1.84000000
18.54244000,73.89513500,1.84000000
18.54244000,73.89525500,1.84000000
18.54244000,73.89537500,1.84000000
18.54244000,73.89549500,1.84000000
18.54244000,73.89561500,1.84000000
18.54244000,73.89573500,1.88000000
18.54244000,73.89585500,1.88000000
18.54244000,73.89597500,1.91000000
18.54244000,73.89609500,1.91000000
18.54244000,73.89621500,1.91000000
18.54244000,73.89633500,1.91000000
18.54244000,73.89645500,1.91000000
18.54244000,73.89657500,1.91000000
18.54244000,73.89669500,1.91000000
18.54244000,73.89681500,1.88000000
18.54244000,73.89693500,1.88000000
18.54244000,73.89705500,1.84000000
18.54244000,73.89717500,1.80000000
18.54244000,73.89729500,1.75000000
18.54244000,73.89741500,1.69000000
18.54244000,73.89801500,1.69000000
18.54244000,73.89813500,1.69000000
18.54244000,73.89825500,1.75000000
18.54244000,73.89837500,1.69000000
18.54244000,73.89849500,1.69000000
18.54244000,73.96929500,1.69000000
18.54244000,73.96941500,1.69000000
18.54244000,73.96953500,1.75000000
18.54244000,73.96965500,1.75000000
18.54244000,73.96977500,1.75000000
18.54244000,73.96989500,1.75000000
18.54244000,73.97001500,1.75000000
18.54244000,73.97013500,1.80000000
18.54244000,73.97025500,1.80000000
18.54244000,73.97037500,1.84000000
18.54244000,73.97049500,1.88000000
18.54244000,73.97061500,1.91000000
18.54244000,73.97073500,1.94000000
18.54244000,73.97085500,1.94000000
18.54244000,73.97097500,1.91000000
18.54244000,73.97109500,1.88000000
18.54244000,73.97121500,1.84000000
18.54244000,73.97133500,1.84000000
18.54244000,73.97145500,1.80000000
18.54244000,73.97157500,1.80000000
18.54244000,73.97169500,1.75000000
18.54244000,73.97181500,1.69000000
18.54244000,73.97193500,1.69000000
18.54244000,73.97205500,1.69000000
18.54256000,73.87653500,1.69000000
18.54256000,73.87665500,1.69000000
18.54256000,73.87677500,1.75000000
18.54256000,73.87689500,1.75000000
18.54256000,73.87701500,1.75000000
18.54256000,73.87713500,1.80000000
18.54256000,73.87725500,1.80000000
18.54256000,73.87737500,1.80000000
18.54256000,73.87749500,1.84000000
18.54256000,73.87761500,1.84000000
18.54256000,73.87773500,1.84000000
18.54256000,73.87785500,1.84000000
18.54256000,73.87797500,1.84000000
18.54256000,73.87809500,1.84000000
18.54256000,73.87821500,1.88000000
18.54256000,73.87833500,1.88000000
18.54256000,73.87845500,1.91000000
18.54256000,73.87857500,1.91000000
18.54256000,73.87869500,1.91000000
18.54256000,73.87881500,1.91000000
18.54256000,73.87893500,1.94000000
18.54256000,73.87905500,1.91000000
18.54256000,73.87917500,1.91000000
18.54256000,73.87929500,1.91000000
18.54256000,73.87941500,1.91000000
18.54256000,73.87953500,1.91000000
18.54256000,73.87965500,1.91000000
18.54256000,73.87977500,1.88000000
18.54256000,73.87989500,1.88000000
18.54256000,73.88001500,1.88000000
18.54256000,73.88013500,1.88000000
18.54256000,73.88025500,1.88000000
18.54256000,73.88037500,1.88000000
18.54256000,73.88049500,1.84000000
18.54256000,73.88061500,1.84000000
18.54256000,73.88073500,1.84000000
18.54256000,73.88085500,1.84000000
18.54256000,73.88097500,1.84000000
18.54256000,73.88109500,1.84000000
18.54256000,73.88121500,1.80000000
18.54256000,73.88133500,1.80000000
18.54256000,73.88145500,1.80000000
18.54256000,73.88157500,1.80000000
18.54256000,73.88169500,1.80000000
18.54256000,73.88181500,1.80000000
18.54256000,73.88193500,1.75000000
18.54256000,73.88205500,1.75000000
18.54256000,73.88217500,1.75000000
18.54256000,73.88229500,1.75000000
18.54256000,73.88241500,1.75000000
18.54256000,73.88253500,1.75000000
18.54256000,73.88265500,1.75000000
18.54256000,73.88277500,1.75000000
18.54256000,73.88289500,1.69000000
18.54256000,73.88301500,1.69000000
18.54256000,73.89369500,1.69000000
18.54256000,73.89381500,1.69000000
18.54256000,73.89393500,1.75000000
18.54256000,73.89405500,1.75000000
18.54256000,73.89417500,1.80000000
18.54256000,73.89429500,1.80000000
18.54256000,73.89441500,1.80000000
18.54256000,73.89453500,1.80000000
18.54256000,73.89465500,1.84000000
18.54256000,73.89477500,1.84000000
18.54256000,73.89489500,1.88000000
18.54256000,73.89501500,1.88000000
18.54256000,73.89513500,1.88000000
18.54256000,73.89525500,1.88000000
18.54256000,73.89537500,1.88000000
18.54256000,73.89549500,1.88000000
18.54256000,73.89561500,1.88000000
18.54256000,73.89573500,1.91000000
18.54256000,73.89585500,1.91000000
18.54256000,73.89597500,1.94000000
18.54256000,73.89609500,1.94000000
18.54256000,73.89621500,1.94000000
18.54256000,73.89633500,1.91000000
18.54256000,73.89645500,1.91000000
18.54256000,73.89657500,1.88000000
18.54256000,73.89669500,1.88000000
18.54256000,73.89681500,1.84000000
18.54256000,73.89693500,1.84000000
18.54256000,73.89705500,1.84000000
18.54256000,73.89717500,1.80000000
18.54256000,73.89729500,1.75000000
18.54256000,73.89741500,1.69000000
18.54256000,73.89825500,1.69000000
18.54256000,73.96893500,1.69000000
18.54256000,73.96905500,1.69000000
18.54256000,73.96917500,1.69000000
18.54256000,73.96929500,1.75000000
18.54256000,73.96941500,1.75000000
18.54256000,73.96953500,1.80000000
18.54256000,73.96965500,1.80000000
18.54256000,73.96977500,1.80000000
18.54256000,73.96989500,1.80000000
18.54256000,73.97001500,1.80000000
18.54256000,73.97013500,1.84000000
18.54256000,73.97025500,1.84000000
18.54256000,73.97037500,1.88000000
18.54256000,73.97049500,1.91000000
18.54256000,73.97061500,1.94000000
18.54256000,73.97073500,1.91000000
18.54256000,73.97085500,1.91000000
18.54256000,73.97097500,1.88000000
18.54256000,73.97109500,1.84000000
18.54256000,73.97121500,1.80000000
18.54256000,73.97133500,1.80000000
18.54256000,73.97145500,1.75000000
18.54256000,73.97157500,1.75000000
18.54256000,73.97169500,1.69000000
18.54268000,73.87677500,1.69000000
18.54268000,73.87689500,1.69000000
18.54268000,73.87701500,1.69000000
18.54268000,73.87713500,1.75000000
18.54268000,73.87725500,1.75000000
18.54268000,73.87737500,1.75000000
18.54268000,73.87749500,1.80000000
18.54268000,73.87761500,1.80000000
18.54268000,73.87773500,1.80000000
18.54268000,73.87785500,1.80000000
18.54268000,73.87797500,1.80000000
18.54268000,73.87809500,1.80000000
18.54268000,73.87821500,1.84000000
18.54268000,73.87833500,1.84000000
18.54268000,73.87845500,1.88000000
18.54268000,73.87857500,1.88000000
18.54268000,73.87869500,1.88000000
18.54268000,73.87881500,1.88000000
18.54268000,73.87893500,1.91000000
18.54268000,73.87905500,1.91000000
18.54268000,73.87917500,1.91000000
18.54268000,73.87929500,1.94000000
18.54268000,73.87941500,1.94000000
18.54268000,73.87953500,1.94000000
18.54268000,73.87965500,1.94000000
18.54268000,73.87977500,1.91000000
18.54268000,73.87989500,1.91000000
18.54268000,73.88001500,1.91000000
18.54268000,73.88013500,1.91000000
18.54268000,73.88025500,1.91000000
18.54268000,73.88037500,1.91000000
18.54268000,73.88049500,1.88000000
18.54268000,73.88061500,1.88000000
18.54268000,73.88073500,1.88000000
18.54268000,73.88085500,1.88000000
18.54268000,73.88097500,1.88000000
18.54268000,73.88109500,1.88000000
18.54268000,73.88121500,1.84000000
18.54268000,73.88133500,1.84000000
18.54268000,73.88145500,1.84000000
18.54268000,73.88157500,1.84000000
18.54268000,73.88169500,1.84000000
18.54268000,73.88181500,1.84000000
18.54268000,73.88193500,1.80000000
18.54268000,73.88205500,1.80000000
18.54268000,73.88217500,1.80000000
18.54268000,73.88229500,1.80000000
18.54268000,73.88241500,1.80000000
18.54268000,73.88253500,1.80000000
18.54268000,73.88265500,1.80000000
18.54268000,73.88277500,1.80000000
18.54268000,73.88289500,1.75000000
18.54268000,73.88301500,1.69000000
18.54268000,73.89333500,1.69000000
18.54268000,73.89345500,1.69000000
18.54268000,73.89357500,1.69000000
18.54268000,73.89369500,1.75000000
18.54268000,73.89381500,1.75000000
18.54268000,73.89393500,1.80000000
18.54268000,73.89405500,1.80000000
18.54268000,73.89417500,1.84000000
18.54268000,73.89429500,1.84000000
18.54268000,73.89441500,1.84000000
18.54268000,73.89453500,1.84000000
18.54268000,73.89465500,1.88000000
18.54268000,73.89477500,1.88000000
18.54268000,73.89489500,1.91000000
18.54268000,73.89501500,1.91000000
18.54268000,73.89513500,1.91000000
18.54268000,73.89525500,1.91000000
18.54268000,73.89537500,1.91000000
18.54268000,73.89549500,1.91000000
18.54268000,73.89561500,1.91000000
18.54268000,73.89573500,1.94000000
18.54268000,73.89585500,1.94000000
18.54268000,73.89597500,1.91000000
18.54268000,73.89609500,1.91000000
18.54268000,73.89621500,1.91000000
18.54268000,73.89633500,1.88000000
18.54268000,73.89645500,1.88000000
18.54268000,73.89657500,1.84000000
18.54268000,73.89669500,1.84000000
18.54268000,73.89681500,1.80000000
18.54268000,73.89693500,1.80000000
18.54268000,73.89705500,1.80000000
18.54268000,73.89717500,1.80000000
18.54268000,73.89729500,1.75000000
18.54268000,73.89741500,1.69000000
18.54268000,73.96869500,1.69000000
18.54268000,73.96881500,1.69000000
18.54268000,73.96893500,1.75000000
18.54268000,73.96905500,1.75000000
18.54268000,73.96917500,1.75000000
18.54268000,73.96929500,1.80000000
18.54268000,73.96941500,1.80000000
18.54268000,73.96953500,1.84000000
18.54268000,73.96965500,1.84000000
18.54268000,73.96977500,1.84000000
18.54268000,73.96989500,1.84000000
18.54268000,73.97001500,1.84000000
18.54268000,73.97013500,1.88000000
18.54268000,73.97025500,1.88000000
18.54268000,73.97037500,1.91000000
18.54268000,73.97049500,1.91000000
18.54268000,73.97061500,1.91000000
18.54268000,73.97073500,1.88000000
18.54268000,73.97085500,1.88000000
18.54268000,73.97097500,1.84000000
18.54268000,73.97109500,1.80000000
18.54268000,73.97121500,1.75000000
18.54268000,73.97133500,1.75000000
18.54268000,73.97145500,1.69000000
18.54268000,73.97157500,1.69000000
18.54280000,73.87713500,1.69000000
18.54280000,73.87725500,1.69000000
18.54280000,73.87737500,1.69000000
18.54280000,73.87749500,1.75000000
18.54280000,73.87761500,1.75000000
18.54280000,73.87773500,1.75000000
18.54280000,73.87785500,1.75000000
18.54280000,73.87797500,1.75000000
18.54280000,73.87809500,1.75000000
18.54280000,73.87821500,1.80000000
18.54280000,73.87833500,1.80000000
18.54280000,73.87845500,1.84000000
18.54280000,73.87857500,1.84000000
18.54280000,73.87869500,1.84000000
18.54280000,73.87881500,1.84000000
18.54280000,73.87893500,1.88000000
18.54280000,73.87905500,1.88000000
18.54280000,73.87917500,1.88000000
18.54280000,73.87929500,1.91000000
18.54280000,73.87941500,1.91000000
18.54280000,73.87953500,1.91000000
18.54280000,73.87965500,1.91000000
18.54280000,73.87977500,1.91000000
18.54280000,73.87989500,1.91000000
18.54280000,73.88001500,1.91000000
18.54280000,73.88013500,1.91000000
18.54280000,73.88025500,1.94000000
18.54280000,73.88037500,1.94000000
18.54280000,73.88049500,1.91000000
18.54280000,73.88061500,1.91000000
18.54280000,73.88073500,1.91000000
18.54280000,73.88085500,1.91000000
18.54280000,73.88097500,1.91000000
18.54280000,73.88109500,1.91000000
18.54280000,73.88121500,1.88000000
18.54280000,73.88133500,1.88000000
18.54280000,73.88145500,1.88000000
18.54280000,73.88157500,1.88000000
18.54280000,73.88169500,1.88000000
18.54280000,73.88181500,1.88000000
18.54280000,73.88193500,1.84000000
18.54280000,73.88205500,1.84000000
18.54280000,73.88217500,1.84000000
18.54280000,73.88229500,1.84000000
18.54280000,73.88241500,1.84000000
18.54280000,73.88253500,1.84000000
18.54280000,73.88265500,1.84000000
18.54280000,73.88277500,1.80000000
18.54280000,73.88289500,1.75000000
18.54280000,73.88301500,1.69000000
18.54280000,73.89237500,1.69000000
18.54280000,73.89249500,1.69000000
18.54280000,73.89261500,1.69000000
18.54280000,73.89309500,1.69000000
18.54280000,73.89321500,1.69000000
18.54280000,73.89333500,1.75000000
18.54280000,73.89345500,1.75000000
18.54280000,73.89357500,1.75000000
18.54280000,73.89369500,1.80000000
18.54280000,73.89381500,1.80000000
18.54280000,73.89393500,1.84000000
18.54280000,73.89405500,1.84000000
18.54280000,73.89417500,1.88000000
18.54280000,73.89429500,1.88000000
18.54280000,73.89441500,1.88000000
18.54280000,73.89453500,1.88000000
18.54280000,73.89465500,1.91000000
18.54280000,73.89477500,1.91000000
18.54280000,73.89489500,1.94000000
18.54280000,73.89501500,1.94000000
18.54280000,73.89513500,1.91000000
18.54280000,73.89525500,1.91000000
18.54280000,73.89537500,1.91000000
18.54280000,73.89549500,1.91000000
18.54280000,73.89561500,1.91000000
18.54280000,73.89573500,1.91000000
18.54280000,73.89585500,1.91000000
18.54280000,73.89597500,1.88000000
18.54280000,73.89609500,1.88000000
18.54280000,73.89621500,1.88000000
18.54280000,73.89633500,1.84000000
18.54280000,73.89645500,1.84000000
18.54280000,73.89657500,1.80000000
18.54280000,73.89669500,1.80000000
18.54280000,73.89681500,1.75000000
18.54280000,73.89693500,1.75000000
18.54280000,73.89705500,1.75000000
18.54280000,73.89717500,1.75000000
18.54280000,73.89729500,1.75000000
18.54280000,73.89741500,1.69000000
18.54280000,73.96749500,1.69000000
18.54280000,73.96761500,1.69000000
18.54280000,73.96773500,1.69000000
18.54280000,73.96785500,1.69000000
18.54280000,73.96797500,1.69000000
18.54280000,73.96809500,1.69000000
18.54280000,73.96821500,1.69000000
18.54280000,73.96833500,1.69000000
18.54280000,73.96845500,1.69000000
18.54280000,73.96857500,1.69000000
18.54280000,73.96869500,1.75000000
18.54280000,73.96881500,1.75000000
18.54280000,73.96893500,1.80000000
18.54280000,73.96905500,1.80000000
18.54280000,73.96917500,1.80000000
18.54280000,73.96929500,1.84000000
18.54280000,73.96941500,1.84000000
18.54280000,73.96953500,1.88000000
18.54280000,73.96965500,1.88000000
18.54280000,73.96977500,1.88000000
18.54280000,73.96989500,1.88000000
18.54280000,73.97001500,1.88000000
18.54280000,73.97013500,1.88000000
18.54280000,73.97025500,1.88000000
18.54280000,73.97037500,1.88000000
18.54280000,73.97049500,1.88000000
18.54280000,73.97061500,1.88000000
18.54280000,73.97073500,1.84000000
18.54280000,73.97085500,1.84000000
18.54280000,73.97097500,1.80000000
18.54280000,73.97109500,1.75000000
18.54280000,73.97121500,1.69000000
18.54280000,73.97133500,1.69000000
18.54292000,73.87749500,1.69000000
18.54292000,73.87761500,1.69000000
18.54292000,73.87773500,1.69000000
18.54292000,73.87785500,1.69000000
18.54292000,73.87797500,1.69000000
18.54292000,73.87809500,1.69000000
18.54292000,73.87821500,1.75000000
18.54292000,73.87833500,1.75000000
18.54292000,73.87845500,1.80000000
18.54292000,73.87857500,1.80000000
18.54292000,73.87869500,1.80000000
18.54292000,73.87881500,1.80000000
18.54292000,73.87893500,1.84000000
18.54292000,73.87905500,1.84000000
18.54292000,73.87917500,1.84000000
18.54292000,73.87929500,1.88000000
18.54292000,73.87941500,1.88000000
18.54292000,73.87953500,1.88000000
18.54292000,73.87965500,1.88000000
18.54292000,73.87977500,1.88000000
18.54292000,73.87989500,1.88000000
18.54292000,73.88001500,1.88000000
18.54292000,73.88013500,1.88000000
18.54292000,73.88025500,1.91000000
18.54292000,73.88037500,1.91000000
18.54292000,73.88049500,1.91000000
18.54292000,73.88061500,1.91000000
18.54292000,73.88073500,1.94000000
18.54292000,73.88085500,1.94000000
18.54292000,73.88097500,1.94000000
18.54292000,73.88109500,1.94000000
18.54292000,73.88121500,1.91000000
18.54292000,73.88133500,1.91000000
18.54292000,73.88145500,1.91000000
18.54292000,73.88157500,1.91000000
18.54292000,73.88169500,1.91000000
18.54292000,73.88181500,1.91000000
18.54292000,73.88193500,1.88000000
18.54292000,73.88205500,1.88000000
18.54292000,73.88217500,1.88000000
18.54292000,73.88229500,1.88000000
18.54292000,73.88241500,1.88000000
18.54292000,73.88253500,1.88000000
18.54292000,73.88265500,1.84000000
18.54292000,73.88277500,1.80000000
18.54292000,73.88289500,1.75000000
18.54292000,73.88301500,1.69000000
18.54292000,73.88589500,1.69000000
18.54292000,73.88601500,1.69000000
18.54292000,73.88613500,1.69000000
18.54292000,73.88625500,1.69000000
18.54292000,73.88637500,1.69000000
18.54292000,73.88649500,1.69000000
18.54292000,73.88661500,1.69000000
18.54292000,73.88673500,1.69000000
18.54292000,73.89201500,1.69000000
18.54292000,73.89213500,1.69000000
18.54292000,73.89225500,1.69000000
18.54292000,73.89237500,1.75000000
18.54292000,73.89249500,1.75000000
18.54292000,73.89261500,1.75000000
18.54292000,73.89273500,1.69000000
18.54292000,73.89285500,1.69000000
18.54292000,73.89297500,1.69000000
18.54292000,73.89309500,1.75000000
18.54292000,73.89321500,1.75000000
18.54292000,73.89333500,1.80000000
18.54292000,73.89345500,1.80000000
18.54292000,73.89357500,1.80000000
18.54292000,73.89369500,1.84000000
18.54292000,73.89381500,1.84000000
18.54292000,73.89393500,1.88000000
18.54292000,73.89405500,1.88000000
18.54292000,73.89417500,1.91000000
18.54292000,73.89429500,1.91000000
18.54292000,73.89441500,1.91000000
18.54292000,73.89453500,1.91000000
18.54292000,73.89465500,1.94000000
18.54292000,73.89477500,1.94000000
18.54292000,73.89489500,1.91000000
18.54292000,73.89501500,1.91000000
18.54292000,73.89513500,1.88000000
18.54292000,73.89525500,1.88000000
18.54292000,73.89537500,1.88000000
18.54292000,73.89549500,1.88000000
18.54292000,73.89561500,1.88000000
18.54292000,73.89573500,1.88000000
18.54292000,73.89585500,1.88000000
18.54292000,73.89597500,1.84000000
18.54292000,73.89609500,1.84000000
18.54292000,73.89621500,1.84000000
18.54292000,73.89633500,1.80000000
18.54292000,73.89645500,1.80000000
18.54292000,73.89657500,1.75000000
18.54292000,73.89669500,1.75000000
18.54292000,73.89681500,1.69000000
18.54292000,73.89693500,1.69000000
18.54292000,73.89705500,1.69000000
18.54292000,73.89717500,1.69000000
18.54292000,73.89729500,1.69000000
18.54292000,73.96617500,1.69000000
18.54292000,73.96629500,1.69000000
18.54292000,73.96641500,1.69000000
18.54292000,73.96653500,1.69000000
18.54292000,73.96665500,1.69000000
18.54292000,73.96677500,1.69000000
18.54292000,73.96689500,1.69000000
18.54292000,73.96701500,1.69000000
18.54292000,73.96713500,1.69000000
18.54292000,73.96725500,1.69000000
18.54292000,73.96737500,1.69000000
18.54292000,73.96749500,1.75000000
18.54292000,73.96761500,1.75000000
18.54292000,73.96773500,1.75000000
18.54292000,73.96785500,1.75000000
18.54292000,73.96797500,1.75000000
18.54292000,73.96809500,1.75000000
18.54292000,73.96821500,1.75000000
18.54292000,73.96833500,1.75000000
18.54292000,73.96845500,1.75000000
18.54292000,73.96857500,1.75000000
18.54292000,73.96869500,1.80000000
18.54292000,73.96881500,1.80000000
18.54292000,73.96893500,1.84000000
18.54292000,73.96905500,1.84000000
18.54292000,73.96917500,1.84000000
18.54292000,73.96929500,1.88000000
18.54292000,73.96941500,1.88000000
18.54292000,73.96953500,1.91000000
18.54292000,73.96965500,1.91000000
18.54292000,73.96977500,1.91000000
18.54292000,73.96989500,1.88000000
18.54292000,73.97001500,1.88000000
18.54292000,73.97013500,1.84000000
18.54292000,73.97025500,1.84000000
18.54292000,73.97037500,1.84000000
18.54292000,73.97049500,1.84000000
18.54292000,73.97061500,1.84000000
18.54292000,73.97073500,1.80000000
18.54292000,73.97085500,1.80000000
18.54292000,73.97097500,1.75000000
18.54292000,73.97109500,1.69000000
18.54304000,73.87821500,1.69000000
18.54304000,73.87833500,1.69000000
18.54304000,73.87845500,1.75000000
18.54304000,73.87857500,1.75000000
18.54304000,73.87869500,1.75000000
18.54304000,73.87881500,1.75000000
18.54304000,73.87893500,1.80000000
18.54304000,73.87905500,1.80000000
18.54304000,73.87917500,1.80000000
18.54304000,73.87929500,1.84000000
18.54304000,73.87941500,1.84000000
18.54304000,73.87953500,1.84000000
18.54304000,73.87965500,1.84000000
18.54304000,73.87977500,1.84000000
18.54304000,73.87989500,1.84000000
18.54304000,73.88001500,1.84000000
18.54304000,73.88013500,1.84000000
18.54304000,73.88025500,1.88000000
18.54304000,73.88037500,1.88000000
18.54304000,73.88049500,1.88000000
18.54304000,73.88061500,1.88000000
18.54304000,73.88073500,1.91000000
18.54304000,73.88085500,1.91000000
18.54304000,73.88097500,1.91000000
18.54304000,73.88109500,1.94000000
18.54304000,73.88121500,1.94000000
18.54304000,73.88133500,1.94000000
18.54304000,73.88145500,1.94000000
18.54304000,73.88157500,1.94000000
18.54304000,73.88169500,1.94000000
18.54304000,73.88181500,1.94000000
18.54304000,73.88193500,1.91000000
18.54304000,73.88205500,1.91000000
18.54304000,73.88217500,1.91000000
18.54304000,73.88229500,1.91000000
18.54304000,73.88241500,1.88000000
18.54304000,73.88253500,1.84000000
18.54304000,73.88265500,1.80000000
18.54304000,73.88277500,1.75000000
18.54304000,73.88289500,1.69000000
18.54304000,73.88565500,1.69000000
18.54304000,73.88577500,1.69000000
18.54304000,73.88589500,1.75000000
18.54304000,73.88601500,1.75000000
18.54304000,73.88613500,1.75000000
18.54304000,73.88625500,1.75000000
18.54304000,73.88637500,1.75000000
18.54304000,73.88649500,1.75000000
18.54304000,73.88661500,1.75000000
18.54304000,73.88673500,1.75000000
18.54304000,73.88685500,1.69000000
18.54304000,73.88697500,1.69000000
18.54304000,73.88709500,1.69000000
18.54304000,73.88721500,1.69000000
18.54304000,73.88733500,1.69000000
18.54304000,73.88745500,1.69000000
18.54304000,73.88757500,1.69000000
18.54304000,73.88769500,1.69000000
18.54304000,73.88781500,1.69000000
18.54304000,73.88793500,1.69000000
18.54304000,73.88805500,1.69000000
18.54304000,73.88817500,1.69000000
18.54304000,73.88829500,1.69000000
18.54304000,73.88841500,1.69000000
18.54304000,73.88853500,1.69000000
18.54304000,73.88865500,1.69000000
18.54304000,73.88877500,1.69000000
18.54304000,73.88889500,1.69000000
18.54304000,73.88901500,1.69000000
18.54304000,73.88913500,1.69000000
18.54304000,73.88925500,1.69000000
18.54304000,73.88937500,1.69000000
18.54304000,73.88949500,1.69000000
18.54304000,73.88961500,1.69000000
18.54304000,73.88973500,1.69000000
18.54304000,73.89177500,1.69000000
18.54304000,73.89189500,1.69000000
18.54304000,73.89201500,1.75000000
18.54304000,73.89213500,1.75000000
18.54304000,73.89225500,1.75000000
18.54304000,73.89237500,1.80000000
18.54304000,73.89249500,1.80000000
18.54304000,73.89261500,1.80000000
18.54304000,73.89273500,1.75000000
18.54304000,73.89285500,1.75000000
18.54304000,73.89297500,1.75000000
18.54304000,73.89309500,1.80000000
18.54304000,73.89321500,1.80000000
18.54304000,73.89333500,1.84000000
18.54304000,73.89345500,1.84000000
18.54304000,73.89357500,1.84000000
18.54304000,73.89369500,1.88000000
18.54304000,73.89381500,1.88000000
18.54304000,73.89393500,1.91000000
18.54304000,73.89405500,1.91000000
18.54304000,73.89417500,1.91000000
18.54304000,73.89429500,1.94000000
18.54304000,73.89441500,1.91000000
18.54304000,73.89453500,1.91000000
18.54304000,73.89465500,1.91000000
18.54304000,73.89477500,1.91000000
18.54304000,73.89489500,1.88000000
18.54304000,73.89501500,1.88000000
18.54304000,73.89513500,1.84000000
18.54304000,73.89525500,1.84000000
18.54304000,73.89537500,1.84000000
18.54304000,73.89549500,1.84000000
18.54304000,73.89561500,1.84000000
18.54304000,73.89573500,1.84000000
18.54304000,73.89585500,1.84000000
18.54304000,73.89597500,1.80000000
18.54304000,73.89609500,1.80000000
18.54304000,73.89621500,1.80000000
18.54304000,73.89633500,1.75000000
18.54304000,73.89645500,1.75000000
18.54304000,73.89657500,1.69000000
18.54304000,73.89669500,1.69000000
18.54304000,73.96581500,1.69000000
18.54304000,73.96593500,1.69000000
18.54304000,73.96605500,1.69000000
18.54304000,73.96617500,1.75000000
18.54304000,73.96629500,1.75000000
18.54304000,73.96641500,1.75000000
18.54304000,73.96653500,1.75000000
18.54304000,73.96665500,1.75000000
18.54304000,73.96677500,1.75000000
18.54304000,73.96689500,1.75000000
18.54304000,73.96701500,1.75000000
18.54304000,73.96713500,1.75000000
18.54304000,73.96725500,1.75000000
18.54304000,73.96737500,1.75000000
18.54304000,73.96749500,1.80000000
18.54304000,73.96761500,1.80000000
18.54304000,73.96773500,1.80000000
18.54304000,73.96785500,1.80000000
18.54304000,73.96797500,1.80000000
18.54304000,73.96809500,1.80000000
18.54304000,73.96821500,1.80000000
18.54304000,73.96833500,1.80000000
18.54304000,73.96845500,1.80000000
18.54304000,73.96857500,1.80000000
18.54304000,73.96869500,1.84000000
18.54304000,73.96881500,1.84000000
18.54304000,73.96893500,1.88000000
18.54304000,73.96905500,1.88000000
18.54304000,73.96917500,1.88000000
18.54304000,73.96929500,1.91000000
18.54304000,73.96941500,1.91000000
18.54304000,73.96953500,1.91000000
18.54304000,73.96965500,1.88000000
18.54304000,73.96977500,1.88000000
18.54304000,73.96989500,1.84000000
18.54304000,73.97001500,1.84000000
18.54304000,73.97013500,1.80000000
18.54304000,73.97025500,1.80000000
18.54304000,73.97037500,1.80000000
18.54304000,73.97049500,1.80000000
18.54304000,73.97061500,1.80000000
18.54304000,73.97073500,1.75000000
18.54304000,73.97085500,1.75000000
18.54304000,73.97097500,1.69000000
18.54316000,73.87845500,1.69000000
18.54316000,73.87857500,1.69000000
18.54316000,73.87869500,1.69000000
18.54316000,73.87881500,1.69000000
18.54316000,73.87893500,1.75000000
18.54316000,73.87905500,1.75000000
18.54316000,73.87917500,1.75000000
18.54316000,73.87929500,1.80000000
18.54316000,73.87941500,1.80000000
18.54316000,73.87953500,1.80000000
18.54316000,73.87965500,1.80000000
18.54316000,73.87977500,1.80000000
18.54316000,73.87989500,1.80000000
18.54316000,73.88001500,1.80000000
18.54316000,73.88013500,1.80000000
18.54316000,73.88025500,1.84000000
18.54316000,73.88037500,1.84000000
18.54316000,73.88049500,1.84000000
18.54316000,73.88061500,1.84000000
18.54316000,73.88073500,1.88000000
18.54316000,73.88085500,1.88000000
18.54316000,73.88097500,1.88000000
18.54316000,73.88109500,1.91000000
18.54316000,73.88121500,1.91000000
18.54316000,73.88133500,1.91000000
18.54316000,73.88145500,1.91000000
18.54316000,73.88157500,1.91000000
18.54316000,73.88169500,1.91000000
18.54316000,73.88181500,1.91000000
18.54316000,73.88193500,1.88000000
18.54316000,73.88205500,1.88000000
18.54316000,73.88217500,1.91000000
18.54316000,73.88229500,1.91000000
18.54316000,73.88241500,1.88000000
18.54316000,73.88253500,1.84000000
18.54316000,73.88265500,1.80000000
18.54316000,73.88277500,1.75000000
18.54316000,73.88289500,1.69000000
18.54316000,73.88553500,1.69000000
18.54316000,73.88565500,1.75000000
18.54316000,73.88577500,1.75000000
18.54316000,73.88589500,1.80000000
18.54316000,73.88601500,1.80000000
18.54316000,73.88613500,1.80000000
18.54316000,73.88625500,1.80000000
18.54316000,73.88637500,1.80000000
18.54316000,73.88649500,1.80000000
18.54316000,73.88661500,1.80000000
18.54316000,73.88673500,1.80000000
18.54316000,73.88685500,1.75000000
18.54316000,73.88697500,1.75000000
18.54316000,73.88709500,1.75000000
18.54316000,73.88721500,1.75000000
18.54316000,73.88733500,1.75000000
18.54316000,73.88745500,1.75000000
18.54316000,73.88757500,1.75000000
18.54316000,73.88769500,1.75000000
18.54316000,73.88781500,1.75000000
18.54316000,73.88793500,1.75000000
18.54316000,73.88805500,1.75000000
18.54316000,73.88817500,1.75000000
18.54316000,73.88829500,1.75000000
18.54316000,73.88841500,1.75000000
18.54316000,73.88853500,1.75000000
18.54316000,73.88865500,1.75000000
18.54316000,73.88877500,1.75000000
18.54316000,73.88889500,1.75000000
18.54316000,73.88901500,1.75000000
18.54316000,73.88913500,1.75000000
18.54316000,73.88925500,1.75000000
18.54316000,73.88937500,1.75000000
18.54316000,73.88949500,1.75000000
18.54316000,73.88961500,1.75000000
18.54316000,73.88973500,1.75000000
18.54316000,73.88985500,1.69000000
18.54316000,73.88997500,1.69000000
18.54316000,73.89105500,1.69000000
18.54316000,73.89117500,1.69000000
18.54316000,73.89129500,1.69000000
18.54316000,73.89141500,1.69000000
18.54316000,73.89153500,1.69000000
18.54316000,73.89165500,1.69000000
18.54316000,73.89177500,1.75000000
18.54316000,73.89189500,1.75000000
18.54316000,73.89201500,1.80000000
18.54316000,73.89213500,1.80000000
18.54316000,73.89225500,1.80000000
18.54316000,73.89237500,1.84000000
18.54316000,73.89249500,1.84000000
18.54316000,73.89261500,1.84000000
18.54316000,73.89273500,1.80000000
18.54316000,73.89285500,1.80000000
18.54316000,73.89297500,1.80000000
18.54316000,73.89309500,1.84000000
18.54316000,73.89321500,1.84000000
18.54316000,73.89333500,1.88000000
18.54316000,73.89345500,1.88000000
18.54316000,73.89357500,1.88000000
18.54316000,73.89369500,1.91000000
18.54316000,73.89381500,1.88000000
18.54316000,73.89393500,1.88000000
18.54316000,73.89405500,1.88000000
18.54316000,73.89417500,1.88000000
18.54316000,73.89429500,1.91000000
18.54316000,73.89441500,1.88000000
18.54316000,73.89453500,1.88000000
18.54316000,73.89465500,1.88000000
18.54316000,73.89477500,1.88000000
18.54316000,73.89489500,1.84000000
18.54316000,73.89501500,1.84000000
18.54316000,73.89513500,1.80000000
18.54316000,73.89525500,1.80000000
18.54316000,73.89537500,1.80000000
18.54316000,73.89549500,1.80000000
18.54316000,73.89561500,1.80000000
18.54316000,73.89573500,1.80000000
18.54316000,73.89585500,1.80000000
18.54316000,73.89597500,1.75000000
18.54316000,73.89609500,1.75000000
18.54316000,73.89621500,1.75000000
18.54316000,73.89633500,1.69000000
18.54316000,73.89645500,1.69000000
18.54316000,73.94325500,1.69000000
18.54316000,73.94337500,1.69000000
18.54316000,73.94349500,1.69000000
18.54316000,73.94361500,1.69000000
18.54316000,73.96545500,1.69000000
18.54316000,73.96557500,1.69000000
18.54316000,73.96569500,1.69000000
18.54316000,73.96581500,1.75000000
18.54316000,73.96593500,1.75000000
18.54316000,73.96605500,1.75000000
18.54316000,73.96617500,1.80000000
18.54316000,73.96629500,1.80000000
18.54316000,73.96641500,1.80000000
18.54316000,73.96653500,1.80000000
18.54316000,73.96665500,1.80000000
18.54316000,73.96677500,1.80000000
18.54316000,73.96689500,1.80000000
18.54316000,73.96701500,1.80000000
18.54316000,73.96713500,1.80000000
18.54316000,73.96725500,1.80000000
18.54316000,73.96737500,1.80000000
18.54316000,73.96749500,1.84000000
18.54316000,73.96761500,1.84000000
18.54316000,73.96773500,1.84000000
18.54316000,73.96785500,1.84000000
18.54316000,73.96797500,1.84000000
18.54316000,73.96809500,1.84000000
18.54316000,73.96821500,1.84000000
18.54316000,73.96833500,1.84000000
18.54316000,73.96845500,1.84000000
18.54316000,73.96857500,1.84000000
18.54316000,73.96869500,1.88000000
18.54316000,73.96881500,1.88000000
18.54316000,73.96893500,1.88000000
18.54316000,73.96905500,1.88000000
18.54316000,73.96917500,1.88000000
18.54316000,73.96929500,1.88000000
18.54316000,73.96941500,1.88000000
18.54316000,73.96953500,1.88000000
18.54316000,73.96965500,1.84000000
18.54316000,73.96977500,1.84000000
18.54316000,73.96989500,1.80000000
18.54316000,73.97001500,1.80000000
18.54316000,73.97013500,1.75000000
18.54316000,73.97025500,1.75000000
18.54316000,73.97037500,1.75000000
18.54316000,73.97049500,1.75000000
18.54316000,73.97061500,1.75000000
18.54316000,73.97073500,1.69000000
18.54316000,73.97085500,1.69000000
18.54328000,73.87893500,1.69000000
18.54328000,73.87905500,1.69000000
18.54328000,73.87917500,1.69000000
18.54328000,73.87929500,1.75000000
18.54328000,73.87941500,1.75000000
18.54328000,73.87953500,1.75000000
18.54328000,73.87965500,1.75000000
18.54328000,73.87977500,1.75000000
18.54328000,73.87989500,1.75000000
18.54328000,73.88001500,1.75000000
18.54328000,73.88013500,1.75000000
18.54328000,73.88025500,1.80000000
18.54328000,73.88037500,1.80000000
18.54328000,73.88049500,1.80000000
18.54328000,73.88061500,1.80000000
18.54328000,73.88073500,1.84000000
18.54328000,73.88085500,1.84000000
18.54328000,73.88097500,1.84000000
18.54328000,73.88109500,1.88000000
18.54328000,73.88121500,1.88000000
18.54328000,73.88133500,1.88000000
18.54328000,73.88145500,1.88000000
18.54328000,73.88157500,1.88000000
18.54328000,73.88169500,1.88000000
18.54328000,73.88181500,1.88000000
18.54328000,73.88193500,1.84000000
18.54328000,73.88205500,1.84000000
18.54328000,73.88217500,1.88000000
18.54328000,73.88229500,1.88000000
18.54328000,73.88241500,1.88000000
18.54328000,73.88253500,1.84000000
18.54328000,73.88265500,1.80000000
18.54328000,73.88277500,1.75000000
18.54328000,73.88289500,1.69000000
18.54328000,73.88541500,1.69000000
18.54328000,73.88553500,1.75000000
18.54328000,73.88565500,1.80000000
18.54328000,73.88577500,1.80000000
18.54328000,73.88589500,1.84000000
18.54328000,73.88601500,1.84000000
18.54328000,73.88613500,1.84000000
18.54328000,73.88625500,1.84000000
18.54328000,73.88637500,1.84000000
18.54328000,73.88649500,1.84000000
18.54328000,73.88661500,1.84000000
18.54328000,73.88673500,1.84000000
18.54328000,73.88685500,1.80000000
18.54328000,73.88697500,1.80000000
18.54328000,73.88709500,1.80000000
18.54328000,73.88721500,1.80000000
18.54328000,73.88733500,1.80000000
18.54328000,73.88745500,1.80000000
18.54328000,73.88757500,1.80000000
18.54328000,73.88769500,1.80000000
18.54328000,73.88781500,1.80000000
18.54328000,73.88793500,1.80000000
18.54328000,73.88805500,1.80000000
18.54328000,73.88817500,1.80000000
18.54328000,73.88829500,1.80000000
18.54328000,73.88841500,1.80000000
18.54328000,73.88853500,1.80000000
18.54328000,73.88865500,1.80000000
18.54328000,73.88877500,1.80000000
18.54328000,73.88889500,1.80000000
18.54328000,73.88901500,1.80000000
18.54328000,73.88913500,1.80000000
18.54328000,73.88925500,1.80000000
18.54328000,73.88937500,1.80000000
18.54328000,73.88949500,1.80000000
18.54328000,73.88961500,1.80000000
18.54328000,73.88973500,1.80000000
18.54328000,73.88985500,1.75000000
18.54328000,73.88997500,1.75000000
18.54328000,73.89009500,1.69000000
18.54328000,73.89093500,1.69000000
18.54328000,73.89105500,1.75000000
18.54328000,73.89117500,1.75000000
18.54328000,73.89129500,1.75000000
18.54328000,73.89141500,1.75000000
18.54328000,73.89153500,1.75000000
18.54328000,73.89165500,1.75000000
18.54328000,73.89177500,1.80000000
18.54328000,73.89189500,1.80000000
18.54328000,73.89201500,1.84000000
18.54328000,73.89213500,1.84000000
18.54328000,73.89225500,1.84000000
18.54328000,73.89237500,1.88000000
18.54328000,73.89249500,1.88000000
18.54328000,73.89261500,1.88000000
18.54328000,73.89273500,1.84000000
18.54328000,73.89285500,1.84000000
18.54328000,73.89297500,1.84000000
18.54328000,73.89309500,1.80000000
18.54328000,73.89321500,1.80000000
18.54328000,73.89333500,1.84000000
18.54328000,73.89345500,1.84000000
18.54328000,73.89357500,1.88000000
18.54328000,73.89369500,1.88000000
18.54328000,73.89381500,1.84000000
18.54328000,73.89393500,1.84000000
18.54328000,73.89405500,1.84000000
18.54328000,73.89417500,1.84000000
18.54328000,73.89429500,1.88000000
18.54328000,73.89441500,1.84000000
18.54328000,73.89453500,1.84000000
18.54328000,73.89465500,1.84000000
18.54328000,73.89477500,1.84000000
18.54328000,73.89489500,1.80000000
18.54328000,73.89501500,1.80000000
18.54328000,73.89513500,1.75000000
18.54328000,73.89525500,1.75000000
18.54328000,73.89537500,1.75000000
18.54328000,73.89549500,1.75000000
18.54328000,73.89561500,1.75000000
18.54328000,73.89573500,1.75000000
18.54328000,73.89585500,1.75000000
18.54328000,73.89597500,1.69000000
18.54328000,73.89609500,1.69000000
18.54328000,73.89621500,1.69000000
18.54328000,73.94313500,1.69000000
18.54328000,73.94325500,1.75000000
18.54328000,73.94337500,1.75000000
18.54328000,73.94349500,1.75000000
18.54328000,73.94361500,1.69000000
18.54328000,73.96485500,1.69000000
18.54328000,73.96497500,1.69000000
18.54328000,73.96509500,1.69000000
18.54328000,73.96521500,1.69000000
18.54328000,73.96533500,1.69000000
18.54328000,73.96545500,1.75000000
18.54328000,73.96557500,1.75000000
18.54328000,73.96569500,1.75000000
18.54328000,73.96581500,1.80000000
18.54328000,73.96593500,1.80000000
18.54328000,73.96605500,1.80000000
18.54328000,73.96617500,1.84000000
18.54328000,73.96629500,1.84000000
18.54328000,73.96641500,1.84000000
18.54328000,73.96653500,1.84000000
18.54328000,73.96665500,1.84000000
18.54328000,73.96677500,1.84000000
18.54328000,73.96689500,1.84000000
18.54328000,73.96701500,1.84000000
18.54328000,73.96713500,1.84000000
18.54328000,73.96725500,1.84000000
18.54328000,73.96737500,1.84000000
18.54328000,73.96749500,1.88000000
18.54328000,73.96761500,1.88000000
18.54328000,73.96773500,1.88000000
18.54328000,73.96785500,1.88000000
18.54328000,73.96797500,1.88000000
18.54328000,73.96809500,1.88000000
18.54328000,73.96821500,1.88000000
18.54328000,73.96833500,1.88000000
18.54328000,73.96845500,1.88000000
18.54328000,73.96857500,1.88000000
18.54328000,73.96869500,1.88000000
18.54328000,73.96881500,1.88000000
18.54328000,73.96893500,1.84000000
18.54328000,73.96905500,1.84000000
18.54328000,73.96917500,1.84000000
18.54328000,73.96929500,1.84000000
18.54328000,73.96941500,1.84000000
18.54328000,73.96953500,1.84000000
18.54328000,73.96965500,1.80000000
18.54328000,73.96977500,1.80000000
18.54328000,73.96989500,1.75000000
18.54328000,73.97001500,1.75000000
18.54328000,73.97013500,1.69000000
18.54328000,73.97025500,1.69000000
18.54328000,73.97037500,1.69000000
18.54328000,73.97049500,1.69000000
18.54328000,73.97061500,1.69000000
18.54340000,73.87929500,1.69000000
18.54340000,73.87941500,1.69000000
18.54340000,73.87953500,1.69000000
18.54340000,73.87965500,1.69000000
18.54340000,73.87977500,1.69000000
18.54340000,73.87989500,1.69000000
18.54340000,73.88001500,1.69000000
18.54340000,73.88013500,1.69000000
18.54340000,73.88025500,1.75000000
18.54340000,73.88037500,1.75000000
18.54340000,73.88049500,1.75000000
18.54340000,73.88061500,1.75000000
18.54340000,73.88073500,1.80000000
18.54340000,73.88085500,1.80000000
18.54340000,73.88097500,1.80000000
18.54340000,73.88109500,1.84000000
18.54340000,73.88121500,1.84000000
18.54340000,73.88133500,1.84000000
18.54340000,73.88145500,1.84000000
18.54340000,73.88157500,1.84000000
18.54340000,73.88169500,1.84000000
18.54340000,73.88181500,1.84000000
18.54340000,73.88193500,1.80000000
18.54340000,73.88205500,1.80000000
18.54340000,73.88217500,1.84000000
18.54340000,73.88229500,1.84000000
18.54340000,73.88241500,1.88000000
18.54340000,73.88253500,1.84000000
18.54340000,73.88265500,1.80000000
18.54340000,73.88277500,1.75000000
18.54340000,73.88289500,1.69000000
18.54340000,73.88541500,1.69000000
18.54340000,73.88553500,1.75000000
18.54340000,73.88565500,1.80000000
18.54340000,73.88577500,1.84000000
18.54340000,73.88589500,1.88000000
18.54340000,73.88601500,1.88000000
18.54340000,73.88613500,1.88000000
18.54340000,73.88625500,1.88000000
18.54340000,73.88637500,1.88000000
18.54340000,73.88649500,1.88000000
18.54340000,73.88661500,1.88000000
18.54340000,73.88673500,1.88000000
18.54340000,73.88685500,1.84000000
18.54340000,73.88697500,1.84000000
18.54340000,73.88709500,1.84000000
18.54340000,73.88721500,1.84000000
18.54340000,73.88733500,1.84000000
18.54340000,73.88745500,1.84000000
18.54340000,73.88757500,1.84000000
18.54340000,73.88769500,1.84000000
18.54340000,73.88781500,1.84000000
18.54340000,73.88793500,1.84000000
18.54340000,73.88805500,1.84000000
18.54340000,73.88817500,1.84000000
18.54340000,73.88829500,1.84000000
18.54340000,73.88841500,1.84000000
18.54340000,73.88853500,1.84000000
18.54340000,73.88865500,1.84000000
18.54340000,73.88877500,1.84000000
18.54340000,73.88889500,1.84000000
18.54340000,73.88901500,1.84000000
18.54340000,73.88913500,1.84000000
18.54340000,73.88925500,1.84000000
18.54340000,73.88937500,1.84000000
18.54340000,73.88949500,1.84000000
18.54340000,73.88961500,1.84000000
18.54340000,73.88973500,1.84000000
18.54340000,73.88985500,1.80000000
18.54340000,73.88997500,1.80000000
18.54340000,73.89009500,1.75000000
18.54340000,73.89021500,1.69000000
18.54340000,73.89033500,1.69000000
18.54340000,73.89081500,1.69000000
18.54340000,73.89093500,1.75000000
18.54340000,73.89105500,1.80000000
18.54340000,73.89117500,1.80000000
18.54340000,73.89129500,1.80000000
18.54340000,73.89141500,1.80000000
18.54340000,73.89153500,1.80000000
18.54340000,73.89165500,1.75000000
18.54340000,73.89177500,1.80000000
18.54340000,73.89189500,1.84000000
18.54340000,73.89201500,1.88000000
18.54340000,73.89213500,1.88000000
18.54340000,73.89225500,1.88000000
18.54340000,73.89237500,1.91000000
18.54340000,73.89249500,1.91000000
18.54340000,73.89261500,1.91000000
18.54340000,73.89273500,1.88000000
18.54340000,73.89285500,1.84000000
18.54340000,73.89297500,1.80000000
18.54340000,73.89309500,1.75000000
18.54340000,73.89321500,1.75000000
18.54340000,73.89333500,1.80000000
18.54340000,73.89345500,1.80000000
18.54340000,73.89357500,1.84000000
18.54340000,73.89369500,1.84000000
18.54340000,73.89381500,1.80000000
18.54340000,73.89393500,1.80000000
18.54340000,73.89405500,1.80000000
18.54340000,73.89417500,1.80000000
18.54340000,73.89429500,1.84000000
18.54340000,73.89441500,1.80000000
18.54340000,73.89453500,1.80000000
18.54340000,73.89465500,1.80000000
18.54340000,73.89477500,1.80000000
18.54340000,73.89489500,1.75000000
18.54340000,73.89501500,1.75000000
18.54340000,73.89513500,1.69000000
18.54340000,73.89525500,1.69000000
18.54340000,73.89537500,1.69000000
18.54340000,73.89549500,1.69000000
18.54340000,73.89561500,1.69000000
18.54340000,73.89573500,1.69000000
18.54340000,73.89585500,1.69000000
18.54340000,73.94301500,1.69000000
18.54340000,73.94313500,1.75000000
18.54340000,73.94325500,1.80000000
18.54340000,73.94337500,1.80000000
18.54340000,73.94349500,1.80000000
18.54340000,73.94361500,1.75000000
18.54340000,73.94373500,1.69000000
18.54340000,73.96461500,1.69000000
18.54340000,73.96473500,1.69000000
18.54340000,73.96485500,1.75000000
18.54340000,73.96497500,1.75000000
18.54340000,73.96509500,1.75000000
18.54340000,73.96521500,1.75000000
18.54340000,73.96533500,1.75000000
18.54340000,73.96545500,1.80000000
18.54340000,73.96557500,1.80000000
18.54340000,73.96569500,1.80000000
18.54340000,73.96581500,1.84000000
18.54340000,73.96593500,1.84000000
18.54340000,73.96605500,1.84000000
18.54340000,73.96617500,1.88000000
18.54340000,73.96629500,1.88000000
18.54340000,73.96641500,1.88000000
18.54340000,73.96653500,1.88000000
18.54340000,73.96665500,1.88000000
18.54340000,73.96677500,1.88000000
18.54340000,73.96689500,1.88000000
18.54340000,73.96701500,1.88000000
18.54340000,73.96713500,1.88000000
18.54340000,73.96725500,1.88000000
18.54340000,73.96737500,1.88000000
18.54340000,73.96749500,1.91000000
18.54340000,73.96761500,1.88000000
18.54340000,73.96773500,1.88000000
18.54340000,73.96785500,1.88000000
18.54340000,73.96797500,1.88000000
18.54340000,73.96809500,1.88000000
18.54340000,73.96821500,1.88000000
18.54340000,73.96833500,1.88000000
18.54340000,73.96845500,1.84000000
18.54340000,73.96857500,1.84000000
18.54340000,73.96869500,1.84000000
18.54340000,73.96881500,1.84000000
18.54340000,73.96893500,1.80000000
18.54340000,73.96905500,1.80000000
18.54340000,73.96917500,1.80000000
18.54340000,73.96929500,1.80000000
18.54340000,73.96941500,1.80000000
18.54340000,73.96953500,1.80000000
18.54340000,73.96965500,1.75000000
18.54340000,73.96977500,1.75000000
18.54340000,73.96989500,1.69000000
18.54340000,73.97001500,1.69000000
18.54352000,73.88025500,1.69000000
18.54352000,73.88037500,1.69000000
18.54352000,73.88049500,1.69000000
18.54352000,73.88061500,1.69000000
18.54352000,73.88073500,1.75000000
18.54352000,73.88085500,1.75000000
18.54352000,73.88097500,1.75000000
18.54352000,73.88109500,1.80000000
18.54352000,73.88121500,1.80000000
18.54352000,73.88133500,1.80000000
18.54352000,73.88145500,1.80000000
18.54352000,73.88157500,1.80000000
18.54352000,73.88169500,1.80000000
18.54352000,73.88181500,1.80000000
18.54352000,73.88193500,1.75000000
18.54352000,73.88205500,1.75000000
18.54352000,73.88217500,1.80000000
18.54352000,73.88229500,1.80000000
18.54352000,73.88241500,1.84000000
18.54352000,73.88253500,1.84000000
18.54352000,73.88265500,1.80000000
18.54352000,73.88277500,1.75000000
18.54352000,73.88289500,1.69000000
18.54352000,73.88529500,1.69000000
18.54352000,73.88541500,1.75000000
18.54352000,73.88553500,1.80000000
18.54352000,73.88565500,1.84000000
18.54352000,73.88577500,1.88000000
18.54352000,73.88589500,1.91000000
18.54352000,73.88601500,1.91000000
18.54352000,73.88613500,1.91000000
18.54352000,73.88625500,1.91000000
18.54352000,73.88637500,1.91000000
18.54352000,73.88649500,1.91000000
18.54352000,73.88661500,1.91000000
18.54352000,73.88673500,1.91000000
18.54352000,73.88685500,1.88000000
18.54352000,73.88697500,1.88000000
18.54352000,73.88709500,1.88000000
18.54352000,73.88721500,1.88000000
18.54352000,73.88733500,1.88000000
18.54352000,73.88745500,1.88000000
18.54352000,73.88757500,1.88000000
18.54352000,73.88769500,1.88000000
18.54352000,73.88781500,1.88000000
18.54352000,73.88793500,1.88000000
18.54352000,73.88805500,1.88000000
18.54352000,73.88817500,1.88000000
18.54352000,73.88829500,1.88000000
18.54352000,73.88841500,1.88000000
18.54352000,73.88853500,1.88000000
18.54352000,73.88865500,1.88000000
18.54352000,73.88877500,1.88000000
18.54352000,73.88889500,1.88000000
18.54352000,73.88901500,1.88000000
18.54352000,73.88913500,1.88000000
18.54352000,73.88925500,1.88000000
18.54352000,73.88937500,1.88000000
18.54352000,73.88949500,1.88000000
18.54352000,73.88961500,1.88000000
18.54352000,73.88973500,1.88000000
18.54352000,73.88985500,1.84000000
18.54352000,73.88997500,1.84000000
18.54352000,73.89009500,1.80000000
18.54352000,73.89021500,1.75000000
18.54352000,73.89033500,1.75000000
18.54352000,73.89045500,1.69000000
18.54352000,73.89057500,1.69000000
18.54352000,73.89069500,1.69000000
18.54352000,73.89081500,1.75000000
18.54352000,73.89093500,1.80000000
18.54352000,73.89105500,1.84000000
18.54352000,73.89117500,1.84000000
18.54352000,73.89129500,1.84000000
18.54352000,73.89141500,1.80000000
18.54352000,73.89153500,1.75000000
18.54352000,73.89165500,1.69000000
18.54352000,73.89177500,1.75000000
18.54352000,73.89189500,1.80000000
18.54352000,73.89201500,1.84000000
18.54352000,73.89213500,1.88000000
18.54352000,73.89225500,1.91000000
18.54352000,73.89237500,1.94000000
18.54352000,73.89249500,1.91000000
18.54352000,73.89261500,1.88000000
18.54352000,73.89273500,1.84000000
18.54352000,73.89285500,1.80000000
18.54352000,73.89297500,1.75000000
18.54352000,73.89309500,1.69000000
18.54352000,73.89321500,1.69000000
18.54352000,73.89333500,1.75000000
18.54352000,73.89345500,1.75000000
18.54352000,73.89357500,1.80000000
18.54352000,73.89369500,1.80000000
18.54352000,73.89381500,1.75000000
18.54352000,73.89393500,1.75000000
18.54352000,73.89405500,1.75000000
18.54352000,73.89417500,1.75000000
18.54352000,73.89429500,1.80000000
18.54352000,73.89441500,1.75000000
18.54352000,73.89453500,1.75000000
18.54352000,73.89465500,1.75000000
18.54352000,73.89477500,1.75000000
18.54352000,73.89489500,1.69000000
18.54352000,73.89501500,1.69000000
18.54352000,73.94301500,1.69000000
18.54352000,73.94313500,1.75000000
18.54352000,73.94325500,1.80000000
18.54352000,73.94337500,1.80000000
18.54352000,73.94349500,1.80000000
18.54352000,73.94361500,1.75000000
18.54352000,73.94373500,1.69000000
18.54352000,73.96413500,1.69000000
18.54352000,73.96425500,1.69000000
18.54352000,73.96437500,1.69000000
18.54352000,73.96449500,1.69000000
18.54352000,73.96461500,1.75000000
18.54352000,73.96473500,1.75000000
18.54352000,73.96485500,1.80000000
18.54352000,73.96497500,1.80000000
18.54352000,73.96509500,1.80000000
18.54352000,73.96521500,1.80000000
18.54352000,73.96533500,1.80000000
18.54352000,73.96545500,1.84000000
18.54352000,73.96557500,1.84000000
18.54352000,73.96569500,1.84000000
18.54352000,73.96581500,1.88000000
18.54352000,73.96593500,1.88000000
18.54352000,73.96605500,1.88000000
18.54352000,73.96617500,1.91000000
18.54352000,73.96629500,1.91000000
18.54352000,73.96641500,1.91000000
18.54352000,73.96653500,1.88000000
18.54352000,73.96665500,1.88000000
18.54352000,73.96677500,1.88000000
18.54352000,73.96689500,1.91000000
18.54352000,73.96701500,1.91000000
18.54352000,73.96713500,1.91000000
18.54352000,73.96725500,1.91000000
18.54352000,73.96737500,1.88000000
18.54352000,73.96749500,1.88000000
18.54352000,73.96761500,1.84000000
18.54352000,73.96773500,1.84000000
18.54352000,73.96785500,1.84000000
18.54352000,73.96797500,1.84000000
18.54352000,73.96809500,1.84000000
18.54352000,73.96821500,1.84000000
18.54352000,73.96833500,1.84000000
18.54352000,73.96845500,1.80000000
18.54352000,73.96857500,1.80000000
18.54352000,73.96869500,1.80000000
18.54352000,73.96881500,1.80000000
18.54352000,73.96893500,1.75000000
18.54352000,73.96905500,1.75000000
18.54352000,73.96917500,1.75000000
18.54352000,73.96929500,1.75000000
18.54352000,73.96941500,1.75000000
18.54352000,73.96953500,1.75000000
18.54352000,73.96965500,1.69000000
18.54352000,73.96977500,1.69000000
18.54364000,73.88073500,1.69000000
18.54364000,73.88085500,1.69000000
18.54364000,73.88097500,1.69000000
18.54364000,73.88109500,1.75000000
18.54364000,73.88121500,1.75000000
18.54364000,73.88133500,1.75000000
18.54364000,73.88145500,1.75000000
18.54364000,73.88157500,1.75000000
18.54364000,73.88169500,1.75000000
18.54364000,73.88181500,1.75000000
18.54364000,73.88193500,1.69000000
18.54364000,73.88205500,1.69000000
18.54364000,73.88217500,1.75000000
18.54364000,73.88229500,1.75000000
18.54364000,73.88241500,1.80000000
18.54364000,73.88253500,1.80000000
18.54364000,73.88265500,1.75000000
18.54364000,73.88277500,1.69000000
18.54364000,73.88529500,1.69000000
18.54364000,73.88541500,1.75000000
18.54364000,73.88553500,1.80000000
18.54364000,73.88565500,1.84000000
18.54364000,73.88577500,1.88000000
18.54364000,73.88589500,1.91000000
18.54364000,73.88601500,1.94000000
18.54364000,73.88613500,1.94000000
18.54364000,73.88625500,1.94000000
18.54364000,73.88637500,1.94000000
18.54364000,73.88649500,1.94000000
18.54364000,73.88661500,1.94000000
18.54364000,73.88673500,1.94000000
18.54364000,73.88685500,1.91000000
18.54364000,73.88697500,1.91000000
18.54364000,73.88709500,1.91000000
18.54364000,73.88721500,1.91000000
18.54364000,73.88733500,1.91000000
18.54364000,73.88745500,1.91000000
18.54364000,73.88757500,1.91000000
18.54364000,73.88769500,1.91000000
18.54364000,73.88781500,1.91000000
18.54364000,73.88793500,1.91000000
18.54364000,73.88805500,1.91000000
18.54364000,73.88817500,1.91000000
18.54364000,73.88829500,1.91000000
18.54364000,73.88841500,1.91000000
18.54364000,73.88853500,1.91000000
18.54364000,73.88865500,1.91000000
18.54364000,73.88877500,1.91000000
18.54364000,73.88889500,1.91000000
18.54364000,73.88901500,1.91000000
18.54364000,73.88913500,1.91000000
18.54364000,73.88925500,1.91000000
18.54364000,73.88937500,1.91000000
18.54364000,73.88949500,1.91000000
18.54364000,73.88961500,1.91000000
18.54364000,73.88973500,1.88000000
18.54364000,73.88985500,1.84000000
18.54364000,73.88997500,1.80000000
18.54364000,73.89009500,1.75000000
18.54364000,73.89021500,1.75000000
18.54364000,73.89033500,1.75000000
18.54364000,73.89045500,1.75000000
18.54364000,73.89057500,1.75000000
18.54364000,73.89069500,1.75000000
18.54364000,73.89081500,1.80000000
18.54364000,73.89093500,1.84000000
18.54364000,73.89105500,1.88000000
18.54364000,73.89117500,1.84000000
18.54364000,73.89129500,1.80000000
18.54364000,73.89141500,1.75000000
18.54364000,73.89153500,1.69000000
18.54364000,73.89177500,1.69000000
18.54364000,73.89189500,1.75000000
18.54364000,73.89201500,1.80000000
18.54364000,73.89213500,1.84000000
18.54364000,73.89225500,1.88000000
18.54364000,73.89237500,1.91000000
18.54364000,73.89249500,1.88000000
18.54364000,73.89261500,1.84000000
18.54364000,73.89273500,1.80000000
18.54364000,73.89285500,1.75000000
18.54364000,73.89297500,1.69000000
18.54364000,73.89333500,1.69000000
18.54364000,73.89345500,1.69000000
18.54364000,73.89357500,1.75000000
18.54364000,73.89369500,1.75000000
18.54364000,73.89381500,1.69000000
18.54364000,73.89393500,1.69000000
18.54364000,73.89405500,1.69000000
18.54364000,73.89417500,1.69000000
18.54364000,73.89429500,1.75000000
18.54364000,73.89441500,1.69000000
18.54364000,73.89453500,1.69000000
18.54364000,73.89465500,1.69000000
18.54364000,73.89477500,1.69000000
18.54364000,73.94313500,1.69000000
18.54364000,73.94325500,1.75000000
18.54364000,73.94337500,1.75000000
18.54364000,73.94349500,1.75000000
18.54364000,73.94361500,1.69000000
18.54364000,73.96353500,1.69000000
18.54364000,73.96365500,1.69000000
18.54364000,73.96377500,1.69000000
18.54364000,73.96389500,1.69000000
18.54364000,73.96401500,1.69000000
18.54364000,73.96413500,1.75000000
18.54364000,73.96425500,1.75000000
18.54364000,73.96437500,1.75000000
18.54364000,73.96449500,1.75000000
18.54364000,73.96461500,1.80000000
18.54364000,73.96473500,1.80000000
18.54364000,73.96485500,1.84000000
18.54364000,73.96497500,1.84000000
18.54364000,73.96509500,1.84000000
18.54364000,73.96521500,1.84000000
18.54364000,73.96533500,1.84000000
18.54364000,73.96545500,1.88000000
18.54364000,73.96557500,1.88000000
18.54364000,73.96569500,1.88000000
18.54364000,73.96581500,1.91000000
18.54364000,73.96593500,1.91000000
18.54364000,73.96605500,1.91000000
18.54364000,73.96617500,1.91000000
18.54364000,73.96629500,1.88000000
18.54364000,73.96641500,1.88000000
18.54364000,73.96653500,1.84000000
18.54364000,73.96665500,1.84000000
18.54364000,73.96677500,1.84000000
18.54364000,73.96689500,1.88000000
18.54364000,73.96701500,1.88000000
18.54364000,73.96713500,1.88000000
18.54364000,73.96725500,1.88000000
18.54364000,73.96737500,1.84000000
18.54364000,73.96749500,1.84000000
18.54364000,73.96761500,1.80000000
18.54364000,73.96773500,1.80000000
18.54364000,73.96785500,1.80000000
18.54364000,73.96797500,1.80000000
18.54364000,73.96809500,1.80000000
18.54364000,73.96821500,1.80000000
18.54364000,73.96833500,1.80000000
18.54364000,73.96845500,1.75000000
18.54364000,73.96857500,1.75000000
18.54364000,73.96869500,1.75000000
18.54364000,73.96881500,1.75000000
18.54364000,73.96893500,1.69000000
18.54364000,73.96905500,1.69000000
18.54364000,73.96917500,1.69000000
18.54364000,73.96929500,1.69000000
18.54364000,73.96941500,1.69000000
18.54364000,73.96953500,1.69000000
18.54376000,73.88109500,1.69000000
18.54376000,73.88121500,1.69000000
18.54376000,73.88133500,1.69000000
18.54376000,73.88145500,1.69000000
18.54376000,73.88157500,1.69000000
18.54376000,73.88169500,1.69000000
18.54376000,73.88181500,1.69000000
18.54376000,73.88217500,1.69000000
18.54376000,73.88229500,1.69000000
18.54376000,73.88241500,1.75000000
18.54376000,73.88253500,1.75000000
18.54376000,73.88265500,1.69000000
18.54376000,73.88277500,1.69000000
18.54376000,73.88529500,1.69000000
18.54376000,73.88541500,1.75000000
18.54376000,73.88553500,1.80000000
18.54376000,73.88565500,1.84000000
18.54376000,73.88577500,1.88000000
18.54376000,73.88589500,1.88000000
18.54376000,73.88601500,1.91000000
18.54376000,73.88613500,1.91000000
18.54376000,73.88625500,1.94000000
18.54376000,73.88637500,1.94000000
18.54376000,73.88649500,1.94000000
18.54376000,73.88661500,1.94000000
18.54376000,73.88673500,1.94000000
18.54376000,73.88685500,1.94000000
18.54376000,73.88697500,1.94000000
18.54376000,73.88709500,1.94000000
18.54376000,73.88721500,1.94000000
18.54376000,73.88733500,1.94000000
18.54376000,73.88745500,1.94000000
18.54376000,73.88757500,1.94000000
18.54376000,73.88769500,1.94000000
18.54376000,73.88781500,1.94000000
18.54376000,73.88793500,1.94000000
18.54376000,73.88805500,1.94000000
18.54376000,73.88817500,1.94000000
18.54376000,73.88829500,1.94000000
18.54376000,73.88841500,1.94000000
18.54376000,73.88853500,1.94000000
18.54376000,73.88865500,1.94000000
18.54376000,73.88877500,1.94000000
18.54376000,73.88889500,1.94000000
18.54376000,73.88901500,1.94000000
18.54376000,73.88913500,1.94000000
18.54376000,73.88925500,1.94000000
18.54376000,73.88937500,1.94000000
18.54376000,73.88949500,1.91000000
18.54376000,73.88961500,1.88000000
18.54376000,73.88973500,1.84000000
18.54376000,73.88985500,1.80000000
18.54376000,73.88997500,1.75000000
18.54376000,73.89009500,1.69000000
18.54376000,73.89021500,1.69000000
18.54376000,73.89033500,1.69000000
18.54376000,73.89045500,1.75000000
18.54376000,73.89057500,1.80000000
18.54376000,73.89069500,1.80000000
18.54376000,73.89081500,1.84000000
18.54376000,73.89093500,1.88000000
18.54376000,73.89105500,1.84000000
18.54376000,73.89117500,1.80000000
18.54376000,73.89129500,1.75000000
18.54376000,73.89141500,1.69000000
18.54376000,73.89177500,1.69000000
18.54376000,73.89189500,1.75000000
18.54376000,73.89201500,1.80000000
18.54376000,73.89213500,1.84000000
18.54376000,73.89225500,1.88000000
18.54376000,73.89237500,1.88000000
18.54376000,73.89249500,1.88000000
18.54376000,73.89261500,1.84000000
18.54376000,73.89273500,1.80000000
18.54376000,73.89285500,1.75000000
18.54376000,73.89297500,1.69000000
18.54376000,73.89357500,1.69000000
18.54376000,73.89369500,1.69000000
18.54376000,73.89429500,1.69000000
18.54376000,73.94325500,1.69000000
18.54376000,73.94337500,1.69000000
18.54376000,73.94349500,1.69000000
18.54376000,73.96329500,1.69000000
18.54376000,73.96341500,1.69000000
18.54376000,73.96353500,1.75000000
18.54376000,73.96365500,1.75000000
18.54376000,73.96377500,1.75000000
18.54376000,73.96389500,1.75000000
18.54376000,73.96401500,1.75000000
18.54376000,73.96413500,1.80000000
18.54376000,73.96425500,1.80000000
18.54376000,73.96437500,1.80000000
18.54376000,73.96449500,1.80000000
18.54376000,73.96461500,1.84000000
18.54376000,73.96473500,1.84000000
18.54376000,73.96485500,1.88000000
18.54376000,73.96497500,1.88000000
18.54376000,73.96509500,1.88000000
18.54376000,73.96521500,1.88000000
18.54376000,73.96533500,1.88000000
18.54376000,73.96545500,1.91000000
18.54376000,73.96557500,1.91000000
18.54376000,73.96569500,1.91000000
18.54376000,73.96581500,1.88000000
18.54376000,73.96593500,1.88000000
18.54376000,73.96605500,1.88000000
18.54376000,73.96617500,1.88000000
18.54376000,73.96629500,1.84000000
18.54376000,73.96641500,1.84000000
18.54376000,73.96653500,1.80000000
18.54376000,73.96665500,1.80000000
18.54376000,73.96677500,1.80000000
18.54376000,73.96689500,1.84000000
18.54376000,73.96701500,1.84000000
18.54376000,73.96713500,1.84000000
18.54376000,73.96725500,1.84000000
18.54376000,73.96737500,1.80000000
18.54376000,73.96749500,1.80000000
18.54376000,73.96761500,1.75000000
18.54376000,73.96773500,1.75000000
18.54376000,73.96785500,1.75000000
18.54376000,73.96797500,1.75000000
18.54376000,73.96809500,1.75000000
18.54376000,73.96821500,1.75000000
18.54376000,73.96833500,1.75000000
18.54376000,73.96845500,1.69000000
18.54376000,73.96857500,1.69000000
18.54376000,73.96869500,1.69000000
18.54376000,73.96881500,1.69000000
18.54388000,73.88241500,1.69000000
18.54388000,73.88253500,1.69000000
18.54388000,73.88529500,1.69000000
18.54388000,73.88541500,1.75000000
18.54388000,73.88553500,1.80000000
18.54388000,73.88565500,1.84000000
18.54388000,73.88577500,1.84000000
18.54388000,73.88589500,1.84000000
18.54388000,73.88601500,1.88000000
18.54388000,73.88613500,1.88000000
18.54388000,73.88625500,1.91000000
18.54388000,73.88637500,1.91000000
18.54388000,73.88649500,1.91000000
18.54388000,73.88661500,1.91000000
18.54388000,73.88673500,1.91000000
18.54388000,73.88685500,1.91000000
18.54388000,73.88697500,1.91000000
18.54388000,73.88709500,1.91000000
18.54388000,73.88721500,1.91000000
18.54388000,73.88733500,1.91000000
18.54388000,73.88745500,1.91000000
18.54388000,73.88757500,1.91000000
18.54388000,73.88769500,1.91000000
18.54388000,73.88781500,1.91000000
18.54388000,73.88793500,1.91000000
18.54388000,73.88805500,1.91000000
18.54388000,73.88817500,1.91000000
18.54388000,73.88829500,1.91000000
18.54388000,73.88841500,1.91000000
18.54388000,73.88853500,1.91000000
18.54388000,73.88865500,1.91000000
18.54388000,73.88877500,1.91000000
18.54388000,73.88889500,1.91000000
18.54388000,73.88901500,1.94000000
18.54388000,73.88913500,1.94000000
18.54388000,73.88925500,1.94000000
18.54388000,73.88937500,1.91000000
18.54388000,73.88949500,1.88000000
18.54388000,73.88961500,1.84000000
18.54388000,73.88973500,1.80000000
18.54388000,73.88985500,1.75000000
18.54388000,73.88997500,1.69000000
18.54388000,73.89045500,1.69000000
18.54388000,73.89057500,1.75000000
18.54388000,73.89069500,1.80000000
18.54388000,73.89081500,1.84000000
18.54388000,73.89093500,1.88000000
18.54388000,73.89105500,1.88000000
18.54388000,73.89117500,1.84000000
18.54388000,73.89129500,1.80000000
18.54388000,73.89141500,1.75000000
18.54388000,73.89153500,1.69000000
18.54388000,73.89165500,1.69000000
18.54388000,73.89177500,1.75000000
18.54388000,73.89189500,1.80000000
18.54388000,73.89201500,1.84000000
18.54388000,73.89213500,1.88000000
18.54388000,73.89225500,1.84000000
18.54388000,73.89237500,1.84000000
18.54388000,73.89249500,1.84000000
18.54388000,73.89261500,1.80000000
18.54388000,73.89273500,1.75000000
18.54388000,73.89285500,1.69000000
18.54388000,73.96305500,1.69000000
18.54388000,73.96317500,1.69000000
18.54388000,73.96329500,1.75000000
18.54388000,73.96341500,1.75000000
18.54388000,73.96353500,1.80000000
18.54388000,73.96365500,1.80000000
18.54388000,73.96377500,1.80000000
18.54388000,73.96389500,1.80000000
18.54388000,73.96401500,1.80000000
18.54388000,73.96413500,1.84000000
18.54388000,73.96425500,1.84000000
18.54388000,73.96437500,1.84000000
18.54388000,73.96449500,1.84000000
18.54388000,73.96461500,1.88000000
18.54388000,73.96473500,1.88000000
18.54388000,73.96485500,1.91000000
18.54388000,73.96497500,1.91000000
18.54388000,73.96509500,1.91000000
18.54388000,73.96521500,1.91000000
18.54388000,73.96533500,1.91000000
18.54388000,73.96545500,1.91000000
18.54388000,73.96557500,1.88000000
18.54388000,73.96569500,1.88000000
18.54388000,73.96581500,1.84000000
18.54388000,73.96593500,1.84000000
18.54388000,73.96605500,1.84000000
18.54388000,73.96617500,1.84000000
18.54388000,73.96629500,1.80000000
18.54388000,73.96641500,1.80000000
18.54388000,73.96653500,1.75000000
18.54388000,73.96665500,1.75000000
18.54388000,73.96677500,1.75000000
18.54388000,73.96689500,1.80000000
18.54388000,73.96701500,1.80000000
18.54388000,73.96713500,1.80000000
18.54388000,73.96725500,1.80000000
18.54388000,73.96737500,1.75000000
18.54388000,73.96749500,1.75000000
18.54388000,73.96761500,1.69000000
18.54388000,73.96773500,1.69000000
18.54388000,73.96785500,1.69000000
18.54388000,73.96797500,1.69000000
18.54388000,73.96809500,1.69000000
18.54388000,73.96821500,1.69000000
18.54388000,73.96833500,1.69000000
18.54400000,73.88517500,1.69000000
18.54400000,73.88529500,1.75000000
18.54400000,73.88541500,1.80000000
18.54400000,73.88553500,1.80000000
18.54400000,73.88565500,1.80000000
18.54400000,73.88577500,1.80000000
18.54400000,73.88589500,1.80000000
18.54400000,73.88601500,1.84000000
18.54400000,73.88613500,1.84000000
18.54400000,73.88625500,1.88000000
18.54400000,73.88637500,1.88000000
18.54400000,73.88649500,1.88000000
18.54400000,73.88661500,1.88000000
18.54400000,73.88673500,1.88000000
18.54400000,73.88685500,1.88000000
18.54400000,73.88697500,1.88000000
18.54400000,73.88709500,1.88000000
18.54400000,73.88721500,1.88000000
18.54400000,73.88733500,1.88000000
18.54400000,73.88745500,1.88000000
18.54400000,73.88757500,1.88000000
18.54400000,73.88769500,1.88000000
18.54400000,73.88781500,1.88000000
18.54400000,73.88793500,1.88000000
18.54400000,73.88805500,1.88000000
18.54400000,73.88817500,1.88000000
18.54400000,73.88829500,1.88000000
18.54400000,73.88841500,1.88000000
18.54400000,73.88853500,1.88000000
18.54400000,73.88865500,1.88000000
18.54400000,73.88877500,1.88000000
18.54400000,73.88889500,1.88000000
18.54400000,73.88901500,1.91000000
18.54400000,73.88913500,1.91000000
18.54400000,73.88925500,1.91000000
18.54400000,73.88937500,1.88000000
18.54400000,73.88949500,1.88000000
18.54400000,73.88961500,1.84000000
18.54400000,73.88973500,1.80000000
18.54400000,73.88985500,1.75000000
18.54400000,73.88997500,1.69000000
18.54400000,73.89045500,1.69000000
18.54400000,73.89057500,1.75000000
18.54400000,73.89069500,1.80000000
18.54400000,73.89081500,1.84000000
18.54400000,73.89093500,1.88000000
18.54400000,73.89105500,1.88000000
18.54400000,73.89117500,1.88000000
18.54400000,73.89129500,1.84000000
18.54400000,73.89141500,1.80000000
18.54400000,73.89153500,1.75000000
18.54400000,73.89165500,1.75000000
18.54400000,73.89177500,1.80000000
18.54400000,73.89189500,1.84000000
18.54400000,73.89201500,1.84000000
18.54400000,73.89213500,1.84000000
18.54400000,73.89225500,1.80000000
18.54400000,73.89237500,1.80000000
18.54400000,73.89249500,1.80000000
18.54400000,73.89261500,1.75000000
18.54400000,73.89273500,1.75000000
18.54400000,73.89285500,1.69000000
18.54400000,73.96293500,1.69000000
18.54400000,73.96305500,1.75000000
18.54400000,73.96317500,1.75000000
18.54400000,73.96329500,1.80000000
18.54400000,73.96341500,1.80000000
18.54400000,73.96353500,1.84000000
18.54400000,73.96365500,1.84000000
18.54400000,73.96377500,1.84000000
18.54400000,73.96389500,1.84000000
18.54400000,73.96401500,1.84000000
18.54400000,73.96413500,1.88000000
18.54400000,73.96425500,1.88000000
18.54400000,73.96437500,1.88000000
18.54400000,73.96449500,1.88000000
18.54400000,73.96461500,1.91000000
18.54400000,73.96473500,1.91000000
18.54400000,73.96485500,1.94000000
18.54400000,73.96497500,1.94000000
18.54400000,73.96509500,1.91000000
18.54400000,73.96521500,1.91000000
18.54400000,73.96533500,1.88000000
18.54400000,73.96545500,1.88000000
18.54400000,73.96557500,1.84000000
18.54400000,73.96569500,1.84000000
18.54400000,73.96581500,1.80000000
18.54400000,73.96593500,1.80000000
18.54400000,73.96605500,1.80000000
18.54400000,73.96617500,1.80000000
18.54400000,73.96629500,1.75000000
18.54400000,73.96641500,1.75000000
18.54400000,73.96653500,1.69000000
18.54400000,73.96665500,1.69000000
18.54400000,73.96677500,1.69000000
18.54400000,73.96689500,1.75000000
18.54400000,73.96701500,1.75000000
18.54400000,73.96713500,1.75000000
18.54400000,73.96725500,1.75000000
18.54400000,73.96737500,1.69000000
18.54400000,73.96749500,1.69000000
18.54412000,73.88529500,1.69000000
18.54412000,73.88541500,1.75000000
18.54412000,73.88553500,1.75000000
18.54412000,73.88565500,1.75000000
18.54412000,73.88577500,1.75000000
18.54412000,73.88589500,1.75000000
18.54412000,73.88601500,1.80000000
18.54412000,73.88613500,1.80000000
18.54412000,73.88625500,1.84000000
18.54412000,73.88637500,1.84000000
18.54412000,73.88649500,1.84000000
18.54412000,73.88661500,1.84000000
18.54412000,73.88673500,1.84000000
18.54412000,73.88685500,1.84000000
18.54412000,73.88697500,1.84000000
18.54412000,73.88709500,1.84000000
18.54412000,73.88721500,1.84000000
18.54412000,73.88733500,1.84000000
18.54412000,73.88745500,1.84000000
18.54412000,73.88757500,1.84000000
18.54412000,73.88769500,1.84000000
18.54412000,73.88781500,1.84000000
18.54412000,73.88793500,1.84000000
18.54412000,73.88805500,1.84000000
18.54412000,73.88817500,1.84000000
18.54412000,73.88829500,1.84000000
18.54412000,73.88841500,1.84000000
18.54412000,73.88853500,1.84000000
18.54412000,73.88865500,1.84000000
18.54412000,73.88877500,1.84000000
18.54412000,73.88889500,1.84000000
18.54412000,73.88901500,1.88000000
18.54412000,73.88913500,1.88000000
18.54412000,73.88925500,1.88000000
18.54412000,73.88937500,1.84000000
18.54412000,73.88949500,1.84000000
18.54412000,73.88961500,1.80000000
18.54412000,73.88973500,1.75000000
18.54412000,73.88985500,1.69000000
18.54412000,73.89045500,1.69000000
18.54412000,73.89057500,1.75000000
18.54412000,73.89069500,1.80000000
18.54412000,73.89081500,1.84000000
18.54412000,73.89093500,1.84000000
18.54412000,73.89105500,1.84000000
18.54412000,73.89117500,1.84000000
18.54412000,73.89129500,1.80000000
18.54412000,73.89141500,1.80000000
18.54412000,73.89153500,1.80000000
18.54412000,73.89165500,1.80000000
18.54412000,73.89177500,1.80000000
18.54412000,73.89189500,1.80000000
18.54412000,73.89201500,1.80000000
18.54412000,73.89213500,1.80000000
18.54412000,73.89225500,1.75000000
18.54412000,73.89237500,1.75000000
18.54412000,73.89249500,1.75000000
18.54412000,73.89261500,1.69000000
18.54412000,73.89273500,1.69000000
18.54412000,73.96269500,1.69000000
18.54412000,73.96281500,1.69000000
18.54412000,73.96293500,1.75000000
18.54412000,73.96305500,1.80000000
18.54412000,73.96317500,1.80000000
18.54412000,73.96329500,1.84000000
18.54412000,73.96341500,1.84000000
18.54412000,73.96353500,1.88000000
18.54412000,73.96365500,1.88000000
18.54412000,73.96377500,1.88000000
18.54412000,73.96389500,1.88000000
18.54412000,73.96401500,1.88000000
18.54412000,73.96413500,1.91000000
18.54412000,73.96425500,1.91000000
18.54412000,73.96437500,1.91000000
18.54412000,73.96449500,1.91000000
18.54412000,73.96461500,1.94000000
18.54412000,73.96473500,1.94000000
18.54412000,73.96485500,1.91000000
18.54412000,73.96497500,1.91000000
18.54412000,73.96509500,1.88000000
18.54412000,73.96521500,1.88000000
18.54412000,73.96533500,1.84000000
18.54412000,73.96545500,1.84000000
18.54412000,73.96557500,1.80000000
18.54412000,73.96569500,1.80000000
18.54412000,73.96581500,1.75000000
18.54412000,73.96593500,1.75000000
18.54412000,73.96605500,1.75000000
18.54412000,73.96617500,1.75000000
18.54412000,73.96629500,1.69000000
18.54412000,73.96641500,1.69000000
18.54412000,73.96689500,1.69000000
18.54412000,73.96701500,1.69000000
18.54412000,73.96713500,1.69000000
18.54412000,73.96725500,1.69000000
18.54424000,73.88529500,1.69000000
18.54424000,73.88541500,1.69000000
18.54424000,73.88553500,1.69000000
18.54424000,73.88565500,1.69000000
18.54424000,73.88577500,1.69000000
18.54424000,73.88589500,1.69000000
18.54424000,73.88601500,1.75000000
18.54424000,73.88613500,1.75000000
18.54424000,73.88625500,1.80000000
18.54424000,73.88637500,1.80000000
18.54424000,73.88649500,1.80000000
18.54424000,73.88661500,1.80000000
18.54424000,73.88673500,1.80000000
18.54424000,73.88685500,1.80000000
18.54424000,73.88697500,1.80000000
18.54424000,73.88709500,1.80000000
18.54424000,73.88721500,1.80000000
18.54424000,73.88733500,1.80000000
18.54424000,73.88745500,1.80000000
18.54424000,73.88757500,1.80000000
18.54424000,73.88769500,1.80000000
18.54424000,73.88781500,1.80000000
18.54424000,73.88793500,1.80000000
18.54424000,73.88805500,1.80000000
18.54424000,73.88817500,1.80000000
18.54424000,73.88829500,1.80000000
18.54424000,73.88841500,1.80000000
18.54424000,73.88853500,1.80000000
18.54424000,73.88865500,1.80000000
18.54424000,73.88877500,1.80000000
18.54424000,73.88889500,1.80000000
18.54424000,73.88901500,1.84000000
18.54424000,73.88913500,1.84000000
18.54424000,73.88925500,1.84000000
18.54424000,73.88937500,1.80000000
18.54424000,73.88949500,1.80000000
18.54424000,73.88961500,1.75000000
18.54424000,73.88973500,1.69000000
18.54424000,73.88985500,1.69000000
18.54424000,73.89045500,1.69000000
18.54424000,73.89057500,1.75000000
18.54424000,73.89069500,1.80000000
18.54424000,73.89081500,1.80000000
18.54424000,73.89093500,1.80000000
18.54424000,73.89105500,1.80000000
18.54424000,73.89117500,1.80000000
18.54424000,73.89129500,1.75000000
18.54424000,73.89141500,1.75000000
18.54424000,73.89153500,1.75000000
18.54424000,73.89165500,1.75000000
18.54424000,73.89177500,1.75000000
18.54424000,73.89189500,1.75000000
18.54424000,73.89201500,1.75000000
18.54424000,73.89213500,1.75000000
18.54424000,73.89225500,1.69000000
18.54424000,73.89237500,1.69000000
18.54424000,73.89249500,1.69000000
18.54424000,73.96245500,1.69000000
18.54424000,73.96257500,1.69000000
18.54424000,73.96269500,1.75000000
18.54424000,73.96281500,1.75000000
18.54424000,73.96293500,1.80000000
18.54424000,73.96305500,1.84000000
18.54424000,73.96317500,1.84000000
18.54424000,73.96329500,1.88000000
18.54424000,73.96341500,1.88000000
18.54424000,73.96353500,1.91000000
18.54424000,73.96365500,1.91000000
18.54424000,73.96377500,1.91000000
18.54424000,73.96389500,1.91000000
18.54424000,73.96401500,1.91000000
18.54424000,73.96413500,1.94000000
18.54424000,73.96425500,1.94000000
18.54424000,73.96437500,1.94000000
18.54424000,73.96449500,1.94000000
18.54424000,73.96461500,1.91000000
18.54424000,73.96473500,1.91000000
18.54424000,73.96485500,1.88000000
18.54424000,73.96497500,1.88000000
18.54424000,73.96509500,1.84000000
18.54424000,73.96521500,1.84000000
18.54424000,73.96533500,1.80000000
18.54424000,73.96545500,1.80000000
18.54424000,73.96557500,1.75000000
18.54424000,73.96569500,1.75000000
18.54424000,73.96581500,1.69000000
18.54424000,73.96593500,1.69000000
18.54424000,73.96605500,1.69000000
18.54424000,73.96617500,1.69000000
18.54436000,73.88601500,1.69000000
18.54436000,73.88613500,1.69000000
18.54436000,73.88625500,1.75000000
18.54436000,73.88637500,1.75000000
18.54436000,73.88649500,1.75000000
18.54436000,73.88661500,1.75000000
18.54436000,73.88673500,1.75000000
18.54436000,73.88685500,1.75000000
18.54436000,73.88697500,1.75000000
18.54436000,73.88709500,1.75000000
18.54436000,73.88721500,1.75000000
18.54436000,73.88733500,1.75000000
18.54436000,73.88745500,1.75000000
18.54436000,73.88757500,1.75000000
18.54436000,73.88769500,1.75000000
18.54436000,73.88781500,1.75000000
18.54436000,73.88793500,1.75000000
18.54436000,73.88805500,1.75000000
18.54436000,73.88817500,1.75000000
18.54436000,73.88829500,1.75000000
18.54436000,73.88841500,1.75000000
18.54436000,73.88853500,1.75000000
18.54436000,73.88865500,1.75000000
18.54436000,73.88877500,1.75000000
18.54436000,73.88889500,1.75000000
18.54436000,73.88901500,1.80000000
18.54436000,73.88913500,1.80000000
18.54436000,73.88925500,1.80000000
18.54436000,73.88937500,1.75000000
18.54436000,73.88949500,1.75000000
18.54436000,73.88961500,1.69000000
18.54436000,73.89057500,1.69000000
18.54436000,73.89069500,1.75000000
18.54436000,73.89081500,1.75000000
18.54436000,73.89093500,1.75000000
18.54436000,73.89105500,1.75000000
18.54436000,73.89117500,1.75000000
18.54436000,73.89129500,1.69000000
18.54436000,73.89141500,1.69000000
18.54436000,73.89153500,1.69000000
18.54436000,73.89165500,1.69000000
18.54436000,73.89177500,1.69000000
18.54436000,73.89189500,1.69000000
18.54436000,73.89201500,1.69000000
18.54436000,73.89213500,1.69000000
18.54436000,73.96221500,1.69000000
18.54436000,73.96233500,1.69000000
18.54436000,73.96245500,1.75000000
18.54436000,73.96257500,1.75000000
18.54436000,73.96269500,1.80000000
18.54436000,73.96281500,1.80000000
18.54436000,73.96293500,1.84000000
18.54436000,73.96305500,1.88000000
18.54436000,73.96317500,1.88000000
18.54436000,73.96329500,1.91000000
18.54436000,73.96341500,1.91000000
18.54436000,73.96353500,1.94000000
18.54436000,73.96365500,1.94000000
18.54436000,73.96377500,1.94000000
18.54436000,73.96389500,1.94000000
18.54436000,73.96401500,1.94000000
18.54436000,73.96413500,1.91000000
18.54436000,73.96425500,1.91000000
18.54436000,73.96437500,1.91000000
18.54436000,73.96449500,1.91000000
18.54436000,73.96461500,1.88000000
18.54436000,73.96473500,1.88000000
18.54436000,73.96485500,1.84000000
18.54436000,73.96497500,1.84000000
18.54436000,73.96509500,1.80000000
18.54436000,73.96521500,1.80000000
18.54436000,73.96533500,1.75000000
18.54436000,73.96545500,1.75000000
18.54436000,73.96557500,1.69000000
18.54436000,73.96569500,1.69000000
18.54448000,73.88625500,1.69000000
18.54448000,73.88637500,1.69000000
18.54448000,73.88649500,1.69000000
18.54448000,73.88661500,1.69000000
18.54448000,73.88673500,1.69000000
18.54448000,73.88685500,1.69000000
18.54448000,73.88697500,1.69000000
18.54448000,73.88709500,1.69000000
18.54448000,73.88721500,1.69000000
18.54448000,73.88733500,1.69000000
18.54448000,73.88745500,1.69000000
18.54448000,73.88757500,1.69000000
18.54448000,73.88769500,1.69000000
18.54448000,73.88781500,1.69000000
18.54448000,73.88793500,1.69000000
18.54448000,73.88805500,1.69000000
18.54448000,73.88817500,1.69000000
18.54448000,73.88829500,1.69000000
18.54448000,73.88841500,1.69000000
18.54448000,73.88853500,1.69000000
18.54448000,73.88865500,1.69000000
18.54448000,73.88877500,1.69000000
18.54448000,73.88889500,1.69000000
18.54448000,73.88901500,1.75000000
18.54448000,73.88913500,1.75000000
18.54448000,73.88925500,1.75000000
18.54448000,73.88937500,1.69000000
18.54448000,73.88949500,1.69000000
18.54448000,73.89057500,1.69000000
18.54448000,73.89069500,1.69000000
18.54448000,73.89081500,1.69000000
18.54448000,73.89093500,1.69000000
18.54448000,73.89105500,1.69000000
18.54448000,73.89117500,1.69000000
18.54448000,73.96197500,1.69000000
18.54448000,73.96209500,1.69000000
18.54448000,73.96221500,1.75000000
18.54448000,73.96233500,1.75000000
18.54448000,73.96245500,1.80000000
18.54448000,73.96257500,1.80000000
18.54448000,73.96269500,1.84000000
18.54448000,73.96281500,1.84000000
18.54448000,73.96293500,1.88000000
18.54448000,73.96305500,1.91000000
18.54448000,73.96317500,1.91000000
18.54448000,73.96329500,1.94000000
18.54448000,73.96341500,1.94000000
18.54448000,73.96353500,1.97000000
18.54448000,73.96365500,1.94000000
18.54448000,73.96377500,1.94000000
18.54448000,73.96389500,1.91000000
18.54448000,73.96401500,1.91000000
18.54448000,73.96413500,1.88000000
18.54448000,73.96425500,1.88000000
18.54448000,73.96437500,1.88000000
18.54448000,73.96449500,1.88000000
18.54448000,73.96461500,1.84000000
18.54448000,73.96473500,1.84000000
18.54448000,73.96485500,1.80000000
18.54448000,73.96497500,1.80000000
18.54448000,73.96509500,1.75000000
18.54448000,73.96521500,1.75000000
18.54448000,73.96533500,1.69000000
18.54448000,73.96545500,1.69000000
18.54460000,73.88901500,1.69000000
18.54460000,73.88913500,1.69000000
18.54460000,73.88925500,1.69000000
18.54460000,73.96185500,1.69000000
18.54460000,73.96197500,1.75000000
18.54460000,73.96209500,1.75000000
18.54460000,73.96221500,1.80000000
18.54460000,73.96233500,1.80000000
18.54460000,73.96245500,1.84000000
18.54460000,73.96257500,1.84000000
18.54460000,73.96269500,1.88000000
18.54460000,73.96281500,1.88000000
18.54460000,73.96293500,1.91000000
18.54460000,73.96305500,1.94000000
18.54460000,73.96317500,1.94000000
18.54460000,73.96329500,1.94000000
18.54460000,73.96341500,1.94000000
18.54460000,73.96353500,1.94000000
18.54460000,73.96365500,1.91000000
18.54460000,73.96377500,1.91000000
18.54460000,73.96389500,1.88000000
18.54460000,73.96401500,1.88000000
18.54460000,73.96413500,1.84000000
18.54460000,73.96425500,1.84000000
18.54460000,73.96437500,1.84000000
18.54460000,73.96449500,1.84000000
18.54460000,73.96461500,1.80000000
18.54460000,73.96473500,1.80000000
18.54460000,73.96485500,1.75000000
18.54460000,73.96497500,1.75000000
18.54460000,73.96509500,1.69000000
18.54460000,73.96521500,1.69000000
18.54472000,73.94565500,1.69000000
18.54472000,73.94577500,1.69000000
18.54472000,73.94589500,1.69000000
18.54472000,73.94601500,1.69000000
18.54472000,73.94949500,1.69000000
18.54472000,73.94961500,1.69000000
18.54472000,73.94973500,1.69000000
18.54472000,73.94985500,1.69000000
18.54472000,73.94997500,1.69000000
18.54472000,73.95009500,1.69000000
18.54472000,73.96161500,1.69000000
18.54472000,73.96173500,1.69000000
18.54472000,73.96185500,1.75000000
18.54472000,73.96197500,1.80000000
18.54472000,73.96209500,1.80000000
18.54472000,73.96221500,1.84000000
18.54472000,73.96233500,1.84000000
18.54472000,73.96245500,1.88000000
18.54472000,73.96257500,1.88000000
18.54472000,73.96269500,1.91000000
18.54472000,73.96281500,1.91000000
18.54472000,73.96293500,1.94000000
18.54472000,73.96305500,1.91000000
18.54472000,73.96317500,1.91000000
18.54472000,73.96329500,1.91000000
18.54472000,73.96341500,1.91000000
18.54472000,73.96353500,1.91000000
18.54472000,73.96365500,1.88000000
18.54472000,73.96377500,1.88000000
18.54472000,73.96389500,1.84000000
18.54472000,73.96401500,1.84000000
18.54472000,73.96413500,1.80000000
18.54472000,73.96425500,1.80000000
18.54472000,73.96437500,1.80000000
18.54472000,73.96449500,1.80000000
18.54472000,73.96461500,1.75000000
18.54472000,73.96473500,1.75000000
18.54472000,73.96485500,1.69000000
18.54472000,73.96497500,1.69000000
18.54484000,73.94541500,1.69000000
18.54484000,73.94553500,1.69000000
18.54484000,73.94565500,1.75000000
18.54484000,73.94577500,1.75000000
18.54484000,73.94589500,1.75000000
18.54484000,73.94601500,1.69000000
18.54484000,73.94925500,1.69000000
18.54484000,73.94937500,1.69000000
18.54484000,73.94949500,1.75000000
18.54484000,73.94961500,1.75000000
18.54484000,73.94973500,1.75000000
18.54484000,73.94985500,1.75000000
18.54484000,73.94997500,1.75000000
18.54484000,73.95009500,1.75000000
18.54484000,73.95021500,1.69000000
18.54484000,73.95069500,1.69000000
18.54484000,73.95081500,1.69000000
18.54484000,73.95225500,1.69000000
18.54484000,73.95237500,1.69000000
18.54484000,73.95249500,1.69000000
18.54484000,73.95261500,1.69000000
18.54484000,73.95273500,1.69000000
18.54484000,73.95285500,1.69000000
18.54484000,73.95297500,1.69000000
18.54484000,73.95309500,1.69000000
18.54484000,73.96149500,1.69000000
18.54484000,73.96161500,1.75000000
18.54484000,73.96173500,1.75000000
18.54484000,73.96185500,1.80000000
18.54484000,73.96197500,1.84000000
18.54484000,73.96209500,1.84000000
18.54484000,73.96221500,1.88000000
18.54484000,73.96233500,1.88000000
18.54484000,73.96245500,1.91000000
18.54484000,73.96257500,1.91000000
18.54484000,73.96269500,1.94000000
18.54484000,73.96281500,1.91000000
18.54484000,73.96293500,1.91000000
18.54484000,73.96305500,1.88000000
18.54484000,73.96317500,1.88000000
18.54484000,73.96329500,1.88000000
18.54484000,73.96341500,1.88000000
18.54484000,73.96353500,1.88000000
18.54484000,73.96365500,1.84000000
18.54484000,73.96377500,1.84000000
18.54484000,73.96389500,1.80000000
18.54484000,73.96401500,1.80000000
18.54484000,73.96413500,1.75000000
18.54484000,73.96425500,1.75000000
18.54484000,73.96437500,1.75000000
18.54484000,73.96449500,1.75000000
18.54484000,73.96461500,1.69000000
18.54484000,73.96473500,1.69000000
18.54496000,73.94529500,1.69000000
18.54496000,73.94541500,1.75000000
18.54496000,73.94553500,1.75000000
18.54496000,73.94565500,1.80000000
18.54496000,73.94577500,1.80000000
18.54496000,73.94589500,1.80000000
18.54496000,73.94601500,1.75000000
18.54496000,73.94613500,1.69000000
18.54496000,73.94913500,1.69000000
18.54496000,73.94925500,1.75000000
18.54496000,73.94937500,1.75000000
18.54496000,73.94949500,1.80000000
18.54496000,73.94961500,1.80000000
18.54496000,73.94973500,1.80000000
18.54496000,73.94985500,1.80000000
18.54496000,73.94997500,1.80000000
18.54496000,73.95009500,1.80000000
18.54496000,73.95021500,1.75000000
18.54496000,73.95033500,1.69000000
18.54496000,73.95057500,1.69000000
18.54496000,73.95069500,1.75000000
18.54496000,73.95081500,1.75000000
18.54496000,73.95093500,1.69000000
18.54496000,73.95105500,1.69000000
18.54496000,73.95213500,1.69000000
18.54496000,73.95225500,1.75000000
18.54496000,73.95237500,1.75000000
18.54496000,73.95249500,1.75000000
18.54496000,73.95261500,1.75000000
18.54496000,73.95273500,1.75000000
18.54496000,73.95285500,1.75000000
18.54496000,73.95297500,1.75000000
18.54496000,73.95309500,1.75000000
18.54496000,73.95321500,1.69000000
18.54496000,73.95333500,1.69000000
18.54496000,73.96125500,1.69000000
18.54496000,73.96137500,1.69000000
18.54496000,73.96149500,1.75000000
18.54496000,73.96161500,1.80000000
18.54496000,73.96173500,1.80000000
18.54496000,73.96185500,1.84000000
18.54496000,73.96197500,1.88000000
18.54496000,73.96209500,1.88000000
18.54496000,73.96221500,1.91000000
18.54496000,73.96233500,1.91000000
18.54496000,73.96245500,1.94000000
18.54496000,73.96257500,1.91000000
18.54496000,73.96269500,1.91000000
18.54496000,73.96281500,1.88000000
18.54496000,73.96293500,1.88000000
18.54496000,73.96305500,1.84000000
18.54496000,73.96317500,1.84000000
18.54496000,73.96329500,1.84000000
18.54496000,73.96341500,1.84000000
18.54496000,73.96353500,1.84000000
18.54496000,73.96365500,1.80000000
18.54496000,73.96377500,1.80000000
18.54496000,73.96389500,1.75000000
18.54496000,73.96401500,1.75000000
18.54496000,73.96413500,1.69000000
18.54496000,73.96425500,1.69000000
18.54496000,73.96437500,1.69000000
18.54496000,73.96449500,1.69000000
18.54508000,73.94517500,1.69000000
18.54508000,73.94529500,1.75000000
18.54508000,73.94541500,1.80000000
18.54508000,73.94553500,1.80000000
18.54508000,73.94565500,1.84000000
18.54508000,73.94577500,1.84000000
18.54508000,73.94589500,1.80000000
18.54508000,73.94601500,1.75000000
18.54508000,73.94613500,1.69000000
18.54508000,73.94661500,1.69000000
18.54508000,73.94673500,1.69000000
18.54508000,73.94685500,1.69000000
18.54508000,73.94697500,1.69000000
18.54508000,73.94709500,1.69000000
18.54508000,73.94853500,1.69000000
18.54508000,73.94865500,1.69000000
18.54508000,73.94877500,1.69000000
18.54508000,73.94889500,1.69000000
18.54508000,73.94901500,1.69000000
18.54508000,73.94913500,1.75000000
18.54508000,73.94925500,1.80000000
18.54508000,73.94937500,1.80000000
18.54508000,73.94949500,1.84000000
18.54508000,73.94961500,1.84000000
18.54508000,73.94973500,1.84000000
18.54508000,73.94985500,1.84000000
18.54508000,73.94997500,1.84000000
18.54508000,73.95009500,1.84000000
18.54508000,73.95021500,1.80000000
18.54508000,73.95033500,1.75000000
18.54508000,73.95045500,1.69000000
18.54508000,73.95057500,1.75000000
18.54508000,73.95069500,1.80000000
18.54508000,73.95081500,1.80000000
18.54508000,73.95093500,1.75000000
18.54508000,73.95105500,1.69000000
18.54508000,73.95213500,1.69000000
18.54508000,73.95225500,1.75000000
18.54508000,73.95237500,1.80000000
18.54508000,73.95249500,1.80000000
18.54508000,73.95261500,1.80000000
18.54508000,73.95273500,1.80000000
18.54508000,73.95285500,1.80000000
18.54508000,73.95297500,1.80000000
18.54508000,73.95309500,1.80000000
18.54508000,73.95321500,1.75000000
18.54508000,73.95333500,1.75000000
18.54508000,73.95345500,1.69000000
18.54508000,73.96101500,1.69000000
18.54508000,73.96113500,1.69000000
18.54508000,73.96125500,1.75000000
18.54508000,73.96137500,1.75000000
18.54508000,73.96149500,1.80000000
18.54508000,73.96161500,1.84000000
18.54508000,73.96173500,1.84000000
18.54508000,73.96185500,1.88000000
18.54508000,73.96197500,1.91000000
18.54508000,73.96209500,1.91000000
18.54508000,73.96221500,1.91000000
18.54508000,73.96233500,1.91000000
18.54508000,73.96245500,1.91000000
18.54508000,73.96257500,1.88000000
18.54508000,73.96269500,1.88000000
18.54508000,73.96281500,1.84000000
18.54508000,73.96293500,1.84000000
18.54508000,73.96305500,1.80000000
18.54508000,73.96317500,1.80000000
18.54508000,73.96329500,1.80000000
18.54508000,73.96341500,1.80000000
18.54508000,73.96353500,1.80000000
18.54508000,73.96365500,1.75000000
18.54508000,73.96377500,1.75000000
18.54508000,73.96389500,1.69000000
18.54508000,73.96401500,1.69000000
18.54520000,73.94517500,1.69000000
18.54520000,73.94529500,1.75000000
18.54520000,73.94541500,1.80000000
18.54520000,73.94553500,1.84000000
18.54520000,73.94565500,1.88000000
18.54520000,73.94577500,1.84000000
18.54520000,73.94589500,1.80000000
18.54520000,73.94601500,1.75000000
18.54520000,73.94613500,1.69000000
18.54520000,73.94649500,1.69000000
18.54520000,73.94661500,1.75000000
18.54520000,73.94673500,1.75000000
18.54520000,73.94685500,1.75000000
18.54520000,73.94697500,1.75000000
18.54520000,73.94709500,1.75000000
18.54520000,73.94721500,1.69000000
18.54520000,73.94733500,1.69000000
18.54520000,73.94745500,1.69000000
18.54520000,73.94757500,1.69000000
18.54520000,73.94769500,1.69000000
18.54520000,73.94829500,1.69000000
18.54520000,73.94841500,1.69000000
18.54520000,73.94853500,1.75000000
18.54520000,73.94865500,1.75000000
18.54520000,73.94877500,1.75000000
18.54520000,73.94889500,1.75000000
18.54520000,73.94901500,1.75000000
18.54520000,73.94913500,1.80000000
18.54520000,73.94925500,1.84000000
18.54520000,73.94937500,1.84000000
18.54520000,73.94949500,1.88000000
18.54520000,73.94961500,1.88000000
18.54520000,73.94973500,1.88000000
18.54520000,73.94985500,1.88000000
18.54520000,73.94997500,1.88000000
18.54520000,73.95009500,1.88000000
18.54520000,73.95021500,1.84000000
18.54520000,73.95033500,1.80000000
18.54520000,73.95045500,1.75000000
18.54520000,73.95057500,1.80000000
18.54520000,73.95069500,1.84000000
18.54520000,73.95081500,1.84000000
18.54520000,73.95093500,1.80000000
18.54520000,73.95105500,1.75000000
18.54520000,73.95117500,1.69000000
18.54520000,73.95213500,1.69000000
18.54520000,73.95225500,1.75000000
18.54520000,73.95237500,1.80000000
18.54520000,73.95249500,1.84000000
18.54520000,73.95261500,1.84000000
18.54520000,73.95273500,1.84000000
18.54520000,73.95285500,1.84000000
18.54520000,73.95297500,1.84000000
18.54520000,73.95309500,1.84000000
18.54520000,73.95321500,1.80000000
18.54520000,73.95333500,1.80000000
18.54520000,73.95345500,1.75000000
18.54520000,73.95357500,1.69000000
18.54520000,73.96089500,1.69000000
18.54520000,73.96101500,1.75000000
18.54520000,73.96113500,1.75000000
18.54520000,73.96125500,1.80000000
18.54520000,73.96137500,1.80000000
18.54520000,73.96149500,1.84000000
18.54520000,73.96161500,1.88000000
18.54520000,73.96173500,1.88000000
18.54520000,73.96185500,1.91000000
18.54520000,73.96197500,1.91000000
18.54520000,73.96209500,1.88000000
18.54520000,73.96221500,1.88000000
18.54520000,73.96233500,1.88000000
18.54520000,73.96245500,1.88000000
18.54520000,73.96257500,1.84000000
18.54520000,73.96269500,1.84000000
18.54520000,73.96281500,1.80000000
18.54520000,73.96293500,1.80000000
18.54520000,73.96305500,1.75000000
18.54520000,73.96317500,1.75000000
18.54520000,73.96329500,1.75000000
18.54520000,73.96341500,1.75000000
18.54520000,73.96353500,1.75000000
18.54520000,73.96365500,1.69000000
18.54520000,73.96377500,1.69000000
18.54532000,73.94517500,1.69000000
18.54532000,73.94529500,1.75000000
18.54532000,73.94541500,1.80000000
18.54532000,73.94553500,1.84000000
18.54532000,73.94565500,1.84000000
18.54532000,73.94577500,1.84000000
18.54532000,73.94589500,1.84000000
18.54532000,73.94601500,1.80000000
18.54532000,73.94613500,1.75000000
18.54532000,73.94625500,1.69000000
18.54532000,73.94637500,1.69000000
18.54532000,73.94649500,1.75000000
18.54532000,73.94661500,1.80000000
18.54532000,73.94673500,1.80000000
18.54532000,73.94685500,1.80000000
18.54532000,73.94697500,1.80000000
18.54532000,73.94709500,1.80000000
18.54532000,73.94721500,1.75000000
18.54532000,73.94733500,1.75000000
18.54532000,73.94745500,1.75000000
18.54532000,73.94757500,1.75000000
18.54532000,73.94769500,1.75000000
18.54532000,73.94781500,1.69000000
18.54532000,73.94829500,1.69000000
18.54532000,73.94841500,1.75000000
18.54532000,73.94853500,1.80000000
18.54532000,73.94865500,1.80000000
18.54532000,73.94877500,1.80000000
18.54532000,73.94889500,1.80000000
18.54532000,73.94901500,1.80000000
18.54532000,73.94913500,1.84000000
18.54532000,73.94925500,1.88000000
18.54532000,73.94937500,1.88000000
18.54532000,73.94949500,1.91000000
18.54532000,73.94961500,1.91000000
18.54532000,73.94973500,1.91000000
18.54532000,73.94985500,1.91000000
18.54532000,73.94997500,1.91000000
18.54532000,73.95009500,1.91000000
18.54532000,73.95021500,1.88000000
18.54532000,73.95033500,1.84000000
18.54532000,73.95045500,1.80000000
18.54532000,73.95057500,1.84000000
18.54532000,73.95069500,1.88000000
18.54532000,73.95081500,1.84000000
18.54532000,73.95093500,1.80000000
18.54532000,73.95105500,1.75000000
18.54532000,73.95117500,1.69000000
18.54532000,73.95201500,1.69000000
18.54532000,73.95213500,1.75000000
18.54532000,73.95225500,1.80000000
18.54532000,73.95237500,1.84000000
18.54532000,73.95249500,1.88000000
18.54532000,73.95261500,1.88000000
18.54532000,73.95273500,1.88000000
18.54532000,73.95285500,1.84000000
18.54532000,73.95297500,1.84000000
18.54532000,73.95309500,1.88000000
18.54532000,73.95321500,1.84000000
18.54532000,73.95333500,1.84000000
18.54532000,73.95345500,1.80000000
18.54532000,73.95357500,1.75000000
18.54532000,73.95369500,1.69000000
18.54532000,73.96077500,1.69000000
18.54532000,73.96089500,1.75000000
18.54532000,73.96101500,1.80000000
18.54532000,73.96113500,1.80000000
18.54532000,73.96125500,1.84000000
18.54532000,73.96137500,1.84000000
18.54532000,73.96149500,1.88000000
18.54532000,73.96161500,1.88000000
18.54532000,73.96173500,1.88000000
18.54532000,73.96185500,1.88000000
18.54532000,73.96197500,1.88000000
18.54532000,73.96209500,1.84000000
18.54532000,73.96221500,1.84000000
18.54532000,73.96233500,1.84000000
18.54532000,73.96245500,1.84000000
18.54532000,73.96257500,1.80000000
18.54532000,73.96269500,1.80000000
18.54532000,73.96281500,1.75000000
18.54532000,73.96293500,1.75000000
18.54532000,73.96305500,1.69000000
18.54532000,73.96317500,1.69000000
18.54532000,73.96329500,1.69000000
18.54532000,73.96341500,1.69000000
18.54532000,73.96353500,1.69000000
18.54544000,73.94529500,1.69000000
18.54544000,73.94541500,1.75000000
18.54544000,73.94553500,1.80000000
18.54544000,73.94565500,1.80000000
18.54544000,73.94577500,1.80000000
18.54544000,73.94589500,1.84000000
18.54544000,73.94601500,1.84000000
18.54544000,73.94613500,1.80000000
18.54544000,73.94625500,1.75000000
18.54544000,73.94637500,1.75000000
18.54544000,73.94649500,1.75000000
18.54544000,73.94661500,1.80000000
18.54544000,73.94673500,1.84000000
18.54544000,73.94685500,1.84000000
18.54544000,73.94697500,1.84000000
18.54544000,73.94709500,1.84000000
18.54544000,73.94721500,1.80000000
18.54544000,73.94733500,1.80000000
18.54544000,73.94745500,1.80000000
18.54544000,73.94757500,1.80000000
18.54544000,73.94769500,1.80000000
18.54544000,73.94781500,1.75000000
18.54544000,73.94793500,1.69000000
18.54544000,73.94829500,1.69000000
18.54544000,73.94841500,1.75000000
18.54544000,73.94853500,1.80000000
18.54544000,73.94865500,1.84000000
18.54544000,73.94877500,1.84000000
18.54544000,73.94889500,1.84000000
18.54544000,73.94901500,1.84000000
18.54544000,73.94913500,1.88000000
18.54544000,73.94925500,1.88000000
18.54544000,73.94937500,1.88000000
18.54544000,73.94949500,1.88000000
18.54544000,73.94961500,1.91000000
18.54544000,73.94973500,1.91000000
18.54544000,73.94985500,1.94000000
18.54544000,73.94997500,1.94000000
18.54544000,73.95009500,1.94000000
18.54544000,73.95021500,1.91000000
18.54544000,73.95033500,1.88000000
18.54544000,73.95045500,1.84000000
18.54544000,73.95057500,1.88000000
18.54544000,73.95069500,1.91000000
18.54544000,73.95081500,1.88000000
18.54544000,73.95093500,1.84000000
18.54544000,73.95105500,1.80000000
18.54544000,73.95117500,1.75000000
18.54544000,73.95129500,1.69000000
18.54544000,73.95201500,1.69000000
18.54544000,73.95213500,1.75000000
18.54544000,73.95225500,1.80000000
18.54544000,73.95237500,1.84000000
18.54544000,73.95249500,1.88000000
18.54544000,73.95261500,1.88000000
18.54544000,73.95273500,1.84000000
18.54544000,73.95285500,1.80000000
18.54544000,73.95297500,1.80000000
18.54544000,73.95309500,1.84000000
18.54544000,73.95321500,1.88000000
18.54544000,73.95333500,1.88000000
18.54544000,73.95345500,1.84000000
18.54544000,73.95357500,1.80000000
18.54544000,73.95369500,1.75000000
18.54544000,73.95381500,1.69000000
18.54544000,73.95393500,1.69000000
18.54544000,73.95405500,1.69000000
18.54544000,73.95417500,1.69000000
18.54544000,73.96053500,1.69000000
18.54544000,73.96065500,1.69000000
18.54544000,73.96077500,1.75000000
18.54544000,73.96089500,1.80000000
18.54544000,73.96101500,1.84000000
18.54544000,73.96113500,1.84000000
18.54544000,73.96125500,1.88000000
18.54544000,73.96137500,1.88000000
18.54544000,73.96149500,1.88000000
18.54544000,73.96161500,1.84000000
18.54544000,73.96173500,1.84000000
18.54544000,73.96185500,1.84000000
18.54544000,73.96197500,1.84000000
18.54544000,73.96209500,1.80000000
18.54544000,73.96221500,1.80000000
18.54544000,73.96233500,1.80000000
18.54544000,73.96245500,1.80000000
18.54544000,73.96257500,1.75000000
18.54544000,73.96269500,1.75000000
18.54544000,73.96281500,1.69000000
18.54544000,73.96293500,1.69000000
18.54556000,73.94529500,1.69000000
18.54556000,73.94541500,1.69000000
18.54556000,73.94553500,1.75000000
18.54556000,73.94565500,1.75000000
18.54556000,73.94577500,1.75000000
18.54556000,73.94589500,1.80000000
18.54556000,73.94601500,1.80000000
18.54556000,73.94613500,1.80000000
18.54556000,73.94625500,1.75000000
18.54556000,73.94637500,1.69000000
18.54556000,73.94649500,1.69000000
18.54556000,73.94661500,1.75000000
18.54556000,73.94673500,1.80000000
18.54556000,73.94685500,1.84000000
18.54556000,73.94697500,1.84000000
18.54556000,73.94709500,1.88000000
18.54556000,73.94721500,1.84000000
18.54556000,73.94733500,1.84000000
18.54556000,73.94745500,1.84000000
18.54556000,73.94757500,1.84000000
18.54556000,73.94769500,1.84000000
18.54556000,73.94781500,1.80000000
18.54556000,73.94793500,1.75000000
18.54556000,73.94805500,1.69000000
18.54556000,73.94841500,1.69000000
18.54556000,73.94853500,1.75000000
18.54556000,73.94865500,1.80000000
18.54556000,73.94877500,1.84000000
18.54556000,73.94889500,1.88000000
18.54556000,73.94901500,1.84000000
18.54556000,73.94913500,1.84000000
18.54556000,73.94925500,1.84000000
18.54556000,73.94937500,1.84000000
18.54556000,73.94949500,1.84000000
18.54556000,73.94961500,1.88000000
18.54556000,73.94973500,1.88000000
18.54556000,73.94985500,1.91000000
18.54556000,73.94997500,1.91000000
18.54556000,73.95009500,1.94000000
18.54556000,73.95021500,1.94000000
18.54556000,73.95033500,1.91000000
18.54556000,73.95045500,1.88000000
18.54556000,73.95057500,1.91000000
18.54556000,73.95069500,1.91000000
18.54556000,73.95081500,1.88000000
18.54556000,73.95093500,1.84000000
18.54556000,73.95105500,1.80000000
18.54556000,73.95117500,1.75000000
18.54556000,73.95129500,1.69000000
18.54556000,73.95189500,1.69000000
18.54556000,73.95201500,1.75000000
18.54556000,73.95213500,1.80000000
18.54556000,73.95225500,1.84000000
18.54556000,73.95237500,1.88000000
18.54556000,73.95249500,1.88000000
18.54556000,73.95261500,1.84000000
18.54556000,73.95273500,1.80000000
18.54556000,73.95285500,1.75000000
18.54556000,73.95297500,1.75000000
18.54556000,73.95309500,1.80000000
18.54556000,73.95321500,1.84000000
18.54556000,73.95333500,1.88000000
18.54556000,73.95345500,1.88000000
18.54556000,73.95357500,1.84000000
18.54556000,73.95369500,1.80000000
18.54556000,73.95381500,1.75000000
18.54556000,73.95393500,1.75000000
18.54556000,73.95405500,1.75000000
18.54556000,73.95417500,1.75000000
18.54556000,73.95429500,1.69000000
18.54556000,73.95441500,1.69000000
18.54556000,73.95453500,1.69000000
18.54556000,73.95465500,1.69000000
18.54556000,73.96029500,1.69000000
18.54556000,73.96041500,1.69000000
18.54556000,73.96053500,1.75000000
18.54556000,73.96065500,1.75000000
18.54556000,73.96077500,1.80000000
18.54556000,73.96089500,1.84000000
18.54556000,73.96101500,1.88000000
18.54556000,73.96113500,1.88000000
18.54556000,73.96125500,1.91000000
18.54556000,73.96137500,1.88000000
18.54556000,73.96149500,1.84000000
18.54556000,73.96161500,1.80000000
18.54556000,73.96173500,1.80000000
18.54556000,73.96185500,1.80000000
18.54556000,73.96197500,1.80000000
18.54556000,73.96209500,1.75000000
18.54556000,73.96221500,1.75000000
18.54556000,73.96233500,1.75000000
18.54556000,73.96245500,1.75000000
18.54556000,73.96257500,1.69000000
18.54556000,73.96269500,1.69000000
18.54568000,73.94553500,1.69000000
18.54568000,73.94565500,1.69000000
18.54568000,73.94577500,1.69000000
18.54568000,73.94589500,1.75000000
18.54568000,73.94601500,1.75000000
18.54568000,73.94613500,1.75000000
18.54568000,73.94625500,1.69000000
18.54568000,73.94661500,1.69000000
18.54568000,73.94673500,1.75000000
18.54568000,73.94685500,1.80000000
18.54568000,73.94697500,1.80000000
18.54568000,73.94709500,1.84000000
18.54568000,73.94721500,1.84000000
18.54568000,73.94733500,1.80000000
18.54568000,73.94745500,1.80000000
18.54568000,73.94757500,1.80000000
18.54568000,73.94769500,1.80000000
18.54568000,73.94781500,1.80000000
18.54568000,73.94793500,1.75000000
18.54568000,73.94805500,1.69000000
18.54568000,73.94841500,1.69000000
18.54568000,73.94853500,1.75000000
18.54568000,73.94865500,1.80000000
18.54568000,73.94877500,1.80000000
18.54568000,73.94889500,1.84000000
18.54568000,73.94901500,1.80000000
18.54568000,73.94913500,1.80000000
18.54568000,73.94925500,1.80000000
18.54568000,73.94937500,1.80000000
18.54568000,73.94949500,1.80000000
18.54568000,73.94961500,1.84000000
18.54568000,73.94973500,1.84000000
18.54568000,73.94985500,1.88000000
18.54568000,73.94997500,1.88000000
18.54568000,73.95009500,1.91000000
18.54568000,73.95021500,1.91000000
18.54568000,73.95033500,1.88000000
18.54568000,73.95045500,1.88000000
18.54568000,73.95057500,1.88000000
18.54568000,73.95069500,1.88000000
18.54568000,73.95081500,1.88000000
18.54568000,73.95093500,1.84000000
18.54568000,73.95105500,1.80000000
18.54568000,73.95117500,1.75000000
18.54568000,73.95129500,1.69000000
18.54568000,73.95189500,1.69000000
18.54568000,73.95201500,1.75000000
18.54568000,73.95213500,1.80000000
18.54568000,73.95225500,1.84000000
18.54568000,73.95237500,1.88000000
18.54568000,73.95249500,1.84000000
18.54568000,73.95261500,1.80000000
18.54568000,73.95273500,1.75000000
18.54568000,73.95285500,1.69000000
18.54568000,73.95297500,1.69000000
18.54568000,73.95309500,1.75000000
18.54568000,73.95321500,1.80000000
18.54568000,73.95333500,1.84000000
18.54568000,73.95345500,1.88000000
18.54568000,73.95357500,1.88000000
18.54568000,73.95369500,1.84000000
18.54568000,73.95381500,1.80000000
18.54568000,73.95393500,1.80000000
18.54568000,73.95405500,1.80000000
18.54568000,73.95417500,1.80000000
18.54568000,73.95429500,1.75000000
18.54568000,73.95441500,1.75000000
18.54568000,73.95453500,1.75000000
18.54568000,73.95465500,1.75000000
18.54568000,73.95477500,1.69000000
18.54568000,73.96017500,1.69000000
18.54568000,73.96029500,1.75000000
18.54568000,73.96041500,1.75000000
18.54568000,73.96053500,1.80000000
18.54568000,73.96065500,1.80000000
18.54568000,73.96077500,1.84000000
18.54568000,73.96089500,1.88000000
18.54568000,73.96101500,1.91000000
18.54568000,73.96113500,1.91000000
18.54568000,73.96125500,1.88000000
18.54568000,73.96137500,1.84000000
18.54568000,73.96149500,1.80000000
18.54568000,73.96161500,1.75000000
18.54568000,73.96173500,1.75000000
18.54568000,73.96185500,1.75000000
18.54568000,73.96197500,1.75000000
18.54568000,73.96209500,1.69000000
18.54568000,73.96221500,1.69000000
18.54568000,73.96233500,1.69000000
18.54568000,73.96245500,1.69000000
18.54580000,73.94589500,1.69000000
18.54580000,73.94601500,1.69000000
18.54580000,73.94613500,1.69000000
18.54580000,73.94625500,1.69000000
18.54580000,73.94673500,1.69000000
18.54580000,73.94685500,1.75000000
18.54580000,73.94697500,1.75000000
18.54580000,73.94709500,1.80000000
18.54580000,73.94721500,1.80000000
18.54580000,73.94733500,1.75000000
18.54580000,73.94745500,1.75000000
18.54580000,73.94757500,1.75000000
18.54580000,73.94769500,1.75000000
18.54580000,73.94781500,1.75000000
18.54580000,73.94793500,1.69000000
18.54580000,73.94853500,1.69000000
18.54580000,73.94865500,1.75000000
18.54580000,73.94877500,1.75000000
18.54580000,73.94889500,1.80000000
18.54580000,73.94901500,1.75000000
18.54580000,73.94913500,1.75000000
18.54580000,73.94925500,1.75000000
18.54580000,73.94937500,1.75000000
18.54580000,73.94949500,1.75000000
18.54580000,73.94961500,1.80000000
18.54580000,73.94973500,1.80000000
18.54580000,73.94985500,1.84000000
18.54580000,73.94997500,1.84000000
18.54580000,73.95009500,1.88000000
18.54580000,73.95021500,1.88000000
18.54580000,73.95033500,1.84000000
18.54580000,73.95045500,1.84000000
18.54580000,73.95057500,1.84000000
18.54580000,73.95069500,1.84000000
18.54580000,73.95081500,1.84000000
18.54580000,73.95093500,1.84000000
18.54580000,73.95105500,1.80000000
18.54580000,73.95117500,1.75000000
18.54580000,73.95129500,1.69000000
18.54580000,73.95189500,1.69000000
18.54580000,73.95201500,1.75000000
18.54580000,73.95213500,1.80000000
18.54580000,73.95225500,1.84000000
18.54580000,73.95237500,1.84000000
18.54580000,73.95249500,1.80000000
18.54580000,73.95261500,1.75000000
18.54580000,73.95273500,1.69000000
18.54580000,73.95309500,1.69000000
18.54580000,73.95321500,1.75000000
18.54580000,73.95333500,1.80000000
18.54580000,73.95345500,1.84000000
18.54580000,73.95357500,1.88000000
18.54580000,73.95369500,1.88000000
18.54580000,73.95381500,1.84000000
18.54580000,73.95393500,1.84000000
18.54580000,73.95405500,1.84000000
18.54580000,73.95417500,1.84000000
18.54580000,73.95429500,1.80000000
18.54580000,73.95441500,1.80000000
18.54580000,73.95453500,1.80000000
18.54580000,73.95465500,1.80000000
18.54580000,73.95477500,1.75000000
18.54580000,73.95489500,1.69000000
18.54580000,73.95993500,1.69000000
18.54580000,73.96005500,1.69000000
18.54580000,73.96017500,1.75000000
18.54580000,73.96029500,1.80000000
18.54580000,73.96041500,1.80000000
18.54580000,73.96053500,1.84000000
18.54580000,73.96065500,1.84000000
18.54580000,73.96077500,1.88000000
18.54580000,73.96089500,1.91000000
18.54580000,73.96101500,1.91000000
18.54580000,73.96113500,1.88000000
18.54580000,73.96125500,1.84000000
18.54580000,73.96137500,1.80000000
18.54580000,73.96149500,1.75000000
18.54580000,73.96161500,1.69000000
18.54580000,73.96173500,1.69000000
18.54580000,73.96185500,1.69000000
18.54580000,73.96197500,1.69000000
18.54592000,73.94685500,1.69000000
18.54592000,73.94697500,1.69000000
18.54592000,73.94709500,1.75000000
18.54592000,73.94721500,1.75000000
18.54592000,73.94733500,1.69000000
18.54592000,73.94745500,1.69000000
18.54592000,73.94757500,1.69000000
18.54592000,73.94769500,1.69000000
18.54592000,73.94781500,1.69000000
18.54592000,73.94865500,1.69000000
18.54592000,73.94877500,1.69000000
18.54592000,73.94889500,1.75000000
18.54592000,73.94901500,1.69000000
18.54592000,73.94913500,1.69000000
18.54592000,73.94925500,1.69000000
18.54592000,73.94937500,1.69000000
18.54592000,73.94949500,1.69000000
18.54592000,73.94961500,1.75000000
18.54592000,73.94973500,1.75000000
18.54592000,73.94985500,1.80000000
18.54592000,73.94997500,1.80000000
18.54592000,73.95009500,1.84000000
18.54592000,73.95021500,1.84000000
18.54592000,73.95033500,1.80000000
18.54592000,73.95045500,1.80000000
18.54592000,73.95057500,1.80000000
18.54592000,73.95069500,1.80000000
18.54592000,73.95081500,1.80000000
18.54592000,73.95093500,1.80000000
18.54592000,73.95105500,1.80000000
18.54592000,73.95117500,1.75000000
18.54592000,73.95129500,1.69000000
18.54592000,73.95189500,1.69000000
18.54592000,73.95201500,1.75000000
18.54592000,73.95213500,1.80000000
18.54592000,73.95225500,1.84000000
18.54592000,73.95237500,1.88000000
18.54592000,73.95249500,1.84000000
18.54592000,73.95261500,1.80000000
18.54592000,73.95273500,1.75000000
18.54592000,73.95285500,1.69000000
18.54592000,73.95297500,1.69000000
18.54592000,73.95309500,1.75000000
18.54592000,73.95321500,1.80000000
18.54592000,73.95333500,1.84000000
18.54592000,73.95345500,1.88000000
18.54592000,73.95357500,1.91000000
18.54592000,73.95369500,1.91000000
18.54592000,73.95381500,1.88000000
18.54592000,73.95393500,1.88000000
18.54592000,73.95405500,1.88000000
18.54592000,73.95417500,1.88000000
18.54592000,73.95429500,1.84000000
18.54592000,73.95441500,1.84000000
18.54592000,73.95453500,1.84000000
18.54592000,73.95465500,1.84000000
18.54592000,73.95477500,1.80000000
18.54592000,73.95489500,1.75000000
18.54592000,73.95501500,1.69000000
18.54592000,73.95969500,1.69000000
18.54592000,73.95981500,1.69000000
18.54592000,73.95993500,1.75000000
18.54592000,73.96005500,1.75000000
18.54592000,73.96017500,1.80000000
18.54592000,73.96029500,1.84000000
18.54592000,73.96041500,1.84000000
18.54592000,73.96053500,1.88000000
18.54592000,73.96065500,1.88000000
18.54592000,73.96077500,1.91000000
18.54592000,73.96089500,1.91000000
18.54592000,73.96101500,1.88000000
18.54592000,73.96113500,1.84000000
18.54592000,73.96125500,1.80000000
18.54592000,73.96137500,1.75000000
18.54592000,73.96149500,1.69000000
18.54604000,73.94709500,1.69000000
18.54604000,73.94721500,1.69000000
18.54604000,73.94889500,1.69000000
18.54604000,73.94961500,1.69000000
18.54604000,73.94973500,1.69000000
18.54604000,73.94985500,1.75000000
18.54604000,73.94997500,1.75000000
18.54604000,73.95009500,1.80000000
18.54604000,73.95021500,1.80000000
18.54604000,73.95033500,1.75000000
18.54604000,73.95045500,1.75000000
18.54604000,73.95057500,1.75000000
18.54604000,73.95069500,1.75000000
18.54604000,73.95081500,1.75000000
18.54604000,73.95093500,1.75000000
18.54604000,73.95105500,1.75000000
18.54604000,73.95117500,1.69000000
18.54604000,73.95189500,1.69000000
18.54604000,73.95201500,1.75000000
18.54604000,73.95213500,1.80000000
18.54604000,73.95225500,1.84000000
18.54604000,73.95237500,1.84000000
18.54604000,73.95249500,1.84000000
18.54604000,73.95261500,1.84000000
18.54604000,73.95273500,1.80000000
18.54604000,73.95285500,1.75000000
18.54604000,73.95297500,1.75000000
18.54604000,73.95309500,1.80000000
18.54604000,73.95321500,1.84000000
18.54604000,73.95333500,1.88000000
18.54604000,73.95345500,1.91000000
18.54604000,73.95357500,1.91000000
18.54604000,73.95369500,1.91000000
18.54604000,73.95381500,1.91000000
18.54604000,73.95393500,1.91000000
18.54604000,73.95405500,1.91000000
18.54604000,73.95417500,1.91000000
18.54604000,73.95429500,1.88000000
18.54604000,73.95441500,1.88000000
18.54604000,73.95453500,1.88000000
18.54604000,73.95465500,1.84000000
18.54604000,73.95477500,1.80000000
18.54604000,73.95489500,1.75000000
18.54604000,73.95501500,1.69000000
18.54604000,73.95561500,1.69000000
18.54604000,73.95573500,1.69000000
18.54604000,73.95585500,1.69000000
18.54604000,73.95681500,1.69000000
18.54604000,73.95693500,1.69000000
18.54604000,73.95777500,1.69000000
18.54604000,73.95825500,1.69000000
18.54604000,73.95837500,1.69000000
18.54604000,73.95849500,1.69000000
18.54604000,73.95861500,1.69000000
18.54604000,73.95873500,1.69000000
18.54604000,73.95885500,1.69000000
18.54604000,73.95897500,1.69000000
18.54604000,73.95909500,1.69000000
18.54604000,73.95921500,1.69000000
18.54604000,73.95933500,1.69000000
18.54604000,73.95945500,1.69000000
18.54604000,73.95957500,1.69000000
18.54604000,73.95969500,1.75000000
18.54604000,73.95981500,1.75000000
18.54604000,73.95993500,1.80000000
18.54604000,73.96005500,1.80000000
18.54604000,73.96017500,1.80000000
18.54604000,73.96029500,1.84000000
18.54604000,73.96041500,1.88000000
18.54604000,73.96053500,1.91000000
18.54604000,73.96065500,1.91000000
18.54604000,73.96077500,1.91000000
18.54604000,73.96089500,1.88000000
18.54604000,73.96101500,1.84000000
18.54604000,73.96113500,1.80000000
18.54604000,73.96125500,1.75000000
18.54604000,73.96137500,1.75000000
18.54604000,73.96149500,1.69000000
18.54616000,73.94985500,1.69000000
18.54616000,73.94997500,1.69000000
18.54616000,73.95009500,1.75000000
18.54616000,73.95021500,1.75000000
18.54616000,73.95033500,1.69000000
18.54616000,73.95045500,1.69000000
18.54616000,73.95057500,1.69000000
18.54616000,73.95069500,1.69000000
18.54616000,73.95081500,1.69000000
18.54616000,73.95093500,1.69000000
18.54616000,73.95105500,1.69000000
18.54616000,73.95201500,1.69000000
18.54616000,73.95213500,1.75000000
18.54616000,73.95225500,1.80000000
18.54616000,73.95237500,1.80000000
18.54616000,73.95249500,1.80000000
18.54616000,73.95261500,1.80000000
18.54616000,73.95273500,1.80000000
18.54616000,73.95285500,1.80000000
18.54616000,73.95297500,1.80000000
18.54616000,73.95309500,1.84000000
18.54616000,73.95321500,1.84000000
18.54616000,73.95333500,1.88000000
18.54616000,73.95345500,1.88000000
18.54616000,73.95357500,1.88000000
18.54616000,73.95369500,1.88000000
18.54616000,73.95381500,1.88000000
18.54616000,73.95393500,1.88000000
18.54616000,73.95405500,1.88000000
18.54616000,73.95417500,1.88000000
18.54616000,73.95429500,1.88000000
18.54616000,73.95441500,1.88000000
18.54616000,73.95453500,1.88000000
18.54616000,73.95465500,1.84000000
18.54616000,73.95477500,1.80000000
18.54616000,73.95489500,1.75000000
18.54616000,73.95501500,1.69000000
18.54616000,73.95549500,1.69000000
18.54616000,73.95561500,1.75000000
18.54616000,73.95573500,1.75000000
18.54616000,73.95585500,1.69000000
18.54616000,73.95669500,1.69000000
18.54616000,73.95681500,1.75000000
18.54616000,73.95693500,1.75000000
18.54616000,73.95705500,1.69000000
18.54616000,73.95717500,1.69000000
18.54616000,73.95729500,1.69000000
18.54616000,73.95741500,1.69000000
18.54616000,73.95753500,1.69000000
18.54616000,73.95765500,1.69000000
18.54616000,73.95777500,1.75000000
18.54616000,73.95789500,1.69000000
18.54616000,73.95801500,1.69000000
18.54616000,73.95813500,1.69000000
18.54616000,73.95825500,1.75000000
18.54616000,73.95837500,1.75000000
18.54616000,73.95849500,1.75000000
18.54616000,73.95861500,1.75000000
18.54616000,73.95873500,1.75000000
18.54616000,73.95885500,1.75000000
18.54616000,73.95897500,1.75000000
18.54616000,73.95909500,1.75000000
18.54616000,73.95921500,1.75000000
18.54616000,73.95933500,1.75000000
18.54616000,73.95945500,1.75000000
18.54616000,73.95957500,1.75000000
18.54616000,73.95969500,1.80000000
18.54616000,73.95981500,1.80000000
18.54616000,73.95993500,1.84000000
18.54616000,73.96005500,1.80000000
18.54616000,73.96017500,1.75000000
18.54616000,73.96029500,1.80000000
18.54616000,73.96041500,1.84000000
18.54616000,73.96053500,1.88000000
18.54616000,73.96065500,1.88000000
18.54616000,73.96077500,1.88000000
18.54616000,73.96089500,1.84000000
18.54616000,73.96101500,1.80000000
18.54616000,73.96113500,1.75000000
18.54616000,73.96125500,1.69000000
18.54616000,73.96137500,1.69000000
18.54628000,73.95009500,1.69000000
18.54628000,73.95021500,1.69000000
18.54628000,73.95201500,1.69000000
18.54628000,73.95213500,1.69000000
18.54628000,73.95225500,1.75000000
18.54628000,73.95237500,1.75000000
18.54628000,73.95249500,1.75000000
18.54628000,73.95261500,1.75000000
18.54628000,73.95273500,1.75000000
18.54628000,73.95285500,1.75000000
18.54628000,73.95297500,1.75000000
18.54628000,73.95309500,1.80000000
18.54628000,73.95321500,1.80000000
18.54628000,73.95333500,1.84000000
18.54628000,73.95345500,1.84000000
18.54628000,73.95357500,1.84000000
18.54628000,73.95369500,1.84000000
18.54628000,73.95381500,1.84000000
18.54628000,73.95393500,1.84000000
18.54628000,73.95405500,1.84000000
18.54628000,73.95417500,1.84000000
18.54628000,73.95429500,1.84000000
18.54628000,73.95441500,1.84000000
18.54628000,73.95453500,1.84000000
18.54628000,73.95465500,1.84000000
18.54628000,73.95477500,1.80000000
18.54628000,73.95489500,1.75000000
18.54628000,73.95501500,1.69000000
18.54628000,73.95561500,1.69000000
18.54628000,73.95573500,1.75000000
18.54628000,73.95585500,1.75000000
18.54628000,73.95597500,1.69000000
18.54628000,73.95657500,1.69000000
18.54628000,73.95669500,1.75000000
18.54628000,73.95681500,1.80000000
18.54628000,73.95693500,1.80000000
18.54628000,73.95705500,1.75000000
18.54628000,73.95717500,1.75000000
18.54628000,73.95729500,1.75000000
18.54628000,73.95741500,1.75000000
18.54628000,73.95753500,1.75000000
18.54628000,73.95765500,1.75000000
18.54628000,73.95777500,1.80000000
18.54628000,73.95789500,1.75000000
18.54628000,73.95801500,1.75000000
18.54628000,73.95813500,1.75000000
18.54628000,73.95825500,1.80000000
18.54628000,73.95837500,1.80000000
18.54628000,73.95849500,1.80000000
18.54628000,73.95861500,1.80000000
18.54628000,73.95873500,1.80000000
18.54628000,73.95885500,1.80000000
18.54628000,73.95897500,1.80000000
18.54628000,73.95909500,1.80000000
18.54628000,73.95921500,1.80000000
18.54628000,73.95933500,1.80000000
18.54628000,73.95945500,1.80000000
18.54628000,73.95957500,1.80000000
18.54628000,73.95969500,1.84000000
18.54628000,73.95981500,1.84000000
18.54628000,73.95993500,1.80000000
18.54628000,73.96005500,1.75000000
18.54628000,73.96017500,1.69000000
18.54628000,73.96029500,1.75000000
18.54628000,73.96041500,1.80000000
18.54628000,73.96053500,1.84000000
18.54628000,73.96065500,1.84000000
18.54628000,73.96077500,1.84000000
18.54628000,73.96089500,1.80000000
18.54628000,73.96101500,1.75000000
18.54628000,73.96113500,1.69000000
18.54640000,73.95225500,1.69000000
18.54640000,73.95237500,1.69000000
18.54640000,73.95249500,1.69000000
18.54640000,73.95261500,1.69000000
18.54640000,73.95273500,1.69000000
18.54640000,73.95285500,1.69000000
18.54640000,73.95297500,1.69000000
18.54640000,73.95309500,1.75000000
18.54640000,73.95321500,1.75000000
18.54640000,73.95333500,1.80000000
18.54640000,73.95345500,1.80000000
18.54640000,73.95357500,1.80000000
18.54640000,73.95369500,1.80000000
18.54640000,73.95381500,1.80000000
18.54640000,73.95393500,1.80000000
18.54640000,73.95405500,1.80000000
18.54640000,73.95417500,1.80000000
18.54640000,73.95429500,1.80000000
18.54640000,73.95441500,1.80000000
18.54640000,73.95453500,1.80000000
18.54640000,73.95465500,1.80000000
18.54640000,73.95477500,1.75000000
18.54640000,73.95489500,1.69000000
18.54640000,73.95561500,1.69000000
18.54640000,73.95573500,1.75000000
18.54640000,73.95585500,1.75000000
18.54640000,73.95597500,1.69000000
18.54640000,73.95657500,1.69000000
18.54640000,73.95669500,1.75000000
18.54640000,73.95681500,1.80000000
18.54640000,73.95693500,1.84000000
18.54640000,73.95705500,1.80000000
18.54640000,73.95717500,1.80000000
18.54640000,73.95729500,1.80000000
18.54640000,73.95741500,1.80000000
18.54640000,73.95753500,1.80000000
18.54640000,73.95765500,1.80000000
18.54640000,73.95777500,1.84000000
18.54640000,73.95789500,1.80000000
18.54640000,73.95801500,1.80000000
18.54640000,73.95813500,1.80000000
18.54640000,73.95825500,1.84000000
18.54640000,73.95837500,1.84000000
18.54640000,73.95849500,1.84000000
18.54640000,73.95861500,1.84000000
18.54640000,73.95873500,1.84000000
18.54640000,73.95885500,1.84000000
18.54640000,73.95897500,1.84000000
18.54640000,73.95909500,1.84000000
18.54640000,73.95921500,1.84000000
18.54640000,73.95933500,1.84000000
18.54640000,73.95945500,1.84000000
18.54640000,73.95957500,1.84000000
18.54640000,73.95969500,1.84000000
18.54640000,73.95981500,1.80000000
18.54640000,73.95993500,1.75000000
18.54640000,73.96005500,1.69000000
18.54640000,73.96029500,1.69000000
18.54640000,73.96041500,1.75000000
18.54640000,73.96053500,1.80000000
18.54640000,73.96065500,1.80000000
18.54640000,73.96077500,1.80000000
18.54640000,73.96089500,1.75000000
18.54640000,73.96101500,1.69000000
18.54652000,73.95309500,1.69000000
18.54652000,73.95321500,1.69000000
18.54652000,73.95333500,1.75000000
18.54652000,73.95345500,1.75000000
18.54652000,73.95357500,1.75000000
18.54652000,73.95369500,1.75000000
18.54652000,73.95381500,1.75000000
18.54652000,73.95393500,1.75000000
18.54652000,73.95405500,1.75000000
18.54652000,73.95417500,1.75000000
18.54652000,73.95429500,1.75000000
18.54652000,73.95441500,1.75000000
18.54652000,73.95453500,1.75000000
18.54652000,73.95465500,1.80000000
18.54652000,73.95477500,1.75000000
18.54652000,73.95489500,1.69000000
18.54652000,73.95573500,1.69000000
18.54652000,73.95585500,1.75000000
18.54652000,73.95597500,1.75000000
18.54652000,73.95609500,1.69000000
18.54652000,73.95645500,1.69000000
18.54652000,73.95657500,1.75000000
18.54652000,73.95669500,1.80000000
18.54652000,73.95681500,1.84000000
18.54652000,73.95693500,1.88000000
18.54652000,73.95705500,1.84000000
18.54652000,73.95717500,1.84000000
18.54652000,73.95729500,1.84000000
18.54652000,73.95741500,1.84000000
18.54652000,73.95753500,1.84000000
18.54652000,73.95765500,1.84000000
18.54652000,73.95777500,1.88000000
18.54652000,73.95789500,1.84000000
18.54652000,73.95801500,1.84000000
18.54652000,73.95813500,1.84000000
18.54652000,73.95825500,1.88000000
18.54652000,73.95837500,1.88000000
18.54652000,73.95849500,1.88000000
18.54652000,73.95861500,1.88000000
18.54652000,73.95873500,1.88000000
18.54652000,73.95885500,1.88000000
18.54652000,73.95897500,1.88000000
18.54652000,73.95909500,1.88000000
18.54652000,73.95921500,1.88000000
18.54652000,73.95933500,1.88000000
18.54652000,73.95945500,1.88000000
18.54652000,73.95957500,1.88000000
18.54652000,73.95969500,1.88000000
18.54652000,73.95981500,1.84000000
18.54652000,73.95993500,1.80000000
18.54652000,73.96005500,1.75000000
18.54652000,73.96017500,1.69000000
18.54652000,73.96029500,1.75000000
18.54652000,73.96041500,1.80000000
18.54652000,73.96053500,1.75000000
18.54652000,73.96065500,1.75000000
18.54652000,73.96077500,1.75000000
18.54652000,73.96089500,1.69000000
18.54652000,73.96101500,1.69000000
18.54664000,73.95333500,1.69000000
18.54664000,73.95345500,1.69000000
18.54664000,73.95357500,1.69000000
18.54664000,73.95369500,1.69000000
18.54664000,73.95381500,1.69000000
18.54664000,73.95393500,1.69000000
18.54664000,73.95405500,1.69000000
18.54664000,73.95417500,1.69000000
18.54664000,73.95429500,1.69000000
18.54664000,73.95441500,1.69000000
18.54664000,73.95453500,1.69000000
18.54664000,73.95465500,1.75000000
18.54664000,73.95477500,1.69000000
18.54664000,73.95573500,1.69000000
18.54664000,73.95585500,1.75000000
18.54664000,73.95597500,1.75000000
18.54664000,73.95609500,1.69000000
18.54664000,73.95645500,1.69000000
18.54664000,73.95657500,1.75000000
18.54664000,73.95669500,1.80000000
18.54664000,73.95681500,1.84000000
18.54664000,73.95693500,1.88000000
18.54664000,73.95705500,1.88000000
18.54664000,73.95717500,1.88000000
18.54664000,73.95729500,1.88000000
18.54664000,73.95741500,1.88000000
18.54664000,73.95753500,1.88000000
18.54664000,73.95765500,1.88000000
18.54664000,73.95777500,1.91000000
18.54664000,73.95789500,1.88000000
18.54664000,73.95801500,1.88000000
18.54664000,73.95813500,1.88000000
18.54664000,73.95825500,1.91000000
18.54664000,73.95837500,1.91000000
18.54664000,73.95849500,1.91000000
18.54664000,73.95861500,1.91000000
18.54664000,73.95873500,1.91000000
18.54664000,73.95885500,1.91000000
18.54664000,73.95897500,1.91000000
18.54664000,73.95909500,1.91000000
18.54664000,73.95921500,1.91000000
18.54664000,73.95933500,1.88000000
18.54664000,73.95945500,1.88000000
18.54664000,73.95957500,1.88000000
18.54664000,73.95969500,1.88000000
18.54664000,73.95981500,1.88000000
18.54664000,73.95993500,1.84000000
18.54664000,73.96005500,1.80000000
18.54664000,73.96017500,1.75000000
18.54664000,73.96029500,1.80000000
18.54664000,73.96041500,1.75000000
18.54664000,73.96053500,1.69000000
18.54664000,73.96065500,1.69000000
18.54664000,73.96077500,1.69000000
18.54676000,73.95465500,1.69000000
18.54676000,73.95573500,1.69000000
18.54676000,73.95585500,1.75000000
18.54676000,73.95597500,1.75000000
18.54676000,73.95609500,1.69000000
18.54676000,73.95645500,1.69000000
18.54676000,73.95657500,1.75000000
18.54676000,73.95669500,1.80000000
18.54676000,73.95681500,1.84000000
18.54676000,73.95693500,1.84000000
18.54676000,73.95705500,1.88000000
18.54676000,73.95717500,1.88000000
18.54676000,73.95729500,1.88000000
18.54676000,73.95741500,1.88000000
18.54676000,73.95753500,1.91000000
18.54676000,73.95765500,1.91000000
18.54676000,73.95777500,1.94000000
18.54676000,73.95789500,1.91000000
18.54676000,73.95801500,1.91000000
18.54676000,73.95813500,1.91000000
18.54676000,73.95825500,1.94000000
18.54676000,73.95837500,1.94000000
18.54676000,73.95849500,1.94000000
18.54676000,73.95861500,1.94000000
18.54676000,73.95873500,1.94000000
18.54676000,73.95885500,1.94000000
18.54676000,73.95897500,1.94000000
18.54676000,73.95909500,1.91000000
18.54676000,73.95921500,1.88000000
18.54676000,73.95933500,1.84000000
18.54676000,73.95945500,1.84000000
18.54676000,73.95957500,1.84000000
18.54676000,73.95969500,1.84000000
18.54676000,73.95981500,1.84000000
18.54676000,73.95993500,1.84000000
18.54676000,73.96005500,1.84000000
18.54676000,73.96017500,1.80000000
18.54676000,73.96029500,1.75000000
18.54676000,73.96041500,1.69000000
18.54688000,73.95573500,1.69000000
18.54688000,73.95585500,1.75000000
18.54688000,73.95597500,1.69000000
18.54688000,73.95645500,1.69000000
18.54688000,73.95657500,1.75000000
18.54688000,73.95669500,1.80000000
18.54688000,73.95681500,1.80000000
18.54688000,73.95693500,1.80000000
18.54688000,73.95705500,1.84000000
18.54688000,73.95717500,1.84000000
18.54688000,73.95729500,1.84000000
18.54688000,73.95741500,1.84000000
18.54688000,73.95753500,1.88000000
18.54688000,73.95765500,1.91000000
18.54688000,73.95777500,1.94000000
18.54688000,73.95789500,1.94000000
18.54688000,73.95801500,1.94000000
18.54688000,73.95813500,1.94000000
18.54688000,73.95825500,1.97000000
18.54688000,73.95837500,1.97000000
18.54688000,73.95849500,1.97000000
18.54688000,73.95861500,1.97000000
18.54688000,73.95873500,1.97000000
18.54688000,73.95885500,1.94000000
18.54688000,73.95897500,1.91000000
18.54688000,73.95909500,1.88000000
18.54688000,73.95921500,1.84000000
18.54688000,73.95933500,1.80000000
18.54688000,73.95945500,1.80000000
18.54688000,73.95957500,1.80000000
18.54688000,73.95969500,1.80000000
18.54688000,73.95981500,1.80000000
18.54688000,73.95993500,1.80000000
18.54688000,73.96005500,1.80000000
18.54688000,73.96017500,1.75000000
18.54688000,73.96029500,1.69000000
18.54700000,73.95585500,1.69000000
18.54700000,73.95657500,1.69000000
18.54700000,73.95669500,1.75000000
18.54700000,73.95681500,1.75000000
18.54700000,73.95693500,1.75000000
18.54700000,73.95705500,1.80000000
18.54700000,73.95717500,1.80000000
18.54700000,73.95729500,1.80000000
18.54700000,73.95741500,1.80000000
18.54700000,73.95753500,1.84000000
18.54700000,73.95765500,1.88000000
18.54700000,73.95777500,1.91000000
18.54700000,73.95789500,1.94000000
18.54700000,73.95801500,1.97000000
18.54700000,73.95813500,1.97000000
18.54700000,73.95825500,2.00000000
18.54700000,73.95837500,2.00000000
18.54700000,73.95849500,2.00000000
18.54700000,73.95861500,1.97000000
18.54700000,73.95873500,1.94000000
18.54700000,73.95885500,1.91000000
18.54700000,73.95897500,1.88000000
18.54700000,73.95909500,1.84000000
18.54700000,73.95921500,1.80000000
18.54700000,73.95933500,1.75000000
18.54700000,73.95945500,1.75000000
18.54700000,73.95957500,1.75000000
18.54700000,73.95969500,1.75000000
18.54700000,73.95981500,1.75000000
18.54700000,73.95993500,1.75000000
18.54700000,73.96005500,1.75000000
18.54700000,73.96017500,1.69000000
18.54700000,73.96029500,1.69000000
18.54712000,73.95669500,1.69000000
18.54712000,73.95681500,1.69000000
18.54712000,73.95693500,1.69000000
18.54712000,73.95705500,1.75000000
18.54712000,73.95717500,1.75000000
18.54712000,73.95729500,1.75000000
18.54712000,73.95741500,1.75000000
18.54712000,73.95753500,1.80000000
18.54712000,73.95765500,1.84000000
18.54712000,73.95777500,1.88000000
18.54712000,73.95789500,1.91000000
18.54712000,73.95801500,1.94000000
18.54712000,73.95813500,1.97000000
18.54712000,73.95825500,2.00000000
18.54712000,73.95837500,2.00000000
18.54712000,73.95849500,1.97000000
18.54712000,73.95861500,1.94000000
18.54712000,73.95873500,1.91000000
18.54712000,73.95885500,1.88000000
18.54712000,73.95897500,1.84000000
18.54712000,73.95909500,1.80000000
18.54712000,73.95921500,1.75000000
18.54712000,73.95933500,1.69000000
18.54712000,73.95945500,1.69000000
18.54712000,73.95957500,1.69000000
18.54712000,73.95969500,1.69000000
18.54712000,73.95981500,1.69000000
18.54712000,73.95993500,1.69000000
18.54712000,73.96005500,1.69000000
18.54724000,73.95705500,1.69000000
18.54724000,73.95717500,1.69000000
18.54724000,73.95729500,1.69000000
18.54724000,73.95741500,1.69000000
18.54724000,73.95753500,1.75000000
18.54724000,73.95765500,1.80000000
18.54724000,73.95777500,1.84000000
18.54724000,73.95789500,1.88000000
18.54724000,73.95801500,1.91000000
18.54724000,73.95813500,1.94000000
18.54724000,73.95825500,1.97000000
18.54724000,73.95837500,1.97000000
18.54724000,73.95849500,1.94000000
18.54724000,73.95861500,1.91000000
18.54724000,73.95873500,1.88000000
18.54724000,73.95885500,1.84000000
18.54724000,73.95897500,1.80000000
18.54724000,73.95909500,1.75000000
18.54724000,73.95921500,1.69000000
18.54736000,73.95753500,1.69000000
18.54736000,73.95765500,1.75000000
18.54736000,73.95777500,1.80000000
18.54736000,73.95789500,1.84000000
18.54736000,73.95801500,1.88000000
18.54736000,73.95813500,1.91000000
18.54736000,73.95825500,1.94000000
18.54736000,73.95837500,1.94000000
18.54736000,73.95849500,1.91000000
18.54736000,73.95861500,1.88000000
18.54736000,73.95873500,1.84000000
18.54736000,73.95885500,1.80000000
18.54736000,73.95897500,1.75000000
18.54736000,73.95909500,1.69000000
