{"type": "FeatureCollection", "features": [{"type": "Feature", "properties": {"osmId": 2289294125, "id": "osm_tree_2289294125", "natural": "tree", "tree_height": 6.45, "height_source": "VISUAL_ESTIMATE", "genus": null, "species": "Ficus religiosa", "circumference": null, "diameter_crown": null, "source": "OPENSTREETMAP"}, "geometry": {"type": "Point", "coordinates": [73.8500437, 18.5181439]}}, {"type": "Feature", "properties": {"osmId": 5977486210, "id": "osm_tree_5977486210", "natural": "tree", "tree_height": 9.95, "height_source": "VISUAL_ESTIMATE", "genus": null, "species": null, "circumference": null, "diameter_crown": null, "source": "OPENSTREETMAP"}, "geometry": {"type": "Point", "coordinates": [73.8791799, 18.5159511]}}, {"type": "Feature", "properties": {"osmId": 5977509461, "id": "osm_tree_5977509461", "natural": "tree", "tree_height": 8.2, "height_source": "VISUAL_ESTIMATE", "genus": null, "species": null, "circumference": null, "diameter_crown": null, "source": "OPENSTREETMAP"}, "geometry": {"type": "Point", "coordinates": [73.8836709, 18.5159335]}}, {"type": "Feature", "properties": {"osmId": 6113066918, "id": "osm_tree_6113066918", "natural": "tree", "tree_height": 8.55, "height_source": "VISUAL_ESTIMATE", "genus": null, "species": null, "circumference": null, "diameter_crown": null, "source": "OPENSTREETMAP"}, "geometry": {"type": "Point", "coordinates": [73.858478, 18.5150032]}}, {"type": "Feature", "properties": {"osmId": 6113066919, "id": "osm_tree_6113066919", "natural": "tree", "tree_height": 8.9, "height_source": "VISUAL_ESTIMATE", "genus": null, "species": null, "circumference": null, "diameter_crown": null, "source": "OPENSTREETMAP"}, "geometry": {"type": "Point", "coordinates": [73.8586126, 18.515223]}}, {"type": "Feature", "properties": {"osmId": 6113066920, "id": "osm_tree_6113066920", "natural": "tree", "tree_height": 9.25, "height_source": "VISUAL_ESTIMATE", "genus": null, "species": null, "circumference": null, "diameter_crown": null, "source": "OPENSTREETMAP"}, "geometry": {"type": "Point", "coordinates": [73.8598562, 18.5152301]}}, {"type": "Feature", "properties": {"osmId": 7051137462, "id": "osm_tree_7051137462", "natural": "tree", "tree_height": 9.95, "height_source": "VISUAL_ESTIMATE", "genus": null, "species": null, "circumference": null, "diameter_crown": null, "source": "OPENSTREETMAP"}, "geometry": {"type": "Point", "coordinates": [73.85012, 18.5259905]}}, {"type": "Feature", "properties": {"osmId": 8943225719, "id": "osm_tree_8943225719", "natural": "tree", "tree_height": 5.4, "height_source": "VISUAL_ESTIMATE", "genus": null, "species": null, "circumference": null, "diameter_crown": null, "source": "OPENSTREETMAP"}, "geometry": {"type": "Point", "coordinates": [73.8549345, 18.5190979]}}, {"type": "Feature", "properties": {"osmId": 8943225723, "id": "osm_tree_8943225723", "natural": "tree", "tree_height": 6.8, "height_source": "VISUAL_ESTIMATE", "genus": null, "species": null, "circumference": null, "diameter_crown": null, "source": "OPENSTREETMAP"}, "geometry": {"type": "Point", "coordinates": [73.8578426, 18.5197915]}}, {"type": "Feature", "properties": {"osmId": 8943225726, "id": "osm_tree_8943225726", "natural": "tree", "tree_height": 7.85, "height_source": "VISUAL_ESTIMATE", "genus": null, "species": null, "circumference": null, "diameter_crown": null, "source": "OPENSTREETMAP"}, "geometry": {"type": "Point", "coordinates": [73.8559096, 18.5189926]}}, {"type": "Feature", "properties": {"osmId": 8943225729, "id": "osm_tree_8943225729", "natural": "tree", "tree_height": 8.9, "height_source": "VISUAL_ESTIMATE", "genus": null, "species": null, "circumference": null, "diameter_crown": null, "source": "OPENSTREETMAP"}, "geometry": {"type": "Point", "coordinates": [73.8548699, 18.5192092]}}, {"type": "Feature", "properties": {"osmId": 8943225732, "id": "osm_tree_8943225732", "natural": "tree", "tree_height": 9.95, "height_source": "VISUAL_ESTIMATE", "genus": null, "species": null, "circumference": null, "diameter_crown": null, "source": "OPENSTREETMAP"}, "geometry": {"type": "Point", "coordinates": [73.8556168, 18.5198557]}}, {"type": "Feature", "properties": {"osmId": 8943225736, "id": "osm_tree_8943225736", "natural": "tree", "tree_height": 5.4, "height_source": "VISUAL_ESTIMATE", "genus": null, "species": null, "circumference": null, "diameter_crown": null, "source": "OPENSTREETMAP"}, "geometry": {"type": "Point", "coordinates": [73.8552158, 18.5187771]}}, {"type": "Feature", "properties": {"osmId": 8943225738, "id": "osm_tree_8943225738", "natural": "tree", "tree_height": 6.1, "height_source": "VISUAL_ESTIMATE", "genus": null, "species": null, "circumference": null, "diameter_crown": null, "source": "OPENSTREETMAP"}, "geometry": {"type": "Point", "coordinates": [73.8548268, 18.5193461]}}, {"type": "Feature", "properties": {"osmId": 8943225741, "id": "osm_tree_8943225741", "natural": "tree", "tree_height": 7.15, "height_source": "VISUAL_ESTIMATE", "genus": null, "species": null, "circumference": null, "diameter_crown": null, "source": "OPENSTREETMAP"}, "geometry": {"type": "Point", "coordinates": [73.8556564, 18.5193625]}}, {"type": "Feature", "properties": {"osmId": 8943225744, "id": "osm_tree_8943225744", "natural": "tree", "tree_height": 8.2, "height_source": "VISUAL_ESTIMATE", "genus": null, "species": null, "circumference": null, "diameter_crown": null, "source": "OPENSTREETMAP"}, "geometry": {"type": "Point", "coordinates": [73.8549895, 18.5187669]}}, {"type": "Feature", "properties": {"osmId": 8943225748, "id": "osm_tree_8943225748", "natural": "tree", "tree_height": 9.6, "height_source": "VISUAL_ESTIMATE", "genus": null, "species": null, "circumference": null, "diameter_crown": null, "source": "OPENSTREETMAP"}, "geometry": {"type": "Point", "coordinates": [73.8548117, 18.5195494]}}, {"type": "Feature", "properties": {"osmId": 8943225751, "id": "osm_tree_8943225751", "natural": "tree", "tree_height": 4.7, "height_source": "VISUAL_ESTIMATE", "genus": null, "species": null, "circumference": null, "diameter_crown": null, "source": "OPENSTREETMAP"}, "geometry": {"type": "Point", "coordinates": [73.8558784, 18.5194166]}}, {"type": "Feature", "properties": {"osmId": 8943225754, "id": "osm_tree_8943225754", "natural": "tree", "tree_height": 5.75, "height_source": "VISUAL_ESTIMATE", "genus": null, "species": null, "circumference": null, "diameter_crown": null, "source": "OPENSTREETMAP"}, "geometry": {"type": "Point", "coordinates": [73.8549852, 18.5188598]}}, {"type": "Feature", "properties": {"osmId": 8943225757, "id": "osm_tree_8943225757", "natural": "tree", "tree_height": 6.8, "height_source": "VISUAL_ESTIMATE", "genus": null, "species": null, "circumference": null, "diameter_crown": null, "source": "OPENSTREETMAP"}, "geometry": {"type": "Point", "coordinates": [73.854816, 18.5196914]}}, {"type": "Feature", "properties": {"osmId": 8943225760, "id": "osm_tree_8943225760", "natural": "tree", "tree_height": 7.85, "height_source": "VISUAL_ESTIMATE", "genus": null, "species": null, "circumference": null, "diameter_crown": null, "source": "OPENSTREETMAP"}, "geometry": {"type": "Point", "coordinates": [73.8555358, 18.5188016]}}, {"type": "Feature", "properties": {"osmId": 8943225763, "id": "osm_tree_8943225763", "natural": "tree", "tree_height": 8.9, "height_source": "VISUAL_ESTIMATE", "genus": null, "species": null, "circumference": null, "diameter_crown": null, "source": "OPENSTREETMAP"}, "geometry": {"type": "Point", "coordinates": [73.8549701, 18.5189845]}}, {"type": "Feature", "properties": {"osmId": 8943225766, "id": "osm_tree_8943225766", "natural": "tree", "tree_height": 9.95, "height_source": "VISUAL_ESTIMATE", "genus": null, "species": null, "circumference": null, "diameter_crown": null, "source": "OPENSTREETMAP"}, "geometry": {"type": "Point", "coordinates": [73.854816, 18.5199233]}}, {"type": "Feature", "properties": {"osmId": 8943225770, "id": "osm_tree_8943225770", "natural": "tree", "tree_height": 5.4, "height_source": "VISUAL_ESTIMATE", "genus": null, "species": null, "circumference": null, "diameter_crown": null, "source": "OPENSTREETMAP"}, "geometry": {"type": "Point", "coordinates": [73.8556672, 18.518869]}}, {"type": "Feature", "properties": {"osmId": 9826860871, "id": "osm_tree_9826860871", "natural": "tree", "tree_height": 7.5, "height_source": "VISUAL_ESTIMATE", "genus": null, "species": null, "circumference": null, "diameter_crown": null, "source": "OPENSTREETMAP"}, "geometry": {"type": "Point", "coordinates": [73.8495711, 18.5271328]}}, {"type": "Feature", "properties": {"osmId": 9826860872, "id": "osm_tree_9826860872", "natural": "tree", "tree_height": 7.85, "height_source": "VISUAL_ESTIMATE", "genus": null, "species": null, "circumference": null, "diameter_crown": null, "source": "OPENSTREETMAP"}, "geometry": {"type": "Point", "coordinates": [73.8499131, 18.5256585]}}, {"type": "Feature", "properties": {"osmId": 9826860873, "id": "osm_tree_9826860873", "natural": "tree", "tree_height": 8.2, "height_source": "VISUAL_ESTIMATE", "genus": null, "species": null, "circumference": null, "diameter_crown": null, "source": "OPENSTREETMAP"}, "geometry": {"type": "Point", "coordinates": [73.8509147, 18.5273317]}}, {"type": "Feature", "properties": {"osmId": 9826860874, "id": "osm_tree_9826860874", "natural": "tree", "tree_height": 8.55, "height_source": "VISUAL_ESTIMATE", "genus": null, "species": null, "circumference": null, "diameter_crown": null, "source": "OPENSTREETMAP"}, "geometry": {"type": "Point", "coordinates": [73.8509572, 18.5276395]}}, {"type": "Feature", "properties": {"osmId": 9826860876, "id": "osm_tree_9826860876", "natural": "tree", "tree_height": 9.25, "height_source": "VISUAL_ESTIMATE", "genus": null, "species": null, "circumference": null, "diameter_crown": null, "source": "OPENSTREETMAP"}, "geometry": {"type": "Point", "coordinates": [73.8499683, 18.5266425]}}, {"type": "Feature", "properties": {"osmId": 9826860877, "id": "osm_tree_9826860877", "natural": "tree", "tree_height": 9.6, "height_source": "VISUAL_ESTIMATE", "genus": null, "species": null, "circumference": null, "diameter_crown": null, "source": "OPENSTREETMAP"}, "geometry": {"type": "Point", "coordinates": [73.8508043, 18.5274421]}}, {"type": "Feature", "properties": {"osmId": 9826860878, "id": "osm_tree_9826860878", "natural": "tree", "tree_height": 9.95, "height_source": "VISUAL_ESTIMATE", "genus": null, "species": null, "circumference": null, "diameter_crown": null, "source": "OPENSTREETMAP"}, "geometry": {"type": "Point", "coordinates": [73.850681, 18.5272572]}}, {"type": "Feature", "properties": {"osmId": 9826860879, "id": "osm_tree_9826860879", "natural": "tree", "tree_height": 10.3, "height_source": "VISUAL_ESTIMATE", "genus": null, "species": null, "circumference": null, "diameter_crown": null, "source": "OPENSTREETMAP"}, "geometry": {"type": "Point", "coordinates": [73.8494099, 18.5271043]}}, {"type": "Feature", "properties": {"osmId": 9826860880, "id": "osm_tree_9826860880", "natural": "tree", "tree_height": 4.7, "height_source": "VISUAL_ESTIMATE", "genus": null, "species": null, "circumference": null, "diameter_crown": null, "source": "OPENSTREETMAP"}, "geometry": {"type": "Point", "coordinates": [73.850681, 18.5269252]}}, {"type": "Feature", "properties": {"osmId": 9826860882, "id": "osm_tree_9826860882", "natural": "tree", "tree_height": 5.4, "height_source": "VISUAL_ESTIMATE", "genus": null, "species": null, "circumference": null, "diameter_crown": null, "source": "OPENSTREETMAP"}, "geometry": {"type": "Point", "coordinates": [73.8490441, 18.5239921]}}, {"type": "Feature", "properties": {"osmId": 9826860883, "id": "osm_tree_9826860883", "natural": "tree", "tree_height": 5.75, "height_source": "VISUAL_ESTIMATE", "genus": null, "species": null, "circumference": null, "diameter_crown": null, "source": "OPENSTREETMAP"}, "geometry": {"type": "Point", "coordinates": [73.8490093, 18.5243146]}}, {"type": "Feature", "properties": {"osmId": 9826860884, "id": "osm_tree_9826860884", "natural": "tree", "tree_height": 6.1, "height_source": "VISUAL_ESTIMATE", "genus": null, "species": null, "circumference": null, "diameter_crown": null, "source": "OPENSTREETMAP"}, "geometry": {"type": "Point", "coordinates": [73.8510517, 18.5277121]}}, {"type": "Feature", "properties": {"osmId": 9826860886, "id": "osm_tree_9826860886", "natural": "tree", "tree_height": 6.8, "height_source": "VISUAL_ESTIMATE", "genus": null, "species": null, "circumference": null, "diameter_crown": null, "source": "OPENSTREETMAP"}, "geometry": {"type": "Point", "coordinates": [73.8490625, 18.5220174]}}, {"type": "Feature", "properties": {"osmId": 9826860889, "id": "osm_tree_9826860889", "natural": "tree", "tree_height": 7.85, "height_source": "VISUAL_ESTIMATE", "genus": null, "species": null, "circumference": null, "diameter_crown": null, "source": "OPENSTREETMAP"}, "geometry": {"type": "Point", "coordinates": [73.8493375, 18.5251079]}}, {"type": "Feature", "properties": {"osmId": 9826860890, "id": "osm_tree_9826860890", "natural": "tree", "tree_height": 8.2, "height_source": "VISUAL_ESTIMATE", "genus": null, "species": null, "circumference": null, "diameter_crown": null, "source": "OPENSTREETMAP"}, "geometry": {"type": "Point", "coordinates": [73.8494871, 18.5267704]}}, {"type": "Feature", "properties": {"osmId": 9826860891, "id": "osm_tree_9826860891", "natural": "tree", "tree_height": 8.55, "height_source": "VISUAL_ESTIMATE", "genus": null, "species": null, "circumference": null, "diameter_crown": null, "source": "OPENSTREETMAP"}, "geometry": {"type": "Point", "coordinates": [73.8499334, 18.5261071]}}, {"type": "Feature", "properties": {"osmId": 9826860892, "id": "osm_tree_9826860892", "natural": "tree", "tree_height": 8.9, "height_source": "VISUAL_ESTIMATE", "genus": null, "species": null, "circumference": null, "diameter_crown": null, "source": "OPENSTREETMAP"}, "geometry": {"type": "Point", "coordinates": [73.850291, 18.5265404]}}, {"type": "Feature", "properties": {"osmId": 9826860893, "id": "osm_tree_9826860893", "natural": "tree", "tree_height": 9.25, "height_source": "VISUAL_ESTIMATE", "genus": null, "species": null, "circumference": null, "diameter_crown": null, "source": "OPENSTREETMAP"}, "geometry": {"type": "Point", "coordinates": [73.8489575, 18.5238176]}}, {"type": "Feature", "properties": {"osmId": 9826860894, "id": "osm_tree_9826860894", "natural": "tree", "tree_height": 9.6, "height_source": "VISUAL_ESTIMATE", "genus": null, "species": null, "circumference": null, "diameter_crown": null, "source": "OPENSTREETMAP"}, "geometry": {"type": "Point", "coordinates": [73.8508819, 18.5268083]}}, {"type": "Feature", "properties": {"osmId": 9826860895, "id": "osm_tree_9826860895", "natural": "tree", "tree_height": 9.95, "height_source": "VISUAL_ESTIMATE", "genus": null, "species": null, "circumference": null, "diameter_crown": null, "source": "OPENSTREETMAP"}, "geometry": {"type": "Point", "coordinates": [73.8498409, 18.5264961]}}, {"type": "Feature", "properties": {"osmId": 9826860896, "id": "osm_tree_9826860896", "natural": "tree", "tree_height": 10.3, "height_source": "VISUAL_ESTIMATE", "genus": null, "species": null, "circumference": null, "diameter_crown": null, "source": "OPENSTREETMAP"}, "geometry": {"type": "Point", "coordinates": [73.849685, 18.5261407]}}, {"type": "Feature", "properties": {"osmId": 9826860897, "id": "osm_tree_9826860897", "natural": "tree", "tree_height": 4.7, "height_source": "VISUAL_ESTIMATE", "genus": null, "species": null, "circumference": null, "diameter_crown": null, "source": "OPENSTREETMAP"}, "geometry": {"type": "Point", "coordinates": [73.8513283, 18.5268578]}}, {"type": "Feature", "properties": {"osmId": 9826860898, "id": "osm_tree_9826860898", "natural": "tree", "tree_height": 5.050000000000001, "height_source": "VISUAL_ESTIMATE", "genus": null, "species": null, "circumference": null, "diameter_crown": null, "source": "OPENSTREETMAP"}, "geometry": {"type": "Point", "coordinates": [73.8505079, 18.526596]}}, {"type": "Feature", "properties": {"osmId": 9826860899, "id": "osm_tree_9826860899", "natural": "tree", "tree_height": 5.4, "height_source": "VISUAL_ESTIMATE", "genus": null, "species": null, "circumference": null, "diameter_crown": null, "source": "OPENSTREETMAP"}, "geometry": {"type": "Point", "coordinates": [73.8503149, 18.5267319]}}, {"type": "Feature", "properties": {"osmId": 9826860900, "id": "osm_tree_9826860900", "natural": "tree", "tree_height": 5.75, "height_source": "VISUAL_ESTIMATE", "genus": null, "species": null, "circumference": null, "diameter_crown": null, "source": "OPENSTREETMAP"}, "geometry": {"type": "Point", "coordinates": [73.8498574, 18.5267618]}}, {"type": "Feature", "properties": {"osmId": 9826860902, "id": "osm_tree_9826860902", "natural": "tree", "tree_height": 6.45, "height_source": "VISUAL_ESTIMATE", "genus": null, "species": null, "circumference": null, "diameter_crown": null, "source": "OPENSTREETMAP"}, "geometry": {"type": "Point", "coordinates": [73.851058, 18.5270771]}}, {"type": "Feature", "properties": {"osmId": 9826860903, "id": "osm_tree_9826860903", "natural": "tree", "tree_height": 6.8, "height_source": "VISUAL_ESTIMATE", "genus": null, "species": null, "circumference": null, "diameter_crown": null, "source": "OPENSTREETMAP"}, "geometry": {"type": "Point", "coordinates": [73.8499518, 18.5262431]}}, {"type": "Feature", "properties": {"osmId": 9826860904, "id": "osm_tree_9826860904", "natural": "tree", "tree_height": 7.15, "height_source": "VISUAL_ESTIMATE", "genus": null, "species": null, "circumference": null, "diameter_crown": null, "source": "OPENSTREETMAP"}, "geometry": {"type": "Point", "coordinates": [73.8511562, 18.5277782]}}, {"type": "Feature", "properties": {"osmId": 9826860905, "id": "osm_tree_9826860905", "natural": "tree", "tree_height": 7.5, "height_source": "VISUAL_ESTIMATE", "genus": null, "species": null, "circumference": null, "diameter_crown": null, "source": "OPENSTREETMAP"}, "geometry": {"type": "Point", "coordinates": [73.8501548, 18.5257708]}}, {"type": "Feature", "properties": {"osmId": 9826860909, "id": "osm_tree_9826860909", "natural": "tree", "tree_height": 8.9, "height_source": "VISUAL_ESTIMATE", "genus": null, "species": null, "circumference": null, "diameter_crown": null, "source": "OPENSTREETMAP"}, "geometry": {"type": "Point", "coordinates": [73.8491564, 18.5267058]}}, {"type": "Feature", "properties": {"osmId": 9826860911, "id": "osm_tree_9826860911", "natural": "tree", "tree_height": 9.6, "height_source": "VISUAL_ESTIMATE", "genus": null, "species": null, "circumference": null, "diameter_crown": null, "source": "OPENSTREETMAP"}, "geometry": {"type": "Point", "coordinates": [73.8508185, 18.5263177]}}, {"type": "Feature", "properties": {"osmId": 9826860913, "id": "osm_tree_9826860913", "natural": "tree", "tree_height": 10.3, "height_source": "VISUAL_ESTIMATE", "genus": null, "species": null, "circumference": null, "diameter_crown": null, "source": "OPENSTREETMAP"}, "geometry": {"type": "Point", "coordinates": [73.8497524, 18.5262928]}}, {"type": "Feature", "properties": {"osmId": 9826860914, "id": "osm_tree_9826860914", "natural": "tree", "tree_height": 4.7, "height_source": "VISUAL_ESTIMATE", "genus": null, "species": null, "circumference": null, "diameter_crown": null, "source": "OPENSTREETMAP"}, "geometry": {"type": "Point", "coordinates": [73.8503497, 18.5263734]}}, {"type": "Feature", "properties": {"osmId": 9826860916, "id": "osm_tree_9826860916", "natural": "tree", "tree_height": 5.4, "height_source": "VISUAL_ESTIMATE", "genus": null, "species": null, "circumference": null, "diameter_crown": null, "source": "OPENSTREETMAP"}, "geometry": {"type": "Point", "coordinates": [73.8500344, 18.5270818]}}, {"type": "Feature", "properties": {"osmId": 9826900617, "id": "osm_tree_9826900617", "natural": "tree", "tree_height": 7.5, "height_source": "VISUAL_ESTIMATE", "genus": null, "species": null, "circumference": null, "diameter_crown": null, "source": "OPENSTREETMAP"}, "geometry": {"type": "Point", "coordinates": [73.8502291, 18.5271797]}}, {"type": "Feature", "properties": {"osmId": 9826900618, "id": "osm_tree_9826900618", "natural": "tree", "tree_height": 7.85, "height_source": "VISUAL_ESTIMATE", "genus": null, "species": null, "circumference": null, "diameter_crown": null, "source": "OPENSTREETMAP"}, "geometry": {"type": "Point", "coordinates": [73.849431, 18.5246655]}}, {"type": "Feature", "properties": {"osmId": 9826900620, "id": "osm_tree_9826900620", "natural": "tree", "tree_height": 8.55, "height_source": "VISUAL_ESTIMATE", "genus": null, "species": null, "circumference": null, "diameter_crown": null, "source": "OPENSTREETMAP"}, "geometry": {"type": "Point", "coordinates": [73.8497464, 18.5249042]}}, {"type": "Feature", "properties": {"osmId": 9826900621, "id": "osm_tree_9826900621", "natural": "tree", "tree_height": 8.9, "height_source": "VISUAL_ESTIMATE", "genus": null, "species": null, "circumference": null, "diameter_crown": null, "source": "OPENSTREETMAP"}, "geometry": {"type": "Point", "coordinates": [73.8496669, 18.5252668]}}, {"type": "Feature", "properties": {"osmId": 9826900622, "id": "osm_tree_9826900622", "natural": "tree", "tree_height": 9.25, "height_source": "VISUAL_ESTIMATE", "genus": null, "species": null, "circumference": null, "diameter_crown": null, "source": "OPENSTREETMAP"}, "geometry": {"type": "Point", "coordinates": [73.8495471, 18.5263397]}}, {"type": "Feature", "properties": {"osmId": 9826900624, "id": "osm_tree_9826900624", "natural": "tree", "tree_height": 9.95, "height_source": "VISUAL_ESTIMATE", "genus": null, "species": null, "circumference": null, "diameter_crown": null, "source": "OPENSTREETMAP"}, "geometry": {"type": "Point", "coordinates": [73.8495231, 18.5266325]}}, {"type": "Feature", "properties": {"osmId": 9826900625, "id": "osm_tree_9826900625", "natural": "tree", "tree_height": 10.3, "height_source": "VISUAL_ESTIMATE", "genus": null, "species": null, "circumference": null, "diameter_crown": null, "source": "OPENSTREETMAP"}, "geometry": {"type": "Point", "coordinates": [73.8505795, 18.5267347]}}, {"type": "Feature", "properties": {"osmId": 9826900628, "id": "osm_tree_9826900628", "natural": "tree", "tree_height": 5.4, "height_source": "VISUAL_ESTIMATE", "genus": null, "species": null, "circumference": null, "diameter_crown": null, "source": "OPENSTREETMAP"}, "geometry": {"type": "Point", "coordinates": [73.8515979, 18.5268984]}}, {"type": "Feature", "properties": {"osmId": 9826900629, "id": "osm_tree_9826900629", "natural": "tree", "tree_height": 5.75, "height_source": "VISUAL_ESTIMATE", "genus": null, "species": null, "circumference": null, "diameter_crown": null, "source": "OPENSTREETMAP"}, "geometry": {"type": "Point", "coordinates": [73.8505328, 18.526315]}}, {"type": "Feature", "properties": {"osmId": 9826900630, "id": "osm_tree_9826900630", "natural": "tree", "tree_height": 6.1, "height_source": "VISUAL_ESTIMATE", "genus": null, "species": null, "circumference": null, "diameter_crown": null, "source": "OPENSTREETMAP"}, "geometry": {"type": "Point", "coordinates": [73.8492112, 18.5242864]}}, {"type": "Feature", "properties": {"osmId": 9826900632, "id": "osm_tree_9826900632", "natural": "tree", "tree_height": 6.8, "height_source": "VISUAL_ESTIMATE", "genus": null, "species": null, "circumference": null, "diameter_crown": null, "source": "OPENSTREETMAP"}, "geometry": {"type": "Point", "coordinates": [73.8513989, 18.5277499]}}, {"type": "Feature", "properties": {"osmId": 9826900634, "id": "osm_tree_9826900634", "natural": "tree", "tree_height": 7.5, "height_source": "VISUAL_ESTIMATE", "genus": null, "species": null, "circumference": null, "diameter_crown": null, "source": "OPENSTREETMAP"}, "geometry": {"type": "Point", "coordinates": [73.8500722, 18.525617]}}, {"type": "Feature", "properties": {"osmId": 9826900635, "id": "osm_tree_9826900635", "natural": "tree", "tree_height": 7.85, "height_source": "VISUAL_ESTIMATE", "genus": null, "species": null, "circumference": null, "diameter_crown": null, "source": "OPENSTREETMAP"}, "geometry": {"type": "Point", "coordinates": [73.8498111, 18.5258544]}}, {"type": "Feature", "properties": {"osmId": 9826900636, "id": "osm_tree_9826900636", "natural": "tree", "tree_height": 8.2, "height_source": "VISUAL_ESTIMATE", "genus": null, "species": null, "circumference": null, "diameter_crown": null, "source": "OPENSTREETMAP"}, "geometry": {"type": "Point", "coordinates": [73.8493127, 18.5244656]}}, {"type": "Feature", "properties": {"osmId": 9826900638, "id": "osm_tree_9826900638", "natural": "tree", "tree_height": 8.9, "height_source": "VISUAL_ESTIMATE", "genus": null, "species": null, "circumference": null, "diameter_crown": null, "source": "OPENSTREETMAP"}, "geometry": {"type": "Point", "coordinates": [73.8493139, 18.5268859]}}, {"type": "Feature", "properties": {"osmId": 9826900639, "id": "osm_tree_9826900639", "natural": "tree", "tree_height": 9.25, "height_source": "VISUAL_ESTIMATE", "genus": null, "species": null, "circumference": null, "diameter_crown": null, "source": "OPENSTREETMAP"}, "geometry": {"type": "Point", "coordinates": [73.8512865, 18.5277857]}}, {"type": "Feature", "properties": {"osmId": 9826900640, "id": "osm_tree_9826900640", "natural": "tree", "tree_height": 9.6, "height_source": "VISUAL_ESTIMATE", "genus": null, "species": null, "circumference": null, "diameter_crown": null, "source": "OPENSTREETMAP"}, "geometry": {"type": "Point", "coordinates": [73.8502184, 18.5259066]}}, {"type": "Feature", "properties": {"osmId": 9826900641, "id": "osm_tree_9826900641", "natural": "tree", "tree_height": 9.95, "height_source": "VISUAL_ESTIMATE", "genus": null, "species": null, "circumference": null, "diameter_crown": null, "source": "OPENSTREETMAP"}, "geometry": {"type": "Point", "coordinates": [73.8493462, 18.5272806]}}, {"type": "Feature", "properties": {"osmId": 9826900642, "id": "osm_tree_9826900642", "natural": "tree", "tree_height": 10.3, "height_source": "VISUAL_ESTIMATE", "genus": null, "species": null, "circumference": null, "diameter_crown": null, "source": "OPENSTREETMAP"}, "geometry": {"type": "Point", "coordinates": [73.8502154, 18.5261518]}}, {"type": "Feature", "properties": {"osmId": 9826900643, "id": "osm_tree_9826900643", "natural": "tree", "tree_height": 4.7, "height_source": "VISUAL_ESTIMATE", "genus": null, "species": null, "circumference": null, "diameter_crown": null, "source": "OPENSTREETMAP"}, "geometry": {"type": "Point", "coordinates": [73.8499061, 18.5254086]}}, {"type": "Feature", "properties": {"osmId": 9826900644, "id": "osm_tree_9826900644", "natural": "tree", "tree_height": 5.050000000000001, "height_source": "VISUAL_ESTIMATE", "genus": null, "species": null, "circumference": null, "diameter_crown": null, "source": "OPENSTREETMAP"}, "geometry": {"type": "Point", "coordinates": [73.8495315, 18.5251532]}}, {"type": "Feature", "properties": {"osmId": 9826900645, "id": "osm_tree_9826900645", "natural": "tree", "tree_height": 5.4, "height_source": "VISUAL_ESTIMATE", "genus": null, "species": null, "circumference": null, "diameter_crown": null, "source": "OPENSTREETMAP"}, "geometry": {"type": "Point", "coordinates": [73.8503985, 18.5269629]}}, {"type": "Feature", "properties": {"osmId": 9826900646, "id": "osm_tree_9826900646", "natural": "tree", "tree_height": 5.75, "height_source": "VISUAL_ESTIMATE", "genus": null, "species": null, "circumference": null, "diameter_crown": null, "source": "OPENSTREETMAP"}, "geometry": {"type": "Point", "coordinates": [73.8495201, 18.5272749]}}, {"type": "Feature", "properties": {"osmId": 9826900647, "id": "osm_tree_9826900647", "natural": "tree", "tree_height": 6.1, "height_source": "VISUAL_ESTIMATE", "genus": null, "species": null, "circumference": null, "diameter_crown": null, "source": "OPENSTREETMAP"}, "geometry": {"type": "Point", "coordinates": [73.8497105, 18.5266254]}}, {"type": "Feature", "properties": {"osmId": 9826900648, "id": "osm_tree_9826900648", "natural": "tree", "tree_height": 6.45, "height_source": "VISUAL_ESTIMATE", "genus": null, "species": null, "circumference": null, "diameter_crown": null, "source": "OPENSTREETMAP"}, "geometry": {"type": "Point", "coordinates": [73.8508491, 18.5271619]}}, {"type": "Feature", "properties": {"osmId": 9826900649, "id": "osm_tree_9826900649", "natural": "tree", "tree_height": 6.8, "height_source": "VISUAL_ESTIMATE", "genus": null, "species": null, "circumference": null, "diameter_crown": null, "source": "OPENSTREETMAP"}, "geometry": {"type": "Point", "coordinates": [73.8497763, 18.5255818]}}, {"type": "Feature", "properties": {"osmId": 9826900650, "id": "osm_tree_9826900650", "natural": "tree", "tree_height": 7.15, "height_source": "VISUAL_ESTIMATE", "genus": null, "species": null, "circumference": null, "diameter_crown": null, "source": "OPENSTREETMAP"}, "geometry": {"type": "Point", "coordinates": [73.8501017, 18.526769]}}, {"type": "Feature", "properties": {"osmId": 9826900651, "id": "osm_tree_9826900651", "natural": "tree", "tree_height": 7.5, "height_source": "VISUAL_ESTIMATE", "genus": null, "species": null, "circumference": null, "diameter_crown": null, "source": "OPENSTREETMAP"}, "geometry": {"type": "Point", "coordinates": [73.8496301, 18.5256742]}}, {"type": "Feature", "properties": {"osmId": 9826900652, "id": "osm_tree_9826900652", "natural": "tree", "tree_height": 7.85, "height_source": "VISUAL_ESTIMATE", "genus": null, "species": null, "circumference": null, "diameter_crown": null, "source": "OPENSTREETMAP"}, "geometry": {"type": "Point", "coordinates": [73.8496654, 18.5250398]}}, {"type": "Feature", "properties": {"osmId": 9826900653, "id": "osm_tree_9826900653", "natural": "tree", "tree_height": 8.2, "height_source": "VISUAL_ESTIMATE", "genus": null, "species": null, "circumference": null, "diameter_crown": null, "source": "OPENSTREETMAP"}, "geometry": {"type": "Point", "coordinates": [73.8512387, 18.5276527]}}, {"type": "Feature", "properties": {"osmId": 9826900654, "id": "osm_tree_9826900654", "natural": "tree", "tree_height": 8.55, "height_source": "VISUAL_ESTIMATE", "genus": null, "species": null, "circumference": null, "diameter_crown": null, "source": "OPENSTREETMAP"}, "geometry": {"type": "Point", "coordinates": [73.8500552, 18.5272636]}}, {"type": "Feature", "properties": {"osmId": 10246271659, "id": "osm_tree_10246271659", "natural": "tree", "tree_height": 6.45, "height_source": "VISUAL_ESTIMATE", "genus": null, "species": null, "circumference": null, "diameter_crown": null, "source": "OPENSTREETMAP"}, "geometry": {"type": "Point", "coordinates": [73.8799573, 18.5243767]}}, {"type": "Feature", "properties": {"osmId": 10246271660, "id": "osm_tree_10246271660", "natural": "tree", "tree_height": 6.8, "height_source": "VISUAL_ESTIMATE", "genus": null, "species": null, "circumference": null, "diameter_crown": null, "source": "OPENSTREETMAP"}, "geometry": {"type": "Point", "coordinates": [73.8801034, 18.5243462]}}, {"type": "Feature", "properties": {"osmId": 10609333642, "id": "osm_tree_10609333642", "natural": "tree", "tree_height": 7.85, "height_source": "VISUAL_ESTIMATE", "genus": null, "species": null, "circumference": null, "diameter_crown": null, "source": "OPENSTREETMAP"}, "geometry": {"type": "Point", "coordinates": [73.8542096, 18.5167166]}}, {"type": "Feature", "properties": {"osmId": 10806985576, "id": "osm_tree_10806985576", "natural": "tree", "tree_height": 9.95, "height_source": "VISUAL_ESTIMATE", "genus": null, "species": null, "circumference": null, "diameter_crown": null, "source": "OPENSTREETMAP"}, "geometry": {"type": "Point", "coordinates": [73.8574529, 18.5218568]}}, {"type": "Feature", "properties": {"osmId": 10806985577, "id": "osm_tree_10806985577", "natural": "tree", "tree_height": 10.3, "height_source": "VISUAL_ESTIMATE", "genus": null, "species": null, "circumference": null, "diameter_crown": null, "source": "OPENSTREETMAP"}, "geometry": {"type": "Point", "coordinates": [73.8578036, 18.5218918]}}, {"type": "Feature", "properties": {"osmId": 10806985578, "id": "osm_tree_10806985578", "natural": "tree", "tree_height": 4.7, "height_source": "VISUAL_ESTIMATE", "genus": null, "species": null, "circumference": null, "diameter_crown": null, "source": "OPENSTREETMAP"}, "geometry": {"type": "Point", "coordinates": [73.8568085, 18.5217259]}}, {"type": "Feature", "properties": {"osmId": 10806985579, "id": "osm_tree_10806985579", "natural": "tree", "tree_height": 5.050000000000001, "height_source": "VISUAL_ESTIMATE", "genus": null, "species": null, "circumference": null, "diameter_crown": null, "source": "OPENSTREETMAP"}, "geometry": {"type": "Point", "coordinates": [73.8571385, 18.5217157]}}, {"type": "Feature", "properties": {"osmId": 10806985580, "id": "osm_tree_10806985580", "natural": "tree", "tree_height": 5.4, "height_source": "VISUAL_ESTIMATE", "genus": null, "species": null, "circumference": null, "diameter_crown": null, "source": "OPENSTREETMAP"}, "geometry": {"type": "Point", "coordinates": [73.8573074, 18.5214258]}}, {"type": "Feature", "properties": {"osmId": 10806985581, "id": "osm_tree_10806985581", "natural": "tree", "tree_height": 5.75, "height_source": "VISUAL_ESTIMATE", "genus": null, "species": null, "circumference": null, "diameter_crown": null, "source": "OPENSTREETMAP"}, "geometry": {"type": "Point", "coordinates": [73.857227, 18.5214207]}}, {"type": "Feature", "properties": {"osmId": 10806985582, "id": "osm_tree_10806985582", "natural": "tree", "tree_height": 6.1, "height_source": "VISUAL_ESTIMATE", "genus": null, "species": null, "circumference": null, "diameter_crown": null, "source": "OPENSTREETMAP"}, "geometry": {"type": "Point", "coordinates": [73.860117, 18.5195984]}}, {"type": "Feature", "properties": {"osmId": 10806985583, "id": "osm_tree_10806985583", "natural": "tree", "tree_height": 6.45, "height_source": "VISUAL_ESTIMATE", "genus": null, "species": null, "circumference": null, "diameter_crown": null, "source": "OPENSTREETMAP"}, "geometry": {"type": "Point", "coordinates": [73.8600406, 18.5194013]}}, {"type": "Feature", "properties": {"osmId": 10806985584, "id": "osm_tree_10806985584", "natural": "tree", "tree_height": 6.8, "height_source": "VISUAL_ESTIMATE", "genus": null, "species": null, "circumference": null, "diameter_crown": null, "source": "OPENSTREETMAP"}, "geometry": {"type": "Point", "coordinates": [73.8600165, 18.5191597]}}, {"type": "Feature", "properties": {"osmId": 10806985585, "id": "osm_tree_10806985585", "natural": "tree", "tree_height": 7.15, "height_source": "VISUAL_ESTIMATE", "genus": null, "species": null, "circumference": null, "diameter_crown": null, "source": "OPENSTREETMAP"}, "geometry": {"type": "Point", "coordinates": [73.8600647, 18.5184221]}}, {"type": "Feature", "properties": {"osmId": 10806985586, "id": "osm_tree_10806985586", "natural": "tree", "tree_height": 7.5, "height_source": "VISUAL_ESTIMATE", "genus": null, "species": null, "circumference": null, "diameter_crown": null, "source": "OPENSTREETMAP"}, "geometry": {"type": "Point", "coordinates": [73.8598046, 18.5184997]}}, {"type": "Feature", "properties": {"osmId": 10806985587, "id": "osm_tree_10806985587", "natural": "tree", "tree_height": 7.85, "height_source": "VISUAL_ESTIMATE", "genus": null, "species": null, "circumference": null, "diameter_crown": null, "source": "OPENSTREETMAP"}, "geometry": {"type": "Point", "coordinates": [73.8600621, 18.5188011]}}, {"type": "Feature", "properties": {"osmId": 10806985588, "id": "osm_tree_10806985588", "natural": "tree", "tree_height": 8.2, "height_source": "VISUAL_ESTIMATE", "genus": null, "species": null, "circumference": null, "diameter_crown": null, "source": "OPENSTREETMAP"}, "geometry": {"type": "Point", "coordinates": [73.8599963, 18.5186129]}}, {"type": "Feature", "properties": {"osmId": 10806985589, "id": "osm_tree_10806985589", "natural": "tree", "tree_height": 8.55, "height_source": "VISUAL_ESTIMATE", "genus": null, "species": null, "circumference": null, "diameter_crown": null, "source": "OPENSTREETMAP"}, "geometry": {"type": "Point", "coordinates": [73.8594867, 18.5185086]}}, {"type": "Feature", "properties": {"osmId": 10806985590, "id": "osm_tree_10806985590", "natural": "tree", "tree_height": 8.9, "height_source": "VISUAL_ESTIMATE", "genus": null, "species": null, "circumference": null, "diameter_crown": null, "source": "OPENSTREETMAP"}, "geometry": {"type": "Point", "coordinates": [73.8591139, 18.518548]}}, {"type": "Feature", "properties": {"osmId": 10806985591, "id": "osm_tree_10806985591", "natural": "tree", "tree_height": 9.25, "height_source": "VISUAL_ESTIMATE", "genus": null, "species": null, "circumference": null, "diameter_crown": null, "source": "OPENSTREETMAP"}, "geometry": {"type": "Point", "coordinates": [73.8582556, 18.5187909]}}, {"type": "Feature", "properties": {"osmId": 10806985592, "id": "osm_tree_10806985592", "natural": "tree", "tree_height": 9.6, "height_source": "VISUAL_ESTIMATE", "genus": null, "species": null, "circumference": null, "diameter_crown": null, "source": "OPENSTREETMAP"}, "geometry": {"type": "Point", "coordinates": [73.8584433, 18.5186892]}}, {"type": "Feature", "properties": {"osmId": 10806985593, "id": "osm_tree_10806985593", "natural": "tree", "tree_height": 9.95, "height_source": "VISUAL_ESTIMATE", "genus": null, "species": null, "circumference": null, "diameter_crown": null, "source": "OPENSTREETMAP"}, "geometry": {"type": "Point", "coordinates": [73.858438, 18.5185874]}}, {"type": "Feature", "properties": {"osmId": 10806985594, "id": "osm_tree_10806985594", "natural": "tree", "tree_height": 10.3, "height_source": "VISUAL_ESTIMATE", "genus": null, "species": null, "circumference": null, "diameter_crown": null, "source": "OPENSTREETMAP"}, "geometry": {"type": "Point", "coordinates": [73.8584112, 18.5185149]}}, {"type": "Feature", "properties": {"osmId": 10806985595, "id": "osm_tree_10806985595", "natural": "tree", "tree_height": 4.7, "height_source": "VISUAL_ESTIMATE", "genus": null, "species": null, "circumference": null, "diameter_crown": null, "source": "OPENSTREETMAP"}, "geometry": {"type": "Point", "coordinates": [73.8586807, 18.518871]}}, {"type": "Feature", "properties": {"osmId": 10806985596, "id": "osm_tree_10806985596", "natural": "tree", "tree_height": 5.050000000000001, "height_source": "VISUAL_ESTIMATE", "genus": null, "species": null, "circumference": null, "diameter_crown": null, "source": "OPENSTREETMAP"}, "geometry": {"type": "Point", "coordinates": [73.8593231, 18.520837]}}, {"type": "Feature", "properties": {"osmId": 10806985597, "id": "osm_tree_10806985597", "natural": "tree", "tree_height": 5.4, "height_source": "VISUAL_ESTIMATE", "genus": null, "species": null, "circumference": null, "diameter_crown": null, "source": "OPENSTREETMAP"}, "geometry": {"type": "Point", "coordinates": [73.8593084, 18.5207492]}}, {"type": "Feature", "properties": {"osmId": 10806985598, "id": "osm_tree_10806985598", "natural": "tree", "tree_height": 5.75, "height_source": "VISUAL_ESTIMATE", "genus": null, "species": null, "circumference": null, "diameter_crown": null, "source": "OPENSTREETMAP"}, "geometry": {"type": "Point", "coordinates": [73.8593566, 18.5204186]}}, {"type": "Feature", "properties": {"osmId": 10806985599, "id": "osm_tree_10806985599", "natural": "tree", "tree_height": 6.1, "height_source": "VISUAL_ESTIMATE", "genus": null, "species": null, "circumference": null, "diameter_crown": null, "source": "OPENSTREETMAP"}, "geometry": {"type": "Point", "coordinates": [73.8592601, 18.5203894]}}, {"type": "Feature", "properties": {"osmId": 10806985600, "id": "osm_tree_10806985600", "natural": "tree", "tree_height": 6.45, "height_source": "VISUAL_ESTIMATE", "genus": null, "species": null, "circumference": null, "diameter_crown": null, "source": "OPENSTREETMAP"}, "geometry": {"type": "Point", "coordinates": [73.8593271, 18.5205725]}}, {"type": "Feature", "properties": {"osmId": 10806985601, "id": "osm_tree_10806985601", "natural": "tree", "tree_height": 6.8, "height_source": "VISUAL_ESTIMATE", "genus": null, "species": null, "circumference": null, "diameter_crown": null, "source": "OPENSTREETMAP"}, "geometry": {"type": "Point", "coordinates": [73.8599414, 18.5204402]}}, {"type": "Feature", "properties": {"osmId": 10806985602, "id": "osm_tree_10806985602", "natural": "tree", "tree_height": 7.15, "height_source": "VISUAL_ESTIMATE", "genus": null, "species": null, "circumference": null, "diameter_crown": null, "source": "OPENSTREETMAP"}, "geometry": {"type": "Point", "coordinates": [73.8600487, 18.5214321]}}, {"type": "Feature", "properties": {"osmId": 10806985603, "id": "osm_tree_10806985603", "natural": "tree", "tree_height": 7.5, "height_source": "VISUAL_ESTIMATE", "genus": null, "species": null, "circumference": null, "diameter_crown": null, "source": "OPENSTREETMAP"}, "geometry": {"type": "Point", "coordinates": [73.8601345, 18.5213367]}}, {"type": "Feature", "properties": {"osmId": 10806985604, "id": "osm_tree_10806985604", "natural": "tree", "tree_height": 7.85, "height_source": "VISUAL_ESTIMATE", "genus": null, "species": null, "circumference": null, "diameter_crown": null, "source": "OPENSTREETMAP"}, "geometry": {"type": "Point", "coordinates": [73.8599776, 18.5213329]}}, {"type": "Feature", "properties": {"osmId": 10806989536, "id": "osm_tree_10806989536", "natural": "tree", "tree_height": 9.6, "height_source": "VISUAL_ESTIMATE", "genus": null, "species": null, "circumference": null, "diameter_crown": null, "source": "OPENSTREETMAP"}, "geometry": {"type": "Point", "coordinates": [73.8573007, 18.5197052]}}, {"type": "Feature", "properties": {"osmId": 10806989537, "id": "osm_tree_10806989537", "natural": "tree", "tree_height": 9.95, "height_source": "VISUAL_ESTIMATE", "genus": null, "species": null, "circumference": null, "diameter_crown": null, "source": "OPENSTREETMAP"}, "geometry": {"type": "Point", "coordinates": [73.8562144, 18.5206857]}}, {"type": "Feature", "properties": {"osmId": 10806989538, "id": "osm_tree_10806989538", "natural": "tree", "tree_height": 10.3, "height_source": "VISUAL_ESTIMATE", "genus": null, "species": null, "circumference": null, "diameter_crown": null, "source": "OPENSTREETMAP"}, "geometry": {"type": "Point", "coordinates": [73.8570285, 18.5222358]}}, {"type": "Feature", "properties": {"osmId": 10806989539, "id": "osm_tree_10806989539", "natural": "tree", "tree_height": 4.7, "height_source": "VISUAL_ESTIMATE", "genus": null, "species": null, "circumference": null, "diameter_crown": null, "source": "OPENSTREETMAP"}, "geometry": {"type": "Point", "coordinates": [73.8568917, 18.5222142]}}, {"type": "Feature", "properties": {"osmId": 10806989540, "id": "osm_tree_10806989540", "natural": "tree", "tree_height": 5.050000000000001, "height_source": "VISUAL_ESTIMATE", "genus": null, "species": null, "circumference": null, "diameter_crown": null, "source": "OPENSTREETMAP"}, "geometry": {"type": "Point", "coordinates": [73.8564706, 18.5222549]}}, {"type": "Feature", "properties": {"osmId": 10806989541, "id": "osm_tree_10806989541", "natural": "tree", "tree_height": 5.4, "height_source": "VISUAL_ESTIMATE", "genus": null, "species": null, "circumference": null, "diameter_crown": null, "source": "OPENSTREETMAP"}, "geometry": {"type": "Point", "coordinates": [73.8556941, 18.5222256]}}, {"type": "Feature", "properties": {"osmId": 10806989542, "id": "osm_tree_10806989542", "natural": "tree", "tree_height": 5.75, "height_source": "VISUAL_ESTIMATE", "genus": null, "species": null, "circumference": null, "diameter_crown": null, "source": "OPENSTREETMAP"}, "geometry": {"type": "Point", "coordinates": [73.8561004, 18.5222752]}}, {"type": "Feature", "properties": {"osmId": 10806989543, "id": "osm_tree_10806989543", "natural": "tree", "tree_height": 6.1, "height_source": "VISUAL_ESTIMATE", "genus": null, "species": null, "circumference": null, "diameter_crown": null, "source": "OPENSTREETMAP"}, "geometry": {"type": "Point", "coordinates": [73.8558926, 18.5221824]}}, {"type": "Feature", "properties": {"osmId": 10806989544, "id": "osm_tree_10806989544", "natural": "tree", "tree_height": 6.45, "height_source": "VISUAL_ESTIMATE", "genus": null, "species": null, "circumference": null, "diameter_crown": null, "source": "OPENSTREETMAP"}, "geometry": {"type": "Point", "coordinates": [73.8557692, 18.5220781]}}, {"type": "Feature", "properties": {"osmId": 10806989545, "id": "osm_tree_10806989545", "natural": "tree", "tree_height": 6.8, "height_source": "VISUAL_ESTIMATE", "genus": null, "species": null, "circumference": null, "diameter_crown": null, "source": "OPENSTREETMAP"}, "geometry": {"type": "Point", "coordinates": [73.8556941, 18.5219649]}}, {"type": "Feature", "properties": {"osmId": 10806989546, "id": "osm_tree_10806989546", "natural": "tree", "tree_height": 7.15, "height_source": "VISUAL_ESTIMATE", "genus": null, "species": null, "circumference": null, "diameter_crown": null, "source": "OPENSTREETMAP"}, "geometry": {"type": "Point", "coordinates": [73.8555506, 18.521942]}}, {"type": "Feature", "properties": {"osmId": 10806989547, "id": "osm_tree_10806989547", "natural": "tree", "tree_height": 7.5, "height_source": "VISUAL_ESTIMATE", "genus": null, "species": null, "circumference": null, "diameter_crown": null, "source": "OPENSTREETMAP"}, "geometry": {"type": "Point", "coordinates": [73.8554674, 18.5220311]}}, {"type": "Feature", "properties": {"osmId": 10806989548, "id": "osm_tree_10806989548", "natural": "tree", "tree_height": 7.85, "height_source": "VISUAL_ESTIMATE", "genus": null, "species": null, "circumference": null, "diameter_crown": null, "source": "OPENSTREETMAP"}, "geometry": {"type": "Point", "coordinates": [73.8553642, 18.5220438]}}, {"type": "Feature", "properties": {"osmId": 10806989549, "id": "osm_tree_10806989549", "natural": "tree", "tree_height": 8.2, "height_source": "VISUAL_ESTIMATE", "genus": null, "species": null, "circumference": null, "diameter_crown": null, "source": "OPENSTREETMAP"}, "geometry": {"type": "Point", "coordinates": [73.8553709, 18.5219128]}}, {"type": "Feature", "properties": {"osmId": 10806989550, "id": "osm_tree_10806989550", "natural": "tree", "tree_height": 8.55, "height_source": "VISUAL_ESTIMATE", "genus": null, "species": null, "circumference": null, "diameter_crown": null, "source": "OPENSTREETMAP"}, "geometry": {"type": "Point", "coordinates": [73.8553575, 18.5218314]}}, {"type": "Feature", "properties": {"osmId": 10806989551, "id": "osm_tree_10806989551", "natural": "tree", "tree_height": 8.9, "height_source": "VISUAL_ESTIMATE", "genus": null, "species": null, "circumference": null, "diameter_crown": null, "source": "OPENSTREETMAP"}, "geometry": {"type": "Point", "coordinates": [73.8554822, 18.5218518]}}, {"type": "Feature", "properties": {"osmId": 10806989552, "id": "osm_tree_10806989552", "natural": "tree", "tree_height": 9.25, "height_source": "VISUAL_ESTIMATE", "genus": null, "species": null, "circumference": null, "diameter_crown": null, "source": "OPENSTREETMAP"}, "geometry": {"type": "Point", "coordinates": [73.8562882, 18.5221048]}}, {"type": "Feature", "properties": {"osmId": 10806989553, "id": "osm_tree_10806989553", "natural": "tree", "tree_height": 9.6, "height_source": "VISUAL_ESTIMATE", "genus": null, "species": null, "circumference": null, "diameter_crown": null, "source": "OPENSTREETMAP"}, "geometry": {"type": "Point", "coordinates": [73.8562278, 18.522012]}}, {"type": "Feature", "properties": {"osmId": 10806989554, "id": "osm_tree_10806989554", "natural": "tree", "tree_height": 9.95, "height_source": "VISUAL_ESTIMATE", "genus": null, "species": null, "circumference": null, "diameter_crown": null, "source": "OPENSTREETMAP"}, "geometry": {"type": "Point", "coordinates": [73.8555774, 18.5216559]}}, {"type": "Feature", "properties": {"osmId": 10806989555, "id": "osm_tree_10806989555", "natural": "tree", "tree_height": 10.3, "height_source": "VISUAL_ESTIMATE", "genus": null, "species": null, "circumference": null, "diameter_crown": null, "source": "OPENSTREETMAP"}, "geometry": {"type": "Point", "coordinates": [73.8557075, 18.5217195]}}, {"type": "Feature", "properties": {"osmId": 10806989556, "id": "osm_tree_10806989556", "natural": "tree", "tree_height": 4.7, "height_source": "VISUAL_ESTIMATE", "genus": null, "species": null, "circumference": null, "diameter_crown": null, "source": "OPENSTREETMAP"}, "geometry": {"type": "Point", "coordinates": [73.856138, 18.5218072]}}, {"type": "Feature", "properties": {"osmId": 10806989557, "id": "osm_tree_10806989557", "natural": "tree", "tree_height": 5.050000000000001, "height_source": "VISUAL_ESTIMATE", "genus": null, "species": null, "circumference": null, "diameter_crown": null, "source": "OPENSTREETMAP"}, "geometry": {"type": "Point", "coordinates": [73.8559905, 18.5217869]}}, {"type": "Feature", "properties": {"osmId": 10806989558, "id": "osm_tree_10806989558", "natural": "tree", "tree_height": 5.4, "height_source": "VISUAL_ESTIMATE", "genus": null, "species": null, "circumference": null, "diameter_crown": null, "source": "OPENSTREETMAP"}, "geometry": {"type": "Point", "coordinates": [73.8570379, 18.5206221]}}, {"type": "Feature", "properties": {"osmId": 10806989559, "id": "osm_tree_10806989559", "natural": "tree", "tree_height": 5.75, "height_source": "VISUAL_ESTIMATE", "genus": null, "species": null, "circumference": null, "diameter_crown": null, "source": "OPENSTREETMAP"}, "geometry": {"type": "Point", "coordinates": [73.8569118, 18.5206144]}}, {"type": "Feature", "properties": {"osmId": 10806989560, "id": "osm_tree_10806989560", "natural": "tree", "tree_height": 6.1, "height_source": "VISUAL_ESTIMATE", "genus": null, "species": null, "circumference": null, "diameter_crown": null, "source": "OPENSTREETMAP"}, "geometry": {"type": "Point", "coordinates": [73.8567844, 18.5206081]}}, {"type": "Feature", "properties": {"osmId": 10806989561, "id": "osm_tree_10806989561", "natural": "tree", "tree_height": 6.45, "height_source": "VISUAL_ESTIMATE", "genus": null, "species": null, "circumference": null, "diameter_crown": null, "source": "OPENSTREETMAP"}, "geometry": {"type": "Point", "coordinates": [73.8574067, 18.5203525]}}, {"type": "Feature", "properties": {"osmId": 10806989562, "id": "osm_tree_10806989562", "natural": "tree", "tree_height": 6.8, "height_source": "VISUAL_ESTIMATE", "genus": null, "species": null, "circumference": null, "diameter_crown": null, "source": "OPENSTREETMAP"}, "geometry": {"type": "Point", "coordinates": [73.8568655, 18.5203118]}}, {"type": "Feature", "properties": {"osmId": 10806989563, "id": "osm_tree_10806989563", "natural": "tree", "tree_height": 7.15, "height_source": "VISUAL_ESTIMATE", "genus": null, "species": null, "circumference": null, "diameter_crown": null, "source": "OPENSTREETMAP"}, "geometry": {"type": "Point", "coordinates": [73.8561863, 18.5203601]}}, {"type": "Feature", "properties": {"osmId": 10806989564, "id": "osm_tree_10806989564", "natural": "tree", "tree_height": 7.5, "height_source": "VISUAL_ESTIMATE", "genus": null, "species": null, "circumference": null, "diameter_crown": null, "source": "OPENSTREETMAP"}, "geometry": {"type": "Point", "coordinates": [73.8564719, 18.5202775]}}, {"type": "Feature", "properties": {"osmId": 10806993005, "id": "osm_tree_10806993005", "natural": "tree", "tree_height": 9.95, "height_source": "VISUAL_ESTIMATE", "genus": null, "species": null, "circumference": null, "diameter_crown": null, "source": "OPENSTREETMAP"}, "geometry": {"type": "Point", "coordinates": [73.8602082, 18.5211244]}}, {"type": "Feature", "properties": {"osmId": 10806993006, "id": "osm_tree_10806993006", "natural": "tree", "tree_height": 10.3, "height_source": "VISUAL_ESTIMATE", "genus": null, "species": null, "circumference": null, "diameter_crown": null, "source": "OPENSTREETMAP"}, "geometry": {"type": "Point", "coordinates": [73.8602525, 18.5210557]}}, {"type": "Feature", "properties": {"osmId": 10806993007, "id": "osm_tree_10806993007", "natural": "tree", "tree_height": 4.7, "height_source": "VISUAL_ESTIMATE", "genus": null, "species": null, "circumference": null, "diameter_crown": null, "source": "OPENSTREETMAP"}, "geometry": {"type": "Point", "coordinates": [73.8602203, 18.5209158]}}, {"type": "Feature", "properties": {"osmId": 10806993008, "id": "osm_tree_10806993008", "natural": "tree", "tree_height": 5.050000000000001, "height_source": "VISUAL_ESTIMATE", "genus": null, "species": null, "circumference": null, "diameter_crown": null, "source": "OPENSTREETMAP"}, "geometry": {"type": "Point", "coordinates": [73.8601586, 18.5209705]}}, {"type": "Feature", "properties": {"osmId": 10806993009, "id": "osm_tree_10806993009", "natural": "tree", "tree_height": 5.4, "height_source": "VISUAL_ESTIMATE", "genus": null, "species": null, "circumference": null, "diameter_crown": null, "source": "OPENSTREETMAP"}, "geometry": {"type": "Point", "coordinates": [73.8600701, 18.5209578]}}, {"type": "Feature", "properties": {"osmId": 10806993010, "id": "osm_tree_10806993010", "natural": "tree", "tree_height": 5.75, "height_source": "VISUAL_ESTIMATE", "genus": null, "species": null, "circumference": null, "diameter_crown": null, "source": "OPENSTREETMAP"}, "geometry": {"type": "Point", "coordinates": [73.8593218, 18.5220374]}}, {"type": "Feature", "properties": {"osmId": 10806993011, "id": "osm_tree_10806993011", "natural": "tree", "tree_height": 6.1, "height_source": "VISUAL_ESTIMATE", "genus": null, "species": null, "circumference": null, "diameter_crown": null, "source": "OPENSTREETMAP"}, "geometry": {"type": "Point", "coordinates": [73.859303, 18.5215783]}}, {"type": "Feature", "properties": {"osmId": 10806993012, "id": "osm_tree_10806993012", "natural": "tree", "tree_height": 6.45, "height_source": "VISUAL_ESTIMATE", "genus": null, "species": null, "circumference": null, "diameter_crown": null, "source": "OPENSTREETMAP"}, "geometry": {"type": "Point", "coordinates": [73.8592507, 18.5215936]}}, {"type": "Feature", "properties": {"osmId": 10806993013, "id": "osm_tree_10806993013", "natural": "tree", "tree_height": 6.8, "height_source": "VISUAL_ESTIMATE", "genus": null, "species": null, "circumference": null, "diameter_crown": null, "source": "OPENSTREETMAP"}, "geometry": {"type": "Point", "coordinates": [73.8591568, 18.5216012]}}, {"type": "Feature", "properties": {"osmId": 10806993014, "id": "osm_tree_10806993014", "natural": "tree", "tree_height": 7.15, "height_source": "VISUAL_ESTIMATE", "genus": null, "species": null, "circumference": null, "diameter_crown": null, "source": "OPENSTREETMAP"}, "geometry": {"type": "Point", "coordinates": [73.8590267, 18.5216038]}}, {"type": "Feature", "properties": {"osmId": 10806993015, "id": "osm_tree_10806993015", "natural": "tree", "tree_height": 7.5, "height_source": "VISUAL_ESTIMATE", "genus": null, "species": null, "circumference": null, "diameter_crown": null, "source": "OPENSTREETMAP"}, "geometry": {"type": "Point", "coordinates": [73.8585265, 18.5213304]}}, {"type": "Feature", "properties": {"osmId": 10806993016, "id": "osm_tree_10806993016", "natural": "tree", "tree_height": 7.85, "height_source": "VISUAL_ESTIMATE", "genus": null, "species": null, "circumference": null, "diameter_crown": null, "source": "OPENSTREETMAP"}, "geometry": {"type": "Point", "coordinates": [73.8586096, 18.5214067]}}, {"type": "Feature", "properties": {"osmId": 10806993017, "id": "osm_tree_10806993017", "natural": "tree", "tree_height": 8.2, "height_source": "VISUAL_ESTIMATE", "genus": null, "species": null, "circumference": null, "diameter_crown": null, "source": "OPENSTREETMAP"}, "geometry": {"type": "Point", "coordinates": [73.8587531, 18.5207416]}}, {"type": "Feature", "properties": {"osmId": 10806993018, "id": "osm_tree_10806993018", "natural": "tree", "tree_height": 8.55, "height_source": "VISUAL_ESTIMATE", "genus": null, "species": null, "circumference": null, "diameter_crown": null, "source": "OPENSTREETMAP"}, "geometry": {"type": "Point", "coordinates": [73.8553776, 18.5208204]}}, {"type": "Feature", "properties": {"osmId": 10806993019, "id": "osm_tree_10806993019", "natural": "tree", "tree_height": 8.9, "height_source": "VISUAL_ESTIMATE", "genus": null, "species": null, "circumference": null, "diameter_crown": null, "source": "OPENSTREETMAP"}, "geometry": {"type": "Point", "coordinates": [73.8553776, 18.5207391]}}, {"type": "Feature", "properties": {"osmId": 10806993020, "id": "osm_tree_10806993020", "natural": "tree", "tree_height": 9.25, "height_source": "VISUAL_ESTIMATE", "genus": null, "species": null, "circumference": null, "diameter_crown": null, "source": "OPENSTREETMAP"}, "geometry": {"type": "Point", "coordinates": [73.8554648, 18.52072]}}, {"type": "Feature", "properties": {"osmId": 10806993021, "id": "osm_tree_10806993021", "natural": "tree", "tree_height": 9.6, "height_source": "VISUAL_ESTIMATE", "genus": null, "species": null, "circumference": null, "diameter_crown": null, "source": "OPENSTREETMAP"}, "geometry": {"type": "Point", "coordinates": [73.8554889, 18.520781]}}, {"type": "Feature", "properties": {"osmId": 10806993022, "id": "osm_tree_10806993022", "natural": "tree", "tree_height": 9.95, "height_source": "VISUAL_ESTIMATE", "genus": null, "species": null, "circumference": null, "diameter_crown": null, "source": "OPENSTREETMAP"}, "geometry": {"type": "Point", "coordinates": [73.8555653, 18.5208942]}}, {"type": "Feature", "properties": {"osmId": 10806993023, "id": "osm_tree_10806993023", "natural": "tree", "tree_height": 10.3, "height_source": "VISUAL_ESTIMATE", "genus": null, "species": null, "circumference": null, "diameter_crown": null, "source": "OPENSTREETMAP"}, "geometry": {"type": "Point", "coordinates": [73.855615, 18.5208065]}}, {"type": "Feature", "properties": {"osmId": 10806993024, "id": "osm_tree_10806993024", "natural": "tree", "tree_height": 4.7, "height_source": "VISUAL_ESTIMATE", "genus": null, "species": null, "circumference": null, "diameter_crown": null, "source": "OPENSTREETMAP"}, "geometry": {"type": "Point", "coordinates": [73.8556565, 18.5208192]}}, {"type": "Feature", "properties": {"osmId": 10806993025, "id": "osm_tree_10806993025", "natural": "tree", "tree_height": 5.050000000000001, "height_source": "VISUAL_ESTIMATE", "genus": null, "species": null, "circumference": null, "diameter_crown": null, "source": "OPENSTREETMAP"}, "geometry": {"type": "Point", "coordinates": [73.8556941, 18.5207454]}}, {"type": "Feature", "properties": {"osmId": 10806993026, "id": "osm_tree_10806993026", "natural": "tree", "tree_height": 5.4, "height_source": "VISUAL_ESTIMATE", "genus": null, "species": null, "circumference": null, "diameter_crown": null, "source": "OPENSTREETMAP"}, "geometry": {"type": "Point", "coordinates": [73.8554017, 18.5212159]}}, {"type": "Feature", "properties": {"osmId": 10806993027, "id": "osm_tree_10806993027", "natural": "tree", "tree_height": 5.75, "height_source": "VISUAL_ESTIMATE", "genus": null, "species": null, "circumference": null, "diameter_crown": null, "source": "OPENSTREETMAP"}, "geometry": {"type": "Point", "coordinates": [73.8554218, 18.5211358]}}, {"type": "Feature", "properties": {"osmId": 10806993028, "id": "osm_tree_10806993028", "natural": "tree", "tree_height": 6.1, "height_source": "VISUAL_ESTIMATE", "genus": null, "species": null, "circumference": null, "diameter_crown": null, "source": "OPENSTREETMAP"}, "geometry": {"type": "Point", "coordinates": [73.8557155, 18.5214512]}}, {"type": "Feature", "properties": {"osmId": 10806993029, "id": "osm_tree_10806993029", "natural": "tree", "tree_height": 6.45, "height_source": "VISUAL_ESTIMATE", "genus": null, "species": null, "circumference": null, "diameter_crown": null, "source": "OPENSTREETMAP"}, "geometry": {"type": "Point", "coordinates": [73.8561279, 18.5215497]}}, {"type": "Feature", "properties": {"osmId": 10806993030, "id": "osm_tree_10806993030", "natural": "tree", "tree_height": 6.8, "height_source": "VISUAL_ESTIMATE", "genus": null, "species": null, "circumference": null, "diameter_crown": null, "source": "OPENSTREETMAP"}, "geometry": {"type": "Point", "coordinates": [73.8561018, 18.5216546]}}, {"type": "Feature", "properties": {"osmId": 10806993031, "id": "osm_tree_10806993031", "natural": "tree", "tree_height": 7.15, "height_source": "VISUAL_ESTIMATE", "genus": null, "species": null, "circumference": null, "diameter_crown": null, "source": "OPENSTREETMAP"}, "geometry": {"type": "Point", "coordinates": [73.856205, 18.5215809]}}, {"type": "Feature", "properties": {"osmId": 10806993032, "id": "osm_tree_10806993032", "natural": "tree", "tree_height": 7.5, "height_source": "VISUAL_ESTIMATE", "genus": null, "species": null, "circumference": null, "diameter_crown": null, "source": "OPENSTREETMAP"}, "geometry": {"type": "Point", "coordinates": [73.8568193, 18.5210544]}}, {"type": "Feature", "properties": {"osmId": 10806993033, "id": "osm_tree_10806993033", "natural": "tree", "tree_height": 7.85, "height_source": "VISUAL_ESTIMATE", "genus": null, "species": null, "circumference": null, "diameter_crown": null, "source": "OPENSTREETMAP"}, "geometry": {"type": "Point", "coordinates": [73.85764, 18.5214054]}}, {"type": "Feature", "properties": {"osmId": 10806993034, "id": "osm_tree_10806993034", "natural": "tree", "tree_height": 8.2, "height_source": "VISUAL_ESTIMATE", "genus": null, "species": null, "circumference": null, "diameter_crown": null, "source": "OPENSTREETMAP"}, "geometry": {"type": "Point", "coordinates": [73.8574362, 18.5211358]}}, {"type": "Feature", "properties": {"osmId": 10806993035, "id": "osm_tree_10806993035", "natural": "tree", "tree_height": 8.55, "height_source": "VISUAL_ESTIMATE", "genus": null, "species": null, "circumference": null, "diameter_crown": null, "source": "OPENSTREETMAP"}, "geometry": {"type": "Point", "coordinates": [73.8573879, 18.5212808]}}, {"type": "Feature", "properties": {"osmId": 10806993036, "id": "osm_tree_10806993036", "natural": "tree", "tree_height": 8.9, "height_source": "VISUAL_ESTIMATE", "genus": null, "species": null, "circumference": null, "diameter_crown": null, "source": "OPENSTREETMAP"}, "geometry": {"type": "Point", "coordinates": [73.8571975, 18.5212528]}}, {"type": "Feature", "properties": {"osmId": 10806993037, "id": "osm_tree_10806993037", "natural": "tree", "tree_height": 9.25, "height_source": "VISUAL_ESTIMATE", "genus": null, "species": null, "circumference": null, "diameter_crown": null, "source": "OPENSTREETMAP"}, "geometry": {"type": "Point", "coordinates": [73.8592413, 18.5196238]}}, {"type": "Feature", "properties": {"osmId": 10806993038, "id": "osm_tree_10806993038", "natural": "tree", "tree_height": 9.6, "height_source": "VISUAL_ESTIMATE", "genus": null, "species": null, "circumference": null, "diameter_crown": null, "source": "OPENSTREETMAP"}, "geometry": {"type": "Point", "coordinates": [73.8592762, 18.519779]}}, {"type": "Feature", "properties": {"osmId": 10806993039, "id": "osm_tree_10806993039", "natural": "tree", "tree_height": 9.95, "height_source": "VISUAL_ESTIMATE", "genus": null, "species": null, "circumference": null, "diameter_crown": null, "source": "OPENSTREETMAP"}, "geometry": {"type": "Point", "coordinates": [73.8592306, 18.5199748]}}, {"type": "Feature", "properties": {"osmId": 10806993040, "id": "osm_tree_10806993040", "natural": "tree", "tree_height": 10.3, "height_source": "VISUAL_ESTIMATE", "genus": null, "species": null, "circumference": null, "diameter_crown": null, "source": "OPENSTREETMAP"}, "geometry": {"type": "Point", "coordinates": [73.8593513, 18.5198807]}}, {"type": "Feature", "properties": {"osmId": 10806993041, "id": "osm_tree_10806993041", "natural": "tree", "tree_height": 4.7, "height_source": "VISUAL_ESTIMATE", "genus": null, "species": null, "circumference": null, "diameter_crown": null, "source": "OPENSTREETMAP"}, "geometry": {"type": "Point", "coordinates": [73.8589691, 18.5200676]}}, {"type": "Feature", "properties": {"osmId": 10806993042, "id": "osm_tree_10806993042", "natural": "tree", "tree_height": 5.050000000000001, "height_source": "VISUAL_ESTIMATE", "genus": null, "species": null, "circumference": null, "diameter_crown": null, "source": "OPENSTREETMAP"}, "geometry": {"type": "Point", "coordinates": [73.8588122, 18.5201401]}}, {"type": "Feature", "properties": {"osmId": 10806993043, "id": "osm_tree_10806993043", "natural": "tree", "tree_height": 5.4, "height_source": "VISUAL_ESTIMATE", "genus": null, "species": null, "circumference": null, "diameter_crown": null, "source": "OPENSTREETMAP"}, "geometry": {"type": "Point", "coordinates": [73.8589449, 18.5202889]}}, {"type": "Feature", "properties": {"osmId": 10806993044, "id": "osm_tree_10806993044", "natural": "tree", "tree_height": 5.75, "height_source": "VISUAL_ESTIMATE", "genus": null, "species": null, "circumference": null, "diameter_crown": null, "source": "OPENSTREETMAP"}, "geometry": {"type": "Point", "coordinates": [73.8584983, 18.5190592]}}, {"type": "Feature", "properties": {"osmId": 10806993045, "id": "osm_tree_10806993045", "natural": "tree", "tree_height": 6.1, "height_source": "VISUAL_ESTIMATE", "genus": null, "species": null, "circumference": null, "diameter_crown": null, "source": "OPENSTREETMAP"}, "geometry": {"type": "Point", "coordinates": [73.8590509, 18.5199277]}}, {"type": "Feature", "properties": {"osmId": 10806993046, "id": "osm_tree_10806993046", "natural": "tree", "tree_height": 6.45, "height_source": "VISUAL_ESTIMATE", "genus": null, "species": null, "circumference": null, "diameter_crown": null, "source": "OPENSTREETMAP"}, "geometry": {"type": "Point", "coordinates": [73.858265, 18.5191559]}}, {"type": "Feature", "properties": {"osmId": 10806993047, "id": "osm_tree_10806993047", "natural": "tree", "tree_height": 6.8, "height_source": "VISUAL_ESTIMATE", "genus": null, "species": null, "circumference": null, "diameter_crown": null, "source": "OPENSTREETMAP"}, "geometry": {"type": "Point", "coordinates": [73.858332, 18.5192576]}}, {"type": "Feature", "properties": {"osmId": 10806993048, "id": "osm_tree_10806993048", "natural": "tree", "tree_height": 7.15, "height_source": "VISUAL_ESTIMATE", "genus": null, "species": null, "circumference": null, "diameter_crown": null, "source": "OPENSTREETMAP"}, "geometry": {"type": "Point", "coordinates": [73.8583656, 18.5192093]}}, {"type": "Feature", "properties": {"osmId": 10806993049, "id": "osm_tree_10806993049", "natural": "tree", "tree_height": 7.5, "height_source": "VISUAL_ESTIMATE", "genus": null, "species": null, "circumference": null, "diameter_crown": null, "source": "OPENSTREETMAP"}, "geometry": {"type": "Point", "coordinates": [73.8587062, 18.5193441]}}, {"type": "Feature", "properties": {"osmId": 10806993050, "id": "osm_tree_10806993050", "natural": "tree", "tree_height": 7.85, "height_source": "VISUAL_ESTIMATE", "genus": null, "species": null, "circumference": null, "diameter_crown": null, "source": "OPENSTREETMAP"}, "geometry": {"type": "Point", "coordinates": [73.8587116, 18.5192398]}}, {"type": "Feature", "properties": {"osmId": 10806993051, "id": "osm_tree_10806993051", "natural": "tree", "tree_height": 8.2, "height_source": "VISUAL_ESTIMATE", "genus": null, "species": null, "circumference": null, "diameter_crown": null, "source": "OPENSTREETMAP"}, "geometry": {"type": "Point", "coordinates": [73.8586619, 18.5196887]}}, {"type": "Feature", "properties": {"osmId": 10806993052, "id": "osm_tree_10806993052", "natural": "tree", "tree_height": 8.55, "height_source": "VISUAL_ESTIMATE", "genus": null, "species": null, "circumference": null, "diameter_crown": null, "source": "OPENSTREETMAP"}, "geometry": {"type": "Point", "coordinates": [73.8586391, 18.5194229]}}, {"type": "Feature", "properties": {"osmId": 10806993053, "id": "osm_tree_10806993053", "natural": "tree", "tree_height": 8.9, "height_source": "VISUAL_ESTIMATE", "genus": null, "species": null, "circumference": null, "diameter_crown": null, "source": "OPENSTREETMAP"}, "geometry": {"type": "Point", "coordinates": [73.8585091, 18.5196887]}}, {"type": "Feature", "properties": {"osmId": 10806993054, "id": "osm_tree_10806993054", "natural": "tree", "tree_height": 9.25, "height_source": "VISUAL_ESTIMATE", "genus": null, "species": null, "circumference": null, "diameter_crown": null, "source": "OPENSTREETMAP"}, "geometry": {"type": "Point", "coordinates": [73.8585989, 18.5196785]}}, {"type": "Feature", "properties": {"osmId": 10806993055, "id": "osm_tree_10806993055", "natural": "tree", "tree_height": 9.6, "height_source": "VISUAL_ESTIMATE", "genus": null, "species": null, "circumference": null, "diameter_crown": null, "source": "OPENSTREETMAP"}, "geometry": {"type": "Point", "coordinates": [73.8582931, 18.5196569]}}, {"type": "Feature", "properties": {"osmId": 10806993056, "id": "osm_tree_10806993056", "natural": "tree", "tree_height": 9.95, "height_source": "VISUAL_ESTIMATE", "genus": null, "species": null, "circumference": null, "diameter_crown": null, "source": "OPENSTREETMAP"}, "geometry": {"type": "Point", "coordinates": [73.8578331, 18.5195399]}}, {"type": "Feature", "properties": {"osmId": 10806993057, "id": "osm_tree_10806993057", "natural": "tree", "tree_height": 10.3, "height_source": "VISUAL_ESTIMATE", "genus": null, "species": null, "circumference": null, "diameter_crown": null, "source": "OPENSTREETMAP"}, "geometry": {"type": "Point", "coordinates": [73.8576829, 18.5189804]}}, {"type": "Feature", "properties": {"osmId": 10806993058, "id": "osm_tree_10806993058", "natural": "tree", "tree_height": 4.7, "height_source": "VISUAL_ESTIMATE", "genus": null, "species": null, "circumference": null, "diameter_crown": null, "source": "OPENSTREETMAP"}, "geometry": {"type": "Point", "coordinates": [73.8573088, 18.5187438]}}, {"type": "Feature", "properties": {"osmId": 10806993059, "id": "osm_tree_10806993059", "natural": "tree", "tree_height": 5.050000000000001, "height_source": "VISUAL_ESTIMATE", "genus": null, "species": null, "circumference": null, "diameter_crown": null, "source": "OPENSTREETMAP"}, "geometry": {"type": "Point", "coordinates": [73.8564867, 18.518899]}}, {"type": "Feature", "properties": {"osmId": 10806993060, "id": "osm_tree_10806993060", "natural": "tree", "tree_height": 5.4, "height_source": "VISUAL_ESTIMATE", "genus": null, "species": null, "circumference": null, "diameter_crown": null, "source": "OPENSTREETMAP"}, "geometry": {"type": "Point", "coordinates": [73.856319, 18.5187311]}}, {"type": "Feature", "properties": {"osmId": 10806993061, "id": "osm_tree_10806993061", "natural": "tree", "tree_height": 5.75, "height_source": "VISUAL_ESTIMATE", "genus": null, "species": null, "circumference": null, "diameter_crown": null, "source": "OPENSTREETMAP"}, "geometry": {"type": "Point", "coordinates": [73.8567924, 18.5188672]}}, {"type": "Feature", "properties": {"osmId": 10806993062, "id": "osm_tree_10806993062", "natural": "tree", "tree_height": 6.1, "height_source": "VISUAL_ESTIMATE", "genus": null, "species": null, "circumference": null, "diameter_crown": null, "source": "OPENSTREETMAP"}, "geometry": {"type": "Point", "coordinates": [73.8567281, 18.5187794]}}, {"type": "Feature", "properties": {"osmId": 10806993063, "id": "osm_tree_10806993063", "natural": "tree", "tree_height": 6.45, "height_source": "VISUAL_ESTIMATE", "genus": null, "species": null, "circumference": null, "diameter_crown": null, "source": "OPENSTREETMAP"}, "geometry": {"type": "Point", "coordinates": [73.8567267, 18.5186981]}}, {"type": "Feature", "properties": {"osmId": 10806993064, "id": "osm_tree_10806993064", "natural": "tree", "tree_height": 6.8, "height_source": "VISUAL_ESTIMATE", "genus": null, "species": null, "circumference": null, "diameter_crown": null, "source": "OPENSTREETMAP"}, "geometry": {"type": "Point", "coordinates": [73.8568099, 18.5185912]}}, {"type": "Feature", "properties": {"osmId": 10806993065, "id": "osm_tree_10806993065", "natural": "tree", "tree_height": 7.15, "height_source": "VISUAL_ESTIMATE", "genus": null, "species": null, "circumference": null, "diameter_crown": null, "source": "OPENSTREETMAP"}, "geometry": {"type": "Point", "coordinates": [73.8566972, 18.5185862]}}, {"type": "Feature", "properties": {"osmId": 10806993066, "id": "osm_tree_10806993066", "natural": "tree", "tree_height": 7.5, "height_source": "VISUAL_ESTIMATE", "genus": null, "species": null, "circumference": null, "diameter_crown": null, "source": "OPENSTREETMAP"}, "geometry": {"type": "Point", "coordinates": [73.857066, 18.5186434]}}, {"type": "Feature", "properties": {"osmId": 10806993067, "id": "osm_tree_10806993067", "natural": "tree", "tree_height": 7.85, "height_source": "VISUAL_ESTIMATE", "genus": null, "species": null, "circumference": null, "diameter_crown": null, "source": "OPENSTREETMAP"}, "geometry": {"type": "Point", "coordinates": [73.8568085, 18.5192474]}}, {"type": "Feature", "properties": {"osmId": 10806993068, "id": "osm_tree_10806993068", "natural": "tree", "tree_height": 8.2, "height_source": "VISUAL_ESTIMATE", "genus": null, "species": null, "circumference": null, "diameter_crown": null, "source": "OPENSTREETMAP"}, "geometry": {"type": "Point", "coordinates": [73.856771, 18.5194445]}}, {"type": "Feature", "properties": {"osmId": 10806993069, "id": "osm_tree_10806993069", "natural": "tree", "tree_height": 8.55, "height_source": "VISUAL_ESTIMATE", "genus": null, "species": null, "circumference": null, "diameter_crown": null, "source": "OPENSTREETMAP"}, "geometry": {"type": "Point", "coordinates": [73.8568085, 18.5193352]}}, {"type": "Feature", "properties": {"osmId": 10806993070, "id": "osm_tree_10806993070", "natural": "tree", "tree_height": 8.9, "height_source": "VISUAL_ESTIMATE", "genus": null, "species": null, "circumference": null, "diameter_crown": null, "source": "OPENSTREETMAP"}, "geometry": {"type": "Point", "coordinates": [73.8564424, 18.5192156]}}, {"type": "Feature", "properties": {"osmId": 10806993071, "id": "osm_tree_10806993071", "natural": "tree", "tree_height": 9.25, "height_source": "VISUAL_ESTIMATE", "genus": null, "species": null, "circumference": null, "diameter_crown": null, "source": "OPENSTREETMAP"}, "geometry": {"type": "Point", "coordinates": [73.8563673, 18.519222]}}, {"type": "Feature", "properties": {"osmId": 10806993072, "id": "osm_tree_10806993072", "natural": "tree", "tree_height": 9.6, "height_source": "VISUAL_ESTIMATE", "genus": null, "species": null, "circumference": null, "diameter_crown": null, "source": "OPENSTREETMAP"}, "geometry": {"type": "Point", "coordinates": [73.8563177, 18.5191686]}}, {"type": "Feature", "properties": {"osmId": 10806993073, "id": "osm_tree_10806993073", "natural": "tree", "tree_height": 9.95, "height_source": "VISUAL_ESTIMATE", "genus": null, "species": null, "circumference": null, "diameter_crown": null, "source": "OPENSTREETMAP"}, "geometry": {"type": "Point", "coordinates": [73.8560736, 18.5189359]}}, {"type": "Feature", "properties": {"osmId": 10806993074, "id": "osm_tree_10806993074", "natural": "tree", "tree_height": 10.3, "height_source": "VISUAL_ESTIMATE", "genus": null, "species": null, "circumference": null, "diameter_crown": null, "source": "OPENSTREETMAP"}, "geometry": {"type": "Point", "coordinates": [73.8562158, 18.5190974]}}, {"type": "Feature", "properties": {"osmId": 10806993075, "id": "osm_tree_10806993075", "natural": "tree", "tree_height": 4.7, "height_source": "VISUAL_ESTIMATE", "genus": null, "species": null, "circumference": null, "diameter_crown": null, "source": "OPENSTREETMAP"}, "geometry": {"type": "Point", "coordinates": [73.8560428, 18.5193593]}}, {"type": "Feature", "properties": {"osmId": 10806993076, "id": "osm_tree_10806993076", "natural": "tree", "tree_height": 5.050000000000001, "height_source": "VISUAL_ESTIMATE", "genus": null, "species": null, "circumference": null, "diameter_crown": null, "source": "OPENSTREETMAP"}, "geometry": {"type": "Point", "coordinates": [73.8561849, 18.5193822]}}, {"type": "Feature", "properties": {"osmId": 10806993077, "id": "osm_tree_10806993077", "natural": "tree", "tree_height": 5.4, "height_source": "VISUAL_ESTIMATE", "genus": null, "species": null, "circumference": null, "diameter_crown": null, "source": "OPENSTREETMAP"}, "geometry": {"type": "Point", "coordinates": [73.8562131, 18.5199812]}}, {"type": "Feature", "properties": {"osmId": 10806993078, "id": "osm_tree_10806993078", "natural": "tree", "tree_height": 5.75, "height_source": "VISUAL_ESTIMATE", "genus": null, "species": null, "circumference": null, "diameter_crown": null, "source": "OPENSTREETMAP"}, "geometry": {"type": "Point", "coordinates": [73.8560468, 18.519999]}}, {"type": "Feature", "properties": {"osmId": 10806993079, "id": "osm_tree_10806993079", "natural": "tree", "tree_height": 6.1, "height_source": "VISUAL_ESTIMATE", "genus": null, "species": null, "circumference": null, "diameter_crown": null, "source": "OPENSTREETMAP"}, "geometry": {"type": "Point", "coordinates": [73.8561983, 18.5197904]}}, {"type": "Feature", "properties": {"osmId": 10806993080, "id": "osm_tree_10806993080", "natural": "tree", "tree_height": 6.45, "height_source": "VISUAL_ESTIMATE", "genus": null, "species": null, "circumference": null, "diameter_crown": null, "source": "OPENSTREETMAP"}, "geometry": {"type": "Point", "coordinates": [73.8558322, 18.5201795]}}, {"type": "Feature", "properties": {"osmId": 10806993081, "id": "osm_tree_10806993081", "natural": "tree", "tree_height": 6.8, "height_source": "VISUAL_ESTIMATE", "genus": null, "species": null, "circumference": null, "diameter_crown": null, "source": "OPENSTREETMAP"}, "geometry": {"type": "Point", "coordinates": [73.8563227, 18.5202131]}}, {"type": "Feature", "properties": {"osmId": 10806993082, "id": "osm_tree_10806993082", "natural": "tree", "tree_height": 7.15, "height_source": "VISUAL_ESTIMATE", "genus": null, "species": null, "circumference": null, "diameter_crown": null, "source": "OPENSTREETMAP"}, "geometry": {"type": "Point", "coordinates": [73.8561836, 18.520238]}}, {"type": "Feature", "properties": {"osmId": 10806993083, "id": "osm_tree_10806993083", "natural": "tree", "tree_height": 7.5, "height_source": "VISUAL_ESTIMATE", "genus": null, "species": null, "circumference": null, "diameter_crown": null, "source": "OPENSTREETMAP"}, "geometry": {"type": "Point", "coordinates": [73.8560951, 18.520383]}}, {"type": "Feature", "properties": {"osmId": 10806993084, "id": "osm_tree_10806993084", "natural": "tree", "tree_height": 7.85, "height_source": "VISUAL_ESTIMATE", "genus": null, "species": null, "circumference": null, "diameter_crown": null, "source": "OPENSTREETMAP"}, "geometry": {"type": "Point", "coordinates": [73.8567388, 18.5203677]}}, {"type": "Feature", "properties": {"osmId": 10806993085, "id": "osm_tree_10806993085", "natural": "tree", "tree_height": 8.2, "height_source": "VISUAL_ESTIMATE", "genus": null, "species": null, "circumference": null, "diameter_crown": null, "source": "OPENSTREETMAP"}, "geometry": {"type": "Point", "coordinates": [73.8569668, 18.5201846]}}, {"type": "Feature", "properties": {"osmId": 10806993086, "id": "osm_tree_10806993086", "natural": "tree", "tree_height": 8.55, "height_source": "VISUAL_ESTIMATE", "genus": null, "species": null, "circumference": null, "diameter_crown": null, "source": "OPENSTREETMAP"}, "geometry": {"type": "Point", "coordinates": [73.8570982, 18.5202914]}}, {"type": "Feature", "properties": {"osmId": 10806993087, "id": "osm_tree_10806993087", "natural": "tree", "tree_height": 8.9, "height_source": "VISUAL_ESTIMATE", "genus": null, "species": null, "circumference": null, "diameter_crown": null, "source": "OPENSTREETMAP"}, "geometry": {"type": "Point", "coordinates": [73.858206, 18.5198871]}}, {"type": "Feature", "properties": {"osmId": 10806993088, "id": "osm_tree_10806993088", "natural": "tree", "tree_height": 9.25, "height_source": "VISUAL_ESTIMATE", "genus": null, "species": null, "circumference": null, "diameter_crown": null, "source": "OPENSTREETMAP"}, "geometry": {"type": "Point", "coordinates": [73.8581148, 18.5200702]}}, {"type": "Feature", "properties": {"osmId": 10806993089, "id": "osm_tree_10806993089", "natural": "tree", "tree_height": 9.6, "height_source": "VISUAL_ESTIMATE", "genus": null, "species": null, "circumference": null, "diameter_crown": null, "source": "OPENSTREETMAP"}, "geometry": {"type": "Point", "coordinates": [73.8580182, 18.5200346]}}, {"type": "Feature", "properties": {"osmId": 10810417805, "id": "osm_tree_10810417805", "natural": "tree", "tree_height": 8.9, "height_source": "VISUAL_ESTIMATE", "genus": null, "species": null, "circumference": null, "diameter_crown": null, "source": "OPENSTREETMAP"}, "geometry": {"type": "Point", "coordinates": [73.8554057, 18.5159525]}}, {"type": "Feature", "properties": {"osmId": 10810417806, "id": "osm_tree_10810417806", "natural": "tree", "tree_height": 9.25, "height_source": "VISUAL_ESTIMATE", "genus": null, "species": null, "circumference": null, "diameter_crown": null, "source": "OPENSTREETMAP"}, "geometry": {"type": "Point", "coordinates": [73.8557357, 18.516301]}}, {"type": "Feature", "properties": {"osmId": 10810417807, "id": "osm_tree_10810417807", "natural": "tree", "tree_height": 9.6, "height_source": "VISUAL_ESTIMATE", "genus": null, "species": null, "circumference": null, "diameter_crown": null, "source": "OPENSTREETMAP"}, "geometry": {"type": "Point", "coordinates": [73.8535738, 18.517621]}}, {"type": "Feature", "properties": {"osmId": 10810417808, "id": "osm_tree_10810417808", "natural": "tree", "tree_height": 9.95, "height_source": "VISUAL_ESTIMATE", "genus": null, "species": null, "circumference": null, "diameter_crown": null, "source": "OPENSTREETMAP"}, "geometry": {"type": "Point", "coordinates": [73.8537535, 18.5176311]}}, {"type": "Feature", "properties": {"osmId": 10810417809, "id": "osm_tree_10810417809", "natural": "tree", "tree_height": 10.3, "height_source": "VISUAL_ESTIMATE", "genus": null, "species": null, "circumference": null, "diameter_crown": null, "source": "OPENSTREETMAP"}, "geometry": {"type": "Point", "coordinates": [73.8545877, 18.5186205]}}, {"type": "Feature", "properties": {"osmId": 10810417810, "id": "osm_tree_10810417810", "natural": "tree", "tree_height": 4.7, "height_source": "VISUAL_ESTIMATE", "genus": null, "species": null, "circumference": null, "diameter_crown": null, "source": "OPENSTREETMAP"}, "geometry": {"type": "Point", "coordinates": [73.8563284, 18.5180584]}}, {"type": "Feature", "properties": {"osmId": 10810417811, "id": "osm_tree_10810417811", "natural": "tree", "tree_height": 5.050000000000001, "height_source": "VISUAL_ESTIMATE", "genus": null, "species": null, "circumference": null, "diameter_crown": null, "source": "OPENSTREETMAP"}, "geometry": {"type": "Point", "coordinates": [73.8563499, 18.5182492]}}, {"type": "Feature", "properties": {"osmId": 10810417812, "id": "osm_tree_10810417812", "natural": "tree", "tree_height": 5.4, "height_source": "VISUAL_ESTIMATE", "genus": null, "species": null, "circumference": null, "diameter_crown": null, "source": "OPENSTREETMAP"}, "geometry": {"type": "Point", "coordinates": [73.8561004, 18.517977]}}, {"type": "Feature", "properties": {"osmId": 10810417813, "id": "osm_tree_10810417813", "natural": "tree", "tree_height": 5.75, "height_source": "VISUAL_ESTIMATE", "genus": null, "species": null, "circumference": null, "diameter_crown": null, "source": "OPENSTREETMAP"}, "geometry": {"type": "Point", "coordinates": [73.8547084, 18.5178117]}}, {"type": "Feature", "properties": {"osmId": 10810417814, "id": "osm_tree_10810417814", "natural": "tree", "tree_height": 6.1, "height_source": "VISUAL_ESTIMATE", "genus": null, "species": null, "circumference": null, "diameter_crown": null, "source": "OPENSTREETMAP"}, "geometry": {"type": "Point", "coordinates": [73.8547808, 18.5173921]}}, {"type": "Feature", "properties": {"osmId": 10810417815, "id": "osm_tree_10810417815", "natural": "tree", "tree_height": 6.45, "height_source": "VISUAL_ESTIMATE", "genus": null, "species": null, "circumference": null, "diameter_crown": null, "source": "OPENSTREETMAP"}, "geometry": {"type": "Point", "coordinates": [73.8548961, 18.5173895]}}, {"type": "Feature", "properties": {"osmId": 10810417816, "id": "osm_tree_10810417816", "natural": "tree", "tree_height": 6.8, "height_source": "VISUAL_ESTIMATE", "genus": null, "species": null, "circumference": null, "diameter_crown": null, "source": "OPENSTREETMAP"}, "geometry": {"type": "Point", "coordinates": [73.8548559, 18.5173666]}}, {"type": "Feature", "properties": {"osmId": 10810417819, "id": "osm_tree_10810417819", "natural": "tree", "tree_height": 7.85, "height_source": "VISUAL_ESTIMATE", "genus": null, "species": null, "circumference": null, "diameter_crown": null, "source": "OPENSTREETMAP"}, "geometry": {"type": "Point", "coordinates": [73.8539413, 18.5151793]}}, {"type": "Feature", "properties": {"osmId": 10810417820, "id": "osm_tree_10810417820", "natural": "tree", "tree_height": 8.2, "height_source": "VISUAL_ESTIMATE", "genus": null, "species": null, "circumference": null, "diameter_crown": null, "source": "OPENSTREETMAP"}, "geometry": {"type": "Point", "coordinates": [73.8540244, 18.5151005]}}, {"type": "Feature", "properties": {"osmId": 10810417821, "id": "osm_tree_10810417821", "natural": "tree", "tree_height": 8.55, "height_source": "VISUAL_ESTIMATE", "genus": null, "species": null, "circumference": null, "diameter_crown": null, "source": "OPENSTREETMAP"}, "geometry": {"type": "Point", "coordinates": [73.8556471, 18.515599]}}, {"type": "Feature", "properties": {"osmId": 10810417822, "id": "osm_tree_10810417822", "natural": "tree", "tree_height": 8.9, "height_source": "VISUAL_ESTIMATE", "genus": null, "species": null, "circumference": null, "diameter_crown": null, "source": "OPENSTREETMAP"}, "geometry": {"type": "Point", "coordinates": [73.8554728, 18.5156193]}}, {"type": "Feature", "properties": {"osmId": 10810417823, "id": "osm_tree_10810417823", "natural": "tree", "tree_height": 9.25, "height_source": "VISUAL_ESTIMATE", "genus": null, "species": null, "circumference": null, "diameter_crown": null, "source": "OPENSTREETMAP"}, "geometry": {"type": "Point", "coordinates": [73.8554218, 18.5156753]}}, {"type": "Feature", "properties": {"osmId": 10810417824, "id": "osm_tree_10810417824", "natural": "tree", "tree_height": 9.6, "height_source": "VISUAL_ESTIMATE", "genus": null, "species": null, "circumference": null, "diameter_crown": null, "source": "OPENSTREETMAP"}, "geometry": {"type": "Point", "coordinates": [73.8554674, 18.5157897]}}, {"type": "Feature", "properties": {"osmId": 10810417825, "id": "osm_tree_10810417825", "natural": "tree", "tree_height": 9.95, "height_source": "VISUAL_ESTIMATE", "genus": null, "species": null, "circumference": null, "diameter_crown": null, "source": "OPENSTREETMAP"}, "geometry": {"type": "Point", "coordinates": [73.8556284, 18.5157618]}}, {"type": "Feature", "properties": {"osmId": 10810417826, "id": "osm_tree_10810417826", "natural": "tree", "tree_height": 10.3, "height_source": "VISUAL_ESTIMATE", "genus": null, "species": null, "circumference": null, "diameter_crown": null, "source": "OPENSTREETMAP"}, "geometry": {"type": "Point", "coordinates": [73.8557464, 18.5157363]}}, {"type": "Feature", "properties": {"osmId": 10810417827, "id": "osm_tree_10810417827", "natural": "tree", "tree_height": 4.7, "height_source": "VISUAL_ESTIMATE", "genus": null, "species": null, "circumference": null, "diameter_crown": null, "source": "OPENSTREETMAP"}, "geometry": {"type": "Point", "coordinates": [73.8558269, 18.5158406]}}, {"type": "Feature", "properties": {"osmId": 10810417828, "id": "osm_tree_10810417828", "natural": "tree", "tree_height": 5.050000000000001, "height_source": "VISUAL_ESTIMATE", "genus": null, "species": null, "circumference": null, "diameter_crown": null, "source": "OPENSTREETMAP"}, "geometry": {"type": "Point", "coordinates": [73.8556847, 18.5159805]}}, {"type": "Feature", "properties": {"osmId": 10810417829, "id": "osm_tree_10810417829", "natural": "tree", "tree_height": 5.4, "height_source": "VISUAL_ESTIMATE", "genus": null, "species": null, "circumference": null, "diameter_crown": null, "source": "OPENSTREETMAP"}, "geometry": {"type": "Point", "coordinates": [73.8548478, 18.5160492]}}, {"type": "Feature", "properties": {"osmId": 10810417830, "id": "osm_tree_10810417830", "natural": "tree", "tree_height": 5.75, "height_source": "VISUAL_ESTIMATE", "genus": null, "species": null, "circumference": null, "diameter_crown": null, "source": "OPENSTREETMAP"}, "geometry": {"type": "Point", "coordinates": [73.8548559, 18.5159118]}}, {"type": "Feature", "properties": {"osmId": 10810417831, "id": "osm_tree_10810417831", "natural": "tree", "tree_height": 6.1, "height_source": "VISUAL_ESTIMATE", "genus": null, "species": null, "circumference": null, "diameter_crown": null, "source": "OPENSTREETMAP"}, "geometry": {"type": "Point", "coordinates": [73.8551241, 18.5158584]}}, {"type": "Feature", "properties": {"osmId": 10810417832, "id": "osm_tree_10810417832", "natural": "tree", "tree_height": 6.45, "height_source": "VISUAL_ESTIMATE", "genus": null, "species": null, "circumference": null, "diameter_crown": null, "source": "OPENSTREETMAP"}, "geometry": {"type": "Point", "coordinates": [73.8552716, 18.5159245]}}, {"type": "Feature", "properties": {"osmId": 10810417833, "id": "osm_tree_10810417833", "natural": "tree", "tree_height": 6.8, "height_source": "VISUAL_ESTIMATE", "genus": null, "species": null, "circumference": null, "diameter_crown": null, "source": "OPENSTREETMAP"}, "geometry": {"type": "Point", "coordinates": [73.8559046, 18.5167893]}}, {"type": "Feature", "properties": {"osmId": 10810417834, "id": "osm_tree_10810417834", "natural": "tree", "tree_height": 7.15, "height_source": "VISUAL_ESTIMATE", "genus": null, "species": null, "circumference": null, "diameter_crown": null, "source": "OPENSTREETMAP"}, "geometry": {"type": "Point", "coordinates": [73.8558188, 18.5172598]}}, {"type": "Feature", "properties": {"osmId": 10810417835, "id": "osm_tree_10810417835", "natural": "tree", "tree_height": 7.5, "height_source": "VISUAL_ESTIMATE", "genus": null, "species": null, "circumference": null, "diameter_crown": null, "source": "OPENSTREETMAP"}, "geometry": {"type": "Point", "coordinates": [73.8559341, 18.5172293]}}, {"type": "Feature", "properties": {"osmId": 10810417836, "id": "osm_tree_10810417836", "natural": "tree", "tree_height": 7.85, "height_source": "VISUAL_ESTIMATE", "genus": null, "species": null, "circumference": null, "diameter_crown": null, "source": "OPENSTREETMAP"}, "geometry": {"type": "Point", "coordinates": [73.8560173, 18.5173361]}}, {"type": "Feature", "properties": {"osmId": 10810417837, "id": "osm_tree_10810417837", "natural": "tree", "tree_height": 8.2, "height_source": "VISUAL_ESTIMATE", "genus": null, "species": null, "circumference": null, "diameter_crown": null, "source": "OPENSTREETMAP"}, "geometry": {"type": "Point", "coordinates": [73.8556699, 18.5179134]}}, {"type": "Feature", "properties": {"osmId": 10810417838, "id": "osm_tree_10810417838", "natural": "tree", "tree_height": 8.55, "height_source": "VISUAL_ESTIMATE", "genus": null, "species": null, "circumference": null, "diameter_crown": null, "source": "OPENSTREETMAP"}, "geometry": {"type": "Point", "coordinates": [73.8553494, 18.5180635]}}, {"type": "Feature", "properties": {"osmId": 10810417839, "id": "osm_tree_10810417839", "natural": "tree", "tree_height": 8.9, "height_source": "VISUAL_ESTIMATE", "genus": null, "species": null, "circumference": null, "diameter_crown": null, "source": "OPENSTREETMAP"}, "geometry": {"type": "Point", "coordinates": [73.8558248, 18.5186357]}}, {"type": "Feature", "properties": {"osmId": 10810417840, "id": "osm_tree_10810417840", "natural": "tree", "tree_height": 9.25, "height_source": "VISUAL_ESTIMATE", "genus": null, "species": null, "circumference": null, "diameter_crown": null, "source": "OPENSTREETMAP"}, "geometry": {"type": "Point", "coordinates": [73.8557135, 18.5186332]}}, {"type": "Feature", "properties": {"osmId": 10810417841, "id": "osm_tree_10810417841", "natural": "tree", "tree_height": 9.6, "height_source": "VISUAL_ESTIMATE", "genus": null, "species": null, "circumference": null, "diameter_crown": null, "source": "OPENSTREETMAP"}, "geometry": {"type": "Point", "coordinates": [73.8555191, 18.5186319]}}, {"type": "Feature", "properties": {"osmId": 10810417842, "id": "osm_tree_10810417842", "natural": "tree", "tree_height": 9.95, "height_source": "VISUAL_ESTIMATE", "genus": null, "species": null, "circumference": null, "diameter_crown": null, "source": "OPENSTREETMAP"}, "geometry": {"type": "Point", "coordinates": [73.8553722, 18.5185798]}}, {"type": "Feature", "properties": {"osmId": 10810417843, "id": "osm_tree_10810417843", "natural": "tree", "tree_height": 10.3, "height_source": "VISUAL_ESTIMATE", "genus": null, "species": null, "circumference": null, "diameter_crown": null, "source": "OPENSTREETMAP"}, "geometry": {"type": "Point", "coordinates": [73.8547942, 18.5187095]}}, {"type": "Feature", "properties": {"osmId": 10810417844, "id": "osm_tree_10810417844", "natural": "tree", "tree_height": 4.7, "height_source": "VISUAL_ESTIMATE", "genus": null, "species": null, "circumference": null, "diameter_crown": null, "source": "OPENSTREETMAP"}, "geometry": {"type": "Point", "coordinates": [73.8551845, 18.5185722]}}, {"type": "Feature", "properties": {"osmId": 10810417845, "id": "osm_tree_10810417845", "natural": "tree", "tree_height": 5.050000000000001, "height_source": "VISUAL_ESTIMATE", "genus": null, "species": null, "circumference": null, "diameter_crown": null, "source": "OPENSTREETMAP"}, "geometry": {"type": "Point", "coordinates": [73.8550973, 18.5185722]}}, {"type": "Feature", "properties": {"osmId": 10810417846, "id": "osm_tree_10810417846", "natural": "tree", "tree_height": 5.4, "height_source": "VISUAL_ESTIMATE", "genus": null, "species": null, "circumference": null, "diameter_crown": null, "source": "OPENSTREETMAP"}, "geometry": {"type": "Point", "coordinates": [73.8549323, 18.5185722]}}, {"type": "Feature", "properties": {"osmId": 10810417847, "id": "osm_tree_10810417847", "natural": "tree", "tree_height": 5.75, "height_source": "VISUAL_ESTIMATE", "genus": null, "species": null, "circumference": null, "diameter_crown": null, "source": "OPENSTREETMAP"}, "geometry": {"type": "Point", "coordinates": [73.8547003, 18.5185671]}}, {"type": "Feature", "properties": {"osmId": 10810417848, "id": "osm_tree_10810417848", "natural": "tree", "tree_height": 6.1, "height_source": "VISUAL_ESTIMATE", "genus": null, "species": null, "circumference": null, "diameter_crown": null, "source": "OPENSTREETMAP"}, "geometry": {"type": "Point", "coordinates": [73.8543275, 18.5180813]}}, {"type": "Feature", "properties": {"osmId": 10810417849, "id": "osm_tree_10810417849", "natural": "tree", "tree_height": 6.45, "height_source": "VISUAL_ESTIMATE", "genus": null, "species": null, "circumference": null, "diameter_crown": null, "source": "OPENSTREETMAP"}, "geometry": {"type": "Point", "coordinates": [73.854475, 18.5181169]}}, {"type": "Feature", "properties": {"osmId": 10810417850, "id": "osm_tree_10810417850", "natural": "tree", "tree_height": 6.8, "height_source": "VISUAL_ESTIMATE", "genus": null, "species": null, "circumference": null, "diameter_crown": null, "source": "OPENSTREETMAP"}, "geometry": {"type": "Point", "coordinates": [73.854754, 18.5182975]}}, {"type": "Feature", "properties": {"osmId": 10810417851, "id": "osm_tree_10810417851", "natural": "tree", "tree_height": 7.15, "height_source": "VISUAL_ESTIMATE", "genus": null, "species": null, "circumference": null, "diameter_crown": null, "source": "OPENSTREETMAP"}, "geometry": {"type": "Point", "coordinates": [73.8549042, 18.518094]}}, {"type": "Feature", "properties": {"osmId": 10810417852, "id": "osm_tree_10810417852", "natural": "tree", "tree_height": 7.5, "height_source": "VISUAL_ESTIMATE", "genus": null, "species": null, "circumference": null, "diameter_crown": null, "source": "OPENSTREETMAP"}, "geometry": {"type": "Point", "coordinates": [73.8549927, 18.5179796]}}, {"type": "Feature", "properties": {"osmId": 10810417853, "id": "osm_tree_10810417853", "natural": "tree", "tree_height": 7.85, "height_source": "VISUAL_ESTIMATE", "genus": null, "species": null, "circumference": null, "diameter_crown": null, "source": "OPENSTREETMAP"}, "geometry": {"type": "Point", "coordinates": [73.8539211, 18.5168694]}}, {"type": "Feature", "properties": {"osmId": 10810417854, "id": "osm_tree_10810417854", "natural": "tree", "tree_height": 8.2, "height_source": "VISUAL_ESTIMATE", "genus": null, "species": null, "circumference": null, "diameter_crown": null, "source": "OPENSTREETMAP"}, "geometry": {"type": "Point", "coordinates": [73.8539037, 18.5167575]}}, {"type": "Feature", "properties": {"osmId": 10810417855, "id": "osm_tree_10810417855", "natural": "tree", "tree_height": 8.55, "height_source": "VISUAL_ESTIMATE", "genus": null, "species": null, "circumference": null, "diameter_crown": null, "source": "OPENSTREETMAP"}, "geometry": {"type": "Point", "coordinates": [73.8539614, 18.5166469]}}, {"type": "Feature", "properties": {"osmId": 10810417856, "id": "osm_tree_10810417856", "natural": "tree", "tree_height": 8.9, "height_source": "VISUAL_ESTIMATE", "genus": null, "species": null, "circumference": null, "diameter_crown": null, "source": "OPENSTREETMAP"}, "geometry": {"type": "Point", "coordinates": [73.8545702, 18.5171174]}}, {"type": "Feature", "properties": {"osmId": 10810417857, "id": "osm_tree_10810417857", "natural": "tree", "tree_height": 9.25, "height_source": "VISUAL_ESTIMATE", "genus": null, "species": null, "circumference": null, "diameter_crown": null, "source": "OPENSTREETMAP"}, "geometry": {"type": "Point", "coordinates": [73.855218, 18.517331]}}, {"type": "Feature", "properties": {"osmId": 10810417858, "id": "osm_tree_10810417858", "natural": "tree", "tree_height": 9.6, "height_source": "VISUAL_ESTIMATE", "genus": null, "species": null, "circumference": null, "diameter_crown": null, "source": "OPENSTREETMAP"}, "geometry": {"type": "Point", "coordinates": [73.8551053, 18.5172687]}}, {"type": "Feature", "properties": {"osmId": 10810417859, "id": "osm_tree_10810417859", "natural": "tree", "tree_height": 9.95, "height_source": "VISUAL_ESTIMATE", "genus": null, "species": null, "circumference": null, "diameter_crown": null, "source": "OPENSTREETMAP"}, "geometry": {"type": "Point", "coordinates": [73.8551053, 18.5172166]}}, {"type": "Feature", "properties": {"osmId": 10810417860, "id": "osm_tree_10810417860", "natural": "tree", "tree_height": 10.3, "height_source": "VISUAL_ESTIMATE", "genus": null, "species": null, "circumference": null, "diameter_crown": null, "source": "OPENSTREETMAP"}, "geometry": {"type": "Point", "coordinates": [73.854872, 18.5168363]}}, {"type": "Feature", "properties": {"osmId": 10810417861, "id": "osm_tree_10810417861", "natural": "tree", "tree_height": 4.7, "height_source": "VISUAL_ESTIMATE", "genus": null, "species": null, "circumference": null, "diameter_crown": null, "source": "OPENSTREETMAP"}, "geometry": {"type": "Point", "coordinates": [73.8546064, 18.5166481]}}, {"type": "Feature", "properties": {"osmId": 10810417862, "id": "osm_tree_10810417862", "natural": "tree", "tree_height": 5.050000000000001, "height_source": "VISUAL_ESTIMATE", "genus": null, "species": null, "circumference": null, "diameter_crown": null, "source": "OPENSTREETMAP"}, "geometry": {"type": "Point", "coordinates": [73.8544804, 18.5166405]}}, {"type": "Feature", "properties": {"osmId": 10810417863, "id": "osm_tree_10810417863", "natural": "tree", "tree_height": 5.4, "height_source": "VISUAL_ESTIMATE", "genus": null, "species": null, "circumference": null, "diameter_crown": null, "source": "OPENSTREETMAP"}, "geometry": {"type": "Point", "coordinates": [73.8548425, 18.5163544]}}, {"type": "Feature", "properties": {"osmId": 10810417864, "id": "osm_tree_10810417864", "natural": "tree", "tree_height": 5.75, "height_source": "VISUAL_ESTIMATE", "genus": null, "species": null, "circumference": null, "diameter_crown": null, "source": "OPENSTREETMAP"}, "geometry": {"type": "Point", "coordinates": [73.854935, 18.5165502]}}, {"type": "Feature", "properties": {"osmId": 10810417865, "id": "osm_tree_10810417865", "natural": "tree", "tree_height": 6.1, "height_source": "VISUAL_ESTIMATE", "genus": null, "species": null, "circumference": null, "diameter_crown": null, "source": "OPENSTREETMAP"}, "geometry": {"type": "Point", "coordinates": [73.8557303, 18.5166329]}}, {"type": "Feature", "properties": {"osmId": 10810417866, "id": "osm_tree_10810417866", "natural": "tree", "tree_height": 6.45, "height_source": "VISUAL_ESTIMATE", "genus": null, "species": null, "circumference": null, "diameter_crown": null, "source": "OPENSTREETMAP"}, "geometry": {"type": "Point", "coordinates": [73.8560481, 18.5167537]}}, {"type": "Feature", "properties": {"osmId": 10810417867, "id": "osm_tree_10810417867", "natural": "tree", "tree_height": 6.8, "height_source": "VISUAL_ESTIMATE", "genus": null, "species": null, "circumference": null, "diameter_crown": null, "source": "OPENSTREETMAP"}, "geometry": {"type": "Point", "coordinates": [73.8559529, 18.5166138]}}, {"type": "Feature", "properties": {"osmId": 10813990439, "id": "osm_tree_10813990439", "natural": "tree", "tree_height": 8.55, "height_source": "VISUAL_ESTIMATE", "genus": null, "species": null, "circumference": null, "diameter_crown": null, "source": "OPENSTREETMAP"}, "geometry": {"type": "Point", "coordinates": [73.8500708, 18.5169037]}}, {"type": "Feature", "properties": {"osmId": 10813990440, "id": "osm_tree_10813990440", "natural": "tree", "tree_height": 8.9, "height_source": "VISUAL_ESTIMATE", "genus": null, "species": null, "circumference": null, "diameter_crown": null, "source": "OPENSTREETMAP"}, "geometry": {"type": "Point", "coordinates": [73.8498402, 18.5184704]}}, {"type": "Feature", "properties": {"osmId": 10813990441, "id": "osm_tree_10813990441", "natural": "tree", "tree_height": 9.25, "height_source": "VISUAL_ESTIMATE", "genus": null, "species": null, "circumference": null, "diameter_crown": null, "source": "OPENSTREETMAP"}, "geometry": {"type": "Point", "coordinates": [73.8547406, 18.5214614]}}, {"type": "Feature", "properties": {"osmId": 10813990442, "id": "osm_tree_10813990442", "natural": "tree", "tree_height": 9.6, "height_source": "VISUAL_ESTIMATE", "genus": null, "species": null, "circumference": null, "diameter_crown": null, "source": "OPENSTREETMAP"}, "geometry": {"type": "Point", "coordinates": [73.8545635, 18.5214588]}}, {"type": "Feature", "properties": {"osmId": 10813990443, "id": "osm_tree_10813990443", "natural": "tree", "tree_height": 9.95, "height_source": "VISUAL_ESTIMATE", "genus": null, "species": null, "circumference": null, "diameter_crown": null, "source": "OPENSTREETMAP"}, "geometry": {"type": "Point", "coordinates": [73.8542175, 18.521469]}}, {"type": "Feature", "properties": {"osmId": 10813990444, "id": "osm_tree_10813990444", "natural": "tree", "tree_height": 10.3, "height_source": "VISUAL_ESTIMATE", "genus": null, "species": null, "circumference": null, "diameter_crown": null, "source": "OPENSTREETMAP"}, "geometry": {"type": "Point", "coordinates": [73.8542926, 18.5212732]}}, {"type": "Feature", "properties": {"osmId": 10813990445, "id": "osm_tree_10813990445", "natural": "tree", "tree_height": 4.7, "height_source": "VISUAL_ESTIMATE", "genus": null, "species": null, "circumference": null, "diameter_crown": null, "source": "OPENSTREETMAP"}, "geometry": {"type": "Point", "coordinates": [73.854593, 18.521174]}}, {"type": "Feature", "properties": {"osmId": 10813990446, "id": "osm_tree_10813990446", "natural": "tree", "tree_height": 5.050000000000001, "height_source": "VISUAL_ESTIMATE", "genus": null, "species": null, "circumference": null, "diameter_crown": null, "source": "OPENSTREETMAP"}, "geometry": {"type": "Point", "coordinates": [73.8544616, 18.5212884]}}, {"type": "Feature", "properties": {"osmId": 10813990447, "id": "osm_tree_10813990447", "natural": "tree", "tree_height": 5.4, "height_source": "VISUAL_ESTIMATE", "genus": null, "species": null, "circumference": null, "diameter_crown": null, "source": "OPENSTREETMAP"}, "geometry": {"type": "Point", "coordinates": [73.8550034, 18.5206202]}}, {"type": "Feature", "properties": {"osmId": 10813990448, "id": "osm_tree_10813990448", "natural": "tree", "tree_height": 5.75, "height_source": "VISUAL_ESTIMATE", "genus": null, "species": null, "circumference": null, "diameter_crown": null, "source": "OPENSTREETMAP"}, "geometry": {"type": "Point", "coordinates": [73.8545582, 18.5199532]}}, {"type": "Feature", "properties": {"osmId": 10813990449, "id": "osm_tree_10813990449", "natural": "tree", "tree_height": 6.1, "height_source": "VISUAL_ESTIMATE", "genus": null, "species": null, "circumference": null, "diameter_crown": null, "source": "OPENSTREETMAP"}, "geometry": {"type": "Point", "coordinates": [73.8545555, 18.5195793]}}, {"type": "Feature", "properties": {"osmId": 10813990450, "id": "osm_tree_10813990450", "natural": "tree", "tree_height": 6.45, "height_source": "VISUAL_ESTIMATE", "genus": null, "species": null, "circumference": null, "diameter_crown": null, "source": "OPENSTREETMAP"}, "geometry": {"type": "Point", "coordinates": [73.8545582, 18.5194547]}}, {"type": "Feature", "properties": {"osmId": 10813990451, "id": "osm_tree_10813990451", "natural": "tree", "tree_height": 6.8, "height_source": "VISUAL_ESTIMATE", "genus": null, "species": null, "circumference": null, "diameter_crown": null, "source": "OPENSTREETMAP"}, "geometry": {"type": "Point", "coordinates": [73.8545769, 18.5193174]}}, {"type": "Feature", "properties": {"osmId": 10813990452, "id": "osm_tree_10813990452", "natural": "tree", "tree_height": 7.15, "height_source": "VISUAL_ESTIMATE", "genus": null, "species": null, "circumference": null, "diameter_crown": null, "source": "OPENSTREETMAP"}, "geometry": {"type": "Point", "coordinates": [73.8545823, 18.5190376]}}, {"type": "Feature", "properties": {"osmId": 10813990453, "id": "osm_tree_10813990453", "natural": "tree", "tree_height": 7.5, "height_source": "VISUAL_ESTIMATE", "genus": null, "species": null, "circumference": null, "diameter_crown": null, "source": "OPENSTREETMAP"}, "geometry": {"type": "Point", "coordinates": [73.8543087, 18.5191419]}}, {"type": "Feature", "properties": {"osmId": 10813990454, "id": "osm_tree_10813990454", "natural": "tree", "tree_height": 7.85, "height_source": "VISUAL_ESTIMATE", "genus": null, "species": null, "circumference": null, "diameter_crown": null, "source": "OPENSTREETMAP"}, "geometry": {"type": "Point", "coordinates": [73.8537186, 18.5195641]}}, {"type": "Feature", "properties": {"osmId": 10813990455, "id": "osm_tree_10813990455", "natural": "tree", "tree_height": 8.2, "height_source": "VISUAL_ESTIMATE", "genus": null, "species": null, "circumference": null, "diameter_crown": null, "source": "OPENSTREETMAP"}, "geometry": {"type": "Point", "coordinates": [73.8536811, 18.5199532]}}, {"type": "Feature", "properties": {"osmId": 10813990456, "id": "osm_tree_10813990456", "natural": "tree", "tree_height": 8.55, "height_source": "VISUAL_ESTIMATE", "genus": null, "species": null, "circumference": null, "diameter_crown": null, "source": "OPENSTREETMAP"}, "geometry": {"type": "Point", "coordinates": [73.8537052, 18.519765]}}, {"type": "Feature", "properties": {"osmId": 10813990457, "id": "osm_tree_10813990457", "natural": "tree", "tree_height": 8.9, "height_source": "VISUAL_ESTIMATE", "genus": null, "species": null, "circumference": null, "diameter_crown": null, "source": "OPENSTREETMAP"}, "geometry": {"type": "Point", "coordinates": [73.8522971, 18.5198769]}}, {"type": "Feature", "properties": {"osmId": 10813990458, "id": "osm_tree_10813990458", "natural": "tree", "tree_height": 9.25, "height_source": "VISUAL_ESTIMATE", "genus": null, "species": null, "circumference": null, "diameter_crown": null, "source": "OPENSTREETMAP"}, "geometry": {"type": "Point", "coordinates": [73.8520986, 18.5194242]}}, {"type": "Feature", "properties": {"osmId": 10813990459, "id": "osm_tree_10813990459", "natural": "tree", "tree_height": 9.6, "height_source": "VISUAL_ESTIMATE", "genus": null, "species": null, "circumference": null, "diameter_crown": null, "source": "OPENSTREETMAP"}, "geometry": {"type": "Point", "coordinates": [73.8523185, 18.5190757]}}, {"type": "Feature", "properties": {"osmId": 10813990460, "id": "osm_tree_10813990460", "natural": "tree", "tree_height": 9.95, "height_source": "VISUAL_ESTIMATE", "genus": null, "species": null, "circumference": null, "diameter_crown": null, "source": "OPENSTREETMAP"}, "geometry": {"type": "Point", "coordinates": [73.8523936, 18.5189409]}}, {"type": "Feature", "properties": {"osmId": 10813990461, "id": "osm_tree_10813990461", "natural": "tree", "tree_height": 10.3, "height_source": "VISUAL_ESTIMATE", "genus": null, "species": null, "circumference": null, "diameter_crown": null, "source": "OPENSTREETMAP"}, "geometry": {"type": "Point", "coordinates": [73.8527665, 18.5191673]}}, {"type": "Feature", "properties": {"osmId": 10813990462, "id": "osm_tree_10813990462", "natural": "tree", "tree_height": 4.7, "height_source": "VISUAL_ESTIMATE", "genus": null, "species": null, "circumference": null, "diameter_crown": null, "source": "OPENSTREETMAP"}, "geometry": {"type": "Point", "coordinates": [73.8529032, 18.5191724]}}, {"type": "Feature", "properties": {"osmId": 10813990463, "id": "osm_tree_10813990463", "natural": "tree", "tree_height": 5.050000000000001, "height_source": "VISUAL_ESTIMATE", "genus": null, "species": null, "circumference": null, "diameter_crown": null, "source": "OPENSTREETMAP"}, "geometry": {"type": "Point", "coordinates": [73.8534182, 18.51918]}}, {"type": "Feature", "properties": {"osmId": 10813990464, "id": "osm_tree_10813990464", "natural": "tree", "tree_height": 5.4, "height_source": "VISUAL_ESTIMATE", "genus": null, "species": null, "circumference": null, "diameter_crown": null, "source": "OPENSTREETMAP"}, "geometry": {"type": "Point", "coordinates": [73.8532305, 18.51859]}}, {"type": "Feature", "properties": {"osmId": 10813990465, "id": "osm_tree_10813990465", "natural": "tree", "tree_height": 5.75, "height_source": "VISUAL_ESTIMATE", "genus": null, "species": null, "circumference": null, "diameter_crown": null, "source": "OPENSTREETMAP"}, "geometry": {"type": "Point", "coordinates": [73.8530347, 18.5187273]}}, {"type": "Feature", "properties": {"osmId": 10813990466, "id": "osm_tree_10813990466", "natural": "tree", "tree_height": 6.1, "height_source": "VISUAL_ESTIMATE", "genus": null, "species": null, "circumference": null, "diameter_crown": null, "source": "OPENSTREETMAP"}, "geometry": {"type": "Point", "coordinates": [73.8531044, 18.5185976]}}, {"type": "Feature", "properties": {"osmId": 10813990467, "id": "osm_tree_10813990467", "natural": "tree", "tree_height": 6.45, "height_source": "VISUAL_ESTIMATE", "genus": null, "species": null, "circumference": null, "diameter_crown": null, "source": "OPENSTREETMAP"}, "geometry": {"type": "Point", "coordinates": [73.8535443, 18.5188418]}}, {"type": "Feature", "properties": {"osmId": 10813990468, "id": "osm_tree_10813990468", "natural": "tree", "tree_height": 6.8, "height_source": "VISUAL_ESTIMATE", "genus": null, "species": null, "circumference": null, "diameter_crown": null, "source": "OPENSTREETMAP"}, "geometry": {"type": "Point", "coordinates": [73.8536328, 18.5181322]}}, {"type": "Feature", "properties": {"osmId": 10813990469, "id": "osm_tree_10813990469", "natural": "tree", "tree_height": 7.15, "height_source": "VISUAL_ESTIMATE", "genus": null, "species": null, "circumference": null, "diameter_crown": null, "source": "OPENSTREETMAP"}, "geometry": {"type": "Point", "coordinates": [73.8528308, 18.5180482]}}, {"type": "Feature", "properties": {"osmId": 10813990470, "id": "osm_tree_10813990470", "natural": "tree", "tree_height": 7.5, "height_source": "VISUAL_ESTIMATE", "genus": null, "species": null, "circumference": null, "diameter_crown": null, "source": "OPENSTREETMAP"}, "geometry": {"type": "Point", "coordinates": [73.8531741, 18.5175955]}}, {"type": "Feature", "properties": {"osmId": 10813990471, "id": "osm_tree_10813990471", "natural": "tree", "tree_height": 7.85, "height_source": "VISUAL_ESTIMATE", "genus": null, "species": null, "circumference": null, "diameter_crown": null, "source": "OPENSTREETMAP"}, "geometry": {"type": "Point", "coordinates": [73.8533458, 18.517008]}}, {"type": "Feature", "properties": {"osmId": 10813990472, "id": "osm_tree_10813990472", "natural": "tree", "tree_height": 8.2, "height_source": "VISUAL_ESTIMATE", "genus": null, "species": null, "circumference": null, "diameter_crown": null, "source": "OPENSTREETMAP"}, "geometry": {"type": "Point", "coordinates": [73.8531741, 18.5170029]}}, {"type": "Feature", "properties": {"osmId": 10813990473, "id": "osm_tree_10813990473", "natural": "tree", "tree_height": 8.55, "height_source": "VISUAL_ESTIMATE", "genus": null, "species": null, "circumference": null, "diameter_crown": null, "source": "OPENSTREETMAP"}, "geometry": {"type": "Point", "coordinates": [73.8521951, 18.5167638]}}, {"type": "Feature", "properties": {"osmId": 10813990474, "id": "osm_tree_10813990474", "natural": "tree", "tree_height": 8.9, "height_source": "VISUAL_ESTIMATE", "genus": null, "species": null, "circumference": null, "diameter_crown": null, "source": "OPENSTREETMAP"}, "geometry": {"type": "Point", "coordinates": [73.852289, 18.5168096]}}, {"type": "Feature", "properties": {"osmId": 10813990475, "id": "osm_tree_10813990475", "natural": "tree", "tree_height": 9.25, "height_source": "VISUAL_ESTIMATE", "genus": null, "species": null, "circumference": null, "diameter_crown": null, "source": "OPENSTREETMAP"}, "geometry": {"type": "Point", "coordinates": [73.852399, 18.5168707]}}, {"type": "Feature", "properties": {"osmId": 10813990476, "id": "osm_tree_10813990476", "natural": "tree", "tree_height": 9.6, "height_source": "VISUAL_ESTIMATE", "genus": null, "species": null, "circumference": null, "diameter_crown": null, "source": "OPENSTREETMAP"}, "geometry": {"type": "Point", "coordinates": [73.8529113, 18.5173336]}}, {"type": "Feature", "properties": {"osmId": 10813990477, "id": "osm_tree_10813990477", "natural": "tree", "tree_height": 9.95, "height_source": "VISUAL_ESTIMATE", "genus": null, "species": null, "circumference": null, "diameter_crown": null, "source": "OPENSTREETMAP"}, "geometry": {"type": "Point", "coordinates": [73.8520503, 18.5175777]}}, {"type": "Feature", "properties": {"osmId": 10813990478, "id": "osm_tree_10813990478", "natural": "tree", "tree_height": 10.3, "height_source": "VISUAL_ESTIMATE", "genus": null, "species": null, "circumference": null, "diameter_crown": null, "source": "OPENSTREETMAP"}, "geometry": {"type": "Point", "coordinates": [73.8521978, 18.517504]}}, {"type": "Feature", "properties": {"osmId": 10813990479, "id": "osm_tree_10813990479", "natural": "tree", "tree_height": 4.7, "height_source": "VISUAL_ESTIMATE", "genus": null, "species": null, "circumference": null, "diameter_crown": null, "source": "OPENSTREETMAP"}, "geometry": {"type": "Point", "coordinates": [73.8531366, 18.5180711]}}, {"type": "Feature", "properties": {"osmId": 10813990480, "id": "osm_tree_10813990480", "natural": "tree", "tree_height": 5.050000000000001, "height_source": "VISUAL_ESTIMATE", "genus": null, "species": null, "circumference": null, "diameter_crown": null, "source": "OPENSTREETMAP"}, "geometry": {"type": "Point", "coordinates": [73.8531285, 18.5179694]}}, {"type": "Feature", "properties": {"osmId": 10813990481, "id": "osm_tree_10813990481", "natural": "tree", "tree_height": 5.4, "height_source": "VISUAL_ESTIMATE", "genus": null, "species": null, "circumference": null, "diameter_crown": null, "source": "OPENSTREETMAP"}, "geometry": {"type": "Point", "coordinates": [73.8529381, 18.517626]}}, {"type": "Feature", "properties": {"osmId": 10813990482, "id": "osm_tree_10813990482", "natural": "tree", "tree_height": 5.75, "height_source": "VISUAL_ESTIMATE", "genus": null, "species": null, "circumference": null, "diameter_crown": null, "source": "OPENSTREETMAP"}, "geometry": {"type": "Point", "coordinates": [73.8526002, 18.5181703]}}, {"type": "Feature", "properties": {"osmId": 10813990483, "id": "osm_tree_10813990483", "natural": "tree", "tree_height": 6.1, "height_source": "VISUAL_ESTIMATE", "genus": null, "species": null, "circumference": null, "diameter_crown": null, "source": "OPENSTREETMAP"}, "geometry": {"type": "Point", "coordinates": [73.8524821, 18.5181423]}}, {"type": "Feature", "properties": {"osmId": 10813990484, "id": "osm_tree_10813990484", "natural": "tree", "tree_height": 6.45, "height_source": "VISUAL_ESTIMATE", "genus": null, "species": null, "circumference": null, "diameter_crown": null, "source": "OPENSTREETMAP"}, "geometry": {"type": "Point", "coordinates": [73.8507441, 18.5175764]}}, {"type": "Feature", "properties": {"osmId": 10813990485, "id": "osm_tree_10813990485", "natural": "tree", "tree_height": 6.8, "height_source": "VISUAL_ESTIMATE", "genus": null, "species": null, "circumference": null, "diameter_crown": null, "source": "OPENSTREETMAP"}, "geometry": {"type": "Point", "coordinates": [73.8508701, 18.5177138]}}, {"type": "Feature", "properties": {"osmId": 10813990486, "id": "osm_tree_10813990486", "natural": "tree", "tree_height": 7.15, "height_source": "VISUAL_ESTIMATE", "genus": null, "species": null, "circumference": null, "diameter_crown": null, "source": "OPENSTREETMAP"}, "geometry": {"type": "Point", "coordinates": [73.8503994, 18.5177074]}}, {"type": "Feature", "properties": {"osmId": 10813990487, "id": "osm_tree_10813990487", "natural": "tree", "tree_height": 7.5, "height_source": "VISUAL_ESTIMATE", "genus": null, "species": null, "circumference": null, "diameter_crown": null, "source": "OPENSTREETMAP"}, "geometry": {"type": "Point", "coordinates": [73.8508862, 18.5183662]}}, {"type": "Feature", "properties": {"osmId": 10813990488, "id": "osm_tree_10813990488", "natural": "tree", "tree_height": 7.85, "height_source": "VISUAL_ESTIMATE", "genus": null, "species": null, "circumference": null, "diameter_crown": null, "source": "OPENSTREETMAP"}, "geometry": {"type": "Point", "coordinates": [73.8504115, 18.5182619]}}, {"type": "Feature", "properties": {"osmId": 10813990489, "id": "osm_tree_10813990489", "natural": "tree", "tree_height": 8.2, "height_source": "VISUAL_ESTIMATE", "genus": null, "species": null, "circumference": null, "diameter_crown": null, "source": "OPENSTREETMAP"}, "geometry": {"type": "Point", "coordinates": [73.8504463, 18.5192461]}}, {"type": "Feature", "properties": {"osmId": 10813990490, "id": "osm_tree_10813990490", "natural": "tree", "tree_height": 8.55, "height_source": "VISUAL_ESTIMATE", "genus": null, "species": null, "circumference": null, "diameter_crown": null, "source": "OPENSTREETMAP"}, "geometry": {"type": "Point", "coordinates": [73.8502908, 18.5189079]}}, {"type": "Feature", "properties": {"osmId": 10813990491, "id": "osm_tree_10813990491", "natural": "tree", "tree_height": 8.9, "height_source": "VISUAL_ESTIMATE", "genus": null, "species": null, "circumference": null, "diameter_crown": null, "source": "OPENSTREETMAP"}, "geometry": {"type": "Point", "coordinates": [73.8502827, 18.5190478]}}, {"type": "Feature", "properties": {"osmId": 10813990492, "id": "osm_tree_10813990492", "natural": "tree", "tree_height": 9.25, "height_source": "VISUAL_ESTIMATE", "genus": null, "species": null, "circumference": null, "diameter_crown": null, "source": "OPENSTREETMAP"}, "geometry": {"type": "Point", "coordinates": [73.8503283, 18.5192818]}}, {"type": "Feature", "properties": {"osmId": 10813990493, "id": "osm_tree_10813990493", "natural": "tree", "tree_height": 9.6, "height_source": "VISUAL_ESTIMATE", "genus": null, "species": null, "circumference": null, "diameter_crown": null, "source": "OPENSTREETMAP"}, "geometry": {"type": "Point", "coordinates": [73.8501593, 18.519442]}}, {"type": "Feature", "properties": {"osmId": 10813990494, "id": "osm_tree_10813990494", "natural": "tree", "tree_height": 9.95, "height_source": "VISUAL_ESTIMATE", "genus": null, "species": null, "circumference": null, "diameter_crown": null, "source": "OPENSTREETMAP"}, "geometry": {"type": "Point", "coordinates": [73.8514066, 18.5191927]}}, {"type": "Feature", "properties": {"osmId": 10813990495, "id": "osm_tree_10813990495", "natural": "tree", "tree_height": 10.3, "height_source": "VISUAL_ESTIMATE", "genus": null, "species": null, "circumference": null, "diameter_crown": null, "source": "OPENSTREETMAP"}, "geometry": {"type": "Point", "coordinates": [73.8516131, 18.519035]}}, {"type": "Feature", "properties": {"osmId": 10813990496, "id": "osm_tree_10813990496", "natural": "tree", "tree_height": 4.7, "height_source": "VISUAL_ESTIMATE", "genus": null, "species": null, "circumference": null, "diameter_crown": null, "source": "OPENSTREETMAP"}, "geometry": {"type": "Point", "coordinates": [73.8514227, 18.5188545]}}, {"type": "Feature", "properties": {"osmId": 10813990497, "id": "osm_tree_10813990497", "natural": "tree", "tree_height": 5.050000000000001, "height_source": "VISUAL_ESTIMATE", "genus": null, "species": null, "circumference": null, "diameter_crown": null, "source": "OPENSTREETMAP"}, "geometry": {"type": "Point", "coordinates": [73.8523212, 18.5194738]}}, {"type": "Feature", "properties": {"osmId": 10813990498, "id": "osm_tree_10813990498", "natural": "tree", "tree_height": 5.4, "height_source": "VISUAL_ESTIMATE", "genus": null, "species": null, "circumference": null, "diameter_crown": null, "source": "OPENSTREETMAP"}, "geometry": {"type": "Point", "coordinates": [73.8520208, 18.5195132]}}, {"type": "Feature", "properties": {"osmId": 10813990499, "id": "osm_tree_10813990499", "natural": "tree", "tree_height": 5.75, "height_source": "VISUAL_ESTIMATE", "genus": null, "species": null, "circumference": null, "diameter_crown": null, "source": "OPENSTREETMAP"}, "geometry": {"type": "Point", "coordinates": [73.8520664, 18.5191317]}}, {"type": "Feature", "properties": {"osmId": 10813990500, "id": "osm_tree_10813990500", "natural": "tree", "tree_height": 6.1, "height_source": "VISUAL_ESTIMATE", "genus": null, "species": null, "circumference": null, "diameter_crown": null, "source": "OPENSTREETMAP"}, "geometry": {"type": "Point", "coordinates": [73.8519645, 18.5190859]}}, {"type": "Feature", "properties": {"osmId": 10813990501, "id": "osm_tree_10813990501", "natural": "tree", "tree_height": 6.45, "height_source": "VISUAL_ESTIMATE", "genus": null, "species": null, "circumference": null, "diameter_crown": null, "source": "OPENSTREETMAP"}, "geometry": {"type": "Point", "coordinates": [73.8519645, 18.5189231]}}, {"type": "Feature", "properties": {"osmId": 10813990502, "id": "osm_tree_10813990502", "natural": "tree", "tree_height": 6.8, "height_source": "VISUAL_ESTIMATE", "genus": null, "species": null, "circumference": null, "diameter_crown": null, "source": "OPENSTREETMAP"}, "geometry": {"type": "Point", "coordinates": [73.8504061, 18.5202279]}}, {"type": "Feature", "properties": {"osmId": 10813990503, "id": "osm_tree_10813990503", "natural": "tree", "tree_height": 7.15, "height_source": "VISUAL_ESTIMATE", "genus": null, "species": null, "circumference": null, "diameter_crown": null, "source": "OPENSTREETMAP"}, "geometry": {"type": "Point", "coordinates": [73.850044, 18.5205331]}}, {"type": "Feature", "properties": {"osmId": 10813990504, "id": "osm_tree_10813990504", "natural": "tree", "tree_height": 7.5, "height_source": "VISUAL_ESTIMATE", "genus": null, "species": null, "circumference": null, "diameter_crown": null, "source": "OPENSTREETMAP"}, "geometry": {"type": "Point", "coordinates": [73.8501674, 18.5205381]}}, {"type": "Feature", "properties": {"osmId": 10813994205, "id": "osm_tree_10813994205", "natural": "tree", "tree_height": 5.75, "height_source": "VISUAL_ESTIMATE", "genus": null, "species": null, "circumference": null, "diameter_crown": null, "source": "OPENSTREETMAP"}, "geometry": {"type": "Point", "coordinates": [73.8501084, 18.5204796]}}, {"type": "Feature", "properties": {"osmId": 10813994206, "id": "osm_tree_10813994206", "natural": "tree", "tree_height": 6.1, "height_source": "VISUAL_ESTIMATE", "genus": null, "species": null, "circumference": null, "diameter_crown": null, "source": "OPENSTREETMAP"}, "geometry": {"type": "Point", "coordinates": [73.849757, 18.5203398]}}, {"type": "Feature", "properties": {"osmId": 10813994207, "id": "osm_tree_10813994207", "natural": "tree", "tree_height": 6.45, "height_source": "VISUAL_ESTIMATE", "genus": null, "species": null, "circumference": null, "diameter_crown": null, "source": "OPENSTREETMAP"}, "geometry": {"type": "Point", "coordinates": [73.8501325, 18.5201566]}}, {"type": "Feature", "properties": {"osmId": 10813994208, "id": "osm_tree_10813994208", "natural": "tree", "tree_height": 6.8, "height_source": "VISUAL_ESTIMATE", "genus": null, "species": null, "circumference": null, "diameter_crown": null, "source": "OPENSTREETMAP"}, "geometry": {"type": "Point", "coordinates": [73.8499528, 18.5200702]}}, {"type": "Feature", "properties": {"osmId": 10813994209, "id": "osm_tree_10813994209", "natural": "tree", "tree_height": 7.15, "height_source": "VISUAL_ESTIMATE", "genus": null, "species": null, "circumference": null, "diameter_crown": null, "source": "OPENSTREETMAP"}, "geometry": {"type": "Point", "coordinates": [73.8499609, 18.5202151]}}, {"type": "Feature", "properties": {"osmId": 10813994210, "id": "osm_tree_10813994210", "natural": "tree", "tree_height": 7.5, "height_source": "VISUAL_ESTIMATE", "genus": null, "species": null, "circumference": null, "diameter_crown": null, "source": "OPENSTREETMAP"}, "geometry": {"type": "Point", "coordinates": [73.8498214, 18.5200727]}}, {"type": "Feature", "properties": {"osmId": 10813994211, "id": "osm_tree_10813994211", "natural": "tree", "tree_height": 7.85, "height_source": "VISUAL_ESTIMATE", "genus": null, "species": null, "circumference": null, "diameter_crown": null, "source": "OPENSTREETMAP"}, "geometry": {"type": "Point", "coordinates": [73.8503391, 18.520322]}}, {"type": "Feature", "properties": {"osmId": 10813994212, "id": "osm_tree_10813994212", "natural": "tree", "tree_height": 8.2, "height_source": "VISUAL_ESTIMATE", "genus": null, "species": null, "circumference": null, "diameter_crown": null, "source": "OPENSTREETMAP"}, "geometry": {"type": "Point", "coordinates": [73.8515782, 18.5206679]}}, {"type": "Feature", "properties": {"osmId": 10813994213, "id": "osm_tree_10813994213", "natural": "tree", "tree_height": 8.55, "height_source": "VISUAL_ESTIMATE", "genus": null, "species": null, "circumference": null, "diameter_crown": null, "source": "OPENSTREETMAP"}, "geometry": {"type": "Point", "coordinates": [73.8511493, 18.5198851]}}, {"type": "Feature", "properties": {"osmId": 10813994214, "id": "osm_tree_10813994214", "natural": "tree", "tree_height": 8.9, "height_source": "VISUAL_ESTIMATE", "genus": null, "species": null, "circumference": null, "diameter_crown": null, "source": "OPENSTREETMAP"}, "geometry": {"type": "Point", "coordinates": [73.8508219, 18.5202736]}}, {"type": "Feature", "properties": {"osmId": 10813994215, "id": "osm_tree_10813994215", "natural": "tree", "tree_height": 9.25, "height_source": "VISUAL_ESTIMATE", "genus": null, "species": null, "circumference": null, "diameter_crown": null, "source": "OPENSTREETMAP"}, "geometry": {"type": "Point", "coordinates": [73.8510096, 18.5202864]}}, {"type": "Feature", "properties": {"osmId": 10813994216, "id": "osm_tree_10813994216", "natural": "tree", "tree_height": 9.6, "height_source": "VISUAL_ESTIMATE", "genus": null, "species": null, "circumference": null, "diameter_crown": null, "source": "OPENSTREETMAP"}, "geometry": {"type": "Point", "coordinates": [73.8511062, 18.5203347]}}, {"type": "Feature", "properties": {"osmId": 10813994217, "id": "osm_tree_10813994217", "natural": "tree", "tree_height": 9.95, "height_source": "VISUAL_ESTIMATE", "genus": null, "species": null, "circumference": null, "diameter_crown": null, "source": "OPENSTREETMAP"}, "geometry": {"type": "Point", "coordinates": [73.8511625, 18.5205432]}}, {"type": "Feature", "properties": {"osmId": 10813994218, "id": "osm_tree_10813994218", "natural": "tree", "tree_height": 10.3, "height_source": "VISUAL_ESTIMATE", "genus": null, "species": null, "circumference": null, "diameter_crown": null, "source": "OPENSTREETMAP"}, "geometry": {"type": "Point", "coordinates": [73.8513288, 18.5205407]}}, {"type": "Feature", "properties": {"osmId": 10813994219, "id": "osm_tree_10813994219", "natural": "tree", "tree_height": 4.7, "height_source": "VISUAL_ESTIMATE", "genus": null, "species": null, "circumference": null, "diameter_crown": null, "source": "OPENSTREETMAP"}, "geometry": {"type": "Point", "coordinates": [73.8514951, 18.5205559]}}, {"type": "Feature", "properties": {"osmId": 10813994220, "id": "osm_tree_10813994220", "natural": "tree", "tree_height": 5.050000000000001, "height_source": "VISUAL_ESTIMATE", "genus": null, "species": null, "circumference": null, "diameter_crown": null, "source": "OPENSTREETMAP"}, "geometry": {"type": "Point", "coordinates": [73.8514414, 18.520645]}}, {"type": "Feature", "properties": {"osmId": 10813994221, "id": "osm_tree_10813994221", "natural": "tree", "tree_height": 5.4, "height_source": "VISUAL_ESTIMATE", "genus": null, "species": null, "circumference": null, "diameter_crown": null, "source": "OPENSTREETMAP"}, "geometry": {"type": "Point", "coordinates": [73.8512939, 18.5206882]}}, {"type": "Feature", "properties": {"osmId": 10813994222, "id": "osm_tree_10813994222", "natural": "tree", "tree_height": 5.75, "height_source": "VISUAL_ESTIMATE", "genus": null, "species": null, "circumference": null, "diameter_crown": null, "source": "OPENSTREETMAP"}, "geometry": {"type": "Point", "coordinates": [73.8511759, 18.5206679]}}, {"type": "Feature", "properties": {"osmId": 10813994223, "id": "osm_tree_10813994223", "natural": "tree", "tree_height": 6.1, "height_source": "VISUAL_ESTIMATE", "genus": null, "species": null, "circumference": null, "diameter_crown": null, "source": "OPENSTREETMAP"}, "geometry": {"type": "Point", "coordinates": [73.8510847, 18.5206399]}}, {"type": "Feature", "properties": {"osmId": 10813994224, "id": "osm_tree_10813994224", "natural": "tree", "tree_height": 6.45, "height_source": "VISUAL_ESTIMATE", "genus": null, "species": null, "circumference": null, "diameter_crown": null, "source": "OPENSTREETMAP"}, "geometry": {"type": "Point", "coordinates": [73.850964, 18.5205865]}}, {"type": "Feature", "properties": {"osmId": 10813994225, "id": "osm_tree_10813994225", "natural": "tree", "tree_height": 6.8, "height_source": "VISUAL_ESTIMATE", "genus": null, "species": null, "circumference": null, "diameter_crown": null, "source": "OPENSTREETMAP"}, "geometry": {"type": "Point", "coordinates": [73.8509962, 18.5204949]}}, {"type": "Feature", "properties": {"osmId": 10813994226, "id": "osm_tree_10813994226", "natural": "tree", "tree_height": 7.15, "height_source": "VISUAL_ESTIMATE", "genus": null, "species": null, "circumference": null, "diameter_crown": null, "source": "OPENSTREETMAP"}, "geometry": {"type": "Point", "coordinates": [73.850854, 18.5204313]}}, {"type": "Feature", "properties": {"osmId": 10813994227, "id": "osm_tree_10813994227", "natural": "tree", "tree_height": 7.5, "height_source": "VISUAL_ESTIMATE", "genus": null, "species": null, "circumference": null, "diameter_crown": null, "source": "OPENSTREETMAP"}, "geometry": {"type": "Point", "coordinates": [73.8507628, 18.5205458]}}, {"type": "Feature", "properties": {"osmId": 10813994228, "id": "osm_tree_10813994228", "natural": "tree", "tree_height": 7.85, "height_source": "VISUAL_ESTIMATE", "genus": null, "species": null, "circumference": null, "diameter_crown": null, "source": "OPENSTREETMAP"}, "geometry": {"type": "Point", "coordinates": [73.8506931, 18.5204898]}}, {"type": "Feature", "properties": {"osmId": 10813994229, "id": "osm_tree_10813994229", "natural": "tree", "tree_height": 8.2, "height_source": "VISUAL_ESTIMATE", "genus": null, "species": null, "circumference": null, "diameter_crown": null, "source": "OPENSTREETMAP"}, "geometry": {"type": "Point", "coordinates": [73.8506958, 18.5204415]}}, {"type": "Feature", "properties": {"osmId": 10813994230, "id": "osm_tree_10813994230", "natural": "tree", "tree_height": 8.55, "height_source": "VISUAL_ESTIMATE", "genus": null, "species": null, "circumference": null, "diameter_crown": null, "source": "OPENSTREETMAP"}, "geometry": {"type": "Point", "coordinates": [73.8511759, 18.5207798]}}, {"type": "Feature", "properties": {"osmId": 10813994231, "id": "osm_tree_10813994231", "natural": "tree", "tree_height": 8.9, "height_source": "VISUAL_ESTIMATE", "genus": null, "species": null, "circumference": null, "diameter_crown": null, "source": "OPENSTREETMAP"}, "geometry": {"type": "Point", "coordinates": [73.8513046, 18.5207976]}}, {"type": "Feature", "properties": {"osmId": 10813994232, "id": "osm_tree_10813994232", "natural": "tree", "tree_height": 9.25, "height_source": "VISUAL_ESTIMATE", "genus": null, "species": null, "circumference": null, "diameter_crown": null, "source": "OPENSTREETMAP"}, "geometry": {"type": "Point", "coordinates": [73.8514012, 18.5208179]}}, {"type": "Feature", "properties": {"osmId": 10813994233, "id": "osm_tree_10813994233", "natural": "tree", "tree_height": 9.6, "height_source": "VISUAL_ESTIMATE", "genus": null, "species": null, "circumference": null, "diameter_crown": null, "source": "OPENSTREETMAP"}, "geometry": {"type": "Point", "coordinates": [73.8514924, 18.5208357]}}, {"type": "Feature", "properties": {"osmId": 10813994234, "id": "osm_tree_10813994234", "natural": "tree", "tree_height": 9.95, "height_source": "VISUAL_ESTIMATE", "genus": null, "species": null, "circumference": null, "diameter_crown": null, "source": "OPENSTREETMAP"}, "geometry": {"type": "Point", "coordinates": [73.8515514, 18.5208459]}}, {"type": "Feature", "properties": {"osmId": 10813994235, "id": "osm_tree_10813994235", "natural": "tree", "tree_height": 10.3, "height_source": "VISUAL_ESTIMATE", "genus": null, "species": null, "circumference": null, "diameter_crown": null, "source": "OPENSTREETMAP"}, "geometry": {"type": "Point", "coordinates": [73.8515916, 18.5208561]}}, {"type": "Feature", "properties": {"osmId": 10813994236, "id": "osm_tree_10813994236", "natural": "tree", "tree_height": 4.7, "height_source": "VISUAL_ESTIMATE", "genus": null, "species": null, "circumference": null, "diameter_crown": null, "source": "OPENSTREETMAP"}, "geometry": {"type": "Point", "coordinates": [73.8520959, 18.5209324]}}, {"type": "Feature", "properties": {"osmId": 10813994237, "id": "osm_tree_10813994237", "natural": "tree", "tree_height": 5.050000000000001, "height_source": "VISUAL_ESTIMATE", "genus": null, "species": null, "circumference": null, "diameter_crown": null, "source": "OPENSTREETMAP"}, "geometry": {"type": "Point", "coordinates": [73.8518706, 18.5208967]}}, {"type": "Feature", "properties": {"osmId": 10813994238, "id": "osm_tree_10813994238", "natural": "tree", "tree_height": 5.4, "height_source": "VISUAL_ESTIMATE", "genus": null, "species": null, "circumference": null, "diameter_crown": null, "source": "OPENSTREETMAP"}, "geometry": {"type": "Point", "coordinates": [73.8529944, 18.521146]}}, {"type": "Feature", "properties": {"osmId": 10813994239, "id": "osm_tree_10813994239", "natural": "tree", "tree_height": 5.75, "height_source": "VISUAL_ESTIMATE", "genus": null, "species": null, "circumference": null, "diameter_crown": null, "source": "OPENSTREETMAP"}, "geometry": {"type": "Point", "coordinates": [73.8528201, 18.5211078]}}, {"type": "Feature", "properties": {"osmId": 10813994240, "id": "osm_tree_10813994240", "natural": "tree", "tree_height": 6.1, "height_source": "VISUAL_ESTIMATE", "genus": null, "species": null, "circumference": null, "diameter_crown": null, "source": "OPENSTREETMAP"}, "geometry": {"type": "Point", "coordinates": [73.8526404, 18.521057]}}, {"type": "Feature", "properties": {"osmId": 10813994241, "id": "osm_tree_10813994241", "natural": "tree", "tree_height": 6.45, "height_source": "VISUAL_ESTIMATE", "genus": null, "species": null, "circumference": null, "diameter_crown": null, "source": "OPENSTREETMAP"}, "geometry": {"type": "Point", "coordinates": [73.8520436, 18.5205839]}}, {"type": "Feature", "properties": {"osmId": 10813994242, "id": "osm_tree_10813994242", "natural": "tree", "tree_height": 6.8, "height_source": "VISUAL_ESTIMATE", "genus": null, "species": null, "circumference": null, "diameter_crown": null, "source": "OPENSTREETMAP"}, "geometry": {"type": "Point", "coordinates": [73.8518746, 18.5206233]}}, {"type": "Feature", "properties": {"osmId": 10813994243, "id": "osm_tree_10813994243", "natural": "tree", "tree_height": 7.15, "height_source": "VISUAL_ESTIMATE", "genus": null, "species": null, "circumference": null, "diameter_crown": null, "source": "OPENSTREETMAP"}, "geometry": {"type": "Point", "coordinates": [73.8526565, 18.5208993]}}, {"type": "Feature", "properties": {"osmId": 10813994244, "id": "osm_tree_10813994244", "natural": "tree", "tree_height": 7.5, "height_source": "VISUAL_ESTIMATE", "genus": null, "species": null, "circumference": null, "diameter_crown": null, "source": "OPENSTREETMAP"}, "geometry": {"type": "Point", "coordinates": [73.8523963, 18.5207429]}}, {"type": "Feature", "properties": {"osmId": 10813994245, "id": "osm_tree_10813994245", "natural": "tree", "tree_height": 7.85, "height_source": "VISUAL_ESTIMATE", "genus": null, "species": null, "circumference": null, "diameter_crown": null, "source": "OPENSTREETMAP"}, "geometry": {"type": "Point", "coordinates": [73.8526136, 18.5206691]}}, {"type": "Feature", "properties": {"osmId": 10813994246, "id": "osm_tree_10813994246", "natural": "tree", "tree_height": 8.2, "height_source": "VISUAL_ESTIMATE", "genus": null, "species": null, "circumference": null, "diameter_crown": null, "source": "OPENSTREETMAP"}, "geometry": {"type": "Point", "coordinates": [73.8525224, 18.5206157]}}, {"type": "Feature", "properties": {"osmId": 10813994247, "id": "osm_tree_10813994247", "natural": "tree", "tree_height": 8.55, "height_source": "VISUAL_ESTIMATE", "genus": null, "species": null, "circumference": null, "diameter_crown": null, "source": "OPENSTREETMAP"}, "geometry": {"type": "Point", "coordinates": [73.8527356, 18.5207696]}}, {"type": "Feature", "properties": {"osmId": 10813994248, "id": "osm_tree_10813994248", "natural": "tree", "tree_height": 8.9, "height_source": "VISUAL_ESTIMATE", "genus": null, "species": null, "circumference": null, "diameter_crown": null, "source": "OPENSTREETMAP"}, "geometry": {"type": "Point", "coordinates": [73.8529301, 18.5207683]}}, {"type": "Feature", "properties": {"osmId": 10813994249, "id": "osm_tree_10813994249", "natural": "tree", "tree_height": 9.25, "height_source": "VISUAL_ESTIMATE", "genus": null, "species": null, "circumference": null, "diameter_crown": null, "source": "OPENSTREETMAP"}, "geometry": {"type": "Point", "coordinates": [73.853205, 18.5208993]}}, {"type": "Feature", "properties": {"osmId": 10813994250, "id": "osm_tree_10813994250", "natural": "tree", "tree_height": 9.6, "height_source": "VISUAL_ESTIMATE", "genus": null, "species": null, "circumference": null, "diameter_crown": null, "source": "OPENSTREETMAP"}, "geometry": {"type": "Point", "coordinates": [73.8531889, 18.5205153]}}, {"type": "Feature", "properties": {"osmId": 10813994251, "id": "osm_tree_10813994251", "natural": "tree", "tree_height": 9.95, "height_source": "VISUAL_ESTIMATE", "genus": null, "species": null, "circumference": null, "diameter_crown": null, "source": "OPENSTREETMAP"}, "geometry": {"type": "Point", "coordinates": [73.8530736, 18.5205992]}}, {"type": "Feature", "properties": {"osmId": 10813994252, "id": "osm_tree_10813994252", "natural": "tree", "tree_height": 10.3, "height_source": "VISUAL_ESTIMATE", "genus": null, "species": null, "circumference": null, "diameter_crown": null, "source": "OPENSTREETMAP"}, "geometry": {"type": "Point", "coordinates": [73.8532613, 18.5206208]}}, {"type": "Feature", "properties": {"osmId": 10813994253, "id": "osm_tree_10813994253", "natural": "tree", "tree_height": 4.7, "height_source": "VISUAL_ESTIMATE", "genus": null, "species": null, "circumference": null, "diameter_crown": null, "source": "OPENSTREETMAP"}, "geometry": {"type": "Point", "coordinates": [73.8536476, 18.5205547]}}, {"type": "Feature", "properties": {"osmId": 10813994254, "id": "osm_tree_10813994254", "natural": "tree", "tree_height": 5.050000000000001, "height_source": "VISUAL_ESTIMATE", "genus": null, "species": null, "circumference": null, "diameter_crown": null, "source": "OPENSTREETMAP"}, "geometry": {"type": "Point", "coordinates": [73.8536757, 18.5207149]}}, {"type": "Feature", "properties": {"osmId": 10813994255, "id": "osm_tree_10813994255", "natural": "tree", "tree_height": 5.4, "height_source": "VISUAL_ESTIMATE", "genus": null, "species": null, "circumference": null, "diameter_crown": null, "source": "OPENSTREETMAP"}, "geometry": {"type": "Point", "coordinates": [73.8533619, 18.5203334]}}, {"type": "Feature", "properties": {"osmId": 10813994256, "id": "osm_tree_10813994256", "natural": "tree", "tree_height": 5.75, "height_source": "VISUAL_ESTIMATE", "genus": null, "species": null, "circumference": null, "diameter_crown": null, "source": "OPENSTREETMAP"}, "geometry": {"type": "Point", "coordinates": [73.853327, 18.5204517]}}, {"type": "Feature", "properties": {"osmId": 10813994257, "id": "osm_tree_10813994257", "natural": "tree", "tree_height": 6.1, "height_source": "VISUAL_ESTIMATE", "genus": null, "species": null, "circumference": null, "diameter_crown": null, "source": "OPENSTREETMAP"}, "geometry": {"type": "Point", "coordinates": [73.8535255, 18.5201477]}}, {"type": "Feature", "properties": {"osmId": 10813994258, "id": "osm_tree_10813994258", "natural": "tree", "tree_height": 6.45, "height_source": "VISUAL_ESTIMATE", "genus": null, "species": null, "circumference": null, "diameter_crown": null, "source": "OPENSTREETMAP"}, "geometry": {"type": "Point", "coordinates": [73.8536167, 18.5202533]}}, {"type": "Feature", "properties": {"osmId": 10813994259, "id": "osm_tree_10813994259", "natural": "tree", "tree_height": 6.8, "height_source": "VISUAL_ESTIMATE", "genus": null, "species": null, "circumference": null, "diameter_crown": null, "source": "OPENSTREETMAP"}, "geometry": {"type": "Point", "coordinates": [73.8534155, 18.5201897]}}, {"type": "Feature", "properties": {"osmId": 10813994260, "id": "osm_tree_10813994260", "natural": "tree", "tree_height": 7.15, "height_source": "VISUAL_ESTIMATE", "genus": null, "species": null, "circumference": null, "diameter_crown": null, "source": "OPENSTREETMAP"}, "geometry": {"type": "Point", "coordinates": [73.8538447, 18.5204873]}}, {"type": "Feature", "properties": {"osmId": 10813994261, "id": "osm_tree_10813994261", "natural": "tree", "tree_height": 7.5, "height_source": "VISUAL_ESTIMATE", "genus": null, "species": null, "circumference": null, "diameter_crown": null, "source": "OPENSTREETMAP"}, "geometry": {"type": "Point", "coordinates": [73.8542041, 18.5203728]}}, {"type": "Feature", "properties": {"osmId": 10813994262, "id": "osm_tree_10813994262", "natural": "tree", "tree_height": 7.85, "height_source": "VISUAL_ESTIMATE", "genus": null, "species": null, "circumference": null, "diameter_crown": null, "source": "OPENSTREETMAP"}, "geometry": {"type": "Point", "coordinates": [73.8543195, 18.5203449]}}, {"type": "Feature", "properties": {"osmId": 10813994263, "id": "osm_tree_10813994263", "natural": "tree", "tree_height": 8.2, "height_source": "VISUAL_ESTIMATE", "genus": null, "species": null, "circumference": null, "diameter_crown": null, "source": "OPENSTREETMAP"}, "geometry": {"type": "Point", "coordinates": [73.8538849, 18.5201541]}}, {"type": "Feature", "properties": {"osmId": 10813994264, "id": "osm_tree_10813994264", "natural": "tree", "tree_height": 8.55, "height_source": "VISUAL_ESTIMATE", "genus": null, "species": null, "circumference": null, "diameter_crown": null, "source": "OPENSTREETMAP"}, "geometry": {"type": "Point", "coordinates": [73.8540995, 18.5201439]}}, {"type": "Feature", "properties": {"osmId": 10813994265, "id": "osm_tree_10813994265", "natural": "tree", "tree_height": 8.9, "height_source": "VISUAL_ESTIMATE", "genus": null, "species": null, "circumference": null, "diameter_crown": null, "source": "OPENSTREETMAP"}, "geometry": {"type": "Point", "coordinates": [73.8542122, 18.5200753]}}, {"type": "Feature", "properties": {"osmId": 10813994266, "id": "osm_tree_10813994266", "natural": "tree", "tree_height": 9.25, "height_source": "VISUAL_ESTIMATE", "genus": null, "species": null, "circumference": null, "diameter_crown": null, "source": "OPENSTREETMAP"}, "geometry": {"type": "Point", "coordinates": [73.8542202, 18.5199023]}}, {"type": "Feature", "properties": {"osmId": 10813994267, "id": "osm_tree_10813994267", "natural": "tree", "tree_height": 9.6, "height_source": "VISUAL_ESTIMATE", "genus": null, "species": null, "circumference": null, "diameter_crown": null, "source": "OPENSTREETMAP"}, "geometry": {"type": "Point", "coordinates": [73.8543409, 18.519943]}}, {"type": "Feature", "properties": {"osmId": 13380647536, "id": "osm_tree_13380647536", "natural": "tree", "tree_height": 9.95, "height_source": "VISUAL_ESTIMATE", "genus": null, "species": null, "circumference": null, "diameter_crown": null, "source": "OPENSTREETMAP"}, "geometry": {"type": "Point", "coordinates": [73.8649303, 18.5195054]}}, {"type": "Feature", "properties": {"osmId": 13380755993, "id": "osm_tree_13380755993", "natural": "tree", "tree_height": 8.9, "height_source": "VISUAL_ESTIMATE", "genus": null, "species": null, "circumference": null, "diameter_crown": null, "source": "OPENSTREETMAP"}, "geometry": {"type": "Point", "coordinates": [73.864242, 18.5198916]}}, {"type": "Feature", "properties": {"osmId": 13381080842, "id": "osm_tree_13381080842", "natural": "tree", "tree_height": 7.5, "height_source": "VISUAL_ESTIMATE", "genus": null, "species": null, "circumference": null, "diameter_crown": null, "source": "OPENSTREETMAP"}, "geometry": {"type": "Point", "coordinates": [73.8639389, 18.5223045]}}, {"type": "Feature", "properties": {"osmId": 13382486894, "id": "osm_tree_13382486894", "natural": "tree", "tree_height": 7.15, "height_source": "VISUAL_ESTIMATE", "genus": null, "species": null, "circumference": null, "diameter_crown": null, "source": "OPENSTREETMAP"}, "geometry": {"type": "Point", "coordinates": [73.8608816, 18.5216748]}}, {"type": "Feature", "properties": {"osmId": 13382508985, "id": "osm_tree_13382508985", "natural": "tree", "tree_height": 9.95, "height_source": "VISUAL_ESTIMATE", "genus": null, "species": null, "circumference": null, "diameter_crown": null, "source": "OPENSTREETMAP"}, "geometry": {"type": "Point", "coordinates": [73.8647487, 18.5244358]}}, {"type": "Feature", "properties": {"osmId": 13382519697, "id": "osm_tree_13382519697", "natural": "tree", "tree_height": 4.7, "height_source": "VISUAL_ESTIMATE", "genus": null, "species": null, "circumference": null, "diameter_crown": null, "source": "OPENSTREETMAP"}, "geometry": {"type": "Point", "coordinates": [73.8589779, 18.5250099]}}, {"type": "Feature", "properties": {"osmId": 13382524084, "id": "osm_tree_13382524084", "natural": "tree", "tree_height": 5.050000000000001, "height_source": "VISUAL_ESTIMATE", "genus": null, "species": null, "circumference": null, "diameter_crown": null, "source": "OPENSTREETMAP"}, "geometry": {"type": "Point", "coordinates": [73.8608588, 18.5218784]}}, {"type": "Feature", "properties": {"osmId": 13382524886, "id": "osm_tree_13382524886", "natural": "tree", "tree_height": 6.1, "height_source": "VISUAL_ESTIMATE", "genus": null, "species": null, "circumference": null, "diameter_crown": null, "source": "OPENSTREETMAP"}, "geometry": {"type": "Point", "coordinates": [73.859628, 18.5243688]}}, {"type": "Feature", "properties": {"osmId": 13382525968, "id": "osm_tree_13382525968", "natural": "tree", "tree_height": 9.95, "height_source": "VISUAL_ESTIMATE", "genus": null, "species": null, "circumference": null, "diameter_crown": null, "source": "OPENSTREETMAP"}, "geometry": {"type": "Point", "coordinates": [73.8611635, 18.5238215]}}, {"type": "Feature", "properties": {"osmId": 13382525969, "id": "osm_tree_13382525969", "natural": "tree", "tree_height": 10.3, "height_source": "VISUAL_ESTIMATE", "genus": null, "species": null, "circumference": null, "diameter_crown": null, "source": "OPENSTREETMAP"}, "geometry": {"type": "Point", "coordinates": [73.8596504, 18.524723]}}, {"type": "Feature", "properties": {"osmId": 13382529984, "id": "osm_tree_13382529984", "natural": "tree", "tree_height": 5.4, "height_source": "VISUAL_ESTIMATE", "genus": null, "species": null, "circumference": null, "diameter_crown": null, "source": "OPENSTREETMAP"}, "geometry": {"type": "Point", "coordinates": [73.8594524, 18.5249586]}}, {"type": "Feature", "properties": {"osmId": 13382536429, "id": "osm_tree_13382536429", "natural": "tree", "tree_height": 6.1, "height_source": "VISUAL_ESTIMATE", "genus": null, "species": null, "circumference": null, "diameter_crown": null, "source": "OPENSTREETMAP"}, "geometry": {"type": "Point", "coordinates": [73.8624362, 18.520469]}}, {"type": "Feature", "properties": {"osmId": 13382538539, "id": "osm_tree_13382538539", "natural": "tree", "tree_height": 6.8, "height_source": "VISUAL_ESTIMATE", "genus": null, "species": null, "circumference": null, "diameter_crown": null, "source": "OPENSTREETMAP"}, "geometry": {"type": "Point", "coordinates": [73.8633167, 18.5163577]}}, {"type": "Feature", "properties": {"osmId": 13382543130, "id": "osm_tree_13382543130", "natural": "tree", "tree_height": 7.15, "height_source": "VISUAL_ESTIMATE", "genus": null, "species": null, "circumference": null, "diameter_crown": null, "source": "OPENSTREETMAP"}, "geometry": {"type": "Point", "coordinates": [73.8619159, 18.5184398]}}, {"type": "Feature", "properties": {"osmId": 13382543859, "id": "osm_tree_13382543859", "natural": "tree", "tree_height": 6.45, "height_source": "VISUAL_ESTIMATE", "genus": null, "species": null, "circumference": null, "diameter_crown": null, "source": "OPENSTREETMAP"}, "geometry": {"type": "Point", "coordinates": [73.8612412, 18.5210857]}}, {"type": "Feature", "properties": {"osmId": 13382544474, "id": "osm_tree_13382544474", "natural": "tree", "tree_height": 7.5, "height_source": "VISUAL_ESTIMATE", "genus": null, "species": null, "circumference": null, "diameter_crown": null, "source": "OPENSTREETMAP"}, "geometry": {"type": "Point", "coordinates": [73.8612924, 18.5246504]}}, {"type": "Feature", "properties": {"osmId": 13382544492, "id": "osm_tree_13382544492", "natural": "tree", "tree_height": 7.85, "height_source": "VISUAL_ESTIMATE", "genus": null, "species": null, "circumference": null, "diameter_crown": null, "source": "OPENSTREETMAP"}, "geometry": {"type": "Point", "coordinates": [73.8749763, 18.5183751]}}, {"type": "Feature", "properties": {"osmId": 13382544565, "id": "osm_tree_13382544565", "natural": "tree", "tree_height": 9.6, "height_source": "VISUAL_ESTIMATE", "genus": null, "species": null, "circumference": null, "diameter_crown": null, "source": "OPENSTREETMAP"}, "geometry": {"type": "Point", "coordinates": [73.8651762, 18.5152822]}}, {"type": "Feature", "properties": {"osmId": 13382544568, "id": "osm_tree_13382544568", "natural": "tree", "tree_height": 4.7, "height_source": "VISUAL_ESTIMATE", "genus": null, "species": null, "circumference": null, "diameter_crown": null, "source": "OPENSTREETMAP"}, "geometry": {"type": "Point", "coordinates": [73.8610735, 18.5176657]}}, {"type": "Feature", "properties": {"osmId": 13382544569, "id": "osm_tree_13382544569", "natural": "tree", "tree_height": 5.050000000000001, "height_source": "VISUAL_ESTIMATE", "genus": null, "species": null, "circumference": null, "diameter_crown": null, "source": "OPENSTREETMAP"}, "geometry": {"type": "Point", "coordinates": [73.8622639, 18.5204505]}}, {"type": "Feature", "properties": {"osmId": 13382544948, "id": "osm_tree_13382544948", "natural": "tree", "tree_height": 6.8, "height_source": "VISUAL_ESTIMATE", "genus": null, "species": null, "circumference": null, "diameter_crown": null, "source": "OPENSTREETMAP"}, "geometry": {"type": "Point", "coordinates": [73.8723972, 18.5196519]}}, {"type": "Feature", "properties": {"osmId": 13382547774, "id": "osm_tree_13382547774", "natural": "tree", "tree_height": 8.2, "height_source": "VISUAL_ESTIMATE", "genus": null, "species": null, "circumference": null, "diameter_crown": null, "source": "OPENSTREETMAP"}, "geometry": {"type": "Point", "coordinates": [73.860719, 18.5225784]}}, {"type": "Feature", "properties": {"osmId": 13382548138, "id": "osm_tree_13382548138", "natural": "tree", "tree_height": 4.7, "height_source": "VISUAL_ESTIMATE", "genus": null, "species": null, "circumference": null, "diameter_crown": null, "source": "OPENSTREETMAP"}, "geometry": {"type": "Point", "coordinates": [73.8611516, 18.5170705]}}, {"type": "Feature", "properties": {"osmId": 13382548998, "id": "osm_tree_13382548998", "natural": "tree", "tree_height": 8.2, "height_source": "VISUAL_ESTIMATE", "genus": null, "species": null, "circumference": null, "diameter_crown": null, "source": "OPENSTREETMAP"}, "geometry": {"type": "Point", "coordinates": [73.8609561, 18.5244467]}}, {"type": "Feature", "properties": {"osmId": 13382549218, "id": "osm_tree_13382549218", "natural": "tree", "tree_height": 7.85, "height_source": "VISUAL_ESTIMATE", "genus": null, "species": null, "circumference": null, "diameter_crown": null, "source": "OPENSTREETMAP"}, "geometry": {"type": "Point", "coordinates": [73.8619516, 18.5197042]}}, {"type": "Feature", "properties": {"osmId": 13382552970, "id": "osm_tree_13382552970", "natural": "tree", "tree_height": 6.1, "height_source": "VISUAL_ESTIMATE", "genus": null, "species": null, "circumference": null, "diameter_crown": null, "source": "OPENSTREETMAP"}, "geometry": {"type": "Point", "coordinates": [73.8612307, 18.5247708]}}, {"type": "Feature", "properties": {"osmId": 13382553512, "id": "osm_tree_13382553512", "natural": "tree", "tree_height": 5.4, "height_source": "VISUAL_ESTIMATE", "genus": null, "species": null, "circumference": null, "diameter_crown": null, "source": "OPENSTREETMAP"}, "geometry": {"type": "Point", "coordinates": [73.8613727, 18.5170952]}}, {"type": "Feature", "properties": {"osmId": 13382554503, "id": "osm_tree_13382554503", "natural": "tree", "tree_height": 7.15, "height_source": "VISUAL_ESTIMATE", "genus": null, "species": null, "circumference": null, "diameter_crown": null, "source": "OPENSTREETMAP"}, "geometry": {"type": "Point", "coordinates": [73.8615744, 18.5206633]}}, {"type": "Feature", "properties": {"osmId": 13382556711, "id": "osm_tree_13382556711", "natural": "tree", "tree_height": 6.45, "height_source": "VISUAL_ESTIMATE", "genus": null, "species": null, "circumference": null, "diameter_crown": null, "source": "OPENSTREETMAP"}, "geometry": {"type": "Point", "coordinates": [73.8596131, 18.525033]}}, {"type": "Feature", "properties": {"osmId": 13382557001, "id": "osm_tree_13382557001", "natural": "tree", "tree_height": 6.8, "height_source": "VISUAL_ESTIMATE", "genus": null, "species": null, "circumference": null, "diameter_crown": null, "source": "OPENSTREETMAP"}, "geometry": {"type": "Point", "coordinates": [73.8615126, 18.5168238]}}, {"type": "Feature", "properties": {"osmId": 13382562717, "id": "osm_tree_13382562717", "natural": "tree", "tree_height": 8.2, "height_source": "VISUAL_ESTIMATE", "genus": null, "species": null, "circumference": null, "diameter_crown": null, "source": "OPENSTREETMAP"}, "geometry": {"type": "Point", "coordinates": [73.859034, 18.5252508]}}, {"type": "Feature", "properties": {"osmId": 13382565833, "id": "osm_tree_13382565833", "natural": "tree", "tree_height": 9.95, "height_source": "VISUAL_ESTIMATE", "genus": null, "species": null, "circumference": null, "diameter_crown": null, "source": "OPENSTREETMAP"}, "geometry": {"type": "Point", "coordinates": [73.8601062, 18.5246238]}}, {"type": "Feature", "properties": {"osmId": 13382567107, "id": "osm_tree_13382567107", "natural": "tree", "tree_height": 9.6, "height_source": "VISUAL_ESTIMATE", "genus": null, "species": null, "circumference": null, "diameter_crown": null, "source": "OPENSTREETMAP"}, "geometry": {"type": "Point", "coordinates": [73.8611579, 18.5249001]}}, {"type": "Feature", "properties": {"osmId": 13382567963, "id": "osm_tree_13382567963", "natural": "tree", "tree_height": 5.75, "height_source": "VISUAL_ESTIMATE", "genus": null, "species": null, "circumference": null, "diameter_crown": null, "source": "OPENSTREETMAP"}, "geometry": {"type": "Point", "coordinates": [73.8650494, 18.523807]}}, {"type": "Feature", "properties": {"osmId": 13382571473, "id": "osm_tree_13382571473", "natural": "tree", "tree_height": 8.55, "height_source": "VISUAL_ESTIMATE", "genus": null, "species": null, "circumference": null, "diameter_crown": null, "source": "OPENSTREETMAP"}, "geometry": {"type": "Point", "coordinates": [73.8646688, 18.5208453]}}, {"type": "Feature", "properties": {"osmId": 13382573887, "id": "osm_tree_13382573887", "natural": "tree", "tree_height": 8.55, "height_source": "VISUAL_ESTIMATE", "genus": null, "species": null, "circumference": null, "diameter_crown": null, "source": "OPENSTREETMAP"}, "geometry": {"type": "Point", "coordinates": [73.8612219, 18.5213164]}}, {"type": "Feature", "properties": {"osmId": 13382575428, "id": "osm_tree_13382575428", "natural": "tree", "tree_height": 6.45, "height_source": "VISUAL_ESTIMATE", "genus": null, "species": null, "circumference": null, "diameter_crown": null, "source": "OPENSTREETMAP"}, "geometry": {"type": "Point", "coordinates": [73.8550486, 18.5198641]}}, {"type": "Feature", "properties": {"osmId": 13382586397, "id": "osm_tree_13382586397", "natural": "tree", "tree_height": 7.85, "height_source": "VISUAL_ESTIMATE", "genus": null, "species": null, "circumference": null, "diameter_crown": null, "source": "OPENSTREETMAP"}, "geometry": {"type": "Point", "coordinates": [73.8613936, 18.5205728]}}, {"type": "Feature", "properties": {"osmId": 13382595267, "id": "osm_tree_13382595267", "natural": "tree", "tree_height": 6.45, "height_source": "VISUAL_ESTIMATE", "genus": null, "species": null, "circumference": null, "diameter_crown": null, "source": "OPENSTREETMAP"}, "geometry": {"type": "Point", "coordinates": [73.8583551, 18.5174441]}}, {"type": "Feature", "properties": {"osmId": 13382610905, "id": "osm_tree_13382610905", "natural": "tree", "tree_height": 5.75, "height_source": "VISUAL_ESTIMATE", "genus": null, "species": null, "circumference": null, "diameter_crown": null, "source": "OPENSTREETMAP"}, "geometry": {"type": "Point", "coordinates": [73.8615631, 18.5208454]}}, {"type": "Feature", "properties": {"osmId": 13382612069, "id": "osm_tree_13382612069", "natural": "tree", "tree_height": 8.55, "height_source": "VISUAL_ESTIMATE", "genus": null, "species": null, "circumference": null, "diameter_crown": null, "source": "OPENSTREETMAP"}, "geometry": {"type": "Point", "coordinates": [73.8611114, 18.5215962]}}, {"type": "Feature", "properties": {"osmId": 13382612130, "id": "osm_tree_13382612130", "natural": "tree", "tree_height": 6.1, "height_source": "VISUAL_ESTIMATE", "genus": null, "species": null, "circumference": null, "diameter_crown": null, "source": "OPENSTREETMAP"}, "geometry": {"type": "Point", "coordinates": [73.8640464, 18.5211655]}}, {"type": "Feature", "properties": {"osmId": 13382617615, "id": "osm_tree_13382617615", "natural": "tree", "tree_height": 9.95, "height_source": "VISUAL_ESTIMATE", "genus": null, "species": null, "circumference": null, "diameter_crown": null, "source": "OPENSTREETMAP"}, "geometry": {"type": "Point", "coordinates": [73.8620903, 18.5212611]}}, {"type": "Feature", "properties": {"osmId": 13394356645, "id": "osm_tree_13394356645", "natural": "tree", "tree_height": 5.050000000000001, "height_source": "VISUAL_ESTIMATE", "genus": null, "species": null, "circumference": null, "diameter_crown": null, "source": "OPENSTREETMAP"}, "geometry": {"type": "Point", "coordinates": [73.8716308, 18.5312611]}}, {"type": "Feature", "properties": {"osmId": 13394356646, "id": "osm_tree_13394356646", "natural": "tree", "tree_height": 5.4, "height_source": "VISUAL_ESTIMATE", "genus": null, "species": null, "circumference": null, "diameter_crown": null, "source": "OPENSTREETMAP"}, "geometry": {"type": "Point", "coordinates": [73.8716285, 18.5311792]}}, {"type": "Feature", "properties": {"osmId": 13394356647, "id": "osm_tree_13394356647", "natural": "tree", "tree_height": 5.75, "height_source": "VISUAL_ESTIMATE", "genus": null, "species": null, "circumference": null, "diameter_crown": null, "source": "OPENSTREETMAP"}, "geometry": {"type": "Point", "coordinates": [73.8716587, 18.5308207]}}, {"type": "Feature", "properties": {"osmId": 13394356648, "id": "osm_tree_13394356648", "natural": "tree", "tree_height": 6.1, "height_source": "VISUAL_ESTIMATE", "genus": null, "species": null, "circumference": null, "diameter_crown": null, "source": "OPENSTREETMAP"}, "geometry": {"type": "Point", "coordinates": [73.8716949, 18.531108]}}, {"type": "Feature", "properties": {"osmId": 13394356649, "id": "osm_tree_13394356649", "natural": "tree", "tree_height": 6.45, "height_source": "VISUAL_ESTIMATE", "genus": null, "species": null, "circumference": null, "diameter_crown": null, "source": "OPENSTREETMAP"}, "geometry": {"type": "Point", "coordinates": [73.8716087, 18.5315201]}}, {"type": "Feature", "properties": {"osmId": 13394356650, "id": "osm_tree_13394356650", "natural": "tree", "tree_height": 6.8, "height_source": "VISUAL_ESTIMATE", "genus": null, "species": null, "circumference": null, "diameter_crown": null, "source": "OPENSTREETMAP"}, "geometry": {"type": "Point", "coordinates": [73.8715518, 18.5316589]}}, {"type": "Feature", "properties": {"osmId": 13394356651, "id": "osm_tree_13394356651", "natural": "tree", "tree_height": 7.15, "height_source": "VISUAL_ESTIMATE", "genus": null, "species": null, "circumference": null, "diameter_crown": null, "source": "OPENSTREETMAP"}, "geometry": {"type": "Point", "coordinates": [73.8716331, 18.5314314]}}, {"type": "Feature", "properties": {"osmId": 13394356652, "id": "osm_tree_13394356652", "natural": "tree", "tree_height": 7.5, "height_source": "VISUAL_ESTIMATE", "genus": null, "species": null, "circumference": null, "diameter_crown": null, "source": "OPENSTREETMAP"}, "geometry": {"type": "Point", "coordinates": [73.8724011, 18.5320829]}}, {"type": "Feature", "properties": {"osmId": 13394356653, "id": "osm_tree_13394356653", "natural": "tree", "tree_height": 7.85, "height_source": "VISUAL_ESTIMATE", "genus": null, "species": null, "circumference": null, "diameter_crown": null, "source": "OPENSTREETMAP"}, "geometry": {"type": "Point", "coordinates": [73.8723787, 18.5319576]}}, {"type": "Feature", "properties": {"osmId": 13394356654, "id": "osm_tree_13394356654", "natural": "tree", "tree_height": 8.2, "height_source": "VISUAL_ESTIMATE", "genus": null, "species": null, "circumference": null, "diameter_crown": null, "source": "OPENSTREETMAP"}, "geometry": {"type": "Point", "coordinates": [73.8724418, 18.5317726]}}, {"type": "Feature", "properties": {"osmId": 13394356655, "id": "osm_tree_13394356655", "natural": "tree", "tree_height": 8.55, "height_source": "VISUAL_ESTIMATE", "genus": null, "species": null, "circumference": null, "diameter_crown": null, "source": "OPENSTREETMAP"}, "geometry": {"type": "Point", "coordinates": [73.871958, 18.5320601]}}, {"type": "Feature", "properties": {"osmId": 13394356656, "id": "osm_tree_13394356656", "natural": "tree", "tree_height": 8.9, "height_source": "VISUAL_ESTIMATE", "genus": null, "species": null, "circumference": null, "diameter_crown": null, "source": "OPENSTREETMAP"}, "geometry": {"type": "Point", "coordinates": [73.8697777, 18.5307488]}}, {"type": "Feature", "properties": {"osmId": 13394356657, "id": "osm_tree_13394356657", "natural": "tree", "tree_height": 9.25, "height_source": "VISUAL_ESTIMATE", "genus": null, "species": null, "circumference": null, "diameter_crown": null, "source": "OPENSTREETMAP"}, "geometry": {"type": "Point", "coordinates": [73.8697736, 18.5311497]}}, {"type": "Feature", "properties": {"osmId": 13394356658, "id": "osm_tree_13394356658", "natural": "tree", "tree_height": 9.6, "height_source": "VISUAL_ESTIMATE", "genus": null, "species": null, "circumference": null, "diameter_crown": null, "source": "OPENSTREETMAP"}, "geometry": {"type": "Point", "coordinates": [73.8697777, 18.5310726]}}, {"type": "Feature", "properties": {"osmId": 13394356659, "id": "osm_tree_13394356659", "natural": "tree", "tree_height": 9.95, "height_source": "VISUAL_ESTIMATE", "genus": null, "species": null, "circumference": null, "diameter_crown": null, "source": "OPENSTREETMAP"}, "geometry": {"type": "Point", "coordinates": [73.8700968, 18.5311998]}}, {"type": "Feature", "properties": {"osmId": 13394356660, "id": "osm_tree_13394356660", "natural": "tree", "tree_height": 10.3, "height_source": "VISUAL_ESTIMATE", "genus": null, "species": null, "circumference": null, "diameter_crown": null, "source": "OPENSTREETMAP"}, "geometry": {"type": "Point", "coordinates": [73.8698386, 18.5309974]}}, {"type": "Feature", "properties": {"osmId": 13394356661, "id": "osm_tree_13394356661", "natural": "tree", "tree_height": 4.7, "height_source": "VISUAL_ESTIMATE", "genus": null, "species": null, "circumference": null, "diameter_crown": null, "source": "OPENSTREETMAP"}, "geometry": {"type": "Point", "coordinates": [73.8699012, 18.530721]}}, {"type": "Feature", "properties": {"osmId": 13394356662, "id": "osm_tree_13394356662", "natural": "tree", "tree_height": 5.050000000000001, "height_source": "VISUAL_ESTIMATE", "genus": null, "species": null, "circumference": null, "diameter_crown": null, "source": "OPENSTREETMAP"}, "geometry": {"type": "Point", "coordinates": [73.8691377, 18.530755]}}, {"type": "Feature", "properties": {"osmId": 13394356663, "id": "osm_tree_13394356663", "natural": "tree", "tree_height": 5.4, "height_source": "VISUAL_ESTIMATE", "genus": null, "species": null, "circumference": null, "diameter_crown": null, "source": "OPENSTREETMAP"}, "geometry": {"type": "Point", "coordinates": [73.8690036, 18.5307896]}}, {"type": "Feature", "properties": {"osmId": 13394356664, "id": "osm_tree_13394356664", "natural": "tree", "tree_height": 5.75, "height_source": "VISUAL_ESTIMATE", "genus": null, "species": null, "circumference": null, "diameter_crown": null, "source": "OPENSTREETMAP"}, "geometry": {"type": "Point", "coordinates": [73.8685824, 18.5306586]}}, {"type": "Feature", "properties": {"osmId": 13394356665, "id": "osm_tree_13394356665", "natural": "tree", "tree_height": 6.1, "height_source": "VISUAL_ESTIMATE", "genus": null, "species": null, "circumference": null, "diameter_crown": null, "source": "OPENSTREETMAP"}, "geometry": {"type": "Point", "coordinates": [73.8685735, 18.5304897]}}, {"type": "Feature", "properties": {"osmId": 13394384097, "id": "osm_tree_13394384097", "natural": "tree", "tree_height": 9.95, "height_source": "VISUAL_ESTIMATE", "genus": null, "species": null, "circumference": null, "diameter_crown": null, "source": "OPENSTREETMAP"}, "geometry": {"type": "Point", "coordinates": [73.8682006, 18.5328289]}}, {"type": "Feature", "properties": {"osmId": 13394384836, "id": "osm_tree_13394384836", "natural": "tree", "tree_height": 6.8, "height_source": "VISUAL_ESTIMATE", "genus": null, "species": null, "circumference": null, "diameter_crown": null, "source": "OPENSTREETMAP"}, "geometry": {"type": "Point", "coordinates": [73.8692581, 18.5325073]}}, {"type": "Feature", "properties": {"osmId": 13394384837, "id": "osm_tree_13394384837", "natural": "tree", "tree_height": 7.15, "height_source": "VISUAL_ESTIMATE", "genus": null, "species": null, "circumference": null, "diameter_crown": null, "source": "OPENSTREETMAP"}, "geometry": {"type": "Point", "coordinates": [73.8693028, 18.5323878]}}, {"type": "Feature", "properties": {"osmId": 13394384838, "id": "osm_tree_13394384838", "natural": "tree", "tree_height": 7.5, "height_source": "VISUAL_ESTIMATE", "genus": null, "species": null, "circumference": null, "diameter_crown": null, "source": "OPENSTREETMAP"}, "geometry": {"type": "Point", "coordinates": [73.8694553, 18.5327039]}}, {"type": "Feature", "properties": {"osmId": 13394384839, "id": "osm_tree_13394384839", "natural": "tree", "tree_height": 7.85, "height_source": "VISUAL_ESTIMATE", "genus": null, "species": null, "circumference": null, "diameter_crown": null, "source": "OPENSTREETMAP"}, "geometry": {"type": "Point", "coordinates": [73.8702858, 18.5326942]}}, {"type": "Feature", "properties": {"osmId": 13394384840, "id": "osm_tree_13394384840", "natural": "tree", "tree_height": 8.2, "height_source": "VISUAL_ESTIMATE", "genus": null, "species": null, "circumference": null, "diameter_crown": null, "source": "OPENSTREETMAP"}, "geometry": {"type": "Point", "coordinates": [73.8709286, 18.5324822]}}, {"type": "Feature", "properties": {"osmId": 13394384841, "id": "osm_tree_13394384841", "natural": "tree", "tree_height": 8.55, "height_source": "VISUAL_ESTIMATE", "genus": null, "species": null, "circumference": null, "diameter_crown": null, "source": "OPENSTREETMAP"}, "geometry": {"type": "Point", "coordinates": [73.8703972, 18.5316307]}}, {"type": "Feature", "properties": {"osmId": 13394384842, "id": "osm_tree_13394384842", "natural": "tree", "tree_height": 8.9, "height_source": "VISUAL_ESTIMATE", "genus": null, "species": null, "circumference": null, "diameter_crown": null, "source": "OPENSTREETMAP"}, "geometry": {"type": "Point", "coordinates": [73.8703078, 18.5313513]}}, {"type": "Feature", "properties": {"osmId": 13394384843, "id": "osm_tree_13394384843", "natural": "tree", "tree_height": 9.25, "height_source": "VISUAL_ESTIMATE", "genus": null, "species": null, "circumference": null, "diameter_crown": null, "source": "OPENSTREETMAP"}, "geometry": {"type": "Point", "coordinates": [73.8703314, 18.5311699]}}, {"type": "Feature", "properties": {"osmId": 13394384844, "id": "osm_tree_13394384844", "natural": "tree", "tree_height": 9.6, "height_source": "VISUAL_ESTIMATE", "genus": null, "species": null, "circumference": null, "diameter_crown": null, "source": "OPENSTREETMAP"}, "geometry": {"type": "Point", "coordinates": [73.8692983, 18.5307763]}}, {"type": "Feature", "properties": {"osmId": 13394384845, "id": "osm_tree_13394384845", "natural": "tree", "tree_height": 9.95, "height_source": "VISUAL_ESTIMATE", "genus": null, "species": null, "circumference": null, "diameter_crown": null, "source": "OPENSTREETMAP"}, "geometry": {"type": "Point", "coordinates": [73.8693928, 18.5304686]}}, {"type": "Feature", "properties": {"osmId": 13394384846, "id": "osm_tree_13394384846", "natural": "tree", "tree_height": 10.3, "height_source": "VISUAL_ESTIMATE", "genus": null, "species": null, "circumference": null, "diameter_crown": null, "source": "OPENSTREETMAP"}, "geometry": {"type": "Point", "coordinates": [73.8686107, 18.5303779]}}, {"type": "Feature", "properties": {"osmId": 13394384847, "id": "osm_tree_13394384847", "natural": "tree", "tree_height": 4.7, "height_source": "VISUAL_ESTIMATE", "genus": null, "species": null, "circumference": null, "diameter_crown": null, "source": "OPENSTREETMAP"}, "geometry": {"type": "Point", "coordinates": [73.8694937, 18.5299212]}}, {"type": "Feature", "properties": {"osmId": 13394384848, "id": "osm_tree_13394384848", "natural": "tree", "tree_height": 5.050000000000001, "height_source": "VISUAL_ESTIMATE", "genus": null, "species": null, "circumference": null, "diameter_crown": null, "source": "OPENSTREETMAP"}, "geometry": {"type": "Point", "coordinates": [73.8698175, 18.5298944]}}, {"type": "Feature", "properties": {"osmId": 13394384849, "id": "osm_tree_13394384849", "natural": "tree", "tree_height": 5.4, "height_source": "VISUAL_ESTIMATE", "genus": null, "species": null, "circumference": null, "diameter_crown": null, "source": "OPENSTREETMAP"}, "geometry": {"type": "Point", "coordinates": [73.8700458, 18.5298625]}}, {"type": "Feature", "properties": {"osmId": 13394384850, "id": "osm_tree_13394384850", "natural": "tree", "tree_height": 5.75, "height_source": "VISUAL_ESTIMATE", "genus": null, "species": null, "circumference": null, "diameter_crown": null, "source": "OPENSTREETMAP"}, "geometry": {"type": "Point", "coordinates": [73.8700193, 18.530089]}}, {"type": "Feature", "properties": {"osmId": 13394384851, "id": "osm_tree_13394384851", "natural": "tree", "tree_height": 6.1, "height_source": "VISUAL_ESTIMATE", "genus": null, "species": null, "circumference": null, "diameter_crown": null, "source": "OPENSTREETMAP"}, "geometry": {"type": "Point", "coordinates": [73.8703459, 18.5300769]}}, {"type": "Feature", "properties": {"osmId": 13394384852, "id": "osm_tree_13394384852", "natural": "tree", "tree_height": 6.45, "height_source": "VISUAL_ESTIMATE", "genus": null, "species": null, "circumference": null, "diameter_crown": null, "source": "OPENSTREETMAP"}, "geometry": {"type": "Point", "coordinates": [73.8703123, 18.5300165]}}, {"type": "Feature", "properties": {"osmId": 13394384853, "id": "osm_tree_13394384853", "natural": "tree", "tree_height": 6.8, "height_source": "VISUAL_ESTIMATE", "genus": null, "species": null, "circumference": null, "diameter_crown": null, "source": "OPENSTREETMAP"}, "geometry": {"type": "Point", "coordinates": [73.8706099, 18.5301679]}}, {"type": "Feature", "properties": {"osmId": 13394384854, "id": "osm_tree_13394384854", "natural": "tree", "tree_height": 7.15, "height_source": "VISUAL_ESTIMATE", "genus": null, "species": null, "circumference": null, "diameter_crown": null, "source": "OPENSTREETMAP"}, "geometry": {"type": "Point", "coordinates": [73.8714562, 18.530591]}}, {"type": "Feature", "properties": {"osmId": 13394384855, "id": "osm_tree_13394384855", "natural": "tree", "tree_height": 7.5, "height_source": "VISUAL_ESTIMATE", "genus": null, "species": null, "circumference": null, "diameter_crown": null, "source": "OPENSTREETMAP"}, "geometry": {"type": "Point", "coordinates": [73.8717135, 18.5302998]}}, {"type": "Feature", "properties": {"osmId": 13394384856, "id": "osm_tree_13394384856", "natural": "tree", "tree_height": 7.85, "height_source": "VISUAL_ESTIMATE", "genus": null, "species": null, "circumference": null, "diameter_crown": null, "source": "OPENSTREETMAP"}, "geometry": {"type": "Point", "coordinates": [73.8713394, 18.5308813]}}, {"type": "Feature", "properties": {"osmId": 13394384857, "id": "osm_tree_13394384857", "natural": "tree", "tree_height": 8.2, "height_source": "VISUAL_ESTIMATE", "genus": null, "species": null, "circumference": null, "diameter_crown": null, "source": "OPENSTREETMAP"}, "geometry": {"type": "Point", "coordinates": [73.8717467, 18.5314974]}}, {"type": "Feature", "properties": {"osmId": 13394384858, "id": "osm_tree_13394384858", "natural": "tree", "tree_height": 8.55, "height_source": "VISUAL_ESTIMATE", "genus": null, "species": null, "circumference": null, "diameter_crown": null, "source": "OPENSTREETMAP"}, "geometry": {"type": "Point", "coordinates": [73.8689088, 18.5323128]}}, {"type": "Feature", "properties": {"osmId": 13394384859, "id": "osm_tree_13394384859", "natural": "tree", "tree_height": 8.9, "height_source": "VISUAL_ESTIMATE", "genus": null, "species": null, "circumference": null, "diameter_crown": null, "source": "OPENSTREETMAP"}, "geometry": {"type": "Point", "coordinates": [73.8689743, 18.5321115]}}, {"type": "Feature", "properties": {"osmId": 13394384860, "id": "osm_tree_13394384860", "natural": "tree", "tree_height": 9.25, "height_source": "VISUAL_ESTIMATE", "genus": null, "species": null, "circumference": null, "diameter_crown": null, "source": "OPENSTREETMAP"}, "geometry": {"type": "Point", "coordinates": [73.8679402, 18.531897]}}, {"type": "Feature", "properties": {"osmId": 13394401000, "id": "osm_tree_13394401000", "natural": "tree", "tree_height": 5.75, "height_source": "VISUAL_ESTIMATE", "genus": null, "species": null, "circumference": null, "diameter_crown": null, "source": "OPENSTREETMAP"}, "geometry": {"type": "Point", "coordinates": [73.8699582, 18.5317541]}}, {"type": "Feature", "properties": {"osmId": 13394409006, "id": "osm_tree_13394409006", "natural": "tree", "tree_height": 5.4, "height_source": "VISUAL_ESTIMATE", "genus": null, "species": null, "circumference": null, "diameter_crown": null, "source": "OPENSTREETMAP"}, "geometry": {"type": "Point", "coordinates": [73.8630871, 18.5324245]}}, {"type": "Feature", "properties": {"osmId": 13394409007, "id": "osm_tree_13394409007", "natural": "tree", "tree_height": 5.75, "height_source": "VISUAL_ESTIMATE", "genus": null, "species": null, "circumference": null, "diameter_crown": null, "source": "OPENSTREETMAP"}, "geometry": {"type": "Point", "coordinates": [73.8632758, 18.5325818]}}, {"type": "Feature", "properties": {"osmId": 13394409008, "id": "osm_tree_13394409008", "natural": "tree", "tree_height": 6.1, "height_source": "VISUAL_ESTIMATE", "genus": null, "species": null, "circumference": null, "diameter_crown": null, "source": "OPENSTREETMAP"}, "geometry": {"type": "Point", "coordinates": [73.8625724, 18.5319227]}}, {"type": "Feature", "properties": {"osmId": 13394409009, "id": "osm_tree_13394409009", "natural": "tree", "tree_height": 6.45, "height_source": "VISUAL_ESTIMATE", "genus": null, "species": null, "circumference": null, "diameter_crown": null, "source": "OPENSTREETMAP"}, "geometry": {"type": "Point", "coordinates": [73.8627871, 18.5321215]}}, {"type": "Feature", "properties": {"osmId": 13394409010, "id": "osm_tree_13394409010", "natural": "tree", "tree_height": 6.8, "height_source": "VISUAL_ESTIMATE", "genus": null, "species": null, "circumference": null, "diameter_crown": null, "source": "OPENSTREETMAP"}, "geometry": {"type": "Point", "coordinates": [73.8631946, 18.5320539]}}, {"type": "Feature", "properties": {"osmId": 13394409011, "id": "osm_tree_13394409011", "natural": "tree", "tree_height": 7.15, "height_source": "VISUAL_ESTIMATE", "genus": null, "species": null, "circumference": null, "diameter_crown": null, "source": "OPENSTREETMAP"}, "geometry": {"type": "Point", "coordinates": [73.862689, 18.5320152]}}, {"type": "Feature", "properties": {"osmId": 13394409012, "id": "osm_tree_13394409012", "natural": "tree", "tree_height": 7.5, "height_source": "VISUAL_ESTIMATE", "genus": null, "species": null, "circumference": null, "diameter_crown": null, "source": "OPENSTREETMAP"}, "geometry": {"type": "Point", "coordinates": [73.8631803, 18.5325516]}}, {"type": "Feature", "properties": {"osmId": 13394409013, "id": "osm_tree_13394409013", "natural": "tree", "tree_height": 7.85, "height_source": "VISUAL_ESTIMATE", "genus": null, "species": null, "circumference": null, "diameter_crown": null, "source": "OPENSTREETMAP"}, "geometry": {"type": "Point", "coordinates": [73.8640001, 18.5321518]}}, {"type": "Feature", "properties": {"osmId": 13394409014, "id": "osm_tree_13394409014", "natural": "tree", "tree_height": 8.2, "height_source": "VISUAL_ESTIMATE", "genus": null, "species": null, "circumference": null, "diameter_crown": null, "source": "OPENSTREETMAP"}, "geometry": {"type": "Point", "coordinates": [73.8643469, 18.5321518]}}, {"type": "Feature", "properties": {"osmId": 13394409015, "id": "osm_tree_13394409015", "natural": "tree", "tree_height": 8.55, "height_source": "VISUAL_ESTIMATE", "genus": null, "species": null, "circumference": null, "diameter_crown": null, "source": "OPENSTREETMAP"}, "geometry": {"type": "Point", "coordinates": [73.8645769, 18.5322458]}}, {"type": "Feature", "properties": {"osmId": 13394409016, "id": "osm_tree_13394409016", "natural": "tree", "tree_height": 8.9, "height_source": "VISUAL_ESTIMATE", "genus": null, "species": null, "circumference": null, "diameter_crown": null, "source": "OPENSTREETMAP"}, "geometry": {"type": "Point", "coordinates": [73.8648778, 18.5323666]}}, {"type": "Feature", "properties": {"osmId": 13394409017, "id": "osm_tree_13394409017", "natural": "tree", "tree_height": 9.25, "height_source": "VISUAL_ESTIMATE", "genus": null, "species": null, "circumference": null, "diameter_crown": null, "source": "OPENSTREETMAP"}, "geometry": {"type": "Point", "coordinates": [73.8656925, 18.532288]}}, {"type": "Feature", "properties": {"osmId": 13394409018, "id": "osm_tree_13394409018", "natural": "tree", "tree_height": 9.6, "height_source": "VISUAL_ESTIMATE", "genus": null, "species": null, "circumference": null, "diameter_crown": null, "source": "OPENSTREETMAP"}, "geometry": {"type": "Point", "coordinates": [73.8660712, 18.5322176]}}, {"type": "Feature", "properties": {"osmId": 13394409019, "id": "osm_tree_13394409019", "natural": "tree", "tree_height": 9.95, "height_source": "VISUAL_ESTIMATE", "genus": null, "species": null, "circumference": null, "diameter_crown": null, "source": "OPENSTREETMAP"}, "geometry": {"type": "Point", "coordinates": [73.8654518, 18.5324256]}}, {"type": "Feature", "properties": {"osmId": 13394409020, "id": "osm_tree_13394409020", "natural": "tree", "tree_height": 10.3, "height_source": "VISUAL_ESTIMATE", "genus": null, "species": null, "circumference": null, "diameter_crown": null, "source": "OPENSTREETMAP"}, "geometry": {"type": "Point", "coordinates": [73.8658022, 18.5326169]}}, {"type": "Feature", "properties": {"osmId": 13394409021, "id": "osm_tree_13394409021", "natural": "tree", "tree_height": 4.7, "height_source": "VISUAL_ESTIMATE", "genus": null, "species": null, "circumference": null, "diameter_crown": null, "source": "OPENSTREETMAP"}, "geometry": {"type": "Point", "coordinates": [73.8668279, 18.5327625]}}, {"type": "Feature", "properties": {"osmId": 13394409025, "id": "osm_tree_13394409025", "natural": "tree", "tree_height": 6.1, "height_source": "VISUAL_ESTIMATE", "genus": null, "species": null, "circumference": null, "diameter_crown": null, "source": "OPENSTREETMAP"}, "geometry": {"type": "Point", "coordinates": [73.8664775, 18.5328666]}}, {"type": "Feature", "properties": {"osmId": 13394409026, "id": "osm_tree_13394409026", "natural": "tree", "tree_height": 6.45, "height_source": "VISUAL_ESTIMATE", "genus": null, "species": null, "circumference": null, "diameter_crown": null, "source": "OPENSTREETMAP"}, "geometry": {"type": "Point", "coordinates": [73.8664846, 18.532437]}}, {"type": "Feature", "properties": {"osmId": 13394409027, "id": "osm_tree_13394409027", "natural": "tree", "tree_height": 6.8, "height_source": "VISUAL_ESTIMATE", "genus": null, "species": null, "circumference": null, "diameter_crown": null, "source": "OPENSTREETMAP"}, "geometry": {"type": "Point", "coordinates": [73.8663961, 18.5317894]}}, {"type": "Feature", "properties": {"osmId": 13394409028, "id": "osm_tree_13394409028", "natural": "tree", "tree_height": 7.15, "height_source": "VISUAL_ESTIMATE", "genus": null, "species": null, "circumference": null, "diameter_crown": null, "source": "OPENSTREETMAP"}, "geometry": {"type": "Point", "coordinates": [73.8678011, 18.531888]}}, {"type": "Feature", "properties": {"osmId": 13394409029, "id": "osm_tree_13394409029", "natural": "tree", "tree_height": 7.5, "height_source": "VISUAL_ESTIMATE", "genus": null, "species": null, "circumference": null, "diameter_crown": null, "source": "OPENSTREETMAP"}, "geometry": {"type": "Point", "coordinates": [73.8676419, 18.5315491]}}, {"type": "Feature", "properties": {"osmId": 13394409030, "id": "osm_tree_13394409030", "natural": "tree", "tree_height": 7.85, "height_source": "VISUAL_ESTIMATE", "genus": null, "species": null, "circumference": null, "diameter_crown": null, "source": "OPENSTREETMAP"}, "geometry": {"type": "Point", "coordinates": [73.8679038, 18.531576]}}, {"type": "Feature", "properties": {"osmId": 13394409031, "id": "osm_tree_13394409031", "natural": "tree", "tree_height": 8.2, "height_source": "VISUAL_ESTIMATE", "genus": null, "species": null, "circumference": null, "diameter_crown": null, "source": "OPENSTREETMAP"}, "geometry": {"type": "Point", "coordinates": [73.8683603, 18.5316162]}}, {"type": "Feature", "properties": {"osmId": 13394409032, "id": "osm_tree_13394409032", "natural": "tree", "tree_height": 8.55, "height_source": "VISUAL_ESTIMATE", "genus": null, "species": null, "circumference": null, "diameter_crown": null, "source": "OPENSTREETMAP"}, "geometry": {"type": "Point", "coordinates": [73.8677516, 18.5313478]}}, {"type": "Feature", "properties": {"osmId": 13394409033, "id": "osm_tree_13394409033", "natural": "tree", "tree_height": 8.9, "height_source": "VISUAL_ESTIMATE", "genus": null, "species": null, "circumference": null, "diameter_crown": null, "source": "OPENSTREETMAP"}, "geometry": {"type": "Point", "coordinates": [73.8674649, 18.5319753]}}, {"type": "Feature", "properties": {"osmId": 13394409034, "id": "osm_tree_13394409034", "natural": "tree", "tree_height": 9.25, "height_source": "VISUAL_ESTIMATE", "genus": null, "species": null, "circumference": null, "diameter_crown": null, "source": "OPENSTREETMAP"}, "geometry": {"type": "Point", "coordinates": [73.8667224, 18.5322558]}}, {"type": "Feature", "properties": {"osmId": 13394409035, "id": "osm_tree_13394409035", "natural": "tree", "tree_height": 9.6, "height_source": "VISUAL_ESTIMATE", "genus": null, "species": null, "circumference": null, "diameter_crown": null, "source": "OPENSTREETMAP"}, "geometry": {"type": "Point", "coordinates": [73.8666948, 18.531325]}}, {"type": "Feature", "properties": {"osmId": 13394409036, "id": "osm_tree_13394409036", "natural": "tree", "tree_height": 9.95, "height_source": "VISUAL_ESTIMATE", "genus": null, "species": null, "circumference": null, "diameter_crown": null, "source": "OPENSTREETMAP"}, "geometry": {"type": "Point", "coordinates": [73.8677289, 18.5306511]}}, {"type": "Feature", "properties": {"osmId": 13394409037, "id": "osm_tree_13394409037", "natural": "tree", "tree_height": 10.3, "height_source": "VISUAL_ESTIMATE", "genus": null, "species": null, "circumference": null, "diameter_crown": null, "source": "OPENSTREETMAP"}, "geometry": {"type": "Point", "coordinates": [73.8679519, 18.5306746]}}, {"type": "Feature", "properties": {"osmId": 13394409038, "id": "osm_tree_13394409038", "natural": "tree", "tree_height": 4.7, "height_source": "VISUAL_ESTIMATE", "genus": null, "species": null, "circumference": null, "diameter_crown": null, "source": "OPENSTREETMAP"}, "geometry": {"type": "Point", "coordinates": [73.8680935, 18.5307283]}}, {"type": "Feature", "properties": {"osmId": 13394409039, "id": "osm_tree_13394409039", "natural": "tree", "tree_height": 5.050000000000001, "height_source": "VISUAL_ESTIMATE", "genus": null, "species": null, "circumference": null, "diameter_crown": null, "source": "OPENSTREETMAP"}, "geometry": {"type": "Point", "coordinates": [73.8684474, 18.530933]}}, {"type": "Feature", "properties": {"osmId": 13394409040, "id": "osm_tree_13394409040", "natural": "tree", "tree_height": 5.4, "height_source": "VISUAL_ESTIMATE", "genus": null, "species": null, "circumference": null, "diameter_crown": null, "source": "OPENSTREETMAP"}, "geometry": {"type": "Point", "coordinates": [73.8684332, 18.5306511]}}, {"type": "Feature", "properties": {"osmId": 13394409041, "id": "osm_tree_13394409041", "natural": "tree", "tree_height": 5.75, "height_source": "VISUAL_ESTIMATE", "genus": null, "species": null, "circumference": null, "diameter_crown": null, "source": "OPENSTREETMAP"}, "geometry": {"type": "Point", "coordinates": [73.8676773, 18.5296169]}}, {"type": "Feature", "properties": {"osmId": 13394409042, "id": "osm_tree_13394409042", "natural": "tree", "tree_height": 6.1, "height_source": "VISUAL_ESTIMATE", "genus": null, "species": null, "circumference": null, "diameter_crown": null, "source": "OPENSTREETMAP"}, "geometry": {"type": "Point", "coordinates": [73.8675145, 18.5295833]}}, {"type": "Feature", "properties": {"osmId": 13394409043, "id": "osm_tree_13394409043", "natural": "tree", "tree_height": 6.45, "height_source": "VISUAL_ESTIMATE", "genus": null, "species": null, "circumference": null, "diameter_crown": null, "source": "OPENSTREETMAP"}, "geometry": {"type": "Point", "coordinates": [73.8677799, 18.5298283]}}, {"type": "Feature", "properties": {"osmId": 13394409044, "id": "osm_tree_13394409044", "natural": "tree", "tree_height": 6.8, "height_source": "VISUAL_ESTIMATE", "genus": null, "species": null, "circumference": null, "diameter_crown": null, "source": "OPENSTREETMAP"}, "geometry": {"type": "Point", "coordinates": [73.8679073, 18.5300229]}}, {"type": "Feature", "properties": {"osmId": 13394409045, "id": "osm_tree_13394409045", "natural": "tree", "tree_height": 7.15, "height_source": "VISUAL_ESTIMATE", "genus": null, "species": null, "circumference": null, "diameter_crown": null, "source": "OPENSTREETMAP"}, "geometry": {"type": "Point", "coordinates": [73.8678436, 18.5296572]}}, {"type": "Feature", "properties": {"osmId": 13394409046, "id": "osm_tree_13394409046", "natural": "tree", "tree_height": 7.5, "height_source": "VISUAL_ESTIMATE", "genus": null, "species": null, "circumference": null, "diameter_crown": null, "source": "OPENSTREETMAP"}, "geometry": {"type": "Point", "coordinates": [73.8685515, 18.5298619]}}, {"type": "Feature", "properties": {"osmId": 13394409047, "id": "osm_tree_13394409047", "natural": "tree", "tree_height": 7.85, "height_source": "VISUAL_ESTIMATE", "genus": null, "species": null, "circumference": null, "diameter_crown": null, "source": "OPENSTREETMAP"}, "geometry": {"type": "Point", "coordinates": [73.8684701, 18.5296505]}}, {"type": "Feature", "properties": {"osmId": 13394413417, "id": "osm_tree_13394413417", "natural": "tree", "tree_height": 8.2, "height_source": "VISUAL_ESTIMATE", "genus": null, "species": null, "circumference": null, "diameter_crown": null, "source": "OPENSTREETMAP"}, "geometry": {"type": "Point", "coordinates": [73.8638965, 18.5297625]}}, {"type": "Feature", "properties": {"osmId": 13394413418, "id": "osm_tree_13394413418", "natural": "tree", "tree_height": 8.55, "height_source": "VISUAL_ESTIMATE", "genus": null, "species": null, "circumference": null, "diameter_crown": null, "source": "OPENSTREETMAP"}, "geometry": {"type": "Point", "coordinates": [73.8616914, 18.5311718]}}, {"type": "Feature", "properties": {"osmId": 13394413419, "id": "osm_tree_13394413419", "natural": "tree", "tree_height": 8.9, "height_source": "VISUAL_ESTIMATE", "genus": null, "species": null, "circumference": null, "diameter_crown": null, "source": "OPENSTREETMAP"}, "geometry": {"type": "Point", "coordinates": [73.8618906, 18.5312874]}}, {"type": "Feature", "properties": {"osmId": 13394413420, "id": "osm_tree_13394413420", "natural": "tree", "tree_height": 9.25, "height_source": "VISUAL_ESTIMATE", "genus": null, "species": null, "circumference": null, "diameter_crown": null, "source": "OPENSTREETMAP"}, "geometry": {"type": "Point", "coordinates": [73.861919, 18.5310639]}}, {"type": "Feature", "properties": {"osmId": 13394413421, "id": "osm_tree_13394413421", "natural": "tree", "tree_height": 9.6, "height_source": "VISUAL_ESTIMATE", "genus": null, "species": null, "circumference": null, "diameter_crown": null, "source": "OPENSTREETMAP"}, "geometry": {"type": "Point", "coordinates": [73.8624232, 18.5314378]}}, {"type": "Feature", "properties": {"osmId": 13394413422, "id": "osm_tree_13394413422", "natural": "tree", "tree_height": 9.95, "height_source": "VISUAL_ESTIMATE", "genus": null, "species": null, "circumference": null, "diameter_crown": null, "source": "OPENSTREETMAP"}, "geometry": {"type": "Point", "coordinates": [73.8614816, 18.5309852]}}, {"type": "Feature", "properties": {"osmId": 13394413423, "id": "osm_tree_13394413423", "natural": "tree", "tree_height": 10.3, "height_source": "VISUAL_ESTIMATE", "genus": null, "species": null, "circumference": null, "diameter_crown": null, "source": "OPENSTREETMAP"}, "geometry": {"type": "Point", "coordinates": [73.8613043, 18.5303438]}}, {"type": "Feature", "properties": {"osmId": 13394413424, "id": "osm_tree_13394413424", "natural": "tree", "tree_height": 4.7, "height_source": "VISUAL_ESTIMATE", "genus": null, "species": null, "circumference": null, "diameter_crown": null, "source": "OPENSTREETMAP"}, "geometry": {"type": "Point", "coordinates": [73.861345, 18.5307138]}}, {"type": "Feature", "properties": {"osmId": 13394413425, "id": "osm_tree_13394413425", "natural": "tree", "tree_height": 5.050000000000001, "height_source": "VISUAL_ESTIMATE", "genus": null, "species": null, "circumference": null, "diameter_crown": null, "source": "OPENSTREETMAP"}, "geometry": {"type": "Point", "coordinates": [73.8614182, 18.5304247]}}, {"type": "Feature", "properties": {"osmId": 13394413426, "id": "osm_tree_13394413426", "natural": "tree", "tree_height": 5.4, "height_source": "VISUAL_ESTIMATE", "genus": null, "species": null, "circumference": null, "diameter_crown": null, "source": "OPENSTREETMAP"}, "geometry": {"type": "Point", "coordinates": [73.8612962, 18.5305674]}}, {"type": "Feature", "properties": {"osmId": 13394413427, "id": "osm_tree_13394413427", "natural": "tree", "tree_height": 5.75, "height_source": "VISUAL_ESTIMATE", "genus": null, "species": null, "circumference": null, "diameter_crown": null, "source": "OPENSTREETMAP"}, "geometry": {"type": "Point", "coordinates": [73.8595385, 18.5303453]}}, {"type": "Feature", "properties": {"osmId": 13394413428, "id": "osm_tree_13394413428", "natural": "tree", "tree_height": 6.1, "height_source": "VISUAL_ESTIMATE", "genus": null, "species": null, "circumference": null, "diameter_crown": null, "source": "OPENSTREETMAP"}, "geometry": {"type": "Point", "coordinates": [73.8597626, 18.5306331]}}, {"type": "Feature", "properties": {"osmId": 13394413429, "id": "osm_tree_13394413429", "natural": "tree", "tree_height": 6.45, "height_source": "VISUAL_ESTIMATE", "genus": null, "species": null, "circumference": null, "diameter_crown": null, "source": "OPENSTREETMAP"}, "geometry": {"type": "Point", "coordinates": [73.8597206, 18.5304472]}}, {"type": "Feature", "properties": {"osmId": 13394413430, "id": "osm_tree_13394413430", "natural": "tree", "tree_height": 6.8, "height_source": "VISUAL_ESTIMATE", "genus": null, "species": null, "circumference": null, "diameter_crown": null, "source": "OPENSTREETMAP"}, "geometry": {"type": "Point", "coordinates": [73.8596085, 18.5301903]}}, {"type": "Feature", "properties": {"osmId": 13394413431, "id": "osm_tree_13394413431", "natural": "tree", "tree_height": 7.15, "height_source": "VISUAL_ESTIMATE", "genus": null, "species": null, "circumference": null, "diameter_crown": null, "source": "OPENSTREETMAP"}, "geometry": {"type": "Point", "coordinates": [73.8591201, 18.5306783]}}, {"type": "Feature", "properties": {"osmId": 13394413432, "id": "osm_tree_13394413432", "natural": "tree", "tree_height": 7.5, "height_source": "VISUAL_ESTIMATE", "genus": null, "species": null, "circumference": null, "diameter_crown": null, "source": "OPENSTREETMAP"}, "geometry": {"type": "Point", "coordinates": [73.8588912, 18.5305499]}}, {"type": "Feature", "properties": {"osmId": 13394413433, "id": "osm_tree_13394413433", "natural": "tree", "tree_height": 7.85, "height_source": "VISUAL_ESTIMATE", "genus": null, "species": null, "circumference": null, "diameter_crown": null, "source": "OPENSTREETMAP"}, "geometry": {"type": "Point", "coordinates": [73.8588305, 18.5301912]}}, {"type": "Feature", "properties": {"osmId": 13394413434, "id": "osm_tree_13394413434", "natural": "tree", "tree_height": 8.2, "height_source": "VISUAL_ESTIMATE", "genus": null, "species": null, "circumference": null, "diameter_crown": null, "source": "OPENSTREETMAP"}, "geometry": {"type": "Point", "coordinates": [73.8591247, 18.5298901]}}, {"type": "Feature", "properties": {"osmId": 13394413435, "id": "osm_tree_13394413435", "natural": "tree", "tree_height": 8.55, "height_source": "VISUAL_ESTIMATE", "genus": null, "species": null, "circumference": null, "diameter_crown": null, "source": "OPENSTREETMAP"}, "geometry": {"type": "Point", "coordinates": [73.8586624, 18.5299964]}}, {"type": "Feature", "properties": {"osmId": 13394413436, "id": "osm_tree_13394413436", "natural": "tree", "tree_height": 8.9, "height_source": "VISUAL_ESTIMATE", "genus": null, "species": null, "circumference": null, "diameter_crown": null, "source": "OPENSTREETMAP"}, "geometry": {"type": "Point", "coordinates": [73.8586484, 18.5298016]}}, {"type": "Feature", "properties": {"osmId": 13394413437, "id": "osm_tree_13394413437", "natural": "tree", "tree_height": 9.25, "height_source": "VISUAL_ESTIMATE", "genus": null, "species": null, "circumference": null, "diameter_crown": null, "source": "OPENSTREETMAP"}, "geometry": {"type": "Point", "coordinates": [73.8579245, 18.529009]}}, {"type": "Feature", "properties": {"osmId": 13394413438, "id": "osm_tree_13394413438", "natural": "tree", "tree_height": 9.6, "height_source": "VISUAL_ESTIMATE", "genus": null, "species": null, "circumference": null, "diameter_crown": null, "source": "OPENSTREETMAP"}, "geometry": {"type": "Point", "coordinates": [73.8587932, 18.5293145]}}, {"type": "Feature", "properties": {"osmId": 13394413439, "id": "osm_tree_13394413439", "natural": "tree", "tree_height": 9.95, "height_source": "VISUAL_ESTIMATE", "genus": null, "species": null, "circumference": null, "diameter_crown": null, "source": "OPENSTREETMAP"}, "geometry": {"type": "Point", "coordinates": [73.8588632, 18.5287832]}}, {"type": "Feature", "properties": {"osmId": 13394413440, "id": "osm_tree_13394413440", "natural": "tree", "tree_height": 10.3, "height_source": "VISUAL_ESTIMATE", "genus": null, "species": null, "circumference": null, "diameter_crown": null, "source": "OPENSTREETMAP"}, "geometry": {"type": "Point", "coordinates": [73.8590407, 18.5276363]}}, {"type": "Feature", "properties": {"osmId": 13394413441, "id": "osm_tree_13394413441", "natural": "tree", "tree_height": 4.7, "height_source": "VISUAL_ESTIMATE", "genus": null, "species": null, "circumference": null, "diameter_crown": null, "source": "OPENSTREETMAP"}, "geometry": {"type": "Point", "coordinates": [73.8594937, 18.5282474]}}, {"type": "Feature", "properties": {"osmId": 13394413442, "id": "osm_tree_13394413442", "natural": "tree", "tree_height": 5.050000000000001, "height_source": "VISUAL_ESTIMATE", "genus": null, "species": null, "circumference": null, "diameter_crown": null, "source": "OPENSTREETMAP"}, "geometry": {"type": "Point", "coordinates": [73.8585998, 18.5305818]}}, {"type": "Feature", "properties": {"osmId": 13394413443, "id": "osm_tree_13394413443", "natural": "tree", "tree_height": 5.4, "height_source": "VISUAL_ESTIMATE", "genus": null, "species": null, "circumference": null, "diameter_crown": null, "source": "OPENSTREETMAP"}, "geometry": {"type": "Point", "coordinates": [73.8594656, 18.5301496]}}, {"type": "Feature", "properties": {"osmId": 13394413444, "id": "osm_tree_13394413444", "natural": "tree", "tree_height": 5.75, "height_source": "VISUAL_ESTIMATE", "genus": null, "species": null, "circumference": null, "diameter_crown": null, "source": "OPENSTREETMAP"}, "geometry": {"type": "Point", "coordinates": [73.8596552, 18.5294137]}}, {"type": "Feature", "properties": {"osmId": 13394413445, "id": "osm_tree_13394413445", "natural": "tree", "tree_height": 6.1, "height_source": "VISUAL_ESTIMATE", "genus": null, "species": null, "circumference": null, "diameter_crown": null, "source": "OPENSTREETMAP"}, "geometry": {"type": "Point", "coordinates": [73.858512, 18.5302842]}}, {"type": "Feature", "properties": {"osmId": 13394413447, "id": "osm_tree_13394413447", "natural": "tree", "tree_height": 6.8, "height_source": "VISUAL_ESTIMATE", "genus": null, "species": null, "circumference": null, "diameter_crown": null, "source": "OPENSTREETMAP"}, "geometry": {"type": "Point", "coordinates": [73.8614382, 18.5290533]}}, {"type": "Feature", "properties": {"osmId": 13394413448, "id": "osm_tree_13394413448", "natural": "tree", "tree_height": 7.15, "height_source": "VISUAL_ESTIMATE", "genus": null, "species": null, "circumference": null, "diameter_crown": null, "source": "OPENSTREETMAP"}, "geometry": {"type": "Point", "coordinates": [73.8616456, 18.5291338]}}, {"type": "Feature", "properties": {"osmId": 13394413449, "id": "osm_tree_13394413449", "natural": "tree", "tree_height": 7.5, "height_source": "VISUAL_ESTIMATE", "genus": null, "species": null, "circumference": null, "diameter_crown": null, "source": "OPENSTREETMAP"}, "geometry": {"type": "Point", "coordinates": [73.8615895, 18.52897]}}, {"type": "Feature", "properties": {"osmId": 13394413450, "id": "osm_tree_13394413450", "natural": "tree", "tree_height": 7.85, "height_source": "VISUAL_ESTIMATE", "genus": null, "species": null, "circumference": null, "diameter_crown": null, "source": "OPENSTREETMAP"}, "geometry": {"type": "Point", "coordinates": [73.8621032, 18.52897]}}, {"type": "Feature", "properties": {"osmId": 13394413451, "id": "osm_tree_13394413451", "natural": "tree", "tree_height": 8.2, "height_source": "VISUAL_ESTIMATE", "genus": null, "species": null, "circumference": null, "diameter_crown": null, "source": "OPENSTREETMAP"}, "geometry": {"type": "Point", "coordinates": [73.8613187, 18.5293464]}}, {"type": "Feature", "properties": {"osmId": 13394413452, "id": "osm_tree_13394413452", "natural": "tree", "tree_height": 8.55, "height_source": "VISUAL_ESTIMATE", "genus": null, "species": null, "circumference": null, "diameter_crown": null, "source": "OPENSTREETMAP"}, "geometry": {"type": "Point", "coordinates": [73.8622508, 18.5310396]}}, {"type": "Feature", "properties": {"osmId": 13394413453, "id": "osm_tree_13394413453", "natural": "tree", "tree_height": 8.9, "height_source": "VISUAL_ESTIMATE", "genus": null, "species": null, "circumference": null, "diameter_crown": null, "source": "OPENSTREETMAP"}, "geometry": {"type": "Point", "coordinates": [73.861597, 18.5308315]}}, {"type": "Feature", "properties": {"osmId": 13394413454, "id": "osm_tree_13394413454", "natural": "tree", "tree_height": 9.25, "height_source": "VISUAL_ESTIMATE", "genus": null, "species": null, "circumference": null, "diameter_crown": null, "source": "OPENSTREETMAP"}, "geometry": {"type": "Point", "coordinates": [73.8616717, 18.5309378]}}, {"type": "Feature", "properties": {"osmId": 13394413455, "id": "osm_tree_13394413455", "natural": "tree", "tree_height": 9.6, "height_source": "VISUAL_ESTIMATE", "genus": null, "species": null, "circumference": null, "diameter_crown": null, "source": "OPENSTREETMAP"}, "geometry": {"type": "Point", "coordinates": [73.8629093, 18.5299504]}}, {"type": "Feature", "properties": {"osmId": 13394413456, "id": "osm_tree_13394413456", "natural": "tree", "tree_height": 9.95, "height_source": "VISUAL_ESTIMATE", "genus": null, "species": null, "circumference": null, "diameter_crown": null, "source": "OPENSTREETMAP"}, "geometry": {"type": "Point", "coordinates": [73.8629513, 18.5302311]}}, {"type": "Feature", "properties": {"osmId": 13394413457, "id": "osm_tree_13394413457", "natural": "tree", "tree_height": 10.3, "height_source": "VISUAL_ESTIMATE", "genus": null, "species": null, "circumference": null, "diameter_crown": null, "source": "OPENSTREETMAP"}, "geometry": {"type": "Point", "coordinates": [73.8620827, 18.529961]}}, {"type": "Feature", "properties": {"osmId": 13394413458, "id": "osm_tree_13394413458", "natural": "tree", "tree_height": 4.7, "height_source": "VISUAL_ESTIMATE", "genus": null, "species": null, "circumference": null, "diameter_crown": null, "source": "OPENSTREETMAP"}, "geometry": {"type": "Point", "coordinates": [73.8659382, 18.5298901]}}, {"type": "Feature", "properties": {"osmId": 13394413459, "id": "osm_tree_13394413459", "natural": "tree", "tree_height": 5.050000000000001, "height_source": "VISUAL_ESTIMATE", "genus": null, "species": null, "circumference": null, "diameter_crown": null, "source": "OPENSTREETMAP"}, "geometry": {"type": "Point", "coordinates": [73.8666574, 18.5297883]}}, {"type": "Feature", "properties": {"osmId": 13394413460, "id": "osm_tree_13394413460", "natural": "tree", "tree_height": 5.4, "height_source": "VISUAL_ESTIMATE", "genus": null, "species": null, "circumference": null, "diameter_crown": null, "source": "OPENSTREETMAP"}, "geometry": {"type": "Point", "coordinates": [73.8669563, 18.5298193]}}, {"type": "Feature", "properties": {"osmId": 13394413461, "id": "osm_tree_13394413461", "natural": "tree", "tree_height": 5.75, "height_source": "VISUAL_ESTIMATE", "genus": null, "species": null, "circumference": null, "diameter_crown": null, "source": "OPENSTREETMAP"}, "geometry": {"type": "Point", "coordinates": [73.8694734, 18.5296138]}}, {"type": "Feature", "properties": {"osmId": 13394416425, "id": "osm_tree_13394416425", "natural": "tree", "tree_height": 7.85, "height_source": "VISUAL_ESTIMATE", "genus": null, "species": null, "circumference": null, "diameter_crown": null, "source": "OPENSTREETMAP"}, "geometry": {"type": "Point", "coordinates": [73.8643515, 18.5324931]}}, {"type": "Feature", "properties": {"osmId": 13394421863, "id": "osm_tree_13394421863", "natural": "tree", "tree_height": 7.15, "height_source": "VISUAL_ESTIMATE", "genus": null, "species": null, "circumference": null, "diameter_crown": null, "source": "OPENSTREETMAP"}, "geometry": {"type": "Point", "coordinates": [73.8703897, 18.5312017]}}, {"type": "Feature", "properties": {"osmId": 13394421924, "id": "osm_tree_13394421924", "natural": "tree", "tree_height": 4.7, "height_source": "VISUAL_ESTIMATE", "genus": null, "species": null, "circumference": null, "diameter_crown": null, "source": "OPENSTREETMAP"}, "geometry": {"type": "Point", "coordinates": [73.8686852, 18.5328568]}}, {"type": "Feature", "properties": {"osmId": 13928646169, "id": "osm_tree_13928646169", "natural": "tree", "tree_height": 8.2, "height_source": "VISUAL_ESTIMATE", "genus": null, "species": null, "circumference": null, "diameter_crown": null, "source": "OPENSTREETMAP"}, "geometry": {"type": "Point", "coordinates": [73.8561729, 18.5274014]}}, {"type": "Feature", "properties": {"osmId": 13928646170, "id": "osm_tree_13928646170", "natural": "tree", "tree_height": 8.55, "height_source": "VISUAL_ESTIMATE", "genus": null, "species": null, "circumference": null, "diameter_crown": null, "source": "OPENSTREETMAP"}, "geometry": {"type": "Point", "coordinates": [73.8562848, 18.5274414]}}, {"type": "Feature", "properties": {"osmId": 13928646171, "id": "osm_tree_13928646171", "natural": "tree", "tree_height": 8.9, "height_source": "VISUAL_ESTIMATE", "genus": null, "species": null, "circumference": null, "diameter_crown": null, "source": "OPENSTREETMAP"}, "geometry": {"type": "Point", "coordinates": [73.8564323, 18.5275588]}}, {"type": "Feature", "properties": {"osmId": 13928646172, "id": "osm_tree_13928646172", "natural": "tree", "tree_height": 9.25, "height_source": "VISUAL_ESTIMATE", "genus": null, "species": null, "circumference": null, "diameter_crown": null, "source": "OPENSTREETMAP"}, "geometry": {"type": "Point", "coordinates": [73.8565414, 18.5275974]}}, {"type": "Feature", "properties": {"osmId": 13928646173, "id": "osm_tree_13928646173", "natural": "tree", "tree_height": 9.6, "height_source": "VISUAL_ESTIMATE", "genus": null, "species": null, "circumference": null, "diameter_crown": null, "source": "OPENSTREETMAP"}, "geometry": {"type": "Point", "coordinates": [73.8566384, 18.5276223]}}, {"type": "Feature", "properties": {"osmId": 13928646174, "id": "osm_tree_13928646174", "natural": "tree", "tree_height": 9.95, "height_source": "VISUAL_ESTIMATE", "genus": null, "species": null, "circumference": null, "diameter_crown": null, "source": "OPENSTREETMAP"}, "geometry": {"type": "Point", "coordinates": [73.8567354, 18.5277111]}}, {"type": "Feature", "properties": {"osmId": 13928646175, "id": "osm_tree_13928646175", "natural": "tree", "tree_height": 10.3, "height_source": "VISUAL_ESTIMATE", "genus": null, "species": null, "circumference": null, "diameter_crown": null, "source": "OPENSTREETMAP"}, "geometry": {"type": "Point", "coordinates": [73.8567183, 18.5275088]}}, {"type": "Feature", "properties": {"osmId": 13928646176, "id": "osm_tree_13928646176", "natural": "tree", "tree_height": 4.7, "height_source": "VISUAL_ESTIMATE", "genus": null, "species": null, "circumference": null, "diameter_crown": null, "source": "OPENSTREETMAP"}, "geometry": {"type": "Point", "coordinates": [73.8570577, 18.5275343]}}, {"type": "Feature", "properties": {"osmId": 13928646177, "id": "osm_tree_13928646177", "natural": "tree", "tree_height": 5.050000000000001, "height_source": "VISUAL_ESTIMATE", "genus": null, "species": null, "circumference": null, "diameter_crown": null, "source": "OPENSTREETMAP"}, "geometry": {"type": "Point", "coordinates": [73.8570916, 18.5276308]}}, {"type": "Feature", "properties": {"osmId": 13928646178, "id": "osm_tree_13928646178", "natural": "tree", "tree_height": 5.4, "height_source": "VISUAL_ESTIMATE", "genus": null, "species": null, "circumference": null, "diameter_crown": null, "source": "OPENSTREETMAP"}, "geometry": {"type": "Point", "coordinates": [73.856954, 18.5277329]}}, {"type": "Feature", "properties": {"osmId": 13928646179, "id": "osm_tree_13928646179", "natural": "tree", "tree_height": 5.75, "height_source": "VISUAL_ESTIMATE", "genus": null, "species": null, "circumference": null, "diameter_crown": null, "source": "OPENSTREETMAP"}, "geometry": {"type": "Point", "coordinates": [73.8568248, 18.5277375]}}, {"type": "Feature", "properties": {"osmId": 13928646180, "id": "osm_tree_13928646180", "natural": "tree", "tree_height": 6.1, "height_source": "VISUAL_ESTIMATE", "genus": null, "species": null, "circumference": null, "diameter_crown": null, "source": "OPENSTREETMAP"}, "geometry": {"type": "Point", "coordinates": [73.857338, 18.5277743]}}, {"type": "Feature", "properties": {"osmId": 13928646181, "id": "osm_tree_13928646181", "natural": "tree", "tree_height": 6.45, "height_source": "VISUAL_ESTIMATE", "genus": null, "species": null, "circumference": null, "diameter_crown": null, "source": "OPENSTREETMAP"}, "geometry": {"type": "Point", "coordinates": [73.8573534, 18.5279492]}}, {"type": "Feature", "properties": {"osmId": 13928646182, "id": "osm_tree_13928646182", "natural": "tree", "tree_height": 6.8, "height_source": "VISUAL_ESTIMATE", "genus": null, "species": null, "circumference": null, "diameter_crown": null, "source": "OPENSTREETMAP"}, "geometry": {"type": "Point", "coordinates": [73.8573296, 18.5281078]}}, {"type": "Feature", "properties": {"osmId": 13928646183, "id": "osm_tree_13928646183", "natural": "tree", "tree_height": 7.15, "height_source": "VISUAL_ESTIMATE", "genus": null, "species": null, "circumference": null, "diameter_crown": null, "source": "OPENSTREETMAP"}, "geometry": {"type": "Point", "coordinates": [73.8576236, 18.5280122]}}, {"type": "Feature", "properties": {"osmId": 13928646184, "id": "osm_tree_13928646184", "natural": "tree", "tree_height": 7.5, "height_source": "VISUAL_ESTIMATE", "genus": null, "species": null, "circumference": null, "diameter_crown": null, "source": "OPENSTREETMAP"}, "geometry": {"type": "Point", "coordinates": [73.8574895, 18.5278653]}}, {"type": "Feature", "properties": {"osmId": 13928646185, "id": "osm_tree_13928646185", "natural": "tree", "tree_height": 7.85, "height_source": "VISUAL_ESTIMATE", "genus": null, "species": null, "circumference": null, "diameter_crown": null, "source": "OPENSTREETMAP"}, "geometry": {"type": "Point", "coordinates": [73.8576345, 18.5279208]}}, {"type": "Feature", "properties": {"osmId": 13928646186, "id": "osm_tree_13928646186", "natural": "tree", "tree_height": 8.2, "height_source": "VISUAL_ESTIMATE", "genus": null, "species": null, "circumference": null, "diameter_crown": null, "source": "OPENSTREETMAP"}, "geometry": {"type": "Point", "coordinates": [73.8577104, 18.5278739]}}, {"type": "Feature", "properties": {"osmId": 13928646187, "id": "osm_tree_13928646187", "natural": "tree", "tree_height": 8.55, "height_source": "VISUAL_ESTIMATE", "genus": null, "species": null, "circumference": null, "diameter_crown": null, "source": "OPENSTREETMAP"}, "geometry": {"type": "Point", "coordinates": [73.8577919, 18.5278356]}}, {"type": "Feature", "properties": {"osmId": 13928646188, "id": "osm_tree_13928646188", "natural": "tree", "tree_height": 8.9, "height_source": "VISUAL_ESTIMATE", "genus": null, "species": null, "circumference": null, "diameter_crown": null, "source": "OPENSTREETMAP"}, "geometry": {"type": "Point", "coordinates": [73.8565511, 18.5265456]}}, {"type": "Feature", "properties": {"osmId": 13928646189, "id": "osm_tree_13928646189", "natural": "tree", "tree_height": 9.25, "height_source": "VISUAL_ESTIMATE", "genus": null, "species": null, "circumference": null, "diameter_crown": null, "source": "OPENSTREETMAP"}, "geometry": {"type": "Point", "coordinates": [73.8567424, 18.5263772]}}, {"type": "Feature", "properties": {"osmId": 13928646190, "id": "osm_tree_13928646190", "natural": "tree", "tree_height": 9.6, "height_source": "VISUAL_ESTIMATE", "genus": null, "species": null, "circumference": null, "diameter_crown": null, "source": "OPENSTREETMAP"}, "geometry": {"type": "Point", "coordinates": [73.8569153, 18.5262787]}}, {"type": "Feature", "properties": {"osmId": 13928646191, "id": "osm_tree_13928646191", "natural": "tree", "tree_height": 9.95, "height_source": "VISUAL_ESTIMATE", "genus": null, "species": null, "circumference": null, "diameter_crown": null, "source": "OPENSTREETMAP"}, "geometry": {"type": "Point", "coordinates": [73.8570301, 18.5262698]}}, {"type": "Feature", "properties": {"osmId": 13928646192, "id": "osm_tree_13928646192", "natural": "tree", "tree_height": 10.3, "height_source": "VISUAL_ESTIMATE", "genus": null, "species": null, "circumference": null, "diameter_crown": null, "source": "OPENSTREETMAP"}, "geometry": {"type": "Point", "coordinates": [73.8572115, 18.5262486]}}, {"type": "Feature", "properties": {"osmId": 13928646193, "id": "osm_tree_13928646193", "natural": "tree", "tree_height": 4.7, "height_source": "VISUAL_ESTIMATE", "genus": null, "species": null, "circumference": null, "diameter_crown": null, "source": "OPENSTREETMAP"}, "geometry": {"type": "Point", "coordinates": [73.856207, 18.5267464]}}, {"type": "Feature", "properties": {"osmId": 13928646194, "id": "osm_tree_13928646194", "natural": "tree", "tree_height": 5.050000000000001, "height_source": "VISUAL_ESTIMATE", "genus": null, "species": null, "circumference": null, "diameter_crown": null, "source": "OPENSTREETMAP"}, "geometry": {"type": "Point", "coordinates": [73.8561206, 18.526854]}}, {"type": "Feature", "properties": {"osmId": 13928646195, "id": "osm_tree_13928646195", "natural": "tree", "tree_height": 5.4, "height_source": "VISUAL_ESTIMATE", "genus": null, "species": null, "circumference": null, "diameter_crown": null, "source": "OPENSTREETMAP"}, "geometry": {"type": "Point", "coordinates": [73.85606, 18.5269271]}}, {"type": "Feature", "properties": {"osmId": 13380903147, "id": "osm_tree_13380903147", "natural": "tree", "tree_height": 9.6, "height_source": "VISUAL_ESTIMATE", "genus": null, "species": null, "circumference": null, "diameter_crown": null, "source": "OPENSTREETMAP"}, "geometry": {"type": "Point", "coordinates": [73.8502201, 18.5398133]}}, {"type": "Feature", "properties": {"osmId": 13383589360, "id": "osm_tree_13383589360", "natural": "tree", "tree_height": 6.8, "height_source": "VISUAL_ESTIMATE", "genus": null, "species": null, "circumference": null, "diameter_crown": null, "source": "OPENSTREETMAP"}, "geometry": {"type": "Point", "coordinates": [73.8791086, 18.5443892]}}, {"type": "Feature", "properties": {"osmId": 13383600762, "id": "osm_tree_13383600762", "natural": "tree", "tree_height": 5.050000000000001, "height_source": "VISUAL_ESTIMATE", "genus": null, "species": null, "circumference": null, "diameter_crown": null, "source": "OPENSTREETMAP"}, "geometry": {"type": "Point", "coordinates": [73.8799023, 18.5446627]}}, {"type": "Feature", "properties": {"osmId": 13383614498, "id": "osm_tree_13383614498", "natural": "tree", "tree_height": 5.050000000000001, "height_source": "VISUAL_ESTIMATE", "genus": null, "species": null, "circumference": null, "diameter_crown": null, "source": "OPENSTREETMAP"}, "geometry": {"type": "Point", "coordinates": [73.8793348, 18.5440086]}}, {"type": "Feature", "properties": {"osmId": 13383614499, "id": "osm_tree_13383614499", "natural": "tree", "tree_height": 5.4, "height_source": "VISUAL_ESTIMATE", "genus": null, "species": null, "circumference": null, "diameter_crown": null, "source": "OPENSTREETMAP"}, "geometry": {"type": "Point", "coordinates": [73.8796297, 18.5436571]}}, {"type": "Feature", "properties": {"osmId": 13383679178, "id": "osm_tree_13383679178", "natural": "tree", "tree_height": 9.25, "height_source": "VISUAL_ESTIMATE", "genus": null, "species": null, "circumference": null, "diameter_crown": null, "source": "OPENSTREETMAP"}, "geometry": {"type": "Point", "coordinates": [73.8794942, 18.5448803]}}, {"type": "Feature", "properties": {"osmId": 13383705218, "id": "osm_tree_13383705218", "natural": "tree", "tree_height": 7.85, "height_source": "VISUAL_ESTIMATE", "genus": null, "species": null, "circumference": null, "diameter_crown": null, "source": "OPENSTREETMAP"}, "geometry": {"type": "Point", "coordinates": [73.8809794, 18.5474757]}}, {"type": "Feature", "properties": {"osmId": 13383720179, "id": "osm_tree_13383720179", "natural": "tree", "tree_height": 8.2, "height_source": "VISUAL_ESTIMATE", "genus": null, "species": null, "circumference": null, "diameter_crown": null, "source": "OPENSTREETMAP"}, "geometry": {"type": "Point", "coordinates": [73.8807264, 18.5486788]}}, {"type": "Feature", "properties": {"osmId": 13383722773, "id": "osm_tree_13383722773", "natural": "tree", "tree_height": 5.75, "height_source": "VISUAL_ESTIMATE", "genus": null, "species": null, "circumference": null, "diameter_crown": null, "source": "OPENSTREETMAP"}, "geometry": {"type": "Point", "coordinates": [73.8800607, 18.5485791]}}, {"type": "Feature", "properties": {"osmId": 13383732036, "id": "osm_tree_13383732036", "natural": "tree", "tree_height": 5.050000000000001, "height_source": "VISUAL_ESTIMATE", "genus": null, "species": null, "circumference": null, "diameter_crown": null, "source": "OPENSTREETMAP"}, "geometry": {"type": "Point", "coordinates": [73.874855, 18.5479681]}}, {"type": "Feature", "properties": {"osmId": 13383812022, "id": "osm_tree_13383812022", "natural": "tree", "tree_height": 5.4, "height_source": "VISUAL_ESTIMATE", "genus": null, "species": null, "circumference": null, "diameter_crown": null, "source": "OPENSTREETMAP"}, "geometry": {"type": "Point", "coordinates": [73.8733443, 18.5487859]}}, {"type": "Feature", "properties": {"osmId": 13383823020, "id": "osm_tree_13383823020", "natural": "tree", "tree_height": 5.050000000000001, "height_source": "VISUAL_ESTIMATE", "genus": null, "species": null, "circumference": null, "diameter_crown": null, "source": "OPENSTREETMAP"}, "geometry": {"type": "Point", "coordinates": [73.8757942, 18.5485184]}}, {"type": "Feature", "properties": {"osmId": 13383823225, "id": "osm_tree_13383823225", "natural": "tree", "tree_height": 5.4, "height_source": "VISUAL_ESTIMATE", "genus": null, "species": null, "circumference": null, "diameter_crown": null, "source": "OPENSTREETMAP"}, "geometry": {"type": "Point", "coordinates": [73.87766, 18.5485986]}}, {"type": "Feature", "properties": {"osmId": 13385856848, "id": "osm_tree_13385856848", "natural": "tree", "tree_height": 4.7, "height_source": "VISUAL_ESTIMATE", "genus": null, "species": null, "circumference": null, "diameter_crown": null, "source": "OPENSTREETMAP"}, "geometry": {"type": "Point", "coordinates": [73.8833821, 18.5497996]}}, {"type": "Feature", "properties": {"osmId": 13385858322, "id": "osm_tree_13385858322", "natural": "tree", "tree_height": 8.9, "height_source": "VISUAL_ESTIMATE", "genus": null, "species": null, "circumference": null, "diameter_crown": null, "source": "OPENSTREETMAP"}, "geometry": {"type": "Point", "coordinates": [73.8832786, 18.55089]}}, {"type": "Feature", "properties": {"osmId": 13390446900, "id": "osm_tree_13390446900", "natural": "tree", "tree_height": 5.050000000000001, "height_source": "VISUAL_ESTIMATE", "genus": null, "species": null, "circumference": null, "diameter_crown": null, "source": "OPENSTREETMAP"}, "geometry": {"type": "Point", "coordinates": [73.8549379, 18.5508826]}}, {"type": "Feature", "properties": {"osmId": 13390513004, "id": "osm_tree_13390513004", "natural": "tree", "tree_height": 7.85, "height_source": "VISUAL_ESTIMATE", "genus": null, "species": null, "circumference": null, "diameter_crown": null, "source": "OPENSTREETMAP"}, "geometry": {"type": "Point", "coordinates": [73.8560877, 18.550886]}}, {"type": "Feature", "properties": {"osmId": 13394373833, "id": "osm_tree_13394373833", "natural": "tree", "tree_height": 5.4, "height_source": "VISUAL_ESTIMATE", "genus": null, "species": null, "circumference": null, "diameter_crown": null, "source": "OPENSTREETMAP"}, "geometry": {"type": "Point", "coordinates": [73.8693014, 18.5489404]}}, {"type": "Feature", "properties": {"osmId": 13394373834, "id": "osm_tree_13394373834", "natural": "tree", "tree_height": 5.75, "height_source": "VISUAL_ESTIMATE", "genus": null, "species": null, "circumference": null, "diameter_crown": null, "source": "OPENSTREETMAP"}, "geometry": {"type": "Point", "coordinates": [73.8692448, 18.5487041]}}, {"type": "Feature", "properties": {"osmId": 13394373835, "id": "osm_tree_13394373835", "natural": "tree", "tree_height": 6.1, "height_source": "VISUAL_ESTIMATE", "genus": null, "species": null, "circumference": null, "diameter_crown": null, "source": "OPENSTREETMAP"}, "geometry": {"type": "Point", "coordinates": [73.869358, 18.5485431]}}, {"type": "Feature", "properties": {"osmId": 13394373836, "id": "osm_tree_13394373836", "natural": "tree", "tree_height": 6.45, "height_source": "VISUAL_ESTIMATE", "genus": null, "species": null, "circumference": null, "diameter_crown": null, "source": "OPENSTREETMAP"}, "geometry": {"type": "Point", "coordinates": [73.8687946, 18.5482585]}}, {"type": "Feature", "properties": {"osmId": 13394373837, "id": "osm_tree_13394373837", "natural": "tree", "tree_height": 6.8, "height_source": "VISUAL_ESTIMATE", "genus": null, "species": null, "circumference": null, "diameter_crown": null, "source": "OPENSTREETMAP"}, "geometry": {"type": "Point", "coordinates": [73.8691219, 18.5481619]}}, {"type": "Feature", "properties": {"osmId": 13394373838, "id": "osm_tree_13394373838", "natural": "tree", "tree_height": 7.15, "height_source": "VISUAL_ESTIMATE", "genus": null, "species": null, "circumference": null, "diameter_crown": null, "source": "OPENSTREETMAP"}, "geometry": {"type": "Point", "coordinates": [73.8691465, 18.5480275]}}, {"type": "Feature", "properties": {"osmId": 13394373839, "id": "osm_tree_13394373839", "natural": "tree", "tree_height": 7.5, "height_source": "VISUAL_ESTIMATE", "genus": null, "species": null, "circumference": null, "diameter_crown": null, "source": "OPENSTREETMAP"}, "geometry": {"type": "Point", "coordinates": [73.8691219, 18.5478844]}}, {"type": "Feature", "properties": {"osmId": 13394373840, "id": "osm_tree_13394373840", "natural": "tree", "tree_height": 7.85, "height_source": "VISUAL_ESTIMATE", "genus": null, "species": null, "circumference": null, "diameter_crown": null, "source": "OPENSTREETMAP"}, "geometry": {"type": "Point", "coordinates": [73.8692297, 18.5479574]}}, {"type": "Feature", "properties": {"osmId": 13394373841, "id": "osm_tree_13394373841", "natural": "tree", "tree_height": 8.2, "height_source": "VISUAL_ESTIMATE", "genus": null, "species": null, "circumference": null, "diameter_crown": null, "source": "OPENSTREETMAP"}, "geometry": {"type": "Point", "coordinates": [73.8691749, 18.5475169]}}, {"type": "Feature", "properties": {"osmId": 13394373842, "id": "osm_tree_13394373842", "natural": "tree", "tree_height": 8.55, "height_source": "VISUAL_ESTIMATE", "genus": null, "species": null, "circumference": null, "diameter_crown": null, "source": "OPENSTREETMAP"}, "geometry": {"type": "Point", "coordinates": [73.8691287, 18.5477243]}}, {"type": "Feature", "properties": {"osmId": 13394373843, "id": "osm_tree_13394373843", "natural": "tree", "tree_height": 8.9, "height_source": "VISUAL_ESTIMATE", "genus": null, "species": null, "circumference": null, "diameter_crown": null, "source": "OPENSTREETMAP"}, "geometry": {"type": "Point", "coordinates": [73.869292, 18.5474439]}}, {"type": "Feature", "properties": {"osmId": 13394373844, "id": "osm_tree_13394373844", "natural": "tree", "tree_height": 9.25, "height_source": "VISUAL_ESTIMATE", "genus": null, "species": null, "circumference": null, "diameter_crown": null, "source": "OPENSTREETMAP"}, "geometry": {"type": "Point", "coordinates": [73.8695693, 18.5473621]}}, {"type": "Feature", "properties": {"osmId": 13394373845, "id": "osm_tree_13394373845", "natural": "tree", "tree_height": 9.6, "height_source": "VISUAL_ESTIMATE", "genus": null, "species": null, "circumference": null, "diameter_crown": null, "source": "OPENSTREETMAP"}, "geometry": {"type": "Point", "coordinates": [73.8695538, 18.5472395]}}, {"type": "Feature", "properties": {"osmId": 13394373846, "id": "osm_tree_13394373846", "natural": "tree", "tree_height": 9.95, "height_source": "VISUAL_ESTIMATE", "genus": null, "species": null, "circumference": null, "diameter_crown": null, "source": "OPENSTREETMAP"}, "geometry": {"type": "Point", "coordinates": [73.8699328, 18.5476075]}}, {"type": "Feature", "properties": {"osmId": 13394373847, "id": "osm_tree_13394373847", "natural": "tree", "tree_height": 10.3, "height_source": "VISUAL_ESTIMATE", "genus": null, "species": null, "circumference": null, "diameter_crown": null, "source": "OPENSTREETMAP"}, "geometry": {"type": "Point", "coordinates": [73.8673731, 18.5483804]}}, {"type": "Feature", "properties": {"osmId": 13394373848, "id": "osm_tree_13394373848", "natural": "tree", "tree_height": 4.7, "height_source": "VISUAL_ESTIMATE", "genus": null, "species": null, "circumference": null, "diameter_crown": null, "source": "OPENSTREETMAP"}, "geometry": {"type": "Point", "coordinates": [73.8660236, 18.5481876]}}, {"type": "Feature", "properties": {"osmId": 13394373849, "id": "osm_tree_13394373849", "natural": "tree", "tree_height": 5.050000000000001, "height_source": "VISUAL_ESTIMATE", "genus": null, "species": null, "circumference": null, "diameter_crown": null, "source": "OPENSTREETMAP"}, "geometry": {"type": "Point", "coordinates": [73.8662886, 18.5484447]}}, {"type": "Feature", "properties": {"osmId": 13394373850, "id": "osm_tree_13394373850", "natural": "tree", "tree_height": 5.4, "height_source": "VISUAL_ESTIMATE", "genus": null, "species": null, "circumference": null, "diameter_crown": null, "source": "OPENSTREETMAP"}, "geometry": {"type": "Point", "coordinates": [73.8664981, 18.5487601]}}, {"type": "Feature", "properties": {"osmId": 13394373851, "id": "osm_tree_13394373851", "natural": "tree", "tree_height": 5.75, "height_source": "VISUAL_ESTIMATE", "genus": null, "species": null, "circumference": null, "diameter_crown": null, "source": "OPENSTREETMAP"}, "geometry": {"type": "Point", "coordinates": [73.8664303, 18.5481876]}}, {"type": "Feature", "properties": {"osmId": 13394373852, "id": "osm_tree_13394373852", "natural": "tree", "tree_height": 6.1, "height_source": "VISUAL_ESTIMATE", "genus": null, "species": null, "circumference": null, "diameter_crown": null, "source": "OPENSTREETMAP"}, "geometry": {"type": "Point", "coordinates": [73.8668924, 18.5488302]}}, {"type": "Feature", "properties": {"osmId": 13394373853, "id": "osm_tree_13394373853", "natural": "tree", "tree_height": 6.45, "height_source": "VISUAL_ESTIMATE", "genus": null, "species": null, "circumference": null, "diameter_crown": null, "source": "OPENSTREETMAP"}, "geometry": {"type": "Point", "coordinates": [73.8659201, 18.5494413]}}, {"type": "Feature", "properties": {"osmId": 13394373854, "id": "osm_tree_13394373854", "natural": "tree", "tree_height": 6.8, "height_source": "VISUAL_ESTIMATE", "genus": null, "species": null, "circumference": null, "diameter_crown": null, "source": "OPENSTREETMAP"}, "geometry": {"type": "Point", "coordinates": [73.864642, 18.5503585]}}, {"type": "Feature", "properties": {"osmId": 13394373855, "id": "osm_tree_13394373855", "natural": "tree", "tree_height": 7.15, "height_source": "VISUAL_ESTIMATE", "genus": null, "species": null, "circumference": null, "diameter_crown": null, "source": "OPENSTREETMAP"}, "geometry": {"type": "Point", "coordinates": [73.86426, 18.5506506]}}, {"type": "Feature", "properties": {"osmId": 13394373856, "id": "osm_tree_13394373856", "natural": "tree", "tree_height": 7.5, "height_source": "VISUAL_ESTIMATE", "genus": null, "species": null, "circumference": null, "diameter_crown": null, "source": "OPENSTREETMAP"}, "geometry": {"type": "Point", "coordinates": [73.8639457, 18.5508901]}}, {"type": "Feature", "properties": {"osmId": 13394373874, "id": "osm_tree_13394373874", "natural": "tree", "tree_height": 7.85, "height_source": "VISUAL_ESTIMATE", "genus": null, "species": null, "circumference": null, "diameter_crown": null, "source": "OPENSTREETMAP"}, "geometry": {"type": "Point", "coordinates": [73.8702885, 18.5504344]}}, {"type": "Feature", "properties": {"osmId": 13394373875, "id": "osm_tree_13394373875", "natural": "tree", "tree_height": 8.2, "height_source": "VISUAL_ESTIMATE", "genus": null, "species": null, "circumference": null, "diameter_crown": null, "source": "OPENSTREETMAP"}, "geometry": {"type": "Point", "coordinates": [73.8704301, 18.5504277]}}, {"type": "Feature", "properties": {"osmId": 13394373876, "id": "osm_tree_13394373876", "natural": "tree", "tree_height": 8.55, "height_source": "VISUAL_ESTIMATE", "genus": null, "species": null, "circumference": null, "diameter_crown": null, "source": "OPENSTREETMAP"}, "geometry": {"type": "Point", "coordinates": [73.8706849, 18.5502331]}}, {"type": "Feature", "properties": {"osmId": 13394373877, "id": "osm_tree_13394373877", "natural": "tree", "tree_height": 8.9, "height_source": "VISUAL_ESTIMATE", "genus": null, "species": null, "circumference": null, "diameter_crown": null, "source": "OPENSTREETMAP"}, "geometry": {"type": "Point", "coordinates": [73.8698921, 18.5502231]}}, {"type": "Feature", "properties": {"osmId": 13394373878, "id": "osm_tree_13394373878", "natural": "tree", "tree_height": 9.25, "height_source": "VISUAL_ESTIMATE", "genus": null, "species": null, "circumference": null, "diameter_crown": null, "source": "OPENSTREETMAP"}, "geometry": {"type": "Point", "coordinates": [73.8697506, 18.5498573]}}, {"type": "Feature", "properties": {"osmId": 13394373879, "id": "osm_tree_13394373879", "natural": "tree", "tree_height": 9.6, "height_source": "VISUAL_ESTIMATE", "genus": null, "species": null, "circumference": null, "diameter_crown": null, "source": "OPENSTREETMAP"}, "geometry": {"type": "Point", "coordinates": [73.8690427, 18.5496875]}}, {"type": "Feature", "properties": {"osmId": 13394373880, "id": "osm_tree_13394373880", "natural": "tree", "tree_height": 9.95, "height_source": "VISUAL_ESTIMATE", "genus": null, "species": null, "circumference": null, "diameter_crown": null, "source": "OPENSTREETMAP"}, "geometry": {"type": "Point", "coordinates": [73.8691277, 18.5495433]}}, {"type": "Feature", "properties": {"osmId": 13394373881, "id": "osm_tree_13394373881", "natural": "tree", "tree_height": 10.3, "height_source": "VISUAL_ESTIMATE", "genus": null, "species": null, "circumference": null, "diameter_crown": null, "source": "OPENSTREETMAP"}, "geometry": {"type": "Point", "coordinates": [73.8694136, 18.5492748]}}, {"type": "Feature", "properties": {"osmId": 13394373882, "id": "osm_tree_13394373882", "natural": "tree", "tree_height": 4.7, "height_source": "VISUAL_ESTIMATE", "genus": null, "species": null, "circumference": null, "diameter_crown": null, "source": "OPENSTREETMAP"}, "geometry": {"type": "Point", "coordinates": [73.8692579, 18.5494627]}}, {"type": "Feature", "properties": {"osmId": 13394373883, "id": "osm_tree_13394373883", "natural": "tree", "tree_height": 5.050000000000001, "height_source": "VISUAL_ESTIMATE", "genus": null, "species": null, "circumference": null, "diameter_crown": null, "source": "OPENSTREETMAP"}, "geometry": {"type": "Point", "coordinates": [73.8697068, 18.54914]}}, {"type": "Feature", "properties": {"osmId": 13394373884, "id": "osm_tree_13394373884", "natural": "tree", "tree_height": 5.4, "height_source": "VISUAL_ESTIMATE", "genus": null, "species": null, "circumference": null, "diameter_crown": null, "source": "OPENSTREETMAP"}, "geometry": {"type": "Point", "coordinates": [73.8685945, 18.5495168]}}, {"type": "Feature", "properties": {"osmId": 13394373885, "id": "osm_tree_13394373885", "natural": "tree", "tree_height": 5.75, "height_source": "VISUAL_ESTIMATE", "genus": null, "species": null, "circumference": null, "diameter_crown": null, "source": "OPENSTREETMAP"}, "geometry": {"type": "Point", "coordinates": [73.8687794, 18.5493854]}}, {"type": "Feature", "properties": {"osmId": 13394373886, "id": "osm_tree_13394373886", "natural": "tree", "tree_height": 6.1, "height_source": "VISUAL_ESTIMATE", "genus": null, "species": null, "circumference": null, "diameter_crown": null, "source": "OPENSTREETMAP"}, "geometry": {"type": "Point", "coordinates": [73.8688872, 18.5493474]}}, {"type": "Feature", "properties": {"osmId": 13394373887, "id": "osm_tree_13394373887", "natural": "tree", "tree_height": 6.45, "height_source": "VISUAL_ESTIMATE", "genus": null, "species": null, "circumference": null, "diameter_crown": null, "source": "OPENSTREETMAP"}, "geometry": {"type": "Point", "coordinates": [73.8691183, 18.5491634]}}, {"type": "Feature", "properties": {"osmId": 13394373888, "id": "osm_tree_13394373888", "natural": "tree", "tree_height": 6.8, "height_source": "VISUAL_ESTIMATE", "genus": null, "species": null, "circumference": null, "diameter_crown": null, "source": "OPENSTREETMAP"}, "geometry": {"type": "Point", "coordinates": [73.8682956, 18.5494321]}}, {"type": "Feature", "properties": {"osmId": 13394373889, "id": "osm_tree_13394373889", "natural": "tree", "tree_height": 7.15, "height_source": "VISUAL_ESTIMATE", "genus": null, "species": null, "circumference": null, "diameter_crown": null, "source": "OPENSTREETMAP"}, "geometry": {"type": "Point", "coordinates": [73.868194, 18.5492101]}}, {"type": "Feature", "properties": {"osmId": 13394373890, "id": "osm_tree_13394373890", "natural": "tree", "tree_height": 7.5, "height_source": "VISUAL_ESTIMATE", "genus": null, "species": null, "circumference": null, "diameter_crown": null, "source": "OPENSTREETMAP"}, "geometry": {"type": "Point", "coordinates": [73.8676942, 18.5486049]}}, {"type": "Feature", "properties": {"osmId": 13394373891, "id": "osm_tree_13394373891", "natural": "tree", "tree_height": 7.85, "height_source": "VISUAL_ESTIMATE", "genus": null, "species": null, "circumference": null, "diameter_crown": null, "source": "OPENSTREETMAP"}, "geometry": {"type": "Point", "coordinates": [73.867497, 18.548342]}}, {"type": "Feature", "properties": {"osmId": 13394373892, "id": "osm_tree_13394373892", "natural": "tree", "tree_height": 8.2, "height_source": "VISUAL_ESTIMATE", "genus": null, "species": null, "circumference": null, "diameter_crown": null, "source": "OPENSTREETMAP"}, "geometry": {"type": "Point", "coordinates": [73.8668469, 18.5484735]}}, {"type": "Feature", "properties": {"osmId": 13394373893, "id": "osm_tree_13394373893", "natural": "tree", "tree_height": 8.55, "height_source": "VISUAL_ESTIMATE", "genus": null, "species": null, "circumference": null, "diameter_crown": null, "source": "OPENSTREETMAP"}, "geometry": {"type": "Point", "coordinates": [73.8671292, 18.5474809]}}, {"type": "Feature", "properties": {"osmId": 13394373894, "id": "osm_tree_13394373894", "natural": "tree", "tree_height": 8.9, "height_source": "VISUAL_ESTIMATE", "genus": null, "species": null, "circumference": null, "diameter_crown": null, "source": "OPENSTREETMAP"}, "geometry": {"type": "Point", "coordinates": [73.8663312, 18.5475189]}}, {"type": "Feature", "properties": {"osmId": 13394373895, "id": "osm_tree_13394373895", "natural": "tree", "tree_height": 9.25, "height_source": "VISUAL_ESTIMATE", "genus": null, "species": null, "circumference": null, "diameter_crown": null, "source": "OPENSTREETMAP"}, "geometry": {"type": "Point", "coordinates": [73.867237, 18.5477525]}}, {"type": "Feature", "properties": {"osmId": 13394373896, "id": "osm_tree_13394373896", "natural": "tree", "tree_height": 9.6, "height_source": "VISUAL_ESTIMATE", "genus": null, "species": null, "circumference": null, "diameter_crown": null, "source": "OPENSTREETMAP"}, "geometry": {"type": "Point", "coordinates": [73.8665253, 18.5478752]}}, {"type": "Feature", "properties": {"osmId": 13394373897, "id": "osm_tree_13394373897", "natural": "tree", "tree_height": 9.95, "height_source": "VISUAL_ESTIMATE", "genus": null, "species": null, "circumference": null, "diameter_crown": null, "source": "OPENSTREETMAP"}, "geometry": {"type": "Point", "coordinates": [73.8661839, 18.5483128]}}, {"type": "Feature", "properties": {"osmId": 13394373898, "id": "osm_tree_13394373898", "natural": "tree", "tree_height": 10.3, "height_source": "VISUAL_ESTIMATE", "genus": null, "species": null, "circumference": null, "diameter_crown": null, "source": "OPENSTREETMAP"}, "geometry": {"type": "Point", "coordinates": [73.8661716, 18.5479483]}}, {"type": "Feature", "properties": {"osmId": 13394373899, "id": "osm_tree_13394373899", "natural": "tree", "tree_height": 4.7, "height_source": "VISUAL_ESTIMATE", "genus": null, "species": null, "circumference": null, "diameter_crown": null, "source": "OPENSTREETMAP"}, "geometry": {"type": "Point", "coordinates": [73.8652454, 18.5484735]}}, {"type": "Feature", "properties": {"osmId": 13394373900, "id": "osm_tree_13394373900", "natural": "tree", "tree_height": 5.050000000000001, "height_source": "VISUAL_ESTIMATE", "genus": null, "species": null, "circumference": null, "diameter_crown": null, "source": "OPENSTREETMAP"}, "geometry": {"type": "Point", "coordinates": [73.865039, 18.5484442]}}, {"type": "Feature", "properties": {"osmId": 13394384098, "id": "osm_tree_13394384098", "natural": "tree", "tree_height": 10.3, "height_source": "VISUAL_ESTIMATE", "genus": null, "species": null, "circumference": null, "diameter_crown": null, "source": "OPENSTREETMAP"}, "geometry": {"type": "Point", "coordinates": [73.8680007, 18.5455337]}}, {"type": "Feature", "properties": {"osmId": 13394384099, "id": "osm_tree_13394384099", "natural": "tree", "tree_height": 4.7, "height_source": "VISUAL_ESTIMATE", "genus": null, "species": null, "circumference": null, "diameter_crown": null, "source": "OPENSTREETMAP"}, "geometry": {"type": "Point", "coordinates": [73.868462, 18.5452056]}}, {"type": "Feature", "properties": {"osmId": 13394384100, "id": "osm_tree_13394384100", "natural": "tree", "tree_height": 5.050000000000001, "height_source": "VISUAL_ESTIMATE", "genus": null, "species": null, "circumference": null, "diameter_crown": null, "source": "OPENSTREETMAP"}, "geometry": {"type": "Point", "coordinates": [73.8680543, 18.5450785]}}, {"type": "Feature", "properties": {"osmId": 13394384625, "id": "osm_tree_13394384625", "natural": "tree", "tree_height": 10.3, "height_source": "VISUAL_ESTIMATE", "genus": null, "species": null, "circumference": null, "diameter_crown": null, "source": "OPENSTREETMAP"}, "geometry": {"type": "Point", "coordinates": [73.8582808, 18.5509804]}}, {"type": "Feature", "properties": {"osmId": 13394384626, "id": "osm_tree_13394384626", "natural": "tree", "tree_height": 4.7, "height_source": "VISUAL_ESTIMATE", "genus": null, "species": null, "circumference": null, "diameter_crown": null, "source": "OPENSTREETMAP"}, "geometry": {"type": "Point", "coordinates": [73.8582714, 18.5509073]}}, {"type": "Feature", "properties": {"osmId": 13394384627, "id": "osm_tree_13394384627", "natural": "tree", "tree_height": 5.050000000000001, "height_source": "VISUAL_ESTIMATE", "genus": null, "species": null, "circumference": null, "diameter_crown": null, "source": "OPENSTREETMAP"}, "geometry": {"type": "Point", "coordinates": [73.858065, 18.5507342]}}, {"type": "Feature", "properties": {"osmId": 13394384628, "id": "osm_tree_13394384628", "natural": "tree", "tree_height": 5.4, "height_source": "VISUAL_ESTIMATE", "genus": null, "species": null, "circumference": null, "diameter_crown": null, "source": "OPENSTREETMAP"}, "geometry": {"type": "Point", "coordinates": [73.857995, 18.5506412]}}, {"type": "Feature", "properties": {"osmId": 13394384629, "id": "osm_tree_13394384629", "natural": "tree", "tree_height": 5.75, "height_source": "VISUAL_ESTIMATE", "genus": null, "species": null, "circumference": null, "diameter_crown": null, "source": "OPENSTREETMAP"}, "geometry": {"type": "Point", "coordinates": [73.857895, 18.550523]}}, {"type": "Feature", "properties": {"osmId": 13394384630, "id": "osm_tree_13394384630", "natural": "tree", "tree_height": 6.1, "height_source": "VISUAL_ESTIMATE", "genus": null, "species": null, "circumference": null, "diameter_crown": null, "source": "OPENSTREETMAP"}, "geometry": {"type": "Point", "coordinates": [73.8576966, 18.5504345]}}, {"type": "Feature", "properties": {"osmId": 13394384631, "id": "osm_tree_13394384631", "natural": "tree", "tree_height": 6.45, "height_source": "VISUAL_ESTIMATE", "genus": null, "species": null, "circumference": null, "diameter_crown": null, "source": "OPENSTREETMAP"}, "geometry": {"type": "Point", "coordinates": [73.8576414, 18.5502778]}}, {"type": "Feature", "properties": {"osmId": 13394384632, "id": "osm_tree_13394384632", "natural": "tree", "tree_height": 6.8, "height_source": "VISUAL_ESTIMATE", "genus": null, "species": null, "circumference": null, "diameter_crown": null, "source": "OPENSTREETMAP"}, "geometry": {"type": "Point", "coordinates": [73.8575877, 18.5501427]}}, {"type": "Feature", "properties": {"osmId": 13394384633, "id": "osm_tree_13394384633", "natural": "tree", "tree_height": 7.15, "height_source": "VISUAL_ESTIMATE", "genus": null, "species": null, "circumference": null, "diameter_crown": null, "source": "OPENSTREETMAP"}, "geometry": {"type": "Point", "coordinates": [73.8574634, 18.5500488]}}, {"type": "Feature", "properties": {"osmId": 13394384634, "id": "osm_tree_13394384634", "natural": "tree", "tree_height": 7.5, "height_source": "VISUAL_ESTIMATE", "genus": null, "species": null, "circumference": null, "diameter_crown": null, "source": "OPENSTREETMAP"}, "geometry": {"type": "Point", "coordinates": [73.8573923, 18.5499062]}}, {"type": "Feature", "properties": {"osmId": 13394384635, "id": "osm_tree_13394384635", "natural": "tree", "tree_height": 7.85, "height_source": "VISUAL_ESTIMATE", "genus": null, "species": null, "circumference": null, "diameter_crown": null, "source": "OPENSTREETMAP"}, "geometry": {"type": "Point", "coordinates": [73.8572874, 18.549651]}}, {"type": "Feature", "properties": {"osmId": 13394384636, "id": "osm_tree_13394384636", "natural": "tree", "tree_height": 8.2, "height_source": "VISUAL_ESTIMATE", "genus": null, "species": null, "circumference": null, "diameter_crown": null, "source": "OPENSTREETMAP"}, "geometry": {"type": "Point", "coordinates": [73.8572102, 18.5495682]}}, {"type": "Feature", "properties": {"osmId": 13394384637, "id": "osm_tree_13394384637", "natural": "tree", "tree_height": 8.55, "height_source": "VISUAL_ESTIMATE", "genus": null, "species": null, "circumference": null, "diameter_crown": null, "source": "OPENSTREETMAP"}, "geometry": {"type": "Point", "coordinates": [73.8570573, 18.5493943]}}, {"type": "Feature", "properties": {"osmId": 13394384638, "id": "osm_tree_13394384638", "natural": "tree", "tree_height": 8.9, "height_source": "VISUAL_ESTIMATE", "genus": null, "species": null, "circumference": null, "diameter_crown": null, "source": "OPENSTREETMAP"}, "geometry": {"type": "Point", "coordinates": [73.8570329, 18.5493153]}}, {"type": "Feature", "properties": {"osmId": 13394384639, "id": "osm_tree_13394384639", "natural": "tree", "tree_height": 9.25, "height_source": "VISUAL_ESTIMATE", "genus": null, "species": null, "circumference": null, "diameter_crown": null, "source": "OPENSTREETMAP"}, "geometry": {"type": "Point", "coordinates": [73.8571691, 18.5494155]}}, {"type": "Feature", "properties": {"osmId": 13394384640, "id": "osm_tree_13394384640", "natural": "tree", "tree_height": 9.6, "height_source": "VISUAL_ESTIMATE", "genus": null, "species": null, "circumference": null, "diameter_crown": null, "source": "OPENSTREETMAP"}, "geometry": {"type": "Point", "coordinates": [73.8571589, 18.5494849]}}, {"type": "Feature", "properties": {"osmId": 13394384641, "id": "osm_tree_13394384641", "natural": "tree", "tree_height": 9.95, "height_source": "VISUAL_ESTIMATE", "genus": null, "species": null, "circumference": null, "diameter_crown": null, "source": "OPENSTREETMAP"}, "geometry": {"type": "Point", "coordinates": [73.8567987, 18.5488574]}}, {"type": "Feature", "properties": {"osmId": 13394384642, "id": "osm_tree_13394384642", "natural": "tree", "tree_height": 10.3, "height_source": "VISUAL_ESTIMATE", "genus": null, "species": null, "circumference": null, "diameter_crown": null, "source": "OPENSTREETMAP"}, "geometry": {"type": "Point", "coordinates": [73.8568028, 18.5487861]}}, {"type": "Feature", "properties": {"osmId": 13394384643, "id": "osm_tree_13394384643", "natural": "tree", "tree_height": 4.7, "height_source": "VISUAL_ESTIMATE", "genus": null, "species": null, "circumference": null, "diameter_crown": null, "source": "OPENSTREETMAP"}, "geometry": {"type": "Point", "coordinates": [73.8567743, 18.548711]}}, {"type": "Feature", "properties": {"osmId": 13394384644, "id": "osm_tree_13394384644", "natural": "tree", "tree_height": 5.050000000000001, "height_source": "VISUAL_ESTIMATE", "genus": null, "species": null, "circumference": null, "diameter_crown": null, "source": "OPENSTREETMAP"}, "geometry": {"type": "Point", "coordinates": [73.8567093, 18.5486069]}}, {"type": "Feature", "properties": {"osmId": 13394384645, "id": "osm_tree_13394384645", "natural": "tree", "tree_height": 5.4, "height_source": "VISUAL_ESTIMATE", "genus": null, "species": null, "circumference": null, "diameter_crown": null, "source": "OPENSTREETMAP"}, "geometry": {"type": "Point", "coordinates": [73.8565967, 18.5484342]}}, {"type": "Feature", "properties": {"osmId": 13394384646, "id": "osm_tree_13394384646", "natural": "tree", "tree_height": 5.75, "height_source": "VISUAL_ESTIMATE", "genus": null, "species": null, "circumference": null, "diameter_crown": null, "source": "OPENSTREETMAP"}, "geometry": {"type": "Point", "coordinates": [73.8566068, 18.5483379]}}, {"type": "Feature", "properties": {"osmId": 13394384647, "id": "osm_tree_13394384647", "natural": "tree", "tree_height": 6.1, "height_source": "VISUAL_ESTIMATE", "genus": null, "species": null, "circumference": null, "diameter_crown": null, "source": "OPENSTREETMAP"}, "geometry": {"type": "Point", "coordinates": [73.8566861, 18.5484342]}}, {"type": "Feature", "properties": {"osmId": 13394384648, "id": "osm_tree_13394384648", "natural": "tree", "tree_height": 6.45, "height_source": "VISUAL_ESTIMATE", "genus": null, "species": null, "circumference": null, "diameter_crown": null, "source": "OPENSTREETMAP"}, "geometry": {"type": "Point", "coordinates": [73.8565727, 18.5482874]}}, {"type": "Feature", "properties": {"osmId": 13394384649, "id": "osm_tree_13394384649", "natural": "tree", "tree_height": 6.8, "height_source": "VISUAL_ESTIMATE", "genus": null, "species": null, "circumference": null, "diameter_crown": null, "source": "OPENSTREETMAP"}, "geometry": {"type": "Point", "coordinates": [73.8566032, 18.5482585]}}, {"type": "Feature", "properties": {"osmId": 13394384650, "id": "osm_tree_13394384650", "natural": "tree", "tree_height": 7.15, "height_source": "VISUAL_ESTIMATE", "genus": null, "species": null, "circumference": null, "diameter_crown": null, "source": "OPENSTREETMAP"}, "geometry": {"type": "Point", "coordinates": [73.8565483, 18.5481679]}}, {"type": "Feature", "properties": {"osmId": 13394384651, "id": "osm_tree_13394384651", "natural": "tree", "tree_height": 7.5, "height_source": "VISUAL_ESTIMATE", "genus": null, "species": null, "circumference": null, "diameter_crown": null, "source": "OPENSTREETMAP"}, "geometry": {"type": "Point", "coordinates": [73.8564828, 18.5480033]}}, {"type": "Feature", "properties": {"osmId": 13394384652, "id": "osm_tree_13394384652", "natural": "tree", "tree_height": 7.85, "height_source": "VISUAL_ESTIMATE", "genus": null, "species": null, "circumference": null, "diameter_crown": null, "source": "OPENSTREETMAP"}, "geometry": {"type": "Point", "coordinates": [73.8564686, 18.5479012]}}, {"type": "Feature", "properties": {"osmId": 13394384653, "id": "osm_tree_13394384653", "natural": "tree", "tree_height": 8.2, "height_source": "VISUAL_ESTIMATE", "genus": null, "species": null, "circumference": null, "diameter_crown": null, "source": "OPENSTREETMAP"}, "geometry": {"type": "Point", "coordinates": [73.8564178, 18.547853]}}, {"type": "Feature", "properties": {"osmId": 13394384654, "id": "osm_tree_13394384654", "natural": "tree", "tree_height": 8.55, "height_source": "VISUAL_ESTIMATE", "genus": null, "species": null, "circumference": null, "diameter_crown": null, "source": "OPENSTREETMAP"}, "geometry": {"type": "Point", "coordinates": [73.8564263, 18.5477428]}}, {"type": "Feature", "properties": {"osmId": 13394384655, "id": "osm_tree_13394384655", "natural": "tree", "tree_height": 8.9, "height_source": "VISUAL_ESTIMATE", "genus": null, "species": null, "circumference": null, "diameter_crown": null, "source": "OPENSTREETMAP"}, "geometry": {"type": "Point", "coordinates": [73.856404, 18.5477119]}}, {"type": "Feature", "properties": {"osmId": 13394384656, "id": "osm_tree_13394384656", "natural": "tree", "tree_height": 9.25, "height_source": "VISUAL_ESTIMATE", "genus": null, "species": null, "circumference": null, "diameter_crown": null, "source": "OPENSTREETMAP"}, "geometry": {"type": "Point", "coordinates": [73.8563674, 18.5476426]}}, {"type": "Feature", "properties": {"osmId": 13394384657, "id": "osm_tree_13394384657", "natural": "tree", "tree_height": 9.6, "height_source": "VISUAL_ESTIMATE", "genus": null, "species": null, "circumference": null, "diameter_crown": null, "source": "OPENSTREETMAP"}, "geometry": {"type": "Point", "coordinates": [73.8562552, 18.5475023]}}, {"type": "Feature", "properties": {"osmId": 13394384658, "id": "osm_tree_13394384658", "natural": "tree", "tree_height": 9.95, "height_source": "VISUAL_ESTIMATE", "genus": null, "species": null, "circumference": null, "diameter_crown": null, "source": "OPENSTREETMAP"}, "geometry": {"type": "Point", "coordinates": [73.8562832, 18.5474036]}}, {"type": "Feature", "properties": {"osmId": 13394384659, "id": "osm_tree_13394384659", "natural": "tree", "tree_height": 10.3, "height_source": "VISUAL_ESTIMATE", "genus": null, "species": null, "circumference": null, "diameter_crown": null, "source": "OPENSTREETMAP"}, "geometry": {"type": "Point", "coordinates": [73.8563523, 18.5475154]}}, {"type": "Feature", "properties": {"osmId": 13394384660, "id": "osm_tree_13394384660", "natural": "tree", "tree_height": 4.7, "height_source": "VISUAL_ESTIMATE", "genus": null, "species": null, "circumference": null, "diameter_crown": null, "source": "OPENSTREETMAP"}, "geometry": {"type": "Point", "coordinates": [73.8561649, 18.5473543]}}, {"type": "Feature", "properties": {"osmId": 13394384661, "id": "osm_tree_13394384661", "natural": "tree", "tree_height": 5.050000000000001, "height_source": "VISUAL_ESTIMATE", "genus": null, "species": null, "circumference": null, "diameter_crown": null, "source": "OPENSTREETMAP"}, "geometry": {"type": "Point", "coordinates": [73.856123, 18.5470151]}}, {"type": "Feature", "properties": {"osmId": 13394384662, "id": "osm_tree_13394384662", "natural": "tree", "tree_height": 5.4, "height_source": "VISUAL_ESTIMATE", "genus": null, "species": null, "circumference": null, "diameter_crown": null, "source": "OPENSTREETMAP"}, "geometry": {"type": "Point", "coordinates": [73.8561352, 18.5469129]}}, {"type": "Feature", "properties": {"osmId": 13394384663, "id": "osm_tree_13394384663", "natural": "tree", "tree_height": 5.75, "height_source": "VISUAL_ESTIMATE", "genus": null, "species": null, "circumference": null, "diameter_crown": null, "source": "OPENSTREETMAP"}, "geometry": {"type": "Point", "coordinates": [73.8562576, 18.5464874]}}, {"type": "Feature", "properties": {"osmId": 13394384664, "id": "osm_tree_13394384664", "natural": "tree", "tree_height": 6.1, "height_source": "VISUAL_ESTIMATE", "genus": null, "species": null, "circumference": null, "diameter_crown": null, "source": "OPENSTREETMAP"}, "geometry": {"type": "Point", "coordinates": [73.8561255, 18.5462188]}}, {"type": "Feature", "properties": {"osmId": 13394384665, "id": "osm_tree_13394384665", "natural": "tree", "tree_height": 6.45, "height_source": "VISUAL_ESTIMATE", "genus": null, "species": null, "circumference": null, "diameter_crown": null, "source": "OPENSTREETMAP"}, "geometry": {"type": "Point", "coordinates": [73.8561296, 18.5461205]}}, {"type": "Feature", "properties": {"osmId": 13394384666, "id": "osm_tree_13394384666", "natural": "tree", "tree_height": 6.8, "height_source": "VISUAL_ESTIMATE", "genus": null, "species": null, "circumference": null, "diameter_crown": null, "source": "OPENSTREETMAP"}, "geometry": {"type": "Point", "coordinates": [73.8561174, 18.5459856]}}, {"type": "Feature", "properties": {"osmId": 13394384667, "id": "osm_tree_13394384667", "natural": "tree", "tree_height": 7.15, "height_source": "VISUAL_ESTIMATE", "genus": null, "species": null, "circumference": null, "diameter_crown": null, "source": "OPENSTREETMAP"}, "geometry": {"type": "Point", "coordinates": [73.8560279, 18.5458526]}}, {"type": "Feature", "properties": {"osmId": 13394384668, "id": "osm_tree_13394384668", "natural": "tree", "tree_height": 7.5, "height_source": "VISUAL_ESTIMATE", "genus": null, "species": null, "circumference": null, "diameter_crown": null, "source": "OPENSTREETMAP"}, "geometry": {"type": "Point", "coordinates": [73.8565152, 18.5457489]}}, {"type": "Feature", "properties": {"osmId": 13394384669, "id": "osm_tree_13394384669", "natural": "tree", "tree_height": 7.85, "height_source": "VISUAL_ESTIMATE", "genus": null, "species": null, "circumference": null, "diameter_crown": null, "source": "OPENSTREETMAP"}, "geometry": {"type": "Point", "coordinates": [73.8567546, 18.5461492]}}, {"type": "Feature", "properties": {"osmId": 13394393068, "id": "osm_tree_13394393068", "natural": "tree", "tree_height": 8.2, "height_source": "VISUAL_ESTIMATE", "genus": null, "species": null, "circumference": null, "diameter_crown": null, "source": "OPENSTREETMAP"}, "geometry": {"type": "Point", "coordinates": [73.8565873, 18.5449368]}}, {"type": "Feature", "properties": {"osmId": 13394393069, "id": "osm_tree_13394393069", "natural": "tree", "tree_height": 8.55, "height_source": "VISUAL_ESTIMATE", "genus": null, "species": null, "circumference": null, "diameter_crown": null, "source": "OPENSTREETMAP"}, "geometry": {"type": "Point", "coordinates": [73.8567094, 18.5449534]}}, {"type": "Feature", "properties": {"osmId": 13394393070, "id": "osm_tree_13394393070", "natural": "tree", "tree_height": 8.9, "height_source": "VISUAL_ESTIMATE", "genus": null, "species": null, "circumference": null, "diameter_crown": null, "source": "OPENSTREETMAP"}, "geometry": {"type": "Point", "coordinates": [73.8566691, 18.5448809]}}, {"type": "Feature", "properties": {"osmId": 13394393071, "id": "osm_tree_13394393071", "natural": "tree", "tree_height": 9.25, "height_source": "VISUAL_ESTIMATE", "genus": null, "species": null, "circumference": null, "diameter_crown": null, "source": "OPENSTREETMAP"}, "geometry": {"type": "Point", "coordinates": [73.8565484, 18.5448354]}}, {"type": "Feature", "properties": {"osmId": 13394393072, "id": "osm_tree_13394393072", "natural": "tree", "tree_height": 9.6, "height_source": "VISUAL_ESTIMATE", "genus": null, "species": null, "circumference": null, "diameter_crown": null, "source": "OPENSTREETMAP"}, "geometry": {"type": "Point", "coordinates": [73.856712, 18.5448354]}}, {"type": "Feature", "properties": {"osmId": 13394393073, "id": "osm_tree_13394393073", "natural": "tree", "tree_height": 9.95, "height_source": "VISUAL_ESTIMATE", "genus": null, "species": null, "circumference": null, "diameter_crown": null, "source": "OPENSTREETMAP"}, "geometry": {"type": "Point", "coordinates": [73.8565364, 18.5447634]}}, {"type": "Feature", "properties": {"osmId": 13394393074, "id": "osm_tree_13394393074", "natural": "tree", "tree_height": 10.3, "height_source": "VISUAL_ESTIMATE", "genus": null, "species": null, "circumference": null, "diameter_crown": null, "source": "OPENSTREETMAP"}, "geometry": {"type": "Point", "coordinates": [73.8567088, 18.5447571]}}, {"type": "Feature", "properties": {"osmId": 13394393075, "id": "osm_tree_13394393075", "natural": "tree", "tree_height": 4.7, "height_source": "VISUAL_ESTIMATE", "genus": null, "species": null, "circumference": null, "diameter_crown": null, "source": "OPENSTREETMAP"}, "geometry": {"type": "Point", "coordinates": [73.8566123, 18.5446528]}}, {"type": "Feature", "properties": {"osmId": 13394393076, "id": "osm_tree_13394393076", "natural": "tree", "tree_height": 5.050000000000001, "height_source": "VISUAL_ESTIMATE", "genus": null, "species": null, "circumference": null, "diameter_crown": null, "source": "OPENSTREETMAP"}, "geometry": {"type": "Point", "coordinates": [73.8568108, 18.5446706]}}, {"type": "Feature", "properties": {"osmId": 13394393077, "id": "osm_tree_13394393077", "natural": "tree", "tree_height": 5.4, "height_source": "VISUAL_ESTIMATE", "genus": null, "species": null, "circumference": null, "diameter_crown": null, "source": "OPENSTREETMAP"}, "geometry": {"type": "Point", "coordinates": [73.8567396, 18.5440156]}}, {"type": "Feature", "properties": {"osmId": 13394393078, "id": "osm_tree_13394393078", "natural": "tree", "tree_height": 5.75, "height_source": "VISUAL_ESTIMATE", "genus": null, "species": null, "circumference": null, "diameter_crown": null, "source": "OPENSTREETMAP"}, "geometry": {"type": "Point", "coordinates": [73.8568529, 18.5444199]}}, {"type": "Feature", "properties": {"osmId": 13394393079, "id": "osm_tree_13394393079", "natural": "tree", "tree_height": 6.1, "height_source": "VISUAL_ESTIMATE", "genus": null, "species": null, "circumference": null, "diameter_crown": null, "source": "OPENSTREETMAP"}, "geometry": {"type": "Point", "coordinates": [73.8568086, 18.5442689]}}, {"type": "Feature", "properties": {"osmId": 13394393080, "id": "osm_tree_13394393080", "natural": "tree", "tree_height": 6.45, "height_source": "VISUAL_ESTIMATE", "genus": null, "species": null, "circumference": null, "diameter_crown": null, "source": "OPENSTREETMAP"}, "geometry": {"type": "Point", "coordinates": [73.8567807, 18.5445411]}}, {"type": "Feature", "properties": {"osmId": 13394393081, "id": "osm_tree_13394393081", "natural": "tree", "tree_height": 6.8, "height_source": "VISUAL_ESTIMATE", "genus": null, "species": null, "circumference": null, "diameter_crown": null, "source": "OPENSTREETMAP"}, "geometry": {"type": "Point", "coordinates": [73.8565903, 18.5436952]}}, {"type": "Feature", "properties": {"osmId": 13394393082, "id": "osm_tree_13394393082", "natural": "tree", "tree_height": 7.15, "height_source": "VISUAL_ESTIMATE", "genus": null, "species": null, "circumference": null, "diameter_crown": null, "source": "OPENSTREETMAP"}, "geometry": {"type": "Point", "coordinates": [73.8565319, 18.5435676]}}, {"type": "Feature", "properties": {"osmId": 13394393083, "id": "osm_tree_13394393083", "natural": "tree", "tree_height": 7.5, "height_source": "VISUAL_ESTIMATE", "genus": null, "species": null, "circumference": null, "diameter_crown": null, "source": "OPENSTREETMAP"}, "geometry": {"type": "Point", "coordinates": [73.8564381, 18.5434586]}}, {"type": "Feature", "properties": {"osmId": 13394393084, "id": "osm_tree_13394393084", "natural": "tree", "tree_height": 7.85, "height_source": "VISUAL_ESTIMATE", "genus": null, "species": null, "circumference": null, "diameter_crown": null, "source": "OPENSTREETMAP"}, "geometry": {"type": "Point", "coordinates": [73.8566239, 18.5433361]}}, {"type": "Feature", "properties": {"osmId": 13394393085, "id": "osm_tree_13394393085", "natural": "tree", "tree_height": 8.2, "height_source": "VISUAL_ESTIMATE", "genus": null, "species": null, "circumference": null, "diameter_crown": null, "source": "OPENSTREETMAP"}, "geometry": {"type": "Point", "coordinates": [73.8559613, 18.5432096]}}, {"type": "Feature", "properties": {"osmId": 13394393086, "id": "osm_tree_13394393086", "natural": "tree", "tree_height": 8.55, "height_source": "VISUAL_ESTIMATE", "genus": null, "species": null, "circumference": null, "diameter_crown": null, "source": "OPENSTREETMAP"}, "geometry": {"type": "Point", "coordinates": [73.8559366, 18.5430569]}}, {"type": "Feature", "properties": {"osmId": 13394393087, "id": "osm_tree_13394393087", "natural": "tree", "tree_height": 8.9, "height_source": "VISUAL_ESTIMATE", "genus": null, "species": null, "circumference": null, "diameter_crown": null, "source": "OPENSTREETMAP"}, "geometry": {"type": "Point", "coordinates": [73.8558888, 18.5429697]}}, {"type": "Feature", "properties": {"osmId": 13394393088, "id": "osm_tree_13394393088", "natural": "tree", "tree_height": 9.25, "height_source": "VISUAL_ESTIMATE", "genus": null, "species": null, "circumference": null, "diameter_crown": null, "source": "OPENSTREETMAP"}, "geometry": {"type": "Point", "coordinates": [73.8556, 18.5427573]}}, {"type": "Feature", "properties": {"osmId": 13394393089, "id": "osm_tree_13394393089", "natural": "tree", "tree_height": 9.6, "height_source": "VISUAL_ESTIMATE", "genus": null, "species": null, "circumference": null, "diameter_crown": null, "source": "OPENSTREETMAP"}, "geometry": {"type": "Point", "coordinates": [73.855485, 18.5425879]}}, {"type": "Feature", "properties": {"osmId": 13394393090, "id": "osm_tree_13394393090", "natural": "tree", "tree_height": 9.95, "height_source": "VISUAL_ESTIMATE", "genus": null, "species": null, "circumference": null, "diameter_crown": null, "source": "OPENSTREETMAP"}, "geometry": {"type": "Point", "coordinates": [73.8554354, 18.5424671]}}, {"type": "Feature", "properties": {"osmId": 13394393091, "id": "osm_tree_13394393091", "natural": "tree", "tree_height": 10.3, "height_source": "VISUAL_ESTIMATE", "genus": null, "species": null, "circumference": null, "diameter_crown": null, "source": "OPENSTREETMAP"}, "geometry": {"type": "Point", "coordinates": [73.8560544, 18.5423674]}}, {"type": "Feature", "properties": {"osmId": 13394393092, "id": "osm_tree_13394393092", "natural": "tree", "tree_height": 4.7, "height_source": "VISUAL_ESTIMATE", "genus": null, "species": null, "circumference": null, "diameter_crown": null, "source": "OPENSTREETMAP"}, "geometry": {"type": "Point", "coordinates": [73.8558332, 18.5422768]}}, {"type": "Feature", "properties": {"osmId": 13394393093, "id": "osm_tree_13394393093", "natural": "tree", "tree_height": 5.050000000000001, "height_source": "VISUAL_ESTIMATE", "genus": null, "species": null, "circumference": null, "diameter_crown": null, "source": "OPENSTREETMAP"}, "geometry": {"type": "Point", "coordinates": [73.8559075, 18.5423171]}}, {"type": "Feature", "properties": {"osmId": 13394393094, "id": "osm_tree_13394393094", "natural": "tree", "tree_height": 5.4, "height_source": "VISUAL_ESTIMATE", "genus": null, "species": null, "circumference": null, "diameter_crown": null, "source": "OPENSTREETMAP"}, "geometry": {"type": "Point", "coordinates": [73.8560704, 18.542149]}}, {"type": "Feature", "properties": {"osmId": 13394393095, "id": "osm_tree_13394393095", "natural": "tree", "tree_height": 5.75, "height_source": "VISUAL_ESTIMATE", "genus": null, "species": null, "circumference": null, "diameter_crown": null, "source": "OPENSTREETMAP"}, "geometry": {"type": "Point", "coordinates": [73.8554935, 18.5421724]}}, {"type": "Feature", "properties": {"osmId": 13394393096, "id": "osm_tree_13394393096", "natural": "tree", "tree_height": 6.1, "height_source": "VISUAL_ESTIMATE", "genus": null, "species": null, "circumference": null, "diameter_crown": null, "source": "OPENSTREETMAP"}, "geometry": {"type": "Point", "coordinates": [73.8555147, 18.5418923]}}, {"type": "Feature", "properties": {"osmId": 13394393097, "id": "osm_tree_13394393097", "natural": "tree", "tree_height": 6.45, "height_source": "VISUAL_ESTIMATE", "genus": null, "species": null, "circumference": null, "diameter_crown": null, "source": "OPENSTREETMAP"}, "geometry": {"type": "Point", "coordinates": [73.8555324, 18.5417748]}}, {"type": "Feature", "properties": {"osmId": 13394393098, "id": "osm_tree_13394393098", "natural": "tree", "tree_height": 6.8, "height_source": "VISUAL_ESTIMATE", "genus": null, "species": null, "circumference": null, "diameter_crown": null, "source": "OPENSTREETMAP"}, "geometry": {"type": "Point", "coordinates": [73.8555788, 18.5415815]}}, {"type": "Feature", "properties": {"osmId": 13394393099, "id": "osm_tree_13394393099", "natural": "tree", "tree_height": 7.15, "height_source": "VISUAL_ESTIMATE", "genus": null, "species": null, "circumference": null, "diameter_crown": null, "source": "OPENSTREETMAP"}, "geometry": {"type": "Point", "coordinates": [73.8549479, 18.5384358]}}, {"type": "Feature", "properties": {"osmId": 13394393100, "id": "osm_tree_13394393100", "natural": "tree", "tree_height": 7.5, "height_source": "VISUAL_ESTIMATE", "genus": null, "species": null, "circumference": null, "diameter_crown": null, "source": "OPENSTREETMAP"}, "geometry": {"type": "Point", "coordinates": [73.8550274, 18.5392841]}}, {"type": "Feature", "properties": {"osmId": 13394393603, "id": "osm_tree_13394393603", "natural": "tree", "tree_height": 5.050000000000001, "height_source": "VISUAL_ESTIMATE", "genus": null, "species": null, "circumference": null, "diameter_crown": null, "source": "OPENSTREETMAP"}, "geometry": {"type": "Point", "coordinates": [73.8567869, 18.546993]}}, {"type": "Feature", "properties": {"osmId": 13394393604, "id": "osm_tree_13394393604", "natural": "tree", "tree_height": 5.4, "height_source": "VISUAL_ESTIMATE", "genus": null, "species": null, "circumference": null, "diameter_crown": null, "source": "OPENSTREETMAP"}, "geometry": {"type": "Point", "coordinates": [73.8568359, 18.5468811]}}, {"type": "Feature", "properties": {"osmId": 13394393605, "id": "osm_tree_13394393605", "natural": "tree", "tree_height": 5.75, "height_source": "VISUAL_ESTIMATE", "genus": null, "species": null, "circumference": null, "diameter_crown": null, "source": "OPENSTREETMAP"}, "geometry": {"type": "Point", "coordinates": [73.8571301, 18.5468256]}}, {"type": "Feature", "properties": {"osmId": 13394393606, "id": "osm_tree_13394393606", "natural": "tree", "tree_height": 6.1, "height_source": "VISUAL_ESTIMATE", "genus": null, "species": null, "circumference": null, "diameter_crown": null, "source": "OPENSTREETMAP"}, "geometry": {"type": "Point", "coordinates": [73.8573088, 18.546792]}}, {"type": "Feature", "properties": {"osmId": 13394393607, "id": "osm_tree_13394393607", "natural": "tree", "tree_height": 6.45, "height_source": "VISUAL_ESTIMATE", "genus": null, "species": null, "circumference": null, "diameter_crown": null, "source": "OPENSTREETMAP"}, "geometry": {"type": "Point", "coordinates": [73.8578144, 18.5466749]}}, {"type": "Feature", "properties": {"osmId": 13394393608, "id": "osm_tree_13394393608", "natural": "tree", "tree_height": 6.8, "height_source": "VISUAL_ESTIMATE", "genus": null, "species": null, "circumference": null, "diameter_crown": null, "source": "OPENSTREETMAP"}, "geometry": {"type": "Point", "coordinates": [73.85674, 18.5465525]}}, {"type": "Feature", "properties": {"osmId": 13394393609, "id": "osm_tree_13394393609", "natural": "tree", "tree_height": 7.15, "height_source": "VISUAL_ESTIMATE", "genus": null, "species": null, "circumference": null, "diameter_crown": null, "source": "OPENSTREETMAP"}, "geometry": {"type": "Point", "coordinates": [73.8572598, 18.5459274]}}, {"type": "Feature", "properties": {"osmId": 13394393610, "id": "osm_tree_13394393610", "natural": "tree", "tree_height": 7.5, "height_source": "VISUAL_ESTIMATE", "genus": null, "species": null, "circumference": null, "diameter_crown": null, "source": "OPENSTREETMAP"}, "geometry": {"type": "Point", "coordinates": [73.8570839, 18.5456525]}}, {"type": "Feature", "properties": {"osmId": 13394393611, "id": "osm_tree_13394393611", "natural": "tree", "tree_height": 7.85, "height_source": "VISUAL_ESTIMATE", "genus": null, "species": null, "circumference": null, "diameter_crown": null, "source": "OPENSTREETMAP"}, "geometry": {"type": "Point", "coordinates": [73.8577001, 18.5448641]}}, {"type": "Feature", "properties": {"osmId": 13394393615, "id": "osm_tree_13394393615", "natural": "tree", "tree_height": 9.25, "height_source": "VISUAL_ESTIMATE", "genus": null, "species": null, "circumference": null, "diameter_crown": null, "source": "OPENSTREETMAP"}, "geometry": {"type": "Point", "coordinates": [73.8649907, 18.5339134]}}, {"type": "Feature", "properties": {"osmId": 13394393616, "id": "osm_tree_13394393616", "natural": "tree", "tree_height": 9.6, "height_source": "VISUAL_ESTIMATE", "genus": null, "species": null, "circumference": null, "diameter_crown": null, "source": "OPENSTREETMAP"}, "geometry": {"type": "Point", "coordinates": [73.8654842, 18.5340174]}}, {"type": "Feature", "properties": {"osmId": 13394393617, "id": "osm_tree_13394393617", "natural": "tree", "tree_height": 9.95, "height_source": "VISUAL_ESTIMATE", "genus": null, "species": null, "circumference": null, "diameter_crown": null, "source": "OPENSTREETMAP"}, "geometry": {"type": "Point", "coordinates": [73.8655879, 18.5342082]}}, {"type": "Feature", "properties": {"osmId": 13394393618, "id": "osm_tree_13394393618", "natural": "tree", "tree_height": 10.3, "height_source": "VISUAL_ESTIMATE", "genus": null, "species": null, "circumference": null, "diameter_crown": null, "source": "OPENSTREETMAP"}, "geometry": {"type": "Point", "coordinates": [73.8648277, 18.5340926]}}, {"type": "Feature", "properties": {"osmId": 13394393619, "id": "osm_tree_13394393619", "natural": "tree", "tree_height": 4.7, "height_source": "VISUAL_ESTIMATE", "genus": null, "species": null, "circumference": null, "diameter_crown": null, "source": "OPENSTREETMAP"}, "geometry": {"type": "Point", "coordinates": [73.8652578, 18.5339916]}}, {"type": "Feature", "properties": {"osmId": 13394393620, "id": "osm_tree_13394393620", "natural": "tree", "tree_height": 5.050000000000001, "height_source": "VISUAL_ESTIMATE", "genus": null, "species": null, "circumference": null, "diameter_crown": null, "source": "OPENSTREETMAP"}, "geometry": {"type": "Point", "coordinates": [73.8651928, 18.5341709]}}, {"type": "Feature", "properties": {"osmId": 13394393621, "id": "osm_tree_13394393621", "natural": "tree", "tree_height": 5.4, "height_source": "VISUAL_ESTIMATE", "genus": null, "species": null, "circumference": null, "diameter_crown": null, "source": "OPENSTREETMAP"}, "geometry": {"type": "Point", "coordinates": [73.8661546, 18.5340637]}}, {"type": "Feature", "properties": {"osmId": 13394393622, "id": "osm_tree_13394393622", "natural": "tree", "tree_height": 5.75, "height_source": "VISUAL_ESTIMATE", "genus": null, "species": null, "circumference": null, "diameter_crown": null, "source": "OPENSTREETMAP"}, "geometry": {"type": "Point", "coordinates": [73.8660367, 18.5341967]}}, {"type": "Feature", "properties": {"osmId": 13394393623, "id": "osm_tree_13394393623", "natural": "tree", "tree_height": 6.1, "height_source": "VISUAL_ESTIMATE", "genus": null, "species": null, "circumference": null, "diameter_crown": null, "source": "OPENSTREETMAP"}, "geometry": {"type": "Point", "coordinates": [73.8660794, 18.5339808]}}, {"type": "Feature", "properties": {"osmId": 13394393624, "id": "osm_tree_13394393624", "natural": "tree", "tree_height": 6.45, "height_source": "VISUAL_ESTIMATE", "genus": null, "species": null, "circumference": null, "diameter_crown": null, "source": "OPENSTREETMAP"}, "geometry": {"type": "Point", "coordinates": [73.8654733, 18.5338101]}}, {"type": "Feature", "properties": {"osmId": 13394393625, "id": "osm_tree_13394393625", "natural": "tree", "tree_height": 6.8, "height_source": "VISUAL_ESTIMATE", "genus": null, "species": null, "circumference": null, "diameter_crown": null, "source": "OPENSTREETMAP"}, "geometry": {"type": "Point", "coordinates": [73.8646301, 18.5333398]}}, {"type": "Feature", "properties": {"osmId": 13394393626, "id": "osm_tree_13394393626", "natural": "tree", "tree_height": 7.15, "height_source": "VISUAL_ESTIMATE", "genus": null, "species": null, "circumference": null, "diameter_crown": null, "source": "OPENSTREETMAP"}, "geometry": {"type": "Point", "coordinates": [73.8643996, 18.5335202]}}, {"type": "Feature", "properties": {"osmId": 13394397855, "id": "osm_tree_13394397855", "natural": "tree", "tree_height": 5.75, "height_source": "VISUAL_ESTIMATE", "genus": null, "species": null, "circumference": null, "diameter_crown": null, "source": "OPENSTREETMAP"}, "geometry": {"type": "Point", "coordinates": [73.8566576, 18.5450012]}}, {"type": "Feature", "properties": {"osmId": 13394400801, "id": "osm_tree_13394400801", "natural": "tree", "tree_height": 7.5, "height_source": "VISUAL_ESTIMATE", "genus": null, "species": null, "circumference": null, "diameter_crown": null, "source": "OPENSTREETMAP"}, "geometry": {"type": "Point", "coordinates": [73.8651252, 18.5482719]}}, {"type": "Feature", "properties": {"osmId": 13394400802, "id": "osm_tree_13394400802", "natural": "tree", "tree_height": 7.85, "height_source": "VISUAL_ESTIMATE", "genus": null, "species": null, "circumference": null, "diameter_crown": null, "source": "OPENSTREETMAP"}, "geometry": {"type": "Point", "coordinates": [73.8655289, 18.5483391]}}, {"type": "Feature", "properties": {"osmId": 13394400803, "id": "osm_tree_13394400803", "natural": "tree", "tree_height": 8.2, "height_source": "VISUAL_ESTIMATE", "genus": null, "species": null, "circumference": null, "diameter_crown": null, "source": "OPENSTREETMAP"}, "geometry": {"type": "Point", "coordinates": [73.8657753, 18.548713]}}, {"type": "Feature", "properties": {"osmId": 13394400804, "id": "osm_tree_13394400804", "natural": "tree", "tree_height": 8.55, "height_source": "VISUAL_ESTIMATE", "genus": null, "species": null, "circumference": null, "diameter_crown": null, "source": "OPENSTREETMAP"}, "geometry": {"type": "Point", "coordinates": [73.8660372, 18.5487685]}}, {"type": "Feature", "properties": {"osmId": 13394400805, "id": "osm_tree_13394400805", "natural": "tree", "tree_height": 8.9, "height_source": "VISUAL_ESTIMATE", "genus": null, "species": null, "circumference": null, "diameter_crown": null, "source": "OPENSTREETMAP"}, "geometry": {"type": "Point", "coordinates": [73.8660619, 18.5489876]}}, {"type": "Feature", "properties": {"osmId": 13394400806, "id": "osm_tree_13394400806", "natural": "tree", "tree_height": 9.25, "height_source": "VISUAL_ESTIMATE", "genus": null, "species": null, "circumference": null, "diameter_crown": null, "source": "OPENSTREETMAP"}, "geometry": {"type": "Point", "coordinates": [73.8662215, 18.5492282]}}, {"type": "Feature", "properties": {"osmId": 13394400807, "id": "osm_tree_13394400807", "natural": "tree", "tree_height": 9.6, "height_source": "VISUAL_ESTIMATE", "genus": null, "species": null, "circumference": null, "diameter_crown": null, "source": "OPENSTREETMAP"}, "geometry": {"type": "Point", "coordinates": [73.8656669, 18.5492691]}}, {"type": "Feature", "properties": {"osmId": 13394400808, "id": "osm_tree_13394400808", "natural": "tree", "tree_height": 9.95, "height_source": "VISUAL_ESTIMATE", "genus": null, "species": null, "circumference": null, "diameter_crown": null, "source": "OPENSTREETMAP"}, "geometry": {"type": "Point", "coordinates": [73.8657119, 18.5495268]}}, {"type": "Feature", "properties": {"osmId": 13394400809, "id": "osm_tree_13394400809", "natural": "tree", "tree_height": 10.3, "height_source": "VISUAL_ESTIMATE", "genus": null, "species": null, "circumference": null, "diameter_crown": null, "source": "OPENSTREETMAP"}, "geometry": {"type": "Point", "coordinates": [73.8656071, 18.5495326]}}, {"type": "Feature", "properties": {"osmId": 13394400810, "id": "osm_tree_13394400810", "natural": "tree", "tree_height": 4.7, "height_source": "VISUAL_ESTIMATE", "genus": null, "species": null, "circumference": null, "diameter_crown": null, "source": "OPENSTREETMAP"}, "geometry": {"type": "Point", "coordinates": [73.8651388, 18.5499007]}}, {"type": "Feature", "properties": {"osmId": 13394400811, "id": "osm_tree_13394400811", "natural": "tree", "tree_height": 5.050000000000001, "height_source": "VISUAL_ESTIMATE", "genus": null, "species": null, "circumference": null, "diameter_crown": null, "source": "OPENSTREETMAP"}, "geometry": {"type": "Point", "coordinates": [73.864684, 18.5501215]}}, {"type": "Feature", "properties": {"osmId": 13394400812, "id": "osm_tree_13394400812", "natural": "tree", "tree_height": 5.4, "height_source": "VISUAL_ESTIMATE", "genus": null, "species": null, "circumference": null, "diameter_crown": null, "source": "OPENSTREETMAP"}, "geometry": {"type": "Point", "coordinates": [73.8640617, 18.5491955]}}, {"type": "Feature", "properties": {"osmId": 13394400813, "id": "osm_tree_13394400813", "natural": "tree", "tree_height": 5.75, "height_source": "VISUAL_ESTIMATE", "genus": null, "species": null, "circumference": null, "diameter_crown": null, "source": "OPENSTREETMAP"}, "geometry": {"type": "Point", "coordinates": [73.8636322, 18.5492247]}}, {"type": "Feature", "properties": {"osmId": 13394400814, "id": "osm_tree_13394400814", "natural": "tree", "tree_height": 6.1, "height_source": "VISUAL_ESTIMATE", "genus": null, "species": null, "circumference": null, "diameter_crown": null, "source": "OPENSTREETMAP"}, "geometry": {"type": "Point", "coordinates": [73.8650094, 18.5491225]}}, {"type": "Feature", "properties": {"osmId": 13394400815, "id": "osm_tree_13394400815", "natural": "tree", "tree_height": 6.45, "height_source": "VISUAL_ESTIMATE", "genus": null, "species": null, "circumference": null, "diameter_crown": null, "source": "OPENSTREETMAP"}, "geometry": {"type": "Point", "coordinates": [73.8650957, 18.5493124]}}, {"type": "Feature", "properties": {"osmId": 13394400816, "id": "osm_tree_13394400816", "natural": "tree", "tree_height": 6.8, "height_source": "VISUAL_ESTIMATE", "genus": null, "species": null, "circumference": null, "diameter_crown": null, "source": "OPENSTREETMAP"}, "geometry": {"type": "Point", "coordinates": [73.864053, 18.5485254]}}, {"type": "Feature", "properties": {"osmId": 13394400817, "id": "osm_tree_13394400817", "natural": "tree", "tree_height": 7.15, "height_source": "VISUAL_ESTIMATE", "genus": null, "species": null, "circumference": null, "diameter_crown": null, "source": "OPENSTREETMAP"}, "geometry": {"type": "Point", "coordinates": [73.8632889, 18.5484904]}}, {"type": "Feature", "properties": {"osmId": 13394400818, "id": "osm_tree_13394400818", "natural": "tree", "tree_height": 7.5, "height_source": "VISUAL_ESTIMATE", "genus": null, "species": null, "circumference": null, "diameter_crown": null, "source": "OPENSTREETMAP"}, "geometry": {"type": "Point", "coordinates": [73.8633037, 18.5483198]}}, {"type": "Feature", "properties": {"osmId": 13394400819, "id": "osm_tree_13394400819", "natural": "tree", "tree_height": 7.85, "height_source": "VISUAL_ESTIMATE", "genus": null, "species": null, "circumference": null, "diameter_crown": null, "source": "OPENSTREETMAP"}, "geometry": {"type": "Point", "coordinates": [73.8637542, 18.5485254]}}, {"type": "Feature", "properties": {"osmId": 13394400820, "id": "osm_tree_13394400820", "natural": "tree", "tree_height": 8.2, "height_source": "VISUAL_ESTIMATE", "genus": null, "species": null, "circumference": null, "diameter_crown": null, "source": "OPENSTREETMAP"}, "geometry": {"type": "Point", "coordinates": [73.8633382, 18.5487124]}}, {"type": "Feature", "properties": {"osmId": 13394400821, "id": "osm_tree_13394400821", "natural": "tree", "tree_height": 8.55, "height_source": "VISUAL_ESTIMATE", "genus": null, "species": null, "circumference": null, "diameter_crown": null, "source": "OPENSTREETMAP"}, "geometry": {"type": "Point", "coordinates": [73.8633271, 18.548061]}}, {"type": "Feature", "properties": {"osmId": 13394400822, "id": "osm_tree_13394400822", "natural": "tree", "tree_height": 8.9, "height_source": "VISUAL_ESTIMATE", "genus": null, "species": null, "circumference": null, "diameter_crown": null, "source": "OPENSTREETMAP"}, "geometry": {"type": "Point", "coordinates": [73.8635397, 18.5482888]}}, {"type": "Feature", "properties": {"osmId": 13394400823, "id": "osm_tree_13394400823", "natural": "tree", "tree_height": 9.25, "height_source": "VISUAL_ESTIMATE", "genus": null, "species": null, "circumference": null, "diameter_crown": null, "source": "OPENSTREETMAP"}, "geometry": {"type": "Point", "coordinates": [73.8630129, 18.5483181]}}, {"type": "Feature", "properties": {"osmId": 13394400824, "id": "osm_tree_13394400824", "natural": "tree", "tree_height": 9.6, "height_source": "VISUAL_ESTIMATE", "genus": null, "species": null, "circumference": null, "diameter_crown": null, "source": "OPENSTREETMAP"}, "geometry": {"type": "Point", "coordinates": [73.8630745, 18.5485371]}}, {"type": "Feature", "properties": {"osmId": 13394400825, "id": "osm_tree_13394400825", "natural": "tree", "tree_height": 9.95, "height_source": "VISUAL_ESTIMATE", "genus": null, "species": null, "circumference": null, "diameter_crown": null, "source": "OPENSTREETMAP"}, "geometry": {"type": "Point", "coordinates": [73.8628557, 18.5486306]}}, {"type": "Feature", "properties": {"osmId": 13394400826, "id": "osm_tree_13394400826", "natural": "tree", "tree_height": 10.3, "height_source": "VISUAL_ESTIMATE", "genus": null, "species": null, "circumference": null, "diameter_crown": null, "source": "OPENSTREETMAP"}, "geometry": {"type": "Point", "coordinates": [73.862523, 18.5486218]}}, {"type": "Feature", "properties": {"osmId": 13394400827, "id": "osm_tree_13394400827", "natural": "tree", "tree_height": 4.7, "height_source": "VISUAL_ESTIMATE", "genus": null, "species": null, "circumference": null, "diameter_crown": null, "source": "OPENSTREETMAP"}, "geometry": {"type": "Point", "coordinates": [73.8623769, 18.5485138]}}, {"type": "Feature", "properties": {"osmId": 13394400828, "id": "osm_tree_13394400828", "natural": "tree", "tree_height": 5.050000000000001, "height_source": "VISUAL_ESTIMATE", "genus": null, "species": null, "circumference": null, "diameter_crown": null, "source": "OPENSTREETMAP"}, "geometry": {"type": "Point", "coordinates": [73.8624139, 18.5489414]}}, {"type": "Feature", "properties": {"osmId": 13394400829, "id": "osm_tree_13394400829", "natural": "tree", "tree_height": 5.4, "height_source": "VISUAL_ESTIMATE", "genus": null, "species": null, "circumference": null, "diameter_crown": null, "source": "OPENSTREETMAP"}, "geometry": {"type": "Point", "coordinates": [73.8625618, 18.5492177]}}, {"type": "Feature", "properties": {"osmId": 13394400830, "id": "osm_tree_13394400830", "natural": "tree", "tree_height": 5.75, "height_source": "VISUAL_ESTIMATE", "genus": null, "species": null, "circumference": null, "diameter_crown": null, "source": "OPENSTREETMAP"}, "geometry": {"type": "Point", "coordinates": [73.8622691, 18.549244]}}, {"type": "Feature", "properties": {"osmId": 13394400831, "id": "osm_tree_13394400831", "natural": "tree", "tree_height": 6.1, "height_source": "VISUAL_ESTIMATE", "genus": null, "species": null, "circumference": null, "diameter_crown": null, "source": "OPENSTREETMAP"}, "geometry": {"type": "Point", "coordinates": [73.8624971, 18.5495566]}}, {"type": "Feature", "properties": {"osmId": 13394400832, "id": "osm_tree_13394400832", "natural": "tree", "tree_height": 6.45, "height_source": "VISUAL_ESTIMATE", "genus": null, "species": null, "circumference": null, "diameter_crown": null, "source": "OPENSTREETMAP"}, "geometry": {"type": "Point", "coordinates": [73.8623825, 18.5502593]}}, {"type": "Feature", "properties": {"osmId": 13394400833, "id": "osm_tree_13394400833", "natural": "tree", "tree_height": 6.8, "height_source": "VISUAL_ESTIMATE", "genus": null, "species": null, "circumference": null, "diameter_crown": null, "source": "OPENSTREETMAP"}, "geometry": {"type": "Point", "coordinates": [73.8617447, 18.5507238]}}, {"type": "Feature", "properties": {"osmId": 13394400834, "id": "osm_tree_13394400834", "natural": "tree", "tree_height": 7.15, "height_source": "VISUAL_ESTIMATE", "genus": null, "species": null, "circumference": null, "diameter_crown": null, "source": "OPENSTREETMAP"}, "geometry": {"type": "Point", "coordinates": [73.8618544, 18.5506402]}}, {"type": "Feature", "properties": {"osmId": 13394400835, "id": "osm_tree_13394400835", "natural": "tree", "tree_height": 7.5, "height_source": "VISUAL_ESTIMATE", "genus": null, "species": null, "circumference": null, "diameter_crown": null, "source": "OPENSTREETMAP"}, "geometry": {"type": "Point", "coordinates": [73.8617558, 18.5505847]}}, {"type": "Feature", "properties": {"osmId": 13394400836, "id": "osm_tree_13394400836", "natural": "tree", "tree_height": 7.85, "height_source": "VISUAL_ESTIMATE", "genus": null, "species": null, "circumference": null, "diameter_crown": null, "source": "OPENSTREETMAP"}, "geometry": {"type": "Point", "coordinates": [73.8620824, 18.5501495]}}, {"type": "Feature", "properties": {"osmId": 13394400837, "id": "osm_tree_13394400837", "natural": "tree", "tree_height": 8.2, "height_source": "VISUAL_ESTIMATE", "genus": null, "species": null, "circumference": null, "diameter_crown": null, "source": "OPENSTREETMAP"}, "geometry": {"type": "Point", "coordinates": [73.8619795, 18.5506426]}}, {"type": "Feature", "properties": {"osmId": 13394400838, "id": "osm_tree_13394400838", "natural": "tree", "tree_height": 8.55, "height_source": "VISUAL_ESTIMATE", "genus": null, "species": null, "circumference": null, "diameter_crown": null, "source": "OPENSTREETMAP"}, "geometry": {"type": "Point", "coordinates": [73.8612339, 18.5509814]}}, {"type": "Feature", "properties": {"osmId": 13394400841, "id": "osm_tree_13394400841", "natural": "tree", "tree_height": 9.6, "height_source": "VISUAL_ESTIMATE", "genus": null, "species": null, "circumference": null, "diameter_crown": null, "source": "OPENSTREETMAP"}, "geometry": {"type": "Point", "coordinates": [73.8614403, 18.5507226]}}, {"type": "Feature", "properties": {"osmId": 13394400842, "id": "osm_tree_13394400842", "natural": "tree", "tree_height": 9.95, "height_source": "VISUAL_ESTIMATE", "genus": null, "species": null, "circumference": null, "diameter_crown": null, "source": "OPENSTREETMAP"}, "geometry": {"type": "Point", "coordinates": [73.8618341, 18.5505053]}}, {"type": "Feature", "properties": {"osmId": 13394400843, "id": "osm_tree_13394400843", "natural": "tree", "tree_height": 10.3, "height_source": "VISUAL_ESTIMATE", "genus": null, "species": null, "circumference": null, "diameter_crown": null, "source": "OPENSTREETMAP"}, "geometry": {"type": "Point", "coordinates": [73.8624041, 18.5503738]}}, {"type": "Feature", "properties": {"osmId": 13394400844, "id": "osm_tree_13394400844", "natural": "tree", "tree_height": 4.7, "height_source": "VISUAL_ESTIMATE", "genus": null, "species": null, "circumference": null, "diameter_crown": null, "source": "OPENSTREETMAP"}, "geometry": {"type": "Point", "coordinates": [73.8624564, 18.5502161]}}, {"type": "Feature", "properties": {"osmId": 13394400845, "id": "osm_tree_13394400845", "natural": "tree", "tree_height": 5.050000000000001, "height_source": "VISUAL_ESTIMATE", "genus": null, "species": null, "circumference": null, "diameter_crown": null, "source": "OPENSTREETMAP"}, "geometry": {"type": "Point", "coordinates": [73.8622469, 18.550222]}}, {"type": "Feature", "properties": {"osmId": 13394400846, "id": "osm_tree_13394400846", "natural": "tree", "tree_height": 5.4, "height_source": "VISUAL_ESTIMATE", "genus": null, "species": null, "circumference": null, "diameter_crown": null, "source": "OPENSTREETMAP"}, "geometry": {"type": "Point", "coordinates": [73.8616079, 18.5502804]}}, {"type": "Feature", "properties": {"osmId": 13394400847, "id": "osm_tree_13394400847", "natural": "tree", "tree_height": 5.75, "height_source": "VISUAL_ESTIMATE", "genus": null, "species": null, "circumference": null, "diameter_crown": null, "source": "OPENSTREETMAP"}, "geometry": {"type": "Point", "coordinates": [73.8619037, 18.5500818]}}, {"type": "Feature", "properties": {"osmId": 13394400848, "id": "osm_tree_13394400848", "natural": "tree", "tree_height": 6.1, "height_source": "VISUAL_ESTIMATE", "genus": null, "species": null, "circumference": null, "diameter_crown": null, "source": "OPENSTREETMAP"}, "geometry": {"type": "Point", "coordinates": [73.8620762, 18.5498714]}}, {"type": "Feature", "properties": {"osmId": 13394400849, "id": "osm_tree_13394400849", "natural": "tree", "tree_height": 6.45, "height_source": "VISUAL_ESTIMATE", "genus": null, "species": null, "circumference": null, "diameter_crown": null, "source": "OPENSTREETMAP"}, "geometry": {"type": "Point", "coordinates": [73.8618975, 18.5497166]}}, {"type": "Feature", "properties": {"osmId": 13394400850, "id": "osm_tree_13394400850", "natural": "tree", "tree_height": 6.8, "height_source": "VISUAL_ESTIMATE", "genus": null, "species": null, "circumference": null, "diameter_crown": null, "source": "OPENSTREETMAP"}, "geometry": {"type": "Point", "coordinates": [73.8618908, 18.5492685]}}, {"type": "Feature", "properties": {"osmId": 13394400851, "id": "osm_tree_13394400851", "natural": "tree", "tree_height": 7.15, "height_source": "VISUAL_ESTIMATE", "genus": null, "species": null, "circumference": null, "diameter_crown": null, "source": "OPENSTREETMAP"}, "geometry": {"type": "Point", "coordinates": [73.8615025, 18.5495139]}}, {"type": "Feature", "properties": {"osmId": 13394400852, "id": "osm_tree_13394400852", "natural": "tree", "tree_height": 7.5, "height_source": "VISUAL_ESTIMATE", "genus": null, "species": null, "circumference": null, "diameter_crown": null, "source": "OPENSTREETMAP"}, "geometry": {"type": "Point", "coordinates": [73.8616782, 18.5495081]}}, {"type": "Feature", "properties": {"osmId": 13394400853, "id": "osm_tree_13394400853", "natural": "tree", "tree_height": 7.85, "height_source": "VISUAL_ESTIMATE", "genus": null, "species": null, "circumference": null, "diameter_crown": null, "source": "OPENSTREETMAP"}, "geometry": {"type": "Point", "coordinates": [73.8599934, 18.5498247]}}, {"type": "Feature", "properties": {"osmId": 13394400854, "id": "osm_tree_13394400854", "natural": "tree", "tree_height": 8.2, "height_source": "VISUAL_ESTIMATE", "genus": null, "species": null, "circumference": null, "diameter_crown": null, "source": "OPENSTREETMAP"}, "geometry": {"type": "Point", "coordinates": [73.8596946, 18.5504936]}}, {"type": "Feature", "properties": {"osmId": 13394400855, "id": "osm_tree_13394400855", "natural": "tree", "tree_height": 8.55, "height_source": "VISUAL_ESTIMATE", "genus": null, "species": null, "circumference": null, "diameter_crown": null, "source": "OPENSTREETMAP"}, "geometry": {"type": "Point", "coordinates": [73.8596484, 18.5507571]}}, {"type": "Feature", "properties": {"osmId": 13394400856, "id": "osm_tree_13394400856", "natural": "tree", "tree_height": 8.9, "height_source": "VISUAL_ESTIMATE", "genus": null, "species": null, "circumference": null, "diameter_crown": null, "source": "OPENSTREETMAP"}, "geometry": {"type": "Point", "coordinates": [73.8592509, 18.550472]}}, {"type": "Feature", "properties": {"osmId": 13394407315, "id": "osm_tree_13394407315", "natural": "tree", "tree_height": 8.55, "height_source": "VISUAL_ESTIMATE", "genus": null, "species": null, "circumference": null, "diameter_crown": null, "source": "OPENSTREETMAP"}, "geometry": {"type": "Point", "coordinates": [73.8781666, 18.5452791]}}, {"type": "Feature", "properties": {"osmId": 13394407798, "id": "osm_tree_13394407798", "natural": "tree", "tree_height": 5.050000000000001, "height_source": "VISUAL_ESTIMATE", "genus": null, "species": null, "circumference": null, "diameter_crown": null, "source": "OPENSTREETMAP"}, "geometry": {"type": "Point", "coordinates": [73.8799369, 18.5482029]}}, {"type": "Feature", "properties": {"osmId": 13394407799, "id": "osm_tree_13394407799", "natural": "tree", "tree_height": 5.4, "height_source": "VISUAL_ESTIMATE", "genus": null, "species": null, "circumference": null, "diameter_crown": null, "source": "OPENSTREETMAP"}, "geometry": {"type": "Point", "coordinates": [73.8797755, 18.5481714]}}, {"type": "Feature", "properties": {"osmId": 13394407800, "id": "osm_tree_13394407800", "natural": "tree", "tree_height": 5.75, "height_source": "VISUAL_ESTIMATE", "genus": null, "species": null, "circumference": null, "diameter_crown": null, "source": "OPENSTREETMAP"}, "geometry": {"type": "Point", "coordinates": [73.8801018, 18.5481001]}}, {"type": "Feature", "properties": {"osmId": 13394409022, "id": "osm_tree_13394409022", "natural": "tree", "tree_height": 5.050000000000001, "height_source": "VISUAL_ESTIMATE", "genus": null, "species": null, "circumference": null, "diameter_crown": null, "source": "OPENSTREETMAP"}, "geometry": {"type": "Point", "coordinates": [73.8668456, 18.5331719]}}, {"type": "Feature", "properties": {"osmId": 13394409023, "id": "osm_tree_13394409023", "natural": "tree", "tree_height": 5.4, "height_source": "VISUAL_ESTIMATE", "genus": null, "species": null, "circumference": null, "diameter_crown": null, "source": "OPENSTREETMAP"}, "geometry": {"type": "Point", "coordinates": [73.8663182, 18.5334672]}}, {"type": "Feature", "properties": {"osmId": 13394409024, "id": "osm_tree_13394409024", "natural": "tree", "tree_height": 5.75, "height_source": "VISUAL_ESTIMATE", "genus": null, "species": null, "circumference": null, "diameter_crown": null, "source": "OPENSTREETMAP"}, "geometry": {"type": "Point", "coordinates": [73.8661908, 18.5332994]}}, {"type": "Feature", "properties": {"osmId": 13394411301, "id": "osm_tree_13394411301", "natural": "tree", "tree_height": 5.4, "height_source": "VISUAL_ESTIMATE", "genus": null, "species": null, "circumference": null, "diameter_crown": null, "source": "OPENSTREETMAP"}, "geometry": {"type": "Point", "coordinates": [73.8549442, 18.5388371]}}, {"type": "Feature", "properties": {"osmId": 13394411302, "id": "osm_tree_13394411302", "natural": "tree", "tree_height": 5.75, "height_source": "VISUAL_ESTIMATE", "genus": null, "species": null, "circumference": null, "diameter_crown": null, "source": "OPENSTREETMAP"}, "geometry": {"type": "Point", "coordinates": [73.8548412, 18.5406583]}}, {"type": "Feature", "properties": {"osmId": 13394411303, "id": "osm_tree_13394411303", "natural": "tree", "tree_height": 6.1, "height_source": "VISUAL_ESTIMATE", "genus": null, "species": null, "circumference": null, "diameter_crown": null, "source": "OPENSTREETMAP"}, "geometry": {"type": "Point", "coordinates": [73.8548205, 18.5401341]}}, {"type": "Feature", "properties": {"osmId": 13394411304, "id": "osm_tree_13394411304", "natural": "tree", "tree_height": 6.45, "height_source": "VISUAL_ESTIMATE", "genus": null, "species": null, "circumference": null, "diameter_crown": null, "source": "OPENSTREETMAP"}, "geometry": {"type": "Point", "coordinates": [73.8548634, 18.5395535]}}, {"type": "Feature", "properties": {"osmId": 13394411305, "id": "osm_tree_13394411305", "natural": "tree", "tree_height": 6.8, "height_source": "VISUAL_ESTIMATE", "genus": null, "species": null, "circumference": null, "diameter_crown": null, "source": "OPENSTREETMAP"}, "geometry": {"type": "Point", "coordinates": [73.8548553, 18.5398118]}}, {"type": "Feature", "properties": {"osmId": 13394411306, "id": "osm_tree_13394411306", "natural": "tree", "tree_height": 7.15, "height_source": "VISUAL_ESTIMATE", "genus": null, "species": null, "circumference": null, "diameter_crown": null, "source": "OPENSTREETMAP"}, "geometry": {"type": "Point", "coordinates": [73.8548195, 18.5405303]}}, {"type": "Feature", "properties": {"osmId": 13394411307, "id": "osm_tree_13394411307", "natural": "tree", "tree_height": 7.5, "height_source": "VISUAL_ESTIMATE", "genus": null, "species": null, "circumference": null, "diameter_crown": null, "source": "OPENSTREETMAP"}, "geometry": {"type": "Point", "coordinates": [73.8548504, 18.5412642]}}, {"type": "Feature", "properties": {"osmId": 13394411308, "id": "osm_tree_13394411308", "natural": "tree", "tree_height": 7.85, "height_source": "VISUAL_ESTIMATE", "genus": null, "species": null, "circumference": null, "diameter_crown": null, "source": "OPENSTREETMAP"}, "geometry": {"type": "Point", "coordinates": [73.8548179, 18.541029]}}, {"type": "Feature", "properties": {"osmId": 13394411309, "id": "osm_tree_13394411309", "natural": "tree", "tree_height": 8.2, "height_source": "VISUAL_ESTIMATE", "genus": null, "species": null, "circumference": null, "diameter_crown": null, "source": "OPENSTREETMAP"}, "geometry": {"type": "Point", "coordinates": [73.854887, 18.5416034]}}, {"type": "Feature", "properties": {"osmId": 13394411310, "id": "osm_tree_13394411310", "natural": "tree", "tree_height": 8.55, "height_source": "VISUAL_ESTIMATE", "genus": null, "species": null, "circumference": null, "diameter_crown": null, "source": "OPENSTREETMAP"}, "geometry": {"type": "Point", "coordinates": [73.8548911, 18.5423742]}}, {"type": "Feature", "properties": {"osmId": 13394411311, "id": "osm_tree_13394411311", "natural": "tree", "tree_height": 8.9, "height_source": "VISUAL_ESTIMATE", "genus": null, "species": null, "circumference": null, "diameter_crown": null, "source": "OPENSTREETMAP"}, "geometry": {"type": "Point", "coordinates": [73.8550504, 18.543176]}}, {"type": "Feature", "properties": {"osmId": 13394411312, "id": "osm_tree_13394411312", "natural": "tree", "tree_height": 9.25, "height_source": "VISUAL_ESTIMATE", "genus": null, "species": null, "circumference": null, "diameter_crown": null, "source": "OPENSTREETMAP"}, "geometry": {"type": "Point", "coordinates": [73.8551805, 18.5434997]}}, {"type": "Feature", "properties": {"osmId": 13394411313, "id": "osm_tree_13394411313", "natural": "tree", "tree_height": 9.6, "height_source": "VISUAL_ESTIMATE", "genus": null, "species": null, "circumference": null, "diameter_crown": null, "source": "OPENSTREETMAP"}, "geometry": {"type": "Point", "coordinates": [73.8551805, 18.5438158]}}, {"type": "Feature", "properties": {"osmId": 13394411314, "id": "osm_tree_13394411314", "natural": "tree", "tree_height": 9.95, "height_source": "VISUAL_ESTIMATE", "genus": null, "species": null, "circumference": null, "diameter_crown": null, "source": "OPENSTREETMAP"}, "geometry": {"type": "Point", "coordinates": [73.8552537, 18.5439892]}}, {"type": "Feature", "properties": {"osmId": 13394411315, "id": "osm_tree_13394411315", "natural": "tree", "tree_height": 10.3, "height_source": "VISUAL_ESTIMATE", "genus": null, "species": null, "circumference": null, "diameter_crown": null, "source": "OPENSTREETMAP"}, "geometry": {"type": "Point", "coordinates": [73.8553675, 18.5446152]}}, {"type": "Feature", "properties": {"osmId": 13394411316, "id": "osm_tree_13394411316", "natural": "tree", "tree_height": 4.7, "height_source": "VISUAL_ESTIMATE", "genus": null, "species": null, "circumference": null, "diameter_crown": null, "source": "OPENSTREETMAP"}, "geometry": {"type": "Point", "coordinates": [73.8553675, 18.5443724]}}, {"type": "Feature", "properties": {"osmId": 13394411317, "id": "osm_tree_13394411317", "natural": "tree", "tree_height": 5.050000000000001, "height_source": "VISUAL_ESTIMATE", "genus": null, "species": null, "circumference": null, "diameter_crown": null, "source": "OPENSTREETMAP"}, "geometry": {"type": "Point", "coordinates": [73.8534625, 18.5445921]}}, {"type": "Feature", "properties": {"osmId": 13394411318, "id": "osm_tree_13394411318", "natural": "tree", "tree_height": 5.4, "height_source": "VISUAL_ESTIMATE", "genus": null, "species": null, "circumference": null, "diameter_crown": null, "source": "OPENSTREETMAP"}, "geometry": {"type": "Point", "coordinates": [73.8532389, 18.5444186]}}, {"type": "Feature", "properties": {"osmId": 13394411319, "id": "osm_tree_13394411319", "natural": "tree", "tree_height": 5.75, "height_source": "VISUAL_ESTIMATE", "genus": null, "species": null, "circumference": null, "diameter_crown": null, "source": "OPENSTREETMAP"}, "geometry": {"type": "Point", "coordinates": [73.852873, 18.5444764]}}, {"type": "Feature", "properties": {"osmId": 13394411320, "id": "osm_tree_13394411320", "natural": "tree", "tree_height": 6.1, "height_source": "VISUAL_ESTIMATE", "genus": null, "species": null, "circumference": null, "diameter_crown": null, "source": "OPENSTREETMAP"}, "geometry": {"type": "Point", "coordinates": [73.8536088, 18.5450045]}}, {"type": "Feature", "properties": {"osmId": 13394411321, "id": "osm_tree_13394411321", "natural": "tree", "tree_height": 6.45, "height_source": "VISUAL_ESTIMATE", "genus": null, "species": null, "circumference": null, "diameter_crown": null, "source": "OPENSTREETMAP"}, "geometry": {"type": "Point", "coordinates": [73.853991, 18.544885]}}, {"type": "Feature", "properties": {"osmId": 13394411322, "id": "osm_tree_13394411322", "natural": "tree", "tree_height": 6.8, "height_source": "VISUAL_ESTIMATE", "genus": null, "species": null, "circumference": null, "diameter_crown": null, "source": "OPENSTREETMAP"}, "geometry": {"type": "Point", "coordinates": [73.8540764, 18.5452434]}}, {"type": "Feature", "properties": {"osmId": 13394411323, "id": "osm_tree_13394411323", "natural": "tree", "tree_height": 7.15, "height_source": "VISUAL_ESTIMATE", "genus": null, "species": null, "circumference": null, "diameter_crown": null, "source": "OPENSTREETMAP"}, "geometry": {"type": "Point", "coordinates": [73.8550049, 18.5477411]}}, {"type": "Feature", "properties": {"osmId": 13394411324, "id": "osm_tree_13394411324", "natural": "tree", "tree_height": 7.5, "height_source": "VISUAL_ESTIMATE", "genus": null, "species": null, "circumference": null, "diameter_crown": null, "source": "OPENSTREETMAP"}, "geometry": {"type": "Point", "coordinates": [73.8551635, 18.5480841]}}, {"type": "Feature", "properties": {"osmId": 13394411325, "id": "osm_tree_13394411325", "natural": "tree", "tree_height": 7.85, "height_source": "VISUAL_ESTIMATE", "genus": null, "species": null, "circumference": null, "diameter_crown": null, "source": "OPENSTREETMAP"}, "geometry": {"type": "Point", "coordinates": [73.8553301, 18.5483847]}}, {"type": "Feature", "properties": {"osmId": 13394411326, "id": "osm_tree_13394411326", "natural": "tree", "tree_height": 8.2, "height_source": "VISUAL_ESTIMATE", "genus": null, "species": null, "circumference": null, "diameter_crown": null, "source": "OPENSTREETMAP"}, "geometry": {"type": "Point", "coordinates": [73.8553342, 18.5480263]}}, {"type": "Feature", "properties": {"osmId": 13394411327, "id": "osm_tree_13394411327", "natural": "tree", "tree_height": 8.55, "height_source": "VISUAL_ESTIMATE", "genus": null, "species": null, "circumference": null, "diameter_crown": null, "source": "OPENSTREETMAP"}, "geometry": {"type": "Point", "coordinates": [73.8551675, 18.5478528]}}, {"type": "Feature", "properties": {"osmId": 13394411328, "id": "osm_tree_13394411328", "natural": "tree", "tree_height": 8.9, "height_source": "VISUAL_ESTIMATE", "genus": null, "species": null, "circumference": null, "diameter_crown": null, "source": "OPENSTREETMAP"}, "geometry": {"type": "Point", "coordinates": [73.8555529, 18.5494138]}}, {"type": "Feature", "properties": {"osmId": 13394411329, "id": "osm_tree_13394411329", "natural": "tree", "tree_height": 9.25, "height_source": "VISUAL_ESTIMATE", "genus": null, "species": null, "circumference": null, "diameter_crown": null, "source": "OPENSTREETMAP"}, "geometry": {"type": "Point", "coordinates": [73.8555773, 18.5489669]}}, {"type": "Feature", "properties": {"osmId": 13394411330, "id": "osm_tree_13394411330", "natural": "tree", "tree_height": 9.6, "height_source": "VISUAL_ESTIMATE", "genus": null, "species": null, "circumference": null, "diameter_crown": null, "source": "OPENSTREETMAP"}, "geometry": {"type": "Point", "coordinates": [73.8553713, 18.5486821]}}, {"type": "Feature", "properties": {"osmId": 13394411331, "id": "osm_tree_13394411331", "natural": "tree", "tree_height": 9.95, "height_source": "VISUAL_ESTIMATE", "genus": null, "species": null, "circumference": null, "diameter_crown": null, "source": "OPENSTREETMAP"}, "geometry": {"type": "Point", "coordinates": [73.8549867, 18.5473564]}}, {"type": "Feature", "properties": {"osmId": 13394411332, "id": "osm_tree_13394411332", "natural": "tree", "tree_height": 10.3, "height_source": "VISUAL_ESTIMATE", "genus": null, "species": null, "circumference": null, "diameter_crown": null, "source": "OPENSTREETMAP"}, "geometry": {"type": "Point", "coordinates": [73.8545924, 18.5472395]}}, {"type": "Feature", "properties": {"osmId": 13394411333, "id": "osm_tree_13394411333", "natural": "tree", "tree_height": 4.7, "height_source": "VISUAL_ESTIMATE", "genus": null, "species": null, "circumference": null, "diameter_crown": null, "source": "OPENSTREETMAP"}, "geometry": {"type": "Point", "coordinates": [73.8544081, 18.5476473]}}, {"type": "Feature", "properties": {"osmId": 13394411334, "id": "osm_tree_13394411334", "natural": "tree", "tree_height": 5.050000000000001, "height_source": "VISUAL_ESTIMATE", "genus": null, "species": null, "circumference": null, "diameter_crown": null, "source": "OPENSTREETMAP"}, "geometry": {"type": "Point", "coordinates": [73.8544069, 18.5482847]}}, {"type": "Feature", "properties": {"osmId": 13394411335, "id": "osm_tree_13394411335", "natural": "tree", "tree_height": 5.4, "height_source": "VISUAL_ESTIMATE", "genus": null, "species": null, "circumference": null, "diameter_crown": null, "source": "OPENSTREETMAP"}, "geometry": {"type": "Point", "coordinates": [73.8541912, 18.5479537]}}, {"type": "Feature", "properties": {"osmId": 13394411336, "id": "osm_tree_13394411336", "natural": "tree", "tree_height": 5.75, "height_source": "VISUAL_ESTIMATE", "genus": null, "species": null, "circumference": null, "diameter_crown": null, "source": "OPENSTREETMAP"}, "geometry": {"type": "Point", "coordinates": [73.8547445, 18.5487412]}}, {"type": "Feature", "properties": {"osmId": 13394411337, "id": "osm_tree_13394411337", "natural": "tree", "tree_height": 6.1, "height_source": "VISUAL_ESTIMATE", "genus": null, "species": null, "circumference": null, "diameter_crown": null, "source": "OPENSTREETMAP"}, "geometry": {"type": "Point", "coordinates": [73.8548437, 18.5489319]}}, {"type": "Feature", "properties": {"osmId": 13394411338, "id": "osm_tree_13394411338", "natural": "tree", "tree_height": 6.45, "height_source": "VISUAL_ESTIMATE", "genus": null, "species": null, "circumference": null, "diameter_crown": null, "source": "OPENSTREETMAP"}, "geometry": {"type": "Point", "coordinates": [73.8545701, 18.5483262]}}, {"type": "Feature", "properties": {"osmId": 13394411339, "id": "osm_tree_13394411339", "natural": "tree", "tree_height": 6.8, "height_source": "VISUAL_ESTIMATE", "genus": null, "species": null, "circumference": null, "diameter_crown": null, "source": "OPENSTREETMAP"}, "geometry": {"type": "Point", "coordinates": [73.8537687, 18.5472689]}}, {"type": "Feature", "properties": {"osmId": 13394411340, "id": "osm_tree_13394411340", "natural": "tree", "tree_height": 7.15, "height_source": "VISUAL_ESTIMATE", "genus": null, "species": null, "circumference": null, "diameter_crown": null, "source": "OPENSTREETMAP"}, "geometry": {"type": "Point", "coordinates": [73.8540476, 18.5471804]}}, {"type": "Feature", "properties": {"osmId": 13394411341, "id": "osm_tree_13394411341", "natural": "tree", "tree_height": 7.5, "height_source": "VISUAL_ESTIMATE", "genus": null, "species": null, "circumference": null, "diameter_crown": null, "source": "OPENSTREETMAP"}, "geometry": {"type": "Point", "coordinates": [73.8547123, 18.546772]}}, {"type": "Feature", "properties": {"osmId": 13394411342, "id": "osm_tree_13394411342", "natural": "tree", "tree_height": 7.85, "height_source": "VISUAL_ESTIMATE", "genus": null, "species": null, "circumference": null, "diameter_crown": null, "source": "OPENSTREETMAP"}, "geometry": {"type": "Point", "coordinates": [73.8547647, 18.5480089]}}, {"type": "Feature", "properties": {"osmId": 13394411343, "id": "osm_tree_13394411343", "natural": "tree", "tree_height": 8.2, "height_source": "VISUAL_ESTIMATE", "genus": null, "species": null, "circumference": null, "diameter_crown": null, "source": "OPENSTREETMAP"}, "geometry": {"type": "Point", "coordinates": [73.8533552, 18.5492761]}}, {"type": "Feature", "properties": {"osmId": 13394411344, "id": "osm_tree_13394411344", "natural": "tree", "tree_height": 8.55, "height_source": "VISUAL_ESTIMATE", "genus": null, "species": null, "circumference": null, "diameter_crown": null, "source": "OPENSTREETMAP"}, "geometry": {"type": "Point", "coordinates": [73.8528616, 18.5496982]}}, {"type": "Feature", "properties": {"osmId": 13394411345, "id": "osm_tree_13394411345", "natural": "tree", "tree_height": 8.9, "height_source": "VISUAL_ESTIMATE", "genus": null, "species": null, "circumference": null, "diameter_crown": null, "source": "OPENSTREETMAP"}, "geometry": {"type": "Point", "coordinates": [73.8525044, 18.5499016]}}, {"type": "Feature", "properties": {"osmId": 13394411346, "id": "osm_tree_13394411346", "natural": "tree", "tree_height": 9.25, "height_source": "VISUAL_ESTIMATE", "genus": null, "species": null, "circumference": null, "diameter_crown": null, "source": "OPENSTREETMAP"}, "geometry": {"type": "Point", "coordinates": [73.8508414, 18.5509686]}}, {"type": "Feature", "properties": {"osmId": 13394411349, "id": "osm_tree_13394411349", "natural": "tree", "tree_height": 10.3, "height_source": "VISUAL_ESTIMATE", "genus": null, "species": null, "circumference": null, "diameter_crown": null, "source": "OPENSTREETMAP"}, "geometry": {"type": "Point", "coordinates": [73.849231, 18.5509577]}}, {"type": "Feature", "properties": {"osmId": 13394411788, "id": "osm_tree_13394411788", "natural": "tree", "tree_height": 9.25, "height_source": "VISUAL_ESTIMATE", "genus": null, "species": null, "circumference": null, "diameter_crown": null, "source": "OPENSTREETMAP"}, "geometry": {"type": "Point", "coordinates": [73.8553941, 18.5503191]}}, {"type": "Feature", "properties": {"osmId": 13394411789, "id": "osm_tree_13394411789", "natural": "tree", "tree_height": 9.6, "height_source": "VISUAL_ESTIMATE", "genus": null, "species": null, "circumference": null, "diameter_crown": null, "source": "OPENSTREETMAP"}, "geometry": {"type": "Point", "coordinates": [73.8541589, 18.5501641]}}, {"type": "Feature", "properties": {"osmId": 13394411790, "id": "osm_tree_13394411790", "natural": "tree", "tree_height": 9.95, "height_source": "VISUAL_ESTIMATE", "genus": null, "species": null, "circumference": null, "diameter_crown": null, "source": "OPENSTREETMAP"}, "geometry": {"type": "Point", "coordinates": [73.853633, 18.5503629]}}, {"type": "Feature", "properties": {"osmId": 13394411791, "id": "osm_tree_13394411791", "natural": "tree", "tree_height": 10.3, "height_source": "VISUAL_ESTIMATE", "genus": null, "species": null, "circumference": null, "diameter_crown": null, "source": "OPENSTREETMAP"}, "geometry": {"type": "Point", "coordinates": [73.8538899, 18.5504626]}}, {"type": "Feature", "properties": {"osmId": 13394411792, "id": "osm_tree_13394411792", "natural": "tree", "tree_height": 4.7, "height_source": "VISUAL_ESTIMATE", "genus": null, "species": null, "circumference": null, "diameter_crown": null, "source": "OPENSTREETMAP"}, "geometry": {"type": "Point", "coordinates": [73.8537754, 18.5503607]}}, {"type": "Feature", "properties": {"osmId": 13394411793, "id": "osm_tree_13394411793", "natural": "tree", "tree_height": 5.050000000000001, "height_source": "VISUAL_ESTIMATE", "genus": null, "species": null, "circumference": null, "diameter_crown": null, "source": "OPENSTREETMAP"}, "geometry": {"type": "Point", "coordinates": [73.8538688, 18.5502545]}}, {"type": "Feature", "properties": {"osmId": 13394411794, "id": "osm_tree_13394411794", "natural": "tree", "tree_height": 5.4, "height_source": "VISUAL_ESTIMATE", "genus": null, "species": null, "circumference": null, "diameter_crown": null, "source": "OPENSTREETMAP"}, "geometry": {"type": "Point", "coordinates": [73.8540416, 18.5504227]}}, {"type": "Feature", "properties": {"osmId": 13394411795, "id": "osm_tree_13394411795", "natural": "tree", "tree_height": 5.75, "height_source": "VISUAL_ESTIMATE", "genus": null, "species": null, "circumference": null, "diameter_crown": null, "source": "OPENSTREETMAP"}, "geometry": {"type": "Point", "coordinates": [73.8539973, 18.5502058]}}, {"type": "Feature", "properties": {"osmId": 13394411796, "id": "osm_tree_13394411796", "natural": "tree", "tree_height": 6.1, "height_source": "VISUAL_ESTIMATE", "genus": null, "species": null, "circumference": null, "diameter_crown": null, "source": "OPENSTREETMAP"}, "geometry": {"type": "Point", "coordinates": [73.85272, 18.5506622]}}, {"type": "Feature", "properties": {"osmId": 13394411797, "id": "osm_tree_13394411797", "natural": "tree", "tree_height": 6.45, "height_source": "VISUAL_ESTIMATE", "genus": null, "species": null, "circumference": null, "diameter_crown": null, "source": "OPENSTREETMAP"}, "geometry": {"type": "Point", "coordinates": [73.8528391, 18.5506069]}}, {"type": "Feature", "properties": {"osmId": 13394415335, "id": "osm_tree_13394415335", "natural": "tree", "tree_height": 7.15, "height_source": "VISUAL_ESTIMATE", "genus": null, "species": null, "circumference": null, "diameter_crown": null, "source": "OPENSTREETMAP"}, "geometry": {"type": "Point", "coordinates": [73.8648266, 18.5352489]}}, {"type": "Feature", "properties": {"osmId": 13394415336, "id": "osm_tree_13394415336", "natural": "tree", "tree_height": 7.5, "height_source": "VISUAL_ESTIMATE", "genus": null, "species": null, "circumference": null, "diameter_crown": null, "source": "OPENSTREETMAP"}, "geometry": {"type": "Point", "coordinates": [73.8651031, 18.5359963]}}, {"type": "Feature", "properties": {"osmId": 13394415337, "id": "osm_tree_13394415337", "natural": "tree", "tree_height": 7.85, "height_source": "VISUAL_ESTIMATE", "genus": null, "species": null, "circumference": null, "diameter_crown": null, "source": "OPENSTREETMAP"}, "geometry": {"type": "Point", "coordinates": [73.8656015, 18.5364702]}}, {"type": "Feature", "properties": {"osmId": 13394415338, "id": "osm_tree_13394415338", "natural": "tree", "tree_height": 8.2, "height_source": "VISUAL_ESTIMATE", "genus": null, "species": null, "circumference": null, "diameter_crown": null, "source": "OPENSTREETMAP"}, "geometry": {"type": "Point", "coordinates": [73.8659634, 18.5367978]}}, {"type": "Feature", "properties": {"osmId": 13394415339, "id": "osm_tree_13394415339", "natural": "tree", "tree_height": 8.55, "height_source": "VISUAL_ESTIMATE", "genus": null, "species": null, "circumference": null, "diameter_crown": null, "source": "OPENSTREETMAP"}, "geometry": {"type": "Point", "coordinates": [73.8662195, 18.5369983]}}, {"type": "Feature", "properties": {"osmId": 13394415340, "id": "osm_tree_13394415340", "natural": "tree", "tree_height": 8.9, "height_source": "VISUAL_ESTIMATE", "genus": null, "species": null, "circumference": null, "diameter_crown": null, "source": "OPENSTREETMAP"}, "geometry": {"type": "Point", "coordinates": [73.865943, 18.5364355]}}, {"type": "Feature", "properties": {"osmId": 13394415341, "id": "osm_tree_13394415341", "natural": "tree", "tree_height": 9.25, "height_source": "VISUAL_ESTIMATE", "genus": null, "species": null, "circumference": null, "diameter_crown": null, "source": "OPENSTREETMAP"}, "geometry": {"type": "Point", "coordinates": [73.8667659, 18.5374855]}}, {"type": "Feature", "properties": {"osmId": 13394415342, "id": "osm_tree_13394415342", "natural": "tree", "tree_height": 9.6, "height_source": "VISUAL_ESTIMATE", "genus": null, "species": null, "circumference": null, "diameter_crown": null, "source": "OPENSTREETMAP"}, "geometry": {"type": "Point", "coordinates": [73.8678286, 18.5380336]}}, {"type": "Feature", "properties": {"osmId": 13394415343, "id": "osm_tree_13394415343", "natural": "tree", "tree_height": 9.95, "height_source": "VISUAL_ESTIMATE", "genus": null, "species": null, "circumference": null, "diameter_crown": null, "source": "OPENSTREETMAP"}, "geometry": {"type": "Point", "coordinates": [73.8674749, 18.5376019]}}, {"type": "Feature", "properties": {"osmId": 13394415344, "id": "osm_tree_13394415344", "natural": "tree", "tree_height": 10.3, "height_source": "VISUAL_ESTIMATE", "genus": null, "species": null, "circumference": null, "diameter_crown": null, "source": "OPENSTREETMAP"}, "geometry": {"type": "Point", "coordinates": [73.8690426, 18.5385578]}}, {"type": "Feature", "properties": {"osmId": 13394415345, "id": "osm_tree_13394415345", "natural": "tree", "tree_height": 4.7, "height_source": "VISUAL_ESTIMATE", "genus": null, "species": null, "circumference": null, "diameter_crown": null, "source": "OPENSTREETMAP"}, "geometry": {"type": "Point", "coordinates": [73.8690629, 18.5383227]}}, {"type": "Feature", "properties": {"osmId": 13394415346, "id": "osm_tree_13394415346", "natural": "tree", "tree_height": 5.050000000000001, "height_source": "VISUAL_ESTIMATE", "genus": null, "species": null, "circumference": null, "diameter_crown": null, "source": "OPENSTREETMAP"}, "geometry": {"type": "Point", "coordinates": [73.868819, 18.5381107]}}, {"type": "Feature", "properties": {"osmId": 13394415347, "id": "osm_tree_13394415347", "natural": "tree", "tree_height": 5.4, "height_source": "VISUAL_ESTIMATE", "genus": null, "species": null, "circumference": null, "diameter_crown": null, "source": "OPENSTREETMAP"}, "geometry": {"type": "Point", "coordinates": [73.8677367, 18.5376297]}}, {"type": "Feature", "properties": {"osmId": 13394415348, "id": "osm_tree_13394415348", "natural": "tree", "tree_height": 5.75, "height_source": "VISUAL_ESTIMATE", "genus": null, "species": null, "circumference": null, "diameter_crown": null, "source": "OPENSTREETMAP"}, "geometry": {"type": "Point", "coordinates": [73.8685864, 18.5377145]}}, {"type": "Feature", "properties": {"osmId": 13394415349, "id": "osm_tree_13394415349", "natural": "tree", "tree_height": 6.1, "height_source": "VISUAL_ESTIMATE", "genus": null, "species": null, "circumference": null, "diameter_crown": null, "source": "OPENSTREETMAP"}, "geometry": {"type": "Point", "coordinates": [73.8681433, 18.5368202]}}, {"type": "Feature", "properties": {"osmId": 13394415350, "id": "osm_tree_13394415350", "natural": "tree", "tree_height": 6.45, "height_source": "VISUAL_ESTIMATE", "genus": null, "species": null, "circumference": null, "diameter_crown": null, "source": "OPENSTREETMAP"}, "geometry": {"type": "Point", "coordinates": [73.8676879, 18.5370129]}}, {"type": "Feature", "properties": {"osmId": 13394415351, "id": "osm_tree_13394415351", "natural": "tree", "tree_height": 6.8, "height_source": "VISUAL_ESTIMATE", "genus": null, "species": null, "circumference": null, "diameter_crown": null, "source": "OPENSTREETMAP"}, "geometry": {"type": "Point", "coordinates": [73.8672895, 18.5367315]}}, {"type": "Feature", "properties": {"osmId": 13394415352, "id": "osm_tree_13394415352", "natural": "tree", "tree_height": 7.15, "height_source": "VISUAL_ESTIMATE", "genus": null, "species": null, "circumference": null, "diameter_crown": null, "source": "OPENSTREETMAP"}, "geometry": {"type": "Point", "coordinates": [73.8676473, 18.5366737]}}, {"type": "Feature", "properties": {"osmId": 13394415353, "id": "osm_tree_13394415353", "natural": "tree", "tree_height": 7.5, "height_source": "VISUAL_ESTIMATE", "genus": null, "species": null, "circumference": null, "diameter_crown": null, "source": "OPENSTREETMAP"}, "geometry": {"type": "Point", "coordinates": [73.8664878, 18.5360932]}}, {"type": "Feature", "properties": {"osmId": 13394415354, "id": "osm_tree_13394415354", "natural": "tree", "tree_height": 7.85, "height_source": "VISUAL_ESTIMATE", "genus": null, "species": null, "circumference": null, "diameter_crown": null, "source": "OPENSTREETMAP"}, "geometry": {"type": "Point", "coordinates": [73.8667724, 18.5364633]}}, {"type": "Feature", "properties": {"osmId": 13394415355, "id": "osm_tree_13394415355", "natural": "tree", "tree_height": 8.2, "height_source": "VISUAL_ESTIMATE", "genus": null, "species": null, "circumference": null, "diameter_crown": null, "source": "OPENSTREETMAP"}, "geometry": {"type": "Point", "coordinates": [73.8662927, 18.536417]}}, {"type": "Feature", "properties": {"osmId": 13394415356, "id": "osm_tree_13394415356", "natural": "tree", "tree_height": 8.55, "height_source": "VISUAL_ESTIMATE", "genus": null, "species": null, "circumference": null, "diameter_crown": null, "source": "OPENSTREETMAP"}, "geometry": {"type": "Point", "coordinates": [73.8658861, 18.5358704]}}, {"type": "Feature", "properties": {"osmId": 13394415357, "id": "osm_tree_13394415357", "natural": "tree", "tree_height": 8.9, "height_source": "VISUAL_ESTIMATE", "genus": null, "species": null, "circumference": null, "diameter_crown": null, "source": "OPENSTREETMAP"}, "geometry": {"type": "Point", "coordinates": [73.8663902, 18.5355929]}}, {"type": "Feature", "properties": {"osmId": 13394415358, "id": "osm_tree_13394415358", "natural": "tree", "tree_height": 9.25, "height_source": "VISUAL_ESTIMATE", "genus": null, "species": null, "circumference": null, "diameter_crown": null, "source": "OPENSTREETMAP"}, "geometry": {"type": "Point", "coordinates": [73.8667846, 18.5360092]}}, {"type": "Feature", "properties": {"osmId": 13394415359, "id": "osm_tree_13394415359", "natural": "tree", "tree_height": 9.6, "height_source": "VISUAL_ESTIMATE", "genus": null, "species": null, "circumference": null, "diameter_crown": null, "source": "OPENSTREETMAP"}, "geometry": {"type": "Point", "coordinates": [73.8669188, 18.5353]}}, {"type": "Feature", "properties": {"osmId": 13394415360, "id": "osm_tree_13394415360", "natural": "tree", "tree_height": 9.95, "height_source": "VISUAL_ESTIMATE", "genus": null, "species": null, "circumference": null, "diameter_crown": null, "source": "OPENSTREETMAP"}, "geometry": {"type": "Point", "coordinates": [73.8664634, 18.5352922]}}, {"type": "Feature", "properties": {"osmId": 13394415361, "id": "osm_tree_13394415361", "natural": "tree", "tree_height": 10.3, "height_source": "VISUAL_ESTIMATE", "genus": null, "species": null, "circumference": null, "diameter_crown": null, "source": "OPENSTREETMAP"}, "geometry": {"type": "Point", "coordinates": [73.8662845, 18.5350186]}}, {"type": "Feature", "properties": {"osmId": 13394415362, "id": "osm_tree_13394415362", "natural": "tree", "tree_height": 4.7, "height_source": "VISUAL_ESTIMATE", "genus": null, "species": null, "circumference": null, "diameter_crown": null, "source": "OPENSTREETMAP"}, "geometry": {"type": "Point", "coordinates": [73.8652763, 18.5351496]}}, {"type": "Feature", "properties": {"osmId": 13394415363, "id": "osm_tree_13394415363", "natural": "tree", "tree_height": 5.050000000000001, "height_source": "VISUAL_ESTIMATE", "genus": null, "species": null, "circumference": null, "diameter_crown": null, "source": "OPENSTREETMAP"}, "geometry": {"type": "Point", "coordinates": [73.8653088, 18.5349338]}}, {"type": "Feature", "properties": {"osmId": 13394415364, "id": "osm_tree_13394415364", "natural": "tree", "tree_height": 5.4, "height_source": "VISUAL_ESTIMATE", "genus": null, "species": null, "circumference": null, "diameter_crown": null, "source": "OPENSTREETMAP"}, "geometry": {"type": "Point", "coordinates": [73.8652763, 18.5357047]}}, {"type": "Feature", "properties": {"osmId": 13394415365, "id": "osm_tree_13394415365", "natural": "tree", "tree_height": 5.75, "height_source": "VISUAL_ESTIMATE", "genus": null, "species": null, "circumference": null, "diameter_crown": null, "source": "OPENSTREETMAP"}, "geometry": {"type": "Point", "coordinates": [73.8657438, 18.5354503]}}, {"type": "Feature", "properties": {"osmId": 13394415366, "id": "osm_tree_13394415366", "natural": "tree", "tree_height": 6.1, "height_source": "VISUAL_ESTIMATE", "genus": null, "species": null, "circumference": null, "diameter_crown": null, "source": "OPENSTREETMAP"}, "geometry": {"type": "Point", "coordinates": [73.8653454, 18.5354117]}}, {"type": "Feature", "properties": {"osmId": 13394415367, "id": "osm_tree_13394415367", "natural": "tree", "tree_height": 6.45, "height_source": "VISUAL_ESTIMATE", "genus": null, "species": null, "circumference": null, "diameter_crown": null, "source": "OPENSTREETMAP"}, "geometry": {"type": "Point", "coordinates": [73.8656869, 18.5351134]}}, {"type": "Feature", "properties": {"osmId": 13394415368, "id": "osm_tree_13394415368", "natural": "tree", "tree_height": 6.8, "height_source": "VISUAL_ESTIMATE", "genus": null, "species": null, "circumference": null, "diameter_crown": null, "source": "OPENSTREETMAP"}, "geometry": {"type": "Point", "coordinates": [73.8647315, 18.534832]}}, {"type": "Feature", "properties": {"osmId": 13394416420, "id": "osm_tree_13394416420", "natural": "tree", "tree_height": 6.1, "height_source": "VISUAL_ESTIMATE", "genus": null, "species": null, "circumference": null, "diameter_crown": null, "source": "OPENSTREETMAP"}, "geometry": {"type": "Point", "coordinates": [73.8639155, 18.5336593]}}, {"type": "Feature", "properties": {"osmId": 13394416421, "id": "osm_tree_13394416421", "natural": "tree", "tree_height": 6.45, "height_source": "VISUAL_ESTIMATE", "genus": null, "species": null, "circumference": null, "diameter_crown": null, "source": "OPENSTREETMAP"}, "geometry": {"type": "Point", "coordinates": [73.864337, 18.5338734]}}, {"type": "Feature", "properties": {"osmId": 13394416422, "id": "osm_tree_13394416422", "natural": "tree", "tree_height": 6.8, "height_source": "VISUAL_ESTIMATE", "genus": null, "species": null, "circumference": null, "diameter_crown": null, "source": "OPENSTREETMAP"}, "geometry": {"type": "Point", "coordinates": [73.8636168, 18.5334754]}}, {"type": "Feature", "properties": {"osmId": 13394416423, "id": "osm_tree_13394416423", "natural": "tree", "tree_height": 7.15, "height_source": "VISUAL_ESTIMATE", "genus": null, "species": null, "circumference": null, "diameter_crown": null, "source": "OPENSTREETMAP"}, "geometry": {"type": "Point", "coordinates": [73.8636681, 18.5333999]}}, {"type": "Feature", "properties": {"osmId": 13394416424, "id": "osm_tree_13394416424", "natural": "tree", "tree_height": 7.5, "height_source": "VISUAL_ESTIMATE", "genus": null, "species": null, "circumference": null, "diameter_crown": null, "source": "OPENSTREETMAP"}, "geometry": {"type": "Point", "coordinates": [73.8640415, 18.5332992]}}, {"type": "Feature", "properties": {"osmId": 13394416483, "id": "osm_tree_13394416483", "natural": "tree", "tree_height": 10.3, "height_source": "VISUAL_ESTIMATE", "genus": null, "species": null, "circumference": null, "diameter_crown": null, "source": "OPENSTREETMAP"}, "geometry": {"type": "Point", "coordinates": [73.8724561, 18.5423304]}}, {"type": "Feature", "properties": {"osmId": 13394416484, "id": "osm_tree_13394416484", "natural": "tree", "tree_height": 4.7, "height_source": "VISUAL_ESTIMATE", "genus": null, "species": null, "circumference": null, "diameter_crown": null, "source": "OPENSTREETMAP"}, "geometry": {"type": "Point", "coordinates": [73.8725612, 18.5424898]}}, {"type": "Feature", "properties": {"osmId": 13394416485, "id": "osm_tree_13394416485", "natural": "tree", "tree_height": 5.050000000000001, "height_source": "VISUAL_ESTIMATE", "genus": null, "species": null, "circumference": null, "diameter_crown": null, "source": "OPENSTREETMAP"}, "geometry": {"type": "Point", "coordinates": [73.8725495, 18.5423326]}}, {"type": "Feature", "properties": {"osmId": 13394416486, "id": "osm_tree_13394416486", "natural": "tree", "tree_height": 5.4, "height_source": "VISUAL_ESTIMATE", "genus": null, "species": null, "circumference": null, "diameter_crown": null, "source": "OPENSTREETMAP"}, "geometry": {"type": "Point", "coordinates": [73.872274, 18.5421798]}}, {"type": "Feature", "properties": {"osmId": 13394416487, "id": "osm_tree_13394416487", "natural": "tree", "tree_height": 5.75, "height_source": "VISUAL_ESTIMATE", "genus": null, "species": null, "circumference": null, "diameter_crown": null, "source": "OPENSTREETMAP"}, "geometry": {"type": "Point", "coordinates": [73.8721362, 18.542616]}}, {"type": "Feature", "properties": {"osmId": 13394416488, "id": "osm_tree_13394416488", "natural": "tree", "tree_height": 6.1, "height_source": "VISUAL_ESTIMATE", "genus": null, "species": null, "circumference": null, "diameter_crown": null, "source": "OPENSTREETMAP"}, "geometry": {"type": "Point", "coordinates": [73.8715394, 18.5424079]}}, {"type": "Feature", "properties": {"osmId": 13394416489, "id": "osm_tree_13394416489", "natural": "tree", "tree_height": 6.45, "height_source": "VISUAL_ESTIMATE", "genus": null, "species": null, "circumference": null, "diameter_crown": null, "source": "OPENSTREETMAP"}, "geometry": {"type": "Point", "coordinates": [73.8716071, 18.5421975]}}, {"type": "Feature", "properties": {"osmId": 13394416490, "id": "osm_tree_13394416490", "natural": "tree", "tree_height": 6.8, "height_source": "VISUAL_ESTIMATE", "genus": null, "species": null, "circumference": null, "diameter_crown": null, "source": "OPENSTREETMAP"}, "geometry": {"type": "Point", "coordinates": [73.8707595, 18.5418168]}}, {"type": "Feature", "properties": {"osmId": 13394416491, "id": "osm_tree_13394416491", "natural": "tree", "tree_height": 7.15, "height_source": "VISUAL_ESTIMATE", "genus": null, "species": null, "circumference": null, "diameter_crown": null, "source": "OPENSTREETMAP"}, "geometry": {"type": "Point", "coordinates": [73.8719377, 18.5422865]}}, {"type": "Feature", "properties": {"osmId": 13394416492, "id": "osm_tree_13394416492", "natural": "tree", "tree_height": 7.5, "height_source": "VISUAL_ESTIMATE", "genus": null, "species": null, "circumference": null, "diameter_crown": null, "source": "OPENSTREETMAP"}, "geometry": {"type": "Point", "coordinates": [73.8719167, 18.5425987]}}, {"type": "Feature", "properties": {"osmId": 13394416493, "id": "osm_tree_13394416493", "natural": "tree", "tree_height": 7.85, "height_source": "VISUAL_ESTIMATE", "genus": null, "species": null, "circumference": null, "diameter_crown": null, "source": "OPENSTREETMAP"}, "geometry": {"type": "Point", "coordinates": [73.8727634, 18.5424955]}}, {"type": "Feature", "properties": {"osmId": 13394416494, "id": "osm_tree_13394416494", "natural": "tree", "tree_height": 8.2, "height_source": "VISUAL_ESTIMATE", "genus": null, "species": null, "circumference": null, "diameter_crown": null, "source": "OPENSTREETMAP"}, "geometry": {"type": "Point", "coordinates": [73.8732631, 18.5427714]}}, {"type": "Feature", "properties": {"osmId": 13394416495, "id": "osm_tree_13394416495", "natural": "tree", "tree_height": 8.55, "height_source": "VISUAL_ESTIMATE", "genus": null, "species": null, "circumference": null, "diameter_crown": null, "source": "OPENSTREETMAP"}, "geometry": {"type": "Point", "coordinates": [73.8728895, 18.5424946]}}, {"type": "Feature", "properties": {"osmId": 13394416496, "id": "osm_tree_13394416496", "natural": "tree", "tree_height": 8.9, "height_source": "VISUAL_ESTIMATE", "genus": null, "species": null, "circumference": null, "diameter_crown": null, "source": "OPENSTREETMAP"}, "geometry": {"type": "Point", "coordinates": [73.8732888, 18.5424969]}}, {"type": "Feature", "properties": {"osmId": 13394416497, "id": "osm_tree_13394416497", "natural": "tree", "tree_height": 9.25, "height_source": "VISUAL_ESTIMATE", "genus": null, "species": null, "circumference": null, "diameter_crown": null, "source": "OPENSTREETMAP"}, "geometry": {"type": "Point", "coordinates": [73.8734545, 18.5427581]}}, {"type": "Feature", "properties": {"osmId": 13394416498, "id": "osm_tree_13394416498", "natural": "tree", "tree_height": 9.6, "height_source": "VISUAL_ESTIMATE", "genus": null, "species": null, "circumference": null, "diameter_crown": null, "source": "OPENSTREETMAP"}, "geometry": {"type": "Point", "coordinates": [73.8733261, 18.542716]}}, {"type": "Feature", "properties": {"osmId": 13394416499, "id": "osm_tree_13394416499", "natural": "tree", "tree_height": 9.95, "height_source": "VISUAL_ESTIMATE", "genus": null, "species": null, "circumference": null, "diameter_crown": null, "source": "OPENSTREETMAP"}, "geometry": {"type": "Point", "coordinates": [73.873597, 18.5428865]}}, {"type": "Feature", "properties": {"osmId": 13394416500, "id": "osm_tree_13394416500", "natural": "tree", "tree_height": 10.3, "height_source": "VISUAL_ESTIMATE", "genus": null, "species": null, "circumference": null, "diameter_crown": null, "source": "OPENSTREETMAP"}, "geometry": {"type": "Point", "coordinates": [73.8734303, 18.5431442]}}, {"type": "Feature", "properties": {"osmId": 13394416862, "id": "osm_tree_13394416862", "natural": "tree", "tree_height": 6.1, "height_source": "VISUAL_ESTIMATE", "genus": null, "species": null, "circumference": null, "diameter_crown": null, "source": "OPENSTREETMAP"}, "geometry": {"type": "Point", "coordinates": [73.8803461, 18.5472098]}}, {"type": "Feature", "properties": {"osmId": 13394419917, "id": "osm_tree_13394419917", "natural": "tree", "tree_height": 10.3, "height_source": "VISUAL_ESTIMATE", "genus": null, "species": null, "circumference": null, "diameter_crown": null, "source": "OPENSTREETMAP"}, "geometry": {"type": "Point", "coordinates": [73.8777206, 18.5458317]}}, {"type": "Feature", "properties": {"osmId": 13394419918, "id": "osm_tree_13394419918", "natural": "tree", "tree_height": 4.7, "height_source": "VISUAL_ESTIMATE", "genus": null, "species": null, "circumference": null, "diameter_crown": null, "source": "OPENSTREETMAP"}, "geometry": {"type": "Point", "coordinates": [73.8777626, 18.5458937]}}, {"type": "Feature", "properties": {"osmId": 13394419919, "id": "osm_tree_13394419919", "natural": "tree", "tree_height": 5.050000000000001, "height_source": "VISUAL_ESTIMATE", "genus": null, "species": null, "circumference": null, "diameter_crown": null, "source": "OPENSTREETMAP"}, "geometry": {"type": "Point", "coordinates": [73.8782016, 18.5461814]}}, {"type": "Feature", "properties": {"osmId": 13394419920, "id": "osm_tree_13394419920", "natural": "tree", "tree_height": 5.4, "height_source": "VISUAL_ESTIMATE", "genus": null, "species": null, "circumference": null, "diameter_crown": null, "source": "OPENSTREETMAP"}, "geometry": {"type": "Point", "coordinates": [73.8782413, 18.546363]}}, {"type": "Feature", "properties": {"osmId": 13394430506, "id": "osm_tree_13394430506", "natural": "tree", "tree_height": 9.6, "height_source": "VISUAL_ESTIMATE", "genus": null, "species": null, "circumference": null, "diameter_crown": null, "source": "OPENSTREETMAP"}, "geometry": {"type": "Point", "coordinates": [73.8720881, 18.5427838]}}, {"type": "Feature", "properties": {"osmId": 13394430971, "id": "osm_tree_13394430971", "natural": "tree", "tree_height": 5.75, "height_source": "VISUAL_ESTIMATE", "genus": null, "species": null, "circumference": null, "diameter_crown": null, "source": "OPENSTREETMAP"}, "geometry": {"type": "Point", "coordinates": [73.8798211, 18.5482356]}}, {"type": "Feature", "properties": {"osmId": 13394433646, "id": "osm_tree_13394433646", "natural": "tree", "tree_height": 7.85, "height_source": "VISUAL_ESTIMATE", "genus": null, "species": null, "circumference": null, "diameter_crown": null, "source": "OPENSTREETMAP"}, "geometry": {"type": "Point", "coordinates": [73.8800725, 18.5476164]}}, {"type": "Feature", "properties": {"osmId": 13394433801, "id": "osm_tree_13394433801", "natural": "tree", "tree_height": 8.55, "height_source": "VISUAL_ESTIMATE", "genus": null, "species": null, "circumference": null, "diameter_crown": null, "source": "OPENSTREETMAP"}, "geometry": {"type": "Point", "coordinates": [73.8682153, 18.5448547]}}, {"type": "Feature", "properties": {"osmId": 13394433802, "id": "osm_tree_13394433802", "natural": "tree", "tree_height": 8.9, "height_source": "VISUAL_ESTIMATE", "genus": null, "species": null, "circumference": null, "diameter_crown": null, "source": "OPENSTREETMAP"}, "geometry": {"type": "Point", "coordinates": [73.8680061, 18.544753]}}, {"type": "Feature", "properties": {"osmId": 13394433803, "id": "osm_tree_13394433803", "natural": "tree", "tree_height": 9.25, "height_source": "VISUAL_ESTIMATE", "genus": null, "species": null, "circumference": null, "diameter_crown": null, "source": "OPENSTREETMAP"}, "geometry": {"type": "Point", "coordinates": [73.8675072, 18.5449335]}}, {"type": "Feature", "properties": {"osmId": 13394433804, "id": "osm_tree_13394433804", "natural": "tree", "tree_height": 9.6, "height_source": "VISUAL_ESTIMATE", "genus": null, "species": null, "circumference": null, "diameter_crown": null, "source": "OPENSTREETMAP"}, "geometry": {"type": "Point", "coordinates": [73.8684685, 18.5448984]}}, {"type": "Feature", "properties": {"osmId": 13394433805, "id": "osm_tree_13394433805", "natural": "tree", "tree_height": 9.95, "height_source": "VISUAL_ESTIMATE", "genus": null, "species": null, "circumference": null, "diameter_crown": null, "source": "OPENSTREETMAP"}, "geometry": {"type": "Point", "coordinates": [73.8685999, 18.5450866]}}, {"type": "Feature", "properties": {"osmId": 13394433806, "id": "osm_tree_13394433806", "natural": "tree", "tree_height": 10.3, "height_source": "VISUAL_ESTIMATE", "genus": null, "species": null, "circumference": null, "diameter_crown": null, "source": "OPENSTREETMAP"}, "geometry": {"type": "Point", "coordinates": [73.8687152, 18.5446187]}}, {"type": "Feature", "properties": {"osmId": 13394433807, "id": "osm_tree_13394433807", "natural": "tree", "tree_height": 4.7, "height_source": "VISUAL_ESTIMATE", "genus": null, "species": null, "circumference": null, "diameter_crown": null, "source": "OPENSTREETMAP"}, "geometry": {"type": "Point", "coordinates": [73.8690231, 18.5443832]}}, {"type": "Feature", "properties": {"osmId": 13394433808, "id": "osm_tree_13394433808", "natural": "tree", "tree_height": 5.050000000000001, "height_source": "VISUAL_ESTIMATE", "genus": null, "species": null, "circumference": null, "diameter_crown": null, "source": "OPENSTREETMAP"}, "geometry": {"type": "Point", "coordinates": [73.8692431, 18.5442739]}}, {"type": "Feature", "properties": {"osmId": 13394433809, "id": "osm_tree_13394433809", "natural": "tree", "tree_height": 5.4, "height_source": "VISUAL_ESTIMATE", "genus": null, "species": null, "circumference": null, "diameter_crown": null, "source": "OPENSTREETMAP"}, "geometry": {"type": "Point", "coordinates": [73.8690822, 18.5443298]}}, {"type": "Feature", "properties": {"osmId": 13394433810, "id": "osm_tree_13394433810", "natural": "tree", "tree_height": 5.75, "height_source": "VISUAL_ESTIMATE", "genus": null, "species": null, "circumference": null, "diameter_crown": null, "source": "OPENSTREETMAP"}, "geometry": {"type": "Point", "coordinates": [73.8692806, 18.5441696]}}, {"type": "Feature", "properties": {"osmId": 13394433811, "id": "osm_tree_13394433811", "natural": "tree", "tree_height": 6.1, "height_source": "VISUAL_ESTIMATE", "genus": null, "species": null, "circumference": null, "diameter_crown": null, "source": "OPENSTREETMAP"}, "geometry": {"type": "Point", "coordinates": [73.8694121, 18.5440984]}}, {"type": "Feature", "properties": {"osmId": 13394433812, "id": "osm_tree_13394433812", "natural": "tree", "tree_height": 6.45, "height_source": "VISUAL_ESTIMATE", "genus": null, "species": null, "circumference": null, "diameter_crown": null, "source": "OPENSTREETMAP"}, "geometry": {"type": "Point", "coordinates": [73.8695274, 18.5441238]}}, {"type": "Feature", "properties": {"osmId": 13394433813, "id": "osm_tree_13394433813", "natural": "tree", "tree_height": 6.8, "height_source": "VISUAL_ESTIMATE", "genus": null, "species": null, "circumference": null, "diameter_crown": null, "source": "OPENSTREETMAP"}, "geometry": {"type": "Point", "coordinates": [73.8698037, 18.5441747]}}, {"type": "Feature", "properties": {"osmId": 13394433814, "id": "osm_tree_13394433814", "natural": "tree", "tree_height": 7.15, "height_source": "VISUAL_ESTIMATE", "genus": null, "species": null, "circumference": null, "diameter_crown": null, "source": "OPENSTREETMAP"}, "geometry": {"type": "Point", "coordinates": [73.8698949, 18.5441188]}}, {"type": "Feature", "properties": {"osmId": 13394433815, "id": "osm_tree_13394433815", "natural": "tree", "tree_height": 7.5, "height_source": "VISUAL_ESTIMATE", "genus": null, "species": null, "circumference": null, "diameter_crown": null, "source": "OPENSTREETMAP"}, "geometry": {"type": "Point", "coordinates": [73.8700048, 18.5440933]}}, {"type": "Feature", "properties": {"osmId": 13394433816, "id": "osm_tree_13394433816", "natural": "tree", "tree_height": 7.85, "height_source": "VISUAL_ESTIMATE", "genus": null, "species": null, "circumference": null, "diameter_crown": null, "source": "OPENSTREETMAP"}, "geometry": {"type": "Point", "coordinates": [73.8702543, 18.5442663]}}, {"type": "Feature", "properties": {"osmId": 13394433817, "id": "osm_tree_13394433817", "natural": "tree", "tree_height": 8.2, "height_source": "VISUAL_ESTIMATE", "genus": null, "species": null, "circumference": null, "diameter_crown": null, "source": "OPENSTREETMAP"}, "geometry": {"type": "Point", "coordinates": [73.8704099, 18.544279]}}, {"type": "Feature", "properties": {"osmId": 13394433818, "id": "osm_tree_13394433818", "natural": "tree", "tree_height": 8.55, "height_source": "VISUAL_ESTIMATE", "genus": null, "species": null, "circumference": null, "diameter_crown": null, "source": "OPENSTREETMAP"}, "geometry": {"type": "Point", "coordinates": [73.8704286, 18.5442078]}}, {"type": "Feature", "properties": {"osmId": 13394433819, "id": "osm_tree_13394433819", "natural": "tree", "tree_height": 8.9, "height_source": "VISUAL_ESTIMATE", "genus": null, "species": null, "circumference": null, "diameter_crown": null, "source": "OPENSTREETMAP"}, "geometry": {"type": "Point", "coordinates": [73.8705091, 18.5443832]}}, {"type": "Feature", "properties": {"osmId": 13394433820, "id": "osm_tree_13394433820", "natural": "tree", "tree_height": 9.25, "height_source": "VISUAL_ESTIMATE", "genus": null, "species": null, "circumference": null, "diameter_crown": null, "source": "OPENSTREETMAP"}, "geometry": {"type": "Point", "coordinates": [73.8707655, 18.5446177]}}, {"type": "Feature", "properties": {"osmId": 13394433821, "id": "osm_tree_13394433821", "natural": "tree", "tree_height": 9.6, "height_source": "VISUAL_ESTIMATE", "genus": null, "species": null, "circumference": null, "diameter_crown": null, "source": "OPENSTREETMAP"}, "geometry": {"type": "Point", "coordinates": [73.8707521, 18.5444905]}}, {"type": "Feature", "properties": {"osmId": 13394433822, "id": "osm_tree_13394433822", "natural": "tree", "tree_height": 9.95, "height_source": "VISUAL_ESTIMATE", "genus": null, "species": null, "circumference": null, "diameter_crown": null, "source": "OPENSTREETMAP"}, "geometry": {"type": "Point", "coordinates": [73.8709012, 18.544547]}}, {"type": "Feature", "properties": {"osmId": 13394433823, "id": "osm_tree_13394433823", "natural": "tree", "tree_height": 10.3, "height_source": "VISUAL_ESTIMATE", "genus": null, "species": null, "circumference": null, "diameter_crown": null, "source": "OPENSTREETMAP"}, "geometry": {"type": "Point", "coordinates": [73.87092, 18.5444071]}}, {"type": "Feature", "properties": {"osmId": 13394433824, "id": "osm_tree_13394433824", "natural": "tree", "tree_height": 4.7, "height_source": "VISUAL_ESTIMATE", "genus": null, "species": null, "circumference": null, "diameter_crown": null, "source": "OPENSTREETMAP"}, "geometry": {"type": "Point", "coordinates": [73.8707564, 18.5443766]}}, {"type": "Feature", "properties": {"osmId": 13394433825, "id": "osm_tree_13394433825", "natural": "tree", "tree_height": 5.050000000000001, "height_source": "VISUAL_ESTIMATE", "genus": null, "species": null, "circumference": null, "diameter_crown": null, "source": "OPENSTREETMAP"}, "geometry": {"type": "Point", "coordinates": [73.8705069, 18.5441961]}}, {"type": "Feature", "properties": {"osmId": 13394433826, "id": "osm_tree_13394433826", "natural": "tree", "tree_height": 5.4, "height_source": "VISUAL_ESTIMATE", "genus": null, "species": null, "circumference": null, "diameter_crown": null, "source": "OPENSTREETMAP"}, "geometry": {"type": "Point", "coordinates": [73.8703728, 18.5440511]}}, {"type": "Feature", "properties": {"osmId": 13394433827, "id": "osm_tree_13394433827", "natural": "tree", "tree_height": 5.75, "height_source": "VISUAL_ESTIMATE", "genus": null, "species": null, "circumference": null, "diameter_crown": null, "source": "OPENSTREETMAP"}, "geometry": {"type": "Point", "coordinates": [73.8700563, 18.5440231]}}, {"type": "Feature", "properties": {"osmId": 13394433828, "id": "osm_tree_13394433828", "natural": "tree", "tree_height": 6.1, "height_source": "VISUAL_ESTIMATE", "genus": null, "species": null, "circumference": null, "diameter_crown": null, "source": "OPENSTREETMAP"}, "geometry": {"type": "Point", "coordinates": [73.8695902, 18.544017]}}, {"type": "Feature", "properties": {"osmId": 13394433829, "id": "osm_tree_13394433829", "natural": "tree", "tree_height": 6.45, "height_source": "VISUAL_ESTIMATE", "genus": null, "species": null, "circumference": null, "diameter_crown": null, "source": "OPENSTREETMAP"}, "geometry": {"type": "Point", "coordinates": [73.869638, 18.5436047]}}, {"type": "Feature", "properties": {"osmId": 13394433830, "id": "osm_tree_13394433830", "natural": "tree", "tree_height": 6.8, "height_source": "VISUAL_ESTIMATE", "genus": null, "species": null, "circumference": null, "diameter_crown": null, "source": "OPENSTREETMAP"}, "geometry": {"type": "Point", "coordinates": [73.8694722, 18.5438438]}}, {"type": "Feature", "properties": {"osmId": 13394433831, "id": "osm_tree_13394433831", "natural": "tree", "tree_height": 7.15, "height_source": "VISUAL_ESTIMATE", "genus": null, "species": null, "circumference": null, "diameter_crown": null, "source": "OPENSTREETMAP"}, "geometry": {"type": "Point", "coordinates": [73.8692668, 18.5439766]}}, {"type": "Feature", "properties": {"osmId": 13394433832, "id": "osm_tree_13394433832", "natural": "tree", "tree_height": 7.5, "height_source": "VISUAL_ESTIMATE", "genus": null, "species": null, "circumference": null, "diameter_crown": null, "source": "OPENSTREETMAP"}, "geometry": {"type": "Point", "coordinates": [73.8688325, 18.54424]}}, {"type": "Feature", "properties": {"osmId": 13394433833, "id": "osm_tree_13394433833", "natural": "tree", "tree_height": 7.85, "height_source": "VISUAL_ESTIMATE", "genus": null, "species": null, "circumference": null, "diameter_crown": null, "source": "OPENSTREETMAP"}, "geometry": {"type": "Point", "coordinates": [73.8687914, 18.5445685]}}, {"type": "Feature", "properties": {"osmId": 13394433834, "id": "osm_tree_13394433834", "natural": "tree", "tree_height": 8.2, "height_source": "VISUAL_ESTIMATE", "genus": null, "species": null, "circumference": null, "diameter_crown": null, "source": "OPENSTREETMAP"}, "geometry": {"type": "Point", "coordinates": [73.8686396, 18.5443627]}}, {"type": "Feature", "properties": {"osmId": 13394433835, "id": "osm_tree_13394433835", "natural": "tree", "tree_height": 8.55, "height_source": "VISUAL_ESTIMATE", "genus": null, "species": null, "circumference": null, "diameter_crown": null, "source": "OPENSTREETMAP"}, "geometry": {"type": "Point", "coordinates": [73.8699523, 18.5435378]}}, {"type": "Feature", "properties": {"osmId": 13394433836, "id": "osm_tree_13394433836", "natural": "tree", "tree_height": 8.9, "height_source": "VISUAL_ESTIMATE", "genus": null, "species": null, "circumference": null, "diameter_crown": null, "source": "OPENSTREETMAP"}, "geometry": {"type": "Point", "coordinates": [73.8698169, 18.5435356]}}, {"type": "Feature", "properties": {"osmId": 13394433837, "id": "osm_tree_13394433837", "natural": "tree", "tree_height": 9.25, "height_source": "VISUAL_ESTIMATE", "genus": null, "species": null, "circumference": null, "diameter_crown": null, "source": "OPENSTREETMAP"}, "geometry": {"type": "Point", "coordinates": [73.8701092, 18.543509]}}, {"type": "Feature", "properties": {"osmId": 13394433838, "id": "osm_tree_13394433838", "natural": "tree", "tree_height": 9.6, "height_source": "VISUAL_ESTIMATE", "genus": null, "species": null, "circumference": null, "diameter_crown": null, "source": "OPENSTREETMAP"}, "geometry": {"type": "Point", "coordinates": [73.8697286, 18.5434138]}}, {"type": "Feature", "properties": {"osmId": 13394433839, "id": "osm_tree_13394433839", "natural": "tree", "tree_height": 9.95, "height_source": "VISUAL_ESTIMATE", "genus": null, "species": null, "circumference": null, "diameter_crown": null, "source": "OPENSTREETMAP"}, "geometry": {"type": "Point", "coordinates": [73.8699505, 18.5434537]}}, {"type": "Feature", "properties": {"osmId": 13394433840, "id": "osm_tree_13394433840", "natural": "tree", "tree_height": 10.3, "height_source": "VISUAL_ESTIMATE", "genus": null, "species": null, "circumference": null, "diameter_crown": null, "source": "OPENSTREETMAP"}, "geometry": {"type": "Point", "coordinates": [73.8699201, 18.5433297]}}, {"type": "Feature", "properties": {"osmId": 13394433841, "id": "osm_tree_13394433841", "natural": "tree", "tree_height": 4.7, "height_source": "VISUAL_ESTIMATE", "genus": null, "species": null, "circumference": null, "diameter_crown": null, "source": "OPENSTREETMAP"}, "geometry": {"type": "Point", "coordinates": [73.8700929, 18.5432434]}}, {"type": "Feature", "properties": {"osmId": 13394433842, "id": "osm_tree_13394433842", "natural": "tree", "tree_height": 5.050000000000001, "height_source": "VISUAL_ESTIMATE", "genus": null, "species": null, "circumference": null, "diameter_crown": null, "source": "OPENSTREETMAP"}, "geometry": {"type": "Point", "coordinates": [73.8701279, 18.5434116]}}, {"type": "Feature", "properties": {"osmId": 13394433843, "id": "osm_tree_13394433843", "natural": "tree", "tree_height": 5.4, "height_source": "VISUAL_ESTIMATE", "genus": null, "species": null, "circumference": null, "diameter_crown": null, "source": "OPENSTREETMAP"}, "geometry": {"type": "Point", "coordinates": [73.8698244, 18.5432567]}}, {"type": "Feature", "properties": {"osmId": 13394433844, "id": "osm_tree_13394433844", "natural": "tree", "tree_height": 5.75, "height_source": "VISUAL_ESTIMATE", "genus": null, "species": null, "circumference": null, "diameter_crown": null, "source": "OPENSTREETMAP"}, "geometry": {"type": "Point", "coordinates": [73.8700084, 18.5432186]}}, {"type": "Feature", "properties": {"osmId": 13394433845, "id": "osm_tree_13394433845", "natural": "tree", "tree_height": 6.1, "height_source": "VISUAL_ESTIMATE", "genus": null, "species": null, "circumference": null, "diameter_crown": null, "source": "OPENSTREETMAP"}, "geometry": {"type": "Point", "coordinates": [73.8701553, 18.5431851]}}, {"type": "Feature", "properties": {"osmId": 13394433846, "id": "osm_tree_13394433846", "natural": "tree", "tree_height": 6.45, "height_source": "VISUAL_ESTIMATE", "genus": null, "species": null, "circumference": null, "diameter_crown": null, "source": "OPENSTREETMAP"}, "geometry": {"type": "Point", "coordinates": [73.8702464, 18.5430621]}}, {"type": "Feature", "properties": {"osmId": 13394433847, "id": "osm_tree_13394433847", "natural": "tree", "tree_height": 6.8, "height_source": "VISUAL_ESTIMATE", "genus": null, "species": null, "circumference": null, "diameter_crown": null, "source": "OPENSTREETMAP"}, "geometry": {"type": "Point", "coordinates": [73.8700606, 18.5430972]}}, {"type": "Feature", "properties": {"osmId": 13394433848, "id": "osm_tree_13394433848", "natural": "tree", "tree_height": 7.15, "height_source": "VISUAL_ESTIMATE", "genus": null, "species": null, "circumference": null, "diameter_crown": null, "source": "OPENSTREETMAP"}, "geometry": {"type": "Point", "coordinates": [73.8701777, 18.5429056]}}, {"type": "Feature", "properties": {"osmId": 13394433849, "id": "osm_tree_13394433849", "natural": "tree", "tree_height": 7.5, "height_source": "VISUAL_ESTIMATE", "genus": null, "species": null, "circumference": null, "diameter_crown": null, "source": "OPENSTREETMAP"}, "geometry": {"type": "Point", "coordinates": [73.8703261, 18.5428401]}}, {"type": "Feature", "properties": {"osmId": 13394433850, "id": "osm_tree_13394433850", "natural": "tree", "tree_height": 7.85, "height_source": "VISUAL_ESTIMATE", "genus": null, "species": null, "circumference": null, "diameter_crown": null, "source": "OPENSTREETMAP"}, "geometry": {"type": "Point", "coordinates": [73.8704155, 18.5428902]}}, {"type": "Feature", "properties": {"osmId": 13394433851, "id": "osm_tree_13394433851", "natural": "tree", "tree_height": 8.2, "height_source": "VISUAL_ESTIMATE", "genus": null, "species": null, "circumference": null, "diameter_crown": null, "source": "OPENSTREETMAP"}, "geometry": {"type": "Point", "coordinates": [73.8702427, 18.5427919]}}, {"type": "Feature", "properties": {"osmId": 13394433852, "id": "osm_tree_13394433852", "natural": "tree", "tree_height": 8.55, "height_source": "VISUAL_ESTIMATE", "genus": null, "species": null, "circumference": null, "diameter_crown": null, "source": "OPENSTREETMAP"}, "geometry": {"type": "Point", "coordinates": [73.8701005, 18.5427476]}}, {"type": "Feature", "properties": {"osmId": 13394433853, "id": "osm_tree_13394433853", "natural": "tree", "tree_height": 8.9, "height_source": "VISUAL_ESTIMATE", "genus": null, "species": null, "circumference": null, "diameter_crown": null, "source": "OPENSTREETMAP"}, "geometry": {"type": "Point", "coordinates": [73.8704562, 18.5428497]}}, {"type": "Feature", "properties": {"osmId": 13394433854, "id": "osm_tree_13394433854", "natural": "tree", "tree_height": 9.25, "height_source": "VISUAL_ESTIMATE", "genus": null, "species": null, "circumference": null, "diameter_crown": null, "source": "OPENSTREETMAP"}, "geometry": {"type": "Point", "coordinates": [73.8700633, 18.5426006]}}, {"type": "Feature", "properties": {"osmId": 13394433855, "id": "osm_tree_13394433855", "natural": "tree", "tree_height": 9.6, "height_source": "VISUAL_ESTIMATE", "genus": null, "species": null, "circumference": null, "diameter_crown": null, "source": "OPENSTREETMAP"}, "geometry": {"type": "Point", "coordinates": [73.8705118, 18.5423535]}}, {"type": "Feature", "properties": {"osmId": 13394433856, "id": "osm_tree_13394433856", "natural": "tree", "tree_height": 9.95, "height_source": "VISUAL_ESTIMATE", "genus": null, "species": null, "circumference": null, "diameter_crown": null, "source": "OPENSTREETMAP"}, "geometry": {"type": "Point", "coordinates": [73.8706378, 18.5424811]}}, {"type": "Feature", "properties": {"osmId": 13394433857, "id": "osm_tree_13394433857", "natural": "tree", "tree_height": 10.3, "height_source": "VISUAL_ESTIMATE", "genus": null, "species": null, "circumference": null, "diameter_crown": null, "source": "OPENSTREETMAP"}, "geometry": {"type": "Point", "coordinates": [73.8705118, 18.542607]}}, {"type": "Feature", "properties": {"osmId": 13394433858, "id": "osm_tree_13394433858", "natural": "tree", "tree_height": 4.7, "height_source": "VISUAL_ESTIMATE", "genus": null, "species": null, "circumference": null, "diameter_crown": null, "source": "OPENSTREETMAP"}, "geometry": {"type": "Point", "coordinates": [73.8705662, 18.5427583]}}, {"type": "Feature", "properties": {"osmId": 13394433859, "id": "osm_tree_13394433859", "natural": "tree", "tree_height": 5.050000000000001, "height_source": "VISUAL_ESTIMATE", "genus": null, "species": null, "circumference": null, "diameter_crown": null, "source": "OPENSTREETMAP"}, "geometry": {"type": "Point", "coordinates": [73.8702288, 18.5425218]}}, {"type": "Feature", "properties": {"osmId": 13394433860, "id": "osm_tree_13394433860", "natural": "tree", "tree_height": 5.4, "height_source": "VISUAL_ESTIMATE", "genus": null, "species": null, "circumference": null, "diameter_crown": null, "source": "OPENSTREETMAP"}, "geometry": {"type": "Point", "coordinates": [73.8703573, 18.5423588]}}, {"type": "Feature", "properties": {"osmId": 13394433861, "id": "osm_tree_13394433861", "natural": "tree", "tree_height": 5.75, "height_source": "VISUAL_ESTIMATE", "genus": null, "species": null, "circumference": null, "diameter_crown": null, "source": "OPENSTREETMAP"}, "geometry": {"type": "Point", "coordinates": [73.8700059, 18.5424097]}}, {"type": "Feature", "properties": {"osmId": 13394433862, "id": "osm_tree_13394433862", "natural": "tree", "tree_height": 6.1, "height_source": "VISUAL_ESTIMATE", "genus": null, "species": null, "circumference": null, "diameter_crown": null, "source": "OPENSTREETMAP"}, "geometry": {"type": "Point", "coordinates": [73.8704069, 18.5422533]}}, {"type": "Feature", "properties": {"osmId": 13394433863, "id": "osm_tree_13394433863", "natural": "tree", "tree_height": 6.45, "height_source": "VISUAL_ESTIMATE", "genus": null, "species": null, "circumference": null, "diameter_crown": null, "source": "OPENSTREETMAP"}, "geometry": {"type": "Point", "coordinates": [73.8706142, 18.5423028]}}, {"type": "Feature", "properties": {"osmId": 13394436601, "id": "osm_tree_13394436601", "natural": "tree", "tree_height": 6.8, "height_source": "VISUAL_ESTIMATE", "genus": null, "species": null, "circumference": null, "diameter_crown": null, "source": "OPENSTREETMAP"}, "geometry": {"type": "Point", "coordinates": [73.8727377, 18.5432066]}}, {"type": "Feature", "properties": {"osmId": 13394436602, "id": "osm_tree_13394436602", "natural": "tree", "tree_height": 7.15, "height_source": "VISUAL_ESTIMATE", "genus": null, "species": null, "circumference": null, "diameter_crown": null, "source": "OPENSTREETMAP"}, "geometry": {"type": "Point", "coordinates": [73.8728404, 18.5433793]}}, {"type": "Feature", "properties": {"osmId": 13394436603, "id": "osm_tree_13394436603", "natural": "tree", "tree_height": 7.5, "height_source": "VISUAL_ESTIMATE", "genus": null, "species": null, "circumference": null, "diameter_crown": null, "source": "OPENSTREETMAP"}, "geometry": {"type": "Point", "coordinates": [73.8729315, 18.5435298]}}, {"type": "Feature", "properties": {"osmId": 13394436604, "id": "osm_tree_13394436604", "natural": "tree", "tree_height": 7.85, "height_source": "VISUAL_ESTIMATE", "genus": null, "species": null, "circumference": null, "diameter_crown": null, "source": "OPENSTREETMAP"}, "geometry": {"type": "Point", "coordinates": [73.8735507, 18.5435515]}}, {"type": "Feature", "properties": {"osmId": 13394436605, "id": "osm_tree_13394436605", "natural": "tree", "tree_height": 8.2, "height_source": "VISUAL_ESTIMATE", "genus": null, "species": null, "circumference": null, "diameter_crown": null, "source": "OPENSTREETMAP"}, "geometry": {"type": "Point", "coordinates": [73.873901, 18.5433833]}}, {"type": "Feature", "properties": {"osmId": 13394436606, "id": "osm_tree_13394436606", "natural": "tree", "tree_height": 8.55, "height_source": "VISUAL_ESTIMATE", "genus": null, "species": null, "circumference": null, "diameter_crown": null, "source": "OPENSTREETMAP"}, "geometry": {"type": "Point", "coordinates": [73.8739267, 18.5431995]}}, {"type": "Feature", "properties": {"osmId": 13394436607, "id": "osm_tree_13394436607", "natural": "tree", "tree_height": 8.9, "height_source": "VISUAL_ESTIMATE", "genus": null, "species": null, "circumference": null, "diameter_crown": null, "source": "OPENSTREETMAP"}, "geometry": {"type": "Point", "coordinates": [73.8737586, 18.5431774]}}, {"type": "Feature", "properties": {"osmId": 13394436608, "id": "osm_tree_13394436608", "natural": "tree", "tree_height": 9.25, "height_source": "VISUAL_ESTIMATE", "genus": null, "species": null, "circumference": null, "diameter_crown": null, "source": "OPENSTREETMAP"}, "geometry": {"type": "Point", "coordinates": [73.8742246, 18.5430344]}}, {"type": "Feature", "properties": {"osmId": 13394436609, "id": "osm_tree_13394436609", "natural": "tree", "tree_height": 9.6, "height_source": "VISUAL_ESTIMATE", "genus": null, "species": null, "circumference": null, "diameter_crown": null, "source": "OPENSTREETMAP"}, "geometry": {"type": "Point", "coordinates": [73.8743297, 18.5430742]}}, {"type": "Feature", "properties": {"osmId": 13394436610, "id": "osm_tree_13394436610", "natural": "tree", "tree_height": 9.95, "height_source": "VISUAL_ESTIMATE", "genus": null, "species": null, "circumference": null, "diameter_crown": null, "source": "OPENSTREETMAP"}, "geometry": {"type": "Point", "coordinates": [73.8743741, 18.5424738]}}, {"type": "Feature", "properties": {"osmId": 13394436611, "id": "osm_tree_13394436611", "natural": "tree", "tree_height": 10.3, "height_source": "VISUAL_ESTIMATE", "genus": null, "species": null, "circumference": null, "diameter_crown": null, "source": "OPENSTREETMAP"}, "geometry": {"type": "Point", "coordinates": [73.8741896, 18.5424096]}}, {"type": "Feature", "properties": {"osmId": 13394436612, "id": "osm_tree_13394436612", "natural": "tree", "tree_height": 4.7, "height_source": "VISUAL_ESTIMATE", "genus": null, "species": null, "circumference": null, "diameter_crown": null, "source": "OPENSTREETMAP"}, "geometry": {"type": "Point", "coordinates": [73.8738697, 18.542144]}}, {"type": "Feature", "properties": {"osmId": 13394436613, "id": "osm_tree_13394436613", "natural": "tree", "tree_height": 5.050000000000001, "height_source": "VISUAL_ESTIMATE", "genus": null, "species": null, "circumference": null, "diameter_crown": null, "source": "OPENSTREETMAP"}, "geometry": {"type": "Point", "coordinates": [73.8729875, 18.541985]}}, {"type": "Feature", "properties": {"osmId": 13394436614, "id": "osm_tree_13394436614", "natural": "tree", "tree_height": 5.4, "height_source": "VISUAL_ESTIMATE", "genus": null, "species": null, "circumference": null, "diameter_crown": null, "source": "OPENSTREETMAP"}, "geometry": {"type": "Point", "coordinates": [73.8731627, 18.541726]}}, {"type": "Feature", "properties": {"osmId": 13394436615, "id": "osm_tree_13394436615", "natural": "tree", "tree_height": 5.75, "height_source": "VISUAL_ESTIMATE", "genus": null, "species": null, "circumference": null, "diameter_crown": null, "source": "OPENSTREETMAP"}, "geometry": {"type": "Point", "coordinates": [73.8749807, 18.5434585]}}, {"type": "Feature", "properties": {"osmId": 13394436616, "id": "osm_tree_13394436616", "natural": "tree", "tree_height": 6.1, "height_source": "VISUAL_ESTIMATE", "genus": null, "species": null, "circumference": null, "diameter_crown": null, "source": "OPENSTREETMAP"}, "geometry": {"type": "Point", "coordinates": [73.8748126, 18.5430423]}}, {"type": "Feature", "properties": {"osmId": 13394436617, "id": "osm_tree_13394436617", "natural": "tree", "tree_height": 6.45, "height_source": "VISUAL_ESTIMATE", "genus": null, "species": null, "circumference": null, "diameter_crown": null, "source": "OPENSTREETMAP"}, "geometry": {"type": "Point", "coordinates": [73.875798, 18.5429772]}}, {"type": "Feature", "properties": {"osmId": 13394436618, "id": "osm_tree_13394436618", "natural": "tree", "tree_height": 6.8, "height_source": "VISUAL_ESTIMATE", "genus": null, "species": null, "circumference": null, "diameter_crown": null, "source": "OPENSTREETMAP"}, "geometry": {"type": "Point", "coordinates": [73.8752749, 18.5433058]}}, {"type": "Feature", "properties": {"osmId": 13394436619, "id": "osm_tree_13394436619", "natural": "tree", "tree_height": 7.15, "height_source": "VISUAL_ESTIMATE", "genus": null, "species": null, "circumference": null, "diameter_crown": null, "source": "OPENSTREETMAP"}, "geometry": {"type": "Point", "coordinates": [73.8746902, 18.5438822]}}, {"type": "Feature", "properties": {"osmId": 13394436620, "id": "osm_tree_13394436620", "natural": "tree", "tree_height": 7.5, "height_source": "VISUAL_ESTIMATE", "genus": null, "species": null, "circumference": null, "diameter_crown": null, "source": "OPENSTREETMAP"}, "geometry": {"type": "Point", "coordinates": [73.8737642, 18.5442271]}}, {"type": "Feature", "properties": {"osmId": 13394436621, "id": "osm_tree_13394436621", "natural": "tree", "tree_height": 7.85, "height_source": "VISUAL_ESTIMATE", "genus": null, "species": null, "circumference": null, "diameter_crown": null, "source": "OPENSTREETMAP"}, "geometry": {"type": "Point", "coordinates": [73.8737291, 18.5441319]}}, {"type": "Feature", "properties": {"osmId": 13394436622, "id": "osm_tree_13394436622", "natural": "tree", "tree_height": 8.2, "height_source": "VISUAL_ESTIMATE", "genus": null, "species": null, "circumference": null, "diameter_crown": null, "source": "OPENSTREETMAP"}, "geometry": {"type": "Point", "coordinates": [73.8738272, 18.5440677]}}, {"type": "Feature", "properties": {"osmId": 13394436623, "id": "osm_tree_13394436623", "natural": "tree", "tree_height": 8.55, "height_source": "VISUAL_ESTIMATE", "genus": null, "species": null, "circumference": null, "diameter_crown": null, "source": "OPENSTREETMAP"}, "geometry": {"type": "Point", "coordinates": [73.8737011, 18.5444707]}}, {"type": "Feature", "properties": {"osmId": 13394436624, "id": "osm_tree_13394436624", "natural": "tree", "tree_height": 8.9, "height_source": "VISUAL_ESTIMATE", "genus": null, "species": null, "circumference": null, "diameter_crown": null, "source": "OPENSTREETMAP"}, "geometry": {"type": "Point", "coordinates": [73.8736031, 18.5444392]}}, {"type": "Feature", "properties": {"osmId": 13394436625, "id": "osm_tree_13394436625", "natural": "tree", "tree_height": 9.25, "height_source": "VISUAL_ESTIMATE", "genus": null, "species": null, "circumference": null, "diameter_crown": null, "source": "OPENSTREETMAP"}, "geometry": {"type": "Point", "coordinates": [73.873405, 18.5447195]}}, {"type": "Feature", "properties": {"osmId": 13394436626, "id": "osm_tree_13394436626", "natural": "tree", "tree_height": 9.6, "height_source": "VISUAL_ESTIMATE", "genus": null, "species": null, "circumference": null, "diameter_crown": null, "source": "OPENSTREETMAP"}, "geometry": {"type": "Point", "coordinates": [73.8736105, 18.5449121]}}, {"type": "Feature", "properties": {"osmId": 13394436627, "id": "osm_tree_13394436627", "natural": "tree", "tree_height": 9.95, "height_source": "VISUAL_ESTIMATE", "genus": null, "species": null, "circumference": null, "diameter_crown": null, "source": "OPENSTREETMAP"}, "geometry": {"type": "Point", "coordinates": [73.8736325, 18.5454766]}}, {"type": "Feature", "properties": {"osmId": 13394436628, "id": "osm_tree_13394436628", "natural": "tree", "tree_height": 10.3, "height_source": "VISUAL_ESTIMATE", "genus": null, "species": null, "circumference": null, "diameter_crown": null, "source": "OPENSTREETMAP"}, "geometry": {"type": "Point", "coordinates": [73.8737375, 18.5455253]}}, {"type": "Feature", "properties": {"osmId": 13394436629, "id": "osm_tree_13394436629", "natural": "tree", "tree_height": 4.7, "height_source": "VISUAL_ESTIMATE", "genus": null, "species": null, "circumference": null, "diameter_crown": null, "source": "OPENSTREETMAP"}, "geometry": {"type": "Point", "coordinates": [73.8736908, 18.5453858]}}, {"type": "Feature", "properties": {"osmId": 13394436630, "id": "osm_tree_13394436630", "natural": "tree", "tree_height": 5.050000000000001, "height_source": "VISUAL_ESTIMATE", "genus": null, "species": null, "circumference": null, "diameter_crown": null, "source": "OPENSTREETMAP"}, "geometry": {"type": "Point", "coordinates": [73.8736161, 18.545284]}}, {"type": "Feature", "properties": {"osmId": 13394436631, "id": "osm_tree_13394436631", "natural": "tree", "tree_height": 5.4, "height_source": "VISUAL_ESTIMATE", "genus": null, "species": null, "circumference": null, "diameter_crown": null, "source": "OPENSTREETMAP"}, "geometry": {"type": "Point", "coordinates": [73.8737609, 18.5453593]}}, {"type": "Feature", "properties": {"osmId": 13394436632, "id": "osm_tree_13394436632", "natural": "tree", "tree_height": 5.75, "height_source": "VISUAL_ESTIMATE", "genus": null, "species": null, "circumference": null, "diameter_crown": null, "source": "OPENSTREETMAP"}, "geometry": {"type": "Point", "coordinates": [73.8737203, 18.544909]}}, {"type": "Feature", "properties": {"osmId": 13394436633, "id": "osm_tree_13394436633", "natural": "tree", "tree_height": 6.1, "height_source": "VISUAL_ESTIMATE", "genus": null, "species": null, "circumference": null, "diameter_crown": null, "source": "OPENSTREETMAP"}, "geometry": {"type": "Point", "coordinates": [73.8739837, 18.5455399]}}, {"type": "Feature", "properties": {"osmId": 13394436634, "id": "osm_tree_13394436634", "natural": "tree", "tree_height": 6.45, "height_source": "VISUAL_ESTIMATE", "genus": null, "species": null, "circumference": null, "diameter_crown": null, "source": "OPENSTREETMAP"}, "geometry": {"type": "Point", "coordinates": [73.8737744, 18.5459764]}}, {"type": "Feature", "properties": {"osmId": 13394436635, "id": "osm_tree_13394436635", "natural": "tree", "tree_height": 6.8, "height_source": "VISUAL_ESTIMATE", "genus": null, "species": null, "circumference": null, "diameter_crown": null, "source": "OPENSTREETMAP"}, "geometry": {"type": "Point", "coordinates": [73.8730123, 18.5470351]}}, {"type": "Feature", "properties": {"osmId": 13394436636, "id": "osm_tree_13394436636", "natural": "tree", "tree_height": 7.15, "height_source": "VISUAL_ESTIMATE", "genus": null, "species": null, "circumference": null, "diameter_crown": null, "source": "OPENSTREETMAP"}, "geometry": {"type": "Point", "coordinates": [73.873215, 18.5467176]}}, {"type": "Feature", "properties": {"osmId": 13394436637, "id": "osm_tree_13394436637", "natural": "tree", "tree_height": 7.5, "height_source": "VISUAL_ESTIMATE", "genus": null, "species": null, "circumference": null, "diameter_crown": null, "source": "OPENSTREETMAP"}, "geometry": {"type": "Point", "coordinates": [73.8733948, 18.5466335]}}, {"type": "Feature", "properties": {"osmId": 13394436638, "id": "osm_tree_13394436638", "natural": "tree", "tree_height": 7.85, "height_source": "VISUAL_ESTIMATE", "genus": null, "species": null, "circumference": null, "diameter_crown": null, "source": "OPENSTREETMAP"}, "geometry": {"type": "Point", "coordinates": [73.8737684, 18.5465206]}}, {"type": "Feature", "properties": {"osmId": 13394436639, "id": "osm_tree_13394436639", "natural": "tree", "tree_height": 8.2, "height_source": "VISUAL_ESTIMATE", "genus": null, "species": null, "circumference": null, "diameter_crown": null, "source": "OPENSTREETMAP"}, "geometry": {"type": "Point", "coordinates": [73.8751059, 18.5470519]}}, {"type": "Feature", "properties": {"osmId": 13394436640, "id": "osm_tree_13394436640", "natural": "tree", "tree_height": 8.55, "height_source": "VISUAL_ESTIMATE", "genus": null, "species": null, "circumference": null, "diameter_crown": null, "source": "OPENSTREETMAP"}, "geometry": {"type": "Point", "coordinates": [73.8750615, 18.5469456]}}, {"type": "Feature", "properties": {"osmId": 13394436641, "id": "osm_tree_13394436641", "natural": "tree", "tree_height": 8.9, "height_source": "VISUAL_ESTIMATE", "genus": null, "species": null, "circumference": null, "diameter_crown": null, "source": "OPENSTREETMAP"}, "geometry": {"type": "Point", "coordinates": [73.8750008, 18.5468726]}}, {"type": "Feature", "properties": {"osmId": 13394436642, "id": "osm_tree_13394436642", "natural": "tree", "tree_height": 9.25, "height_source": "VISUAL_ESTIMATE", "genus": null, "species": null, "circumference": null, "diameter_crown": null, "source": "OPENSTREETMAP"}, "geometry": {"type": "Point", "coordinates": [73.8750171, 18.5467818]}}, {"type": "Feature", "properties": {"osmId": 13394436643, "id": "osm_tree_13394436643", "natural": "tree", "tree_height": 9.6, "height_source": "VISUAL_ESTIMATE", "genus": null, "species": null, "circumference": null, "diameter_crown": null, "source": "OPENSTREETMAP"}, "geometry": {"type": "Point", "coordinates": [73.8750171, 18.5466888]}}, {"type": "Feature", "properties": {"osmId": 13394436644, "id": "osm_tree_13394436644", "natural": "tree", "tree_height": 9.95, "height_source": "VISUAL_ESTIMATE", "genus": null, "species": null, "circumference": null, "diameter_crown": null, "source": "OPENSTREETMAP"}, "geometry": {"type": "Point", "coordinates": [73.8751292, 18.5465693]}}, {"type": "Feature", "properties": {"osmId": 13394436645, "id": "osm_tree_13394436645", "natural": "tree", "tree_height": 10.3, "height_source": "VISUAL_ESTIMATE", "genus": null, "species": null, "circumference": null, "diameter_crown": null, "source": "OPENSTREETMAP"}, "geometry": {"type": "Point", "coordinates": [73.8751479, 18.5467752]}}, {"type": "Feature", "properties": {"osmId": 13394436646, "id": "osm_tree_13394436646", "natural": "tree", "tree_height": 4.7, "height_source": "VISUAL_ESTIMATE", "genus": null, "species": null, "circumference": null, "diameter_crown": null, "source": "OPENSTREETMAP"}, "geometry": {"type": "Point", "coordinates": [73.8751385, 18.5469523]}}, {"type": "Feature", "properties": {"osmId": 13394436647, "id": "osm_tree_13394436647", "natural": "tree", "tree_height": 5.050000000000001, "height_source": "VISUAL_ESTIMATE", "genus": null, "species": null, "circumference": null, "diameter_crown": null, "source": "OPENSTREETMAP"}, "geometry": {"type": "Point", "coordinates": [73.8752133, 18.5470984]}}, {"type": "Feature", "properties": {"osmId": 13394436648, "id": "osm_tree_13394436648", "natural": "tree", "tree_height": 5.4, "height_source": "VISUAL_ESTIMATE", "genus": null, "species": null, "circumference": null, "diameter_crown": null, "source": "OPENSTREETMAP"}, "geometry": {"type": "Point", "coordinates": [73.8752436, 18.5468482]}}, {"type": "Feature", "properties": {"osmId": 13394436649, "id": "osm_tree_13394436649", "natural": "tree", "tree_height": 5.75, "height_source": "VISUAL_ESTIMATE", "genus": null, "species": null, "circumference": null, "diameter_crown": null, "source": "OPENSTREETMAP"}, "geometry": {"type": "Point", "coordinates": [73.8752623, 18.5467132]}}, {"type": "Feature", "properties": {"osmId": 13394436650, "id": "osm_tree_13394436650", "natural": "tree", "tree_height": 6.1, "height_source": "VISUAL_ESTIMATE", "genus": null, "species": null, "circumference": null, "diameter_crown": null, "source": "OPENSTREETMAP"}, "geometry": {"type": "Point", "coordinates": [73.8753113, 18.5465162]}}, {"type": "Feature", "properties": {"osmId": 13394436651, "id": "osm_tree_13394436651", "natural": "tree", "tree_height": 6.45, "height_source": "VISUAL_ESTIMATE", "genus": null, "species": null, "circumference": null, "diameter_crown": null, "source": "OPENSTREETMAP"}, "geometry": {"type": "Point", "coordinates": [73.8756168, 18.5463346]}}, {"type": "Feature", "properties": {"osmId": 13394436652, "id": "osm_tree_13394436652", "natural": "tree", "tree_height": 6.8, "height_source": "VISUAL_ESTIMATE", "genus": null, "species": null, "circumference": null, "diameter_crown": null, "source": "OPENSTREETMAP"}, "geometry": {"type": "Point", "coordinates": [73.8755467, 18.5464874]}}, {"type": "Feature", "properties": {"osmId": 13394436653, "id": "osm_tree_13394436653", "natural": "tree", "tree_height": 7.15, "height_source": "VISUAL_ESTIMATE", "genus": null, "species": null, "circumference": null, "diameter_crown": null, "source": "OPENSTREETMAP"}, "geometry": {"type": "Point", "coordinates": [73.8753879, 18.5463988]}}, {"type": "Feature", "properties": {"osmId": 13394436654, "id": "osm_tree_13394436654", "natural": "tree", "tree_height": 7.5, "height_source": "VISUAL_ESTIMATE", "genus": null, "species": null, "circumference": null, "diameter_crown": null, "source": "OPENSTREETMAP"}, "geometry": {"type": "Point", "coordinates": [73.8756401, 18.5462549]}}, {"type": "Feature", "properties": {"osmId": 13394436655, "id": "osm_tree_13394436655", "natural": "tree", "tree_height": 7.85, "height_source": "VISUAL_ESTIMATE", "genus": null, "species": null, "circumference": null, "diameter_crown": null, "source": "OPENSTREETMAP"}, "geometry": {"type": "Point", "coordinates": [73.8754099, 18.547032]}}, {"type": "Feature", "properties": {"osmId": 13394436656, "id": "osm_tree_13394436656", "natural": "tree", "tree_height": 8.2, "height_source": "VISUAL_ESTIMATE", "genus": null, "species": null, "circumference": null, "diameter_crown": null, "source": "OPENSTREETMAP"}, "geometry": {"type": "Point", "coordinates": [73.8755103, 18.546908]}}, {"type": "Feature", "properties": {"osmId": 13394436657, "id": "osm_tree_13394436657", "natural": "tree", "tree_height": 8.55, "height_source": "VISUAL_ESTIMATE", "genus": null, "species": null, "circumference": null, "diameter_crown": null, "source": "OPENSTREETMAP"}, "geometry": {"type": "Point", "coordinates": [73.8755617, 18.5467862]}}, {"type": "Feature", "properties": {"osmId": 13394436658, "id": "osm_tree_13394436658", "natural": "tree", "tree_height": 8.9, "height_source": "VISUAL_ESTIMATE", "genus": null, "species": null, "circumference": null, "diameter_crown": null, "source": "OPENSTREETMAP"}, "geometry": {"type": "Point", "coordinates": [73.8752744, 18.5475606]}}, {"type": "Feature", "properties": {"osmId": 13394436659, "id": "osm_tree_13394436659", "natural": "tree", "tree_height": 9.25, "height_source": "VISUAL_ESTIMATE", "genus": null, "species": null, "circumference": null, "diameter_crown": null, "source": "OPENSTREETMAP"}, "geometry": {"type": "Point", "coordinates": [73.8754075, 18.5477045]}}, {"type": "Feature", "properties": {"osmId": 13394436660, "id": "osm_tree_13394436660", "natural": "tree", "tree_height": 9.6, "height_source": "VISUAL_ESTIMATE", "genus": null, "species": null, "circumference": null, "diameter_crown": null, "source": "OPENSTREETMAP"}, "geometry": {"type": "Point", "coordinates": [73.8754706, 18.5474233]}}, {"type": "Feature", "properties": {"osmId": 13394436661, "id": "osm_tree_13394436661", "natural": "tree", "tree_height": 9.95, "height_source": "VISUAL_ESTIMATE", "genus": null, "species": null, "circumference": null, "diameter_crown": null, "source": "OPENSTREETMAP"}, "geometry": {"type": "Point", "coordinates": [73.8755663, 18.5475827]}}, {"type": "Feature", "properties": {"osmId": 13394436662, "id": "osm_tree_13394436662", "natural": "tree", "tree_height": 10.3, "height_source": "VISUAL_ESTIMATE", "genus": null, "species": null, "circumference": null, "diameter_crown": null, "source": "OPENSTREETMAP"}, "geometry": {"type": "Point", "coordinates": [73.8763406, 18.547422]}}, {"type": "Feature", "properties": {"osmId": 13394436663, "id": "osm_tree_13394436663", "natural": "tree", "tree_height": 4.7, "height_source": "VISUAL_ESTIMATE", "genus": null, "species": null, "circumference": null, "diameter_crown": null, "source": "OPENSTREETMAP"}, "geometry": {"type": "Point", "coordinates": [73.8761094, 18.5471962]}}, {"type": "Feature", "properties": {"osmId": 13394436664, "id": "osm_tree_13394436664", "natural": "tree", "tree_height": 5.050000000000001, "height_source": "VISUAL_ESTIMATE", "genus": null, "species": null, "circumference": null, "diameter_crown": null, "source": "OPENSTREETMAP"}, "geometry": {"type": "Point", "coordinates": [73.8763752, 18.5472334]}}, {"type": "Feature", "properties": {"osmId": 13394436665, "id": "osm_tree_13394436665", "natural": "tree", "tree_height": 5.4, "height_source": "VISUAL_ESTIMATE", "genus": null, "species": null, "circumference": null, "diameter_crown": null, "source": "OPENSTREETMAP"}, "geometry": {"type": "Point", "coordinates": [73.8765059, 18.5471471]}}, {"type": "Feature", "properties": {"osmId": 13394436666, "id": "osm_tree_13394436666", "natural": "tree", "tree_height": 5.75, "height_source": "VISUAL_ESTIMATE", "genus": null, "species": null, "circumference": null, "diameter_crown": null, "source": "OPENSTREETMAP"}, "geometry": {"type": "Point", "coordinates": [73.8761136, 18.5470165]}}, {"type": "Feature", "properties": {"osmId": 13394436667, "id": "osm_tree_13394436667", "natural": "tree", "tree_height": 6.1, "height_source": "VISUAL_ESTIMATE", "genus": null, "species": null, "circumference": null, "diameter_crown": null, "source": "OPENSTREETMAP"}, "geometry": {"type": "Point", "coordinates": [73.8762631, 18.5467614]}}, {"type": "Feature", "properties": {"osmId": 13394436668, "id": "osm_tree_13394436668", "natural": "tree", "tree_height": 6.45, "height_source": "VISUAL_ESTIMATE", "genus": null, "species": null, "circumference": null, "diameter_crown": null, "source": "OPENSTREETMAP"}, "geometry": {"type": "Point", "coordinates": [73.8760973, 18.5466198]}}, {"type": "Feature", "properties": {"osmId": 13394436669, "id": "osm_tree_13394436669", "natural": "tree", "tree_height": 6.8, "height_source": "VISUAL_ESTIMATE", "genus": null, "species": null, "circumference": null, "diameter_crown": null, "source": "OPENSTREETMAP"}, "geometry": {"type": "Point", "coordinates": [73.8760903, 18.5464736]}}, {"type": "Feature", "properties": {"osmId": 13394436670, "id": "osm_tree_13394436670", "natural": "tree", "tree_height": 7.15, "height_source": "VISUAL_ESTIMATE", "genus": null, "species": null, "circumference": null, "diameter_crown": null, "source": "OPENSTREETMAP"}, "geometry": {"type": "Point", "coordinates": [73.8762561, 18.5467083]}}, {"type": "Feature", "properties": {"osmId": 13394436671, "id": "osm_tree_13394436671", "natural": "tree", "tree_height": 7.5, "height_source": "VISUAL_ESTIMATE", "genus": null, "species": null, "circumference": null, "diameter_crown": null, "source": "OPENSTREETMAP"}, "geometry": {"type": "Point", "coordinates": [73.876293, 18.5459034]}}, {"type": "Feature", "properties": {"osmId": 13394436672, "id": "osm_tree_13394436672", "natural": "tree", "tree_height": 7.85, "height_source": "VISUAL_ESTIMATE", "genus": null, "species": null, "circumference": null, "diameter_crown": null, "source": "OPENSTREETMAP"}, "geometry": {"type": "Point", "coordinates": [73.8760805, 18.546096]}}, {"type": "Feature", "properties": {"osmId": 13394436673, "id": "osm_tree_13394436673", "natural": "tree", "tree_height": 8.2, "height_source": "VISUAL_ESTIMATE", "genus": null, "species": null, "circumference": null, "diameter_crown": null, "source": "OPENSTREETMAP"}, "geometry": {"type": "Point", "coordinates": [73.8763584, 18.5458237]}}, {"type": "Feature", "properties": {"osmId": 13394436674, "id": "osm_tree_13394436674", "natural": "tree", "tree_height": 8.55, "height_source": "VISUAL_ESTIMATE", "genus": null, "species": null, "circumference": null, "diameter_crown": null, "source": "OPENSTREETMAP"}, "geometry": {"type": "Point", "coordinates": [73.8762743, 18.5461079]}}, {"type": "Feature", "properties": {"osmId": 13394436675, "id": "osm_tree_13394436675", "natural": "tree", "tree_height": 8.9, "height_source": "VISUAL_ESTIMATE", "genus": null, "species": null, "circumference": null, "diameter_crown": null, "source": "OPENSTREETMAP"}, "geometry": {"type": "Point", "coordinates": [73.8767539, 18.545725]}}, {"type": "Feature", "properties": {"osmId": 13394436676, "id": "osm_tree_13394436676", "natural": "tree", "tree_height": 9.25, "height_source": "VISUAL_ESTIMATE", "genus": null, "species": null, "circumference": null, "diameter_crown": null, "source": "OPENSTREETMAP"}, "geometry": {"type": "Point", "coordinates": [73.876915, 18.5457294]}}, {"type": "Feature", "properties": {"osmId": 13394436677, "id": "osm_tree_13394436677", "natural": "tree", "tree_height": 9.6, "height_source": "VISUAL_ESTIMATE", "genus": null, "species": null, "circumference": null, "diameter_crown": null, "source": "OPENSTREETMAP"}, "geometry": {"type": "Point", "coordinates": [73.8768193, 18.5456408]}}, {"type": "Feature", "properties": {"osmId": 13394436678, "id": "osm_tree_13394436678", "natural": "tree", "tree_height": 9.95, "height_source": "VISUAL_ESTIMATE", "genus": null, "species": null, "circumference": null, "diameter_crown": null, "source": "OPENSTREETMAP"}, "geometry": {"type": "Point", "coordinates": [73.876866, 18.5454615]}}, {"type": "Feature", "properties": {"osmId": 13394436679, "id": "osm_tree_13394436679", "natural": "tree", "tree_height": 10.3, "height_source": "VISUAL_ESTIMATE", "genus": null, "species": null, "circumference": null, "diameter_crown": null, "source": "OPENSTREETMAP"}, "geometry": {"type": "Point", "coordinates": [73.8770458, 18.5457117]}}, {"type": "Feature", "properties": {"osmId": 13394436680, "id": "osm_tree_13394436680", "natural": "tree", "tree_height": 4.7, "height_source": "VISUAL_ESTIMATE", "genus": null, "species": null, "circumference": null, "diameter_crown": null, "source": "OPENSTREETMAP"}, "geometry": {"type": "Point", "coordinates": [73.8770098, 18.546038]}}, {"type": "Feature", "properties": {"osmId": 13394436681, "id": "osm_tree_13394436681", "natural": "tree", "tree_height": 5.050000000000001, "height_source": "VISUAL_ESTIMATE", "genus": null, "species": null, "circumference": null, "diameter_crown": null, "source": "OPENSTREETMAP"}, "geometry": {"type": "Point", "coordinates": [73.876943, 18.5455501]}}, {"type": "Feature", "properties": {"osmId": 13394436682, "id": "osm_tree_13394436682", "natural": "tree", "tree_height": 5.4, "height_source": "VISUAL_ESTIMATE", "genus": null, "species": null, "circumference": null, "diameter_crown": null, "source": "OPENSTREETMAP"}, "geometry": {"type": "Point", "coordinates": [73.8776454, 18.545508]}}, {"type": "Feature", "properties": {"osmId": 13394436683, "id": "osm_tree_13394436683", "natural": "tree", "tree_height": 5.75, "height_source": "VISUAL_ESTIMATE", "genus": null, "species": null, "circumference": null, "diameter_crown": null, "source": "OPENSTREETMAP"}, "geometry": {"type": "Point", "coordinates": [73.8776674, 18.5451489]}}, {"type": "Feature", "properties": {"osmId": 13394445701, "id": "osm_tree_13394445701", "natural": "tree", "tree_height": 8.55, "height_source": "VISUAL_ESTIMATE", "genus": null, "species": null, "circumference": null, "diameter_crown": null, "source": "OPENSTREETMAP"}, "geometry": {"type": "Point", "coordinates": [73.8802435, 18.5483367]}}, {"type": "Feature", "properties": {"osmId": 13394445702, "id": "osm_tree_13394445702", "natural": "tree", "tree_height": 8.9, "height_source": "VISUAL_ESTIMATE", "genus": null, "species": null, "circumference": null, "diameter_crown": null, "source": "OPENSTREETMAP"}, "geometry": {"type": "Point", "coordinates": [73.8800201, 18.548252]}}, {"type": "Feature", "properties": {"osmId": 13394445703, "id": "osm_tree_13394445703", "natural": "tree", "tree_height": 9.25, "height_source": "VISUAL_ESTIMATE", "genus": null, "species": null, "circumference": null, "diameter_crown": null, "source": "OPENSTREETMAP"}, "geometry": {"type": "Point", "coordinates": [73.8800232, 18.5481293]}}, {"type": "Feature", "properties": {"osmId": 13394445704, "id": "osm_tree_13394445704", "natural": "tree", "tree_height": 9.6, "height_source": "VISUAL_ESTIMATE", "genus": null, "species": null, "circumference": null, "diameter_crown": null, "source": "OPENSTREETMAP"}, "geometry": {"type": "Point", "coordinates": [73.8800725, 18.5480373]}}, {"type": "Feature", "properties": {"osmId": 13394445705, "id": "osm_tree_13394445705", "natural": "tree", "tree_height": 9.95, "height_source": "VISUAL_ESTIMATE", "genus": null, "species": null, "circumference": null, "diameter_crown": null, "source": "OPENSTREETMAP"}, "geometry": {"type": "Point", "coordinates": [73.8802959, 18.5482622]}}, {"type": "Feature", "properties": {"osmId": 13394445706, "id": "osm_tree_13394445706", "natural": "tree", "tree_height": 10.3, "height_source": "VISUAL_ESTIMATE", "genus": null, "species": null, "circumference": null, "diameter_crown": null, "source": "OPENSTREETMAP"}, "geometry": {"type": "Point", "coordinates": [73.8804422, 18.5483747]}}, {"type": "Feature", "properties": {"osmId": 13394445707, "id": "osm_tree_13394445707", "natural": "tree", "tree_height": 4.7, "height_source": "VISUAL_ESTIMATE", "genus": null, "species": null, "circumference": null, "diameter_crown": null, "source": "OPENSTREETMAP"}, "geometry": {"type": "Point", "coordinates": [73.8805747, 18.5482403]}}, {"type": "Feature", "properties": {"osmId": 13394445708, "id": "osm_tree_13394445708", "natural": "tree", "tree_height": 5.050000000000001, "height_source": "VISUAL_ESTIMATE", "genus": null, "species": null, "circumference": null, "diameter_crown": null, "source": "OPENSTREETMAP"}, "geometry": {"type": "Point", "coordinates": [73.8806268, 18.5485336]}}, {"type": "Feature", "properties": {"osmId": 13394445709, "id": "osm_tree_13394445709", "natural": "tree", "tree_height": 5.4, "height_source": "VISUAL_ESTIMATE", "genus": null, "species": null, "circumference": null, "diameter_crown": null, "source": "OPENSTREETMAP"}, "geometry": {"type": "Point", "coordinates": [73.8803926, 18.5485175]}}, {"type": "Feature", "properties": {"osmId": 13394445710, "id": "osm_tree_13394445710", "natural": "tree", "tree_height": 5.75, "height_source": "VISUAL_ESTIMATE", "genus": null, "species": null, "circumference": null, "diameter_crown": null, "source": "OPENSTREETMAP"}, "geometry": {"type": "Point", "coordinates": [73.8801908, 18.5485759]}}, {"type": "Feature", "properties": {"osmId": 13394445711, "id": "osm_tree_13394445711", "natural": "tree", "tree_height": 6.1, "height_source": "VISUAL_ESTIMATE", "genus": null, "species": null, "circumference": null, "diameter_crown": null, "source": "OPENSTREETMAP"}, "geometry": {"type": "Point", "coordinates": [73.8809038, 18.5486998]}}, {"type": "Feature", "properties": {"osmId": 13394445712, "id": "osm_tree_13394445712", "natural": "tree", "tree_height": 6.45, "height_source": "VISUAL_ESTIMATE", "genus": null, "species": null, "circumference": null, "diameter_crown": null, "source": "OPENSTREETMAP"}, "geometry": {"type": "Point", "coordinates": [73.8807451, 18.5487787]}}, {"type": "Feature", "properties": {"osmId": 13394445713, "id": "osm_tree_13394445713", "natural": "tree", "tree_height": 6.8, "height_source": "VISUAL_ESTIMATE", "genus": null, "species": null, "circumference": null, "diameter_crown": null, "source": "OPENSTREETMAP"}, "geometry": {"type": "Point", "coordinates": [73.8816694, 18.5486019]}}, {"type": "Feature", "properties": {"osmId": 13394445714, "id": "osm_tree_13394445714", "natural": "tree", "tree_height": 7.15, "height_source": "VISUAL_ESTIMATE", "genus": null, "species": null, "circumference": null, "diameter_crown": null, "source": "OPENSTREETMAP"}, "geometry": {"type": "Point", "coordinates": [73.8813582, 18.5488517]}}, {"type": "Feature", "properties": {"osmId": 13394445715, "id": "osm_tree_13394445715", "natural": "tree", "tree_height": 7.5, "height_source": "VISUAL_ESTIMATE", "genus": null, "species": null, "circumference": null, "diameter_crown": null, "source": "OPENSTREETMAP"}, "geometry": {"type": "Point", "coordinates": [73.8813937, 18.5487275]}}, {"type": "Feature", "properties": {"osmId": 13394445716, "id": "osm_tree_13394445716", "natural": "tree", "tree_height": 7.85, "height_source": "VISUAL_ESTIMATE", "genus": null, "species": null, "circumference": null, "diameter_crown": null, "source": "OPENSTREETMAP"}, "geometry": {"type": "Point", "coordinates": [73.8812211, 18.5487568]}}, {"type": "Feature", "properties": {"osmId": 13394445717, "id": "osm_tree_13394445717", "natural": "tree", "tree_height": 8.2, "height_source": "VISUAL_ESTIMATE", "genus": null, "species": null, "circumference": null, "diameter_crown": null, "source": "OPENSTREETMAP"}, "geometry": {"type": "Point", "coordinates": [73.8813644, 18.5486414]}}, {"type": "Feature", "properties": {"osmId": 13394813536, "id": "osm_tree_13394813536", "natural": "tree", "tree_height": 4.7, "height_source": "VISUAL_ESTIMATE", "genus": null, "species": null, "circumference": null, "diameter_crown": null, "source": "OPENSTREETMAP"}, "geometry": {"type": "Point", "coordinates": [73.8689807, 18.55096]}}, {"type": "Feature", "properties": {"osmId": 13624314601, "id": "osm_tree_13624314601", "natural": "tree", "tree_height": 8.55, "height_source": "VISUAL_ESTIMATE", "genus": null, "species": null, "circumference": null, "diameter_crown": null, "source": "OPENSTREETMAP"}, "geometry": {"type": "Point", "coordinates": [73.8770014, 18.5470142]}}, {"type": "Feature", "properties": {"osmId": 13681168995, "id": "osm_tree_13681168995", "natural": "tree", "tree_height": 9.25, "height_source": "VISUAL_ESTIMATE", "genus": null, "species": null, "circumference": null, "diameter_crown": null, "source": "OPENSTREETMAP"}, "geometry": {"type": "Point", "coordinates": [73.8815391, 18.5441551]}}, {"type": "Feature", "properties": {"osmId": 13383785282, "id": "osm_tree_13383785282", "natural": "tree", "tree_height": 5.75, "height_source": "VISUAL_ESTIMATE", "genus": null, "species": null, "circumference": null, "diameter_crown": null, "source": "OPENSTREETMAP"}, "geometry": {"type": "Point", "coordinates": [73.8747434, 18.5510846]}}, {"type": "Feature", "properties": {"osmId": 13383822647, "id": "osm_tree_13383822647", "natural": "tree", "tree_height": 5.4, "height_source": "VISUAL_ESTIMATE", "genus": null, "species": null, "circumference": null, "diameter_crown": null, "source": "OPENSTREETMAP"}, "geometry": {"type": "Point", "coordinates": [73.876254, 18.5519187]}}, {"type": "Feature", "properties": {"osmId": 13383828218, "id": "osm_tree_13383828218", "natural": "tree", "tree_height": 9.6, "height_source": "VISUAL_ESTIMATE", "genus": null, "species": null, "circumference": null, "diameter_crown": null, "source": "OPENSTREETMAP"}, "geometry": {"type": "Point", "coordinates": [73.87228, 18.5522279]}}, {"type": "Feature", "properties": {"osmId": 13390904632, "id": "osm_tree_13390904632", "natural": "tree", "tree_height": 7.5, "height_source": "VISUAL_ESTIMATE", "genus": null, "species": null, "circumference": null, "diameter_crown": null, "source": "OPENSTREETMAP"}, "geometry": {"type": "Point", "coordinates": [73.8719157, 18.551788]}}, {"type": "Feature", "properties": {"osmId": 13394373857, "id": "osm_tree_13394373857", "natural": "tree", "tree_height": 7.85, "height_source": "VISUAL_ESTIMATE", "genus": null, "species": null, "circumference": null, "diameter_crown": null, "source": "OPENSTREETMAP"}, "geometry": {"type": "Point", "coordinates": [73.8644862, 18.5518937]}}, {"type": "Feature", "properties": {"osmId": 13394373858, "id": "osm_tree_13394373858", "natural": "tree", "tree_height": 8.2, "height_source": "VISUAL_ESTIMATE", "genus": null, "species": null, "circumference": null, "diameter_crown": null, "source": "OPENSTREETMAP"}, "geometry": {"type": "Point", "coordinates": [73.8633357, 18.5524834]}}, {"type": "Feature", "properties": {"osmId": 13394373860, "id": "osm_tree_13394373860", "natural": "tree", "tree_height": 8.9, "height_source": "VISUAL_ESTIMATE", "genus": null, "species": null, "circumference": null, "diameter_crown": null, "source": "OPENSTREETMAP"}, "geometry": {"type": "Point", "coordinates": [73.8699247, 18.5518812]}}, {"type": "Feature", "properties": {"osmId": 13394373861, "id": "osm_tree_13394373861", "natural": "tree", "tree_height": 9.25, "height_source": "VISUAL_ESTIMATE", "genus": null, "species": null, "circumference": null, "diameter_crown": null, "source": "OPENSTREETMAP"}, "geometry": {"type": "Point", "coordinates": [73.8698008, 18.5519014]}}, {"type": "Feature", "properties": {"osmId": 13394373862, "id": "osm_tree_13394373862", "natural": "tree", "tree_height": 9.6, "height_source": "VISUAL_ESTIMATE", "genus": null, "species": null, "circumference": null, "diameter_crown": null, "source": "OPENSTREETMAP"}, "geometry": {"type": "Point", "coordinates": [73.8701937, 18.552706]}}, {"type": "Feature", "properties": {"osmId": 13394373863, "id": "osm_tree_13394373863", "natural": "tree", "tree_height": 9.95, "height_source": "VISUAL_ESTIMATE", "genus": null, "species": null, "circumference": null, "diameter_crown": null, "source": "OPENSTREETMAP"}, "geometry": {"type": "Point", "coordinates": [73.8700946, 18.5525483]}}, {"type": "Feature", "properties": {"osmId": 13394373864, "id": "osm_tree_13394373864", "natural": "tree", "tree_height": 10.3, "height_source": "VISUAL_ESTIMATE", "genus": null, "species": null, "circumference": null, "diameter_crown": null, "source": "OPENSTREETMAP"}, "geometry": {"type": "Point", "coordinates": [73.8707989, 18.5524879]}}, {"type": "Feature", "properties": {"osmId": 13394373865, "id": "osm_tree_13394373865", "natural": "tree", "tree_height": 4.7, "height_source": "VISUAL_ESTIMATE", "genus": null, "species": null, "circumference": null, "diameter_crown": null, "source": "OPENSTREETMAP"}, "geometry": {"type": "Point", "coordinates": [73.8709121, 18.5526456]}}, {"type": "Feature", "properties": {"osmId": 13394373866, "id": "osm_tree_13394373866", "natural": "tree", "tree_height": 5.050000000000001, "height_source": "VISUAL_ESTIMATE", "genus": null, "species": null, "circumference": null, "diameter_crown": null, "source": "OPENSTREETMAP"}, "geometry": {"type": "Point", "coordinates": [73.8708159, 18.5523087]}}, {"type": "Feature", "properties": {"osmId": 13394373867, "id": "osm_tree_13394373867", "natural": "tree", "tree_height": 5.4, "height_source": "VISUAL_ESTIMATE", "genus": null, "species": null, "circumference": null, "diameter_crown": null, "source": "OPENSTREETMAP"}, "geometry": {"type": "Point", "coordinates": [73.8706991, 18.5519161]}}, {"type": "Feature", "properties": {"osmId": 13394373868, "id": "osm_tree_13394373868", "natural": "tree", "tree_height": 5.75, "height_source": "VISUAL_ESTIMATE", "genus": null, "species": null, "circumference": null, "diameter_crown": null, "source": "OPENSTREETMAP"}, "geometry": {"type": "Point", "coordinates": [73.8708194, 18.551698]}}, {"type": "Feature", "properties": {"osmId": 13394373869, "id": "osm_tree_13394373869", "natural": "tree", "tree_height": 6.1, "height_source": "VISUAL_ESTIMATE", "genus": null, "species": null, "circumference": null, "diameter_crown": null, "source": "OPENSTREETMAP"}, "geometry": {"type": "Point", "coordinates": [73.8713043, 18.552104]}}, {"type": "Feature", "properties": {"osmId": 13394373870, "id": "osm_tree_13394373870", "natural": "tree", "tree_height": 6.45, "height_source": "VISUAL_ESTIMATE", "genus": null, "species": null, "circumference": null, "diameter_crown": null, "source": "OPENSTREETMAP"}, "geometry": {"type": "Point", "coordinates": [73.8714423, 18.5524664]}}, {"type": "Feature", "properties": {"osmId": 13394373871, "id": "osm_tree_13394373871", "natural": "tree", "tree_height": 6.8, "height_source": "VISUAL_ESTIMATE", "genus": null, "species": null, "circumference": null, "diameter_crown": null, "source": "OPENSTREETMAP"}, "geometry": {"type": "Point", "coordinates": [73.8714104, 18.5523523]}}, {"type": "Feature", "properties": {"osmId": 13394373872, "id": "osm_tree_13394373872", "natural": "tree", "tree_height": 7.15, "height_source": "VISUAL_ESTIMATE", "genus": null, "species": null, "circumference": null, "diameter_crown": null, "source": "OPENSTREETMAP"}, "geometry": {"type": "Point", "coordinates": [73.8716546, 18.5524664]}}, {"type": "Feature", "properties": {"osmId": 13394373873, "id": "osm_tree_13394373873", "natural": "tree", "tree_height": 7.5, "height_source": "VISUAL_ESTIMATE", "genus": null, "species": null, "circumference": null, "diameter_crown": null, "source": "OPENSTREETMAP"}, "geometry": {"type": "Point", "coordinates": [73.8710643, 18.5513451]}}, {"type": "Feature", "properties": {"osmId": 13394384624, "id": "osm_tree_13394384624", "natural": "tree", "tree_height": 9.95, "height_source": "VISUAL_ESTIMATE", "genus": null, "species": null, "circumference": null, "diameter_crown": null, "source": "OPENSTREETMAP"}, "geometry": {"type": "Point", "coordinates": [73.8583742, 18.5510667]}}, {"type": "Feature", "properties": {"osmId": 13394400839, "id": "osm_tree_13394400839", "natural": "tree", "tree_height": 8.9, "height_source": "VISUAL_ESTIMATE", "genus": null, "species": null, "circumference": null, "diameter_crown": null, "source": "OPENSTREETMAP"}, "geometry": {"type": "Point", "coordinates": [73.8614409, 18.5511666]}}, {"type": "Feature", "properties": {"osmId": 13394400840, "id": "osm_tree_13394400840", "natural": "tree", "tree_height": 9.25, "height_source": "VISUAL_ESTIMATE", "genus": null, "species": null, "circumference": null, "diameter_crown": null, "source": "OPENSTREETMAP"}, "geometry": {"type": "Point", "coordinates": [73.86133, 18.5514061]}}, {"type": "Feature", "properties": {"osmId": 13394400857, "id": "osm_tree_13394400857", "natural": "tree", "tree_height": 9.25, "height_source": "VISUAL_ESTIMATE", "genus": null, "species": null, "circumference": null, "diameter_crown": null, "source": "OPENSTREETMAP"}, "geometry": {"type": "Point", "coordinates": [73.8590519, 18.5512116]}}, {"type": "Feature", "properties": {"osmId": 13394400858, "id": "osm_tree_13394400858", "natural": "tree", "tree_height": 9.6, "height_source": "VISUAL_ESTIMATE", "genus": null, "species": null, "circumference": null, "diameter_crown": null, "source": "OPENSTREETMAP"}, "geometry": {"type": "Point", "coordinates": [73.8588177, 18.5510188]}}, {"type": "Feature", "properties": {"osmId": 13394400859, "id": "osm_tree_13394400859", "natural": "tree", "tree_height": 9.95, "height_source": "VISUAL_ESTIMATE", "genus": null, "species": null, "circumference": null, "diameter_crown": null, "source": "OPENSTREETMAP"}, "geometry": {"type": "Point", "coordinates": [73.8593661, 18.5514307]}}, {"type": "Feature", "properties": {"osmId": 13394400860, "id": "osm_tree_13394400860", "natural": "tree", "tree_height": 10.3, "height_source": "VISUAL_ESTIMATE", "genus": null, "species": null, "circumference": null, "diameter_crown": null, "source": "OPENSTREETMAP"}, "geometry": {"type": "Point", "coordinates": [73.8598252, 18.5516731]}}, {"type": "Feature", "properties": {"osmId": 13394400861, "id": "osm_tree_13394400861", "natural": "tree", "tree_height": 4.7, "height_source": "VISUAL_ESTIMATE", "genus": null, "species": null, "circumference": null, "diameter_crown": null, "source": "OPENSTREETMAP"}, "geometry": {"type": "Point", "coordinates": [73.8601148, 18.551749]}}, {"type": "Feature", "properties": {"osmId": 13394400862, "id": "osm_tree_13394400862", "natural": "tree", "tree_height": 5.050000000000001, "height_source": "VISUAL_ESTIMATE", "genus": null, "species": null, "circumference": null, "diameter_crown": null, "source": "OPENSTREETMAP"}, "geometry": {"type": "Point", "coordinates": [73.858517, 18.5511894]}}, {"type": "Feature", "properties": {"osmId": 13394411347, "id": "osm_tree_13394411347", "natural": "tree", "tree_height": 9.6, "height_source": "VISUAL_ESTIMATE", "genus": null, "species": null, "circumference": null, "diameter_crown": null, "source": "OPENSTREETMAP"}, "geometry": {"type": "Point", "coordinates": [73.8506992, 18.5511288]}}, {"type": "Feature", "properties": {"osmId": 13394411348, "id": "osm_tree_13394411348", "natural": "tree", "tree_height": 9.95, "height_source": "VISUAL_ESTIMATE", "genus": null, "species": null, "circumference": null, "diameter_crown": null, "source": "OPENSTREETMAP"}, "geometry": {"type": "Point", "coordinates": [73.8509031, 18.551111]}}, {"type": "Feature", "properties": {"osmId": 13394411350, "id": "osm_tree_13394411350", "natural": "tree", "tree_height": 4.7, "height_source": "VISUAL_ESTIMATE", "genus": null, "species": null, "circumference": null, "diameter_crown": null, "source": "OPENSTREETMAP"}, "geometry": {"type": "Point", "coordinates": [73.8504342, 18.5517035]}}, {"type": "Feature", "properties": {"osmId": 13394411351, "id": "osm_tree_13394411351", "natural": "tree", "tree_height": 5.050000000000001, "height_source": "VISUAL_ESTIMATE", "genus": null, "species": null, "circumference": null, "diameter_crown": null, "source": "OPENSTREETMAP"}, "geometry": {"type": "Point", "coordinates": [73.850424, 18.5522909]}}, {"type": "Feature", "properties": {"osmId": 13394411352, "id": "osm_tree_13394411352", "natural": "tree", "tree_height": 5.4, "height_source": "VISUAL_ESTIMATE", "genus": null, "species": null, "circumference": null, "diameter_crown": null, "source": "OPENSTREETMAP"}, "geometry": {"type": "Point", "coordinates": [73.8505689, 18.5523443]}}, {"type": "Feature", "properties": {"osmId": 13394411353, "id": "osm_tree_13394411353", "natural": "tree", "tree_height": 5.75, "height_source": "VISUAL_ESTIMATE", "genus": null, "species": null, "circumference": null, "diameter_crown": null, "source": "OPENSTREETMAP"}, "geometry": {"type": "Point", "coordinates": [73.8508172, 18.5524409]}}, {"type": "Feature", "properties": {"osmId": 13394411354, "id": "osm_tree_13394411354", "natural": "tree", "tree_height": 6.1, "height_source": "VISUAL_ESTIMATE", "genus": null, "species": null, "circumference": null, "diameter_crown": null, "source": "OPENSTREETMAP"}, "geometry": {"type": "Point", "coordinates": [73.8509084, 18.5526367]}}, {"type": "Feature", "properties": {"osmId": 13394411355, "id": "osm_tree_13394411355", "natural": "tree", "tree_height": 6.45, "height_source": "VISUAL_ESTIMATE", "genus": null, "species": null, "circumference": null, "diameter_crown": null, "source": "OPENSTREETMAP"}, "geometry": {"type": "Point", "coordinates": [73.8509192, 18.5524435]}}, {"type": "Feature", "properties": {"osmId": 13394411356, "id": "osm_tree_13394411356", "natural": "tree", "tree_height": 6.8, "height_source": "VISUAL_ESTIMATE", "genus": null, "species": null, "circumference": null, "diameter_crown": null, "source": "OPENSTREETMAP"}, "geometry": {"type": "Point", "coordinates": [73.8509331, 18.5520636]}}, {"type": "Feature", "properties": {"osmId": 13394411357, "id": "osm_tree_13394411357", "natural": "tree", "tree_height": 7.15, "height_source": "VISUAL_ESTIMATE", "genus": null, "species": null, "circumference": null, "diameter_crown": null, "source": "OPENSTREETMAP"}, "geometry": {"type": "Point", "coordinates": [73.850732, 18.5518779]}}, {"type": "Feature", "properties": {"osmId": 13394411358, "id": "osm_tree_13394411358", "natural": "tree", "tree_height": 7.5, "height_source": "VISUAL_ESTIMATE", "genus": null, "species": null, "circumference": null, "diameter_crown": null, "source": "OPENSTREETMAP"}, "geometry": {"type": "Point", "coordinates": [73.8507604, 18.5529541]}}, {"type": "Feature", "properties": {"osmId": 13394411360, "id": "osm_tree_13394411360", "natural": "tree", "tree_height": 8.2, "height_source": "VISUAL_ESTIMATE", "genus": null, "species": null, "circumference": null, "diameter_crown": null, "source": "OPENSTREETMAP"}, "geometry": {"type": "Point", "coordinates": [73.850806, 18.5529185]}}, {"type": "Feature", "properties": {"osmId": 13394411361, "id": "osm_tree_13394411361", "natural": "tree", "tree_height": 8.55, "height_source": "VISUAL_ESTIMATE", "genus": null, "species": null, "circumference": null, "diameter_crown": null, "source": "OPENSTREETMAP"}, "geometry": {"type": "Point", "coordinates": [73.8509884, 18.5529286]}}, {"type": "Feature", "properties": {"osmId": 13394411363, "id": "osm_tree_13394411363", "natural": "tree", "tree_height": 9.25, "height_source": "VISUAL_ESTIMATE", "genus": null, "species": null, "circumference": null, "diameter_crown": null, "source": "OPENSTREETMAP"}, "geometry": {"type": "Point", "coordinates": [73.8509535, 18.5527888]}}, {"type": "Feature", "properties": {"osmId": 13394411364, "id": "osm_tree_13394411364", "natural": "tree", "tree_height": 9.6, "height_source": "VISUAL_ESTIMATE", "genus": null, "species": null, "circumference": null, "diameter_crown": null, "source": "OPENSTREETMAP"}, "geometry": {"type": "Point", "coordinates": [73.8511574, 18.5528269]}}, {"type": "Feature", "properties": {"osmId": 13394411365, "id": "osm_tree_13394411365", "natural": "tree", "tree_height": 9.95, "height_source": "VISUAL_ESTIMATE", "genus": null, "species": null, "circumference": null, "diameter_crown": null, "source": "OPENSTREETMAP"}, "geometry": {"type": "Point", "coordinates": [73.851101, 18.5526566]}}, {"type": "Feature", "properties": {"osmId": 13394411366, "id": "osm_tree_13394411366", "natural": "tree", "tree_height": 10.3, "height_source": "VISUAL_ESTIMATE", "genus": null, "species": null, "circumference": null, "diameter_crown": null, "source": "OPENSTREETMAP"}, "geometry": {"type": "Point", "coordinates": [73.8510769, 18.5524455]}}, {"type": "Feature", "properties": {"osmId": 13394411367, "id": "osm_tree_13394411367", "natural": "tree", "tree_height": 4.7, "height_source": "VISUAL_ESTIMATE", "genus": null, "species": null, "circumference": null, "diameter_crown": null, "source": "OPENSTREETMAP"}, "geometry": {"type": "Point", "coordinates": [73.8507094, 18.5522802]}}, {"type": "Feature", "properties": {"osmId": 13394411369, "id": "osm_tree_13394411369", "natural": "tree", "tree_height": 5.4, "height_source": "VISUAL_ESTIMATE", "genus": null, "species": null, "circumference": null, "diameter_crown": null, "source": "OPENSTREETMAP"}, "geometry": {"type": "Point", "coordinates": [73.8513505, 18.552982]}}, {"type": "Feature", "properties": {"osmId": 13394411370, "id": "osm_tree_13394411370", "natural": "tree", "tree_height": 5.75, "height_source": "VISUAL_ESTIMATE", "genus": null, "species": null, "circumference": null, "diameter_crown": null, "source": "OPENSTREETMAP"}, "geometry": {"type": "Point", "coordinates": [73.8514363, 18.5527201]}}, {"type": "Feature", "properties": {"osmId": 13394411371, "id": "osm_tree_13394411371", "natural": "tree", "tree_height": 6.1, "height_source": "VISUAL_ESTIMATE", "genus": null, "species": null, "circumference": null, "diameter_crown": null, "source": "OPENSTREETMAP"}, "geometry": {"type": "Point", "coordinates": [73.8515436, 18.5526616]}}, {"type": "Feature", "properties": {"osmId": 13394411372, "id": "osm_tree_13394411372", "natural": "tree", "tree_height": 6.45, "height_source": "VISUAL_ESTIMATE", "genus": null, "species": null, "circumference": null, "diameter_crown": null, "source": "OPENSTREETMAP"}, "geometry": {"type": "Point", "coordinates": [73.8513049, 18.5525701]}}, {"type": "Feature", "properties": {"osmId": 13394411373, "id": "osm_tree_13394411373", "natural": "tree", "tree_height": 6.8, "height_source": "VISUAL_ESTIMATE", "genus": null, "species": null, "circumference": null, "diameter_crown": null, "source": "OPENSTREETMAP"}, "geometry": {"type": "Point", "coordinates": [73.8516418, 18.5525696]}}, {"type": "Feature", "properties": {"osmId": 13394411374, "id": "osm_tree_13394411374", "natural": "tree", "tree_height": 7.15, "height_source": "VISUAL_ESTIMATE", "genus": null, "species": null, "circumference": null, "diameter_crown": null, "source": "OPENSTREETMAP"}, "geometry": {"type": "Point", "coordinates": [73.8513762, 18.5524882]}}, {"type": "Feature", "properties": {"osmId": 13394411375, "id": "osm_tree_13394411375", "natural": "tree", "tree_height": 7.5, "height_source": "VISUAL_ESTIMATE", "genus": null, "species": null, "circumference": null, "diameter_crown": null, "source": "OPENSTREETMAP"}, "geometry": {"type": "Point", "coordinates": [73.8515736, 18.5523982]}}, {"type": "Feature", "properties": {"osmId": 13394411376, "id": "osm_tree_13394411376", "natural": "tree", "tree_height": 7.85, "height_source": "VISUAL_ESTIMATE", "genus": null, "species": null, "circumference": null, "diameter_crown": null, "source": "OPENSTREETMAP"}, "geometry": {"type": "Point", "coordinates": [73.8512915, 18.5523473]}}, {"type": "Feature", "properties": {"osmId": 13394411377, "id": "osm_tree_13394411377", "natural": "tree", "tree_height": 8.2, "height_source": "VISUAL_ESTIMATE", "genus": null, "species": null, "circumference": null, "diameter_crown": null, "source": "OPENSTREETMAP"}, "geometry": {"type": "Point", "coordinates": [73.8517156, 18.5520355]}}, {"type": "Feature", "properties": {"osmId": 13394411378, "id": "osm_tree_13394411378", "natural": "tree", "tree_height": 8.55, "height_source": "VISUAL_ESTIMATE", "genus": null, "species": null, "circumference": null, "diameter_crown": null, "source": "OPENSTREETMAP"}, "geometry": {"type": "Point", "coordinates": [73.851744, 18.551785]}}, {"type": "Feature", "properties": {"osmId": 13394411379, "id": "osm_tree_13394411379", "natural": "tree", "tree_height": 8.9, "height_source": "VISUAL_ESTIMATE", "genus": null, "species": null, "circumference": null, "diameter_crown": null, "source": "OPENSTREETMAP"}, "geometry": {"type": "Point", "coordinates": [73.851431, 18.5514767]}}, {"type": "Feature", "properties": {"osmId": 13394411380, "id": "osm_tree_13394411380", "natural": "tree", "tree_height": 9.25, "height_source": "VISUAL_ESTIMATE", "genus": null, "species": null, "circumference": null, "diameter_crown": null, "source": "OPENSTREETMAP"}, "geometry": {"type": "Point", "coordinates": [73.8512033, 18.5512146]}}, {"type": "Feature", "properties": {"osmId": 13394411381, "id": "osm_tree_13394411381", "natural": "tree", "tree_height": 9.6, "height_source": "VISUAL_ESTIMATE", "genus": null, "species": null, "circumference": null, "diameter_crown": null, "source": "OPENSTREETMAP"}, "geometry": {"type": "Point", "coordinates": [73.8517058, 18.5510743]}}, {"type": "Feature", "properties": {"osmId": 13394411382, "id": "osm_tree_13394411382", "natural": "tree", "tree_height": 9.95, "height_source": "VISUAL_ESTIMATE", "genus": null, "species": null, "circumference": null, "diameter_crown": null, "source": "OPENSTREETMAP"}, "geometry": {"type": "Point", "coordinates": [73.8522042, 18.5516069]}}, {"type": "Feature", "properties": {"osmId": 13394411383, "id": "osm_tree_13394411383", "natural": "tree", "tree_height": 10.3, "height_source": "VISUAL_ESTIMATE", "genus": null, "species": null, "circumference": null, "diameter_crown": null, "source": "OPENSTREETMAP"}, "geometry": {"type": "Point", "coordinates": [73.852075, 18.5526692]}}, {"type": "Feature", "properties": {"osmId": 13394411716, "id": "osm_tree_13394411716", "natural": "tree", "tree_height": 7.85, "height_source": "VISUAL_ESTIMATE", "genus": null, "species": null, "circumference": null, "diameter_crown": null, "source": "OPENSTREETMAP"}, "geometry": {"type": "Point", "coordinates": [73.8523012, 18.5522023]}}, {"type": "Feature", "properties": {"osmId": 13394411717, "id": "osm_tree_13394411717", "natural": "tree", "tree_height": 8.2, "height_source": "VISUAL_ESTIMATE", "genus": null, "species": null, "circumference": null, "diameter_crown": null, "source": "OPENSTREETMAP"}, "geometry": {"type": "Point", "coordinates": [73.8522012, 18.5525588]}}, {"type": "Feature", "properties": {"osmId": 13394411718, "id": "osm_tree_13394411718", "natural": "tree", "tree_height": 8.55, "height_source": "VISUAL_ESTIMATE", "genus": null, "species": null, "circumference": null, "diameter_crown": null, "source": "OPENSTREETMAP"}, "geometry": {"type": "Point", "coordinates": [73.852338, 18.5524189]}}, {"type": "Feature", "properties": {"osmId": 13394411719, "id": "osm_tree_13394411719", "natural": "tree", "tree_height": 8.9, "height_source": "VISUAL_ESTIMATE", "genus": null, "species": null, "circumference": null, "diameter_crown": null, "source": "OPENSTREETMAP"}, "geometry": {"type": "Point", "coordinates": [73.8526625, 18.552274]}}, {"type": "Feature", "properties": {"osmId": 13394411720, "id": "osm_tree_13394411720", "natural": "tree", "tree_height": 9.25, "height_source": "VISUAL_ESTIMATE", "genus": null, "species": null, "circumference": null, "diameter_crown": null, "source": "OPENSTREETMAP"}, "geometry": {"type": "Point", "coordinates": [73.8534511, 18.5523823]}}, {"type": "Feature", "properties": {"osmId": 13394411721, "id": "osm_tree_13394411721", "natural": "tree", "tree_height": 9.6, "height_source": "VISUAL_ESTIMATE", "genus": null, "species": null, "circumference": null, "diameter_crown": null, "source": "OPENSTREETMAP"}, "geometry": {"type": "Point", "coordinates": [73.8534283, 18.5522717]}}, {"type": "Feature", "properties": {"osmId": 13394411722, "id": "osm_tree_13394411722", "natural": "tree", "tree_height": 9.95, "height_source": "VISUAL_ESTIMATE", "genus": null, "species": null, "circumference": null, "diameter_crown": null, "source": "OPENSTREETMAP"}, "geometry": {"type": "Point", "coordinates": [73.85359, 18.5522094]}}, {"type": "Feature", "properties": {"osmId": 13394411723, "id": "osm_tree_13394411723", "natural": "tree", "tree_height": 10.3, "height_source": "VISUAL_ESTIMATE", "genus": null, "species": null, "circumference": null, "diameter_crown": null, "source": "OPENSTREETMAP"}, "geometry": {"type": "Point", "coordinates": [73.8534854, 18.5522755]}}, {"type": "Feature", "properties": {"osmId": 13394411724, "id": "osm_tree_13394411724", "natural": "tree", "tree_height": 4.7, "height_source": "VISUAL_ESTIMATE", "genus": null, "species": null, "circumference": null, "diameter_crown": null, "source": "OPENSTREETMAP"}, "geometry": {"type": "Point", "coordinates": [73.853531, 18.5521942]}}, {"type": "Feature", "properties": {"osmId": 13394411725, "id": "osm_tree_13394411725", "natural": "tree", "tree_height": 5.050000000000001, "height_source": "VISUAL_ESTIMATE", "genus": null, "species": null, "circumference": null, "diameter_crown": null, "source": "OPENSTREETMAP"}, "geometry": {"type": "Point", "coordinates": [73.8537295, 18.5522577]}}, {"type": "Feature", "properties": {"osmId": 13394411726, "id": "osm_tree_13394411726", "natural": "tree", "tree_height": 5.4, "height_source": "VISUAL_ESTIMATE", "genus": null, "species": null, "circumference": null, "diameter_crown": null, "source": "OPENSTREETMAP"}, "geometry": {"type": "Point", "coordinates": [73.8537303, 18.552034]}}, {"type": "Feature", "properties": {"osmId": 13394411727, "id": "osm_tree_13394411727", "natural": "tree", "tree_height": 5.75, "height_source": "VISUAL_ESTIMATE", "genus": null, "species": null, "circumference": null, "diameter_crown": null, "source": "OPENSTREETMAP"}, "geometry": {"type": "Point", "coordinates": [73.8538526, 18.5521555]}}, {"type": "Feature", "properties": {"osmId": 13394411728, "id": "osm_tree_13394411728", "natural": "tree", "tree_height": 6.1, "height_source": "VISUAL_ESTIMATE", "genus": null, "species": null, "circumference": null, "diameter_crown": null, "source": "OPENSTREETMAP"}, "geometry": {"type": "Point", "coordinates": [73.85374, 18.5521606]}}, {"type": "Feature", "properties": {"osmId": 13394411729, "id": "osm_tree_13394411729", "natural": "tree", "tree_height": 6.45, "height_source": "VISUAL_ESTIMATE", "genus": null, "species": null, "circumference": null, "diameter_crown": null, "source": "OPENSTREETMAP"}, "geometry": {"type": "Point", "coordinates": [73.8539701, 18.5520274]}}, {"type": "Feature", "properties": {"osmId": 13394411730, "id": "osm_tree_13394411730", "natural": "tree", "tree_height": 6.8, "height_source": "VISUAL_ESTIMATE", "genus": null, "species": null, "circumference": null, "diameter_crown": null, "source": "OPENSTREETMAP"}, "geometry": {"type": "Point", "coordinates": [73.8541418, 18.5521303]}}, {"type": "Feature", "properties": {"osmId": 13394411731, "id": "osm_tree_13394411731", "natural": "tree", "tree_height": 7.15, "height_source": "VISUAL_ESTIMATE", "genus": null, "species": null, "circumference": null, "diameter_crown": null, "source": "OPENSTREETMAP"}, "geometry": {"type": "Point", "coordinates": [73.8542544, 18.5521074]}}, {"type": "Feature", "properties": {"osmId": 13394411732, "id": "osm_tree_13394411732", "natural": "tree", "tree_height": 7.5, "height_source": "VISUAL_ESTIMATE", "genus": null, "species": null, "circumference": null, "diameter_crown": null, "source": "OPENSTREETMAP"}, "geometry": {"type": "Point", "coordinates": [73.8540801, 18.5519765]}}, {"type": "Feature", "properties": {"osmId": 13394411733, "id": "osm_tree_13394411733", "natural": "tree", "tree_height": 7.85, "height_source": "VISUAL_ESTIMATE", "genus": null, "species": null, "circumference": null, "diameter_crown": null, "source": "OPENSTREETMAP"}, "geometry": {"type": "Point", "coordinates": [73.8536576, 18.5519587]}}, {"type": "Feature", "properties": {"osmId": 13394411734, "id": "osm_tree_13394411734", "natural": "tree", "tree_height": 8.2, "height_source": "VISUAL_ESTIMATE", "genus": null, "species": null, "circumference": null, "diameter_crown": null, "source": "OPENSTREETMAP"}, "geometry": {"type": "Point", "coordinates": [73.8542917, 18.5517044]}}, {"type": "Feature", "properties": {"osmId": 13394411735, "id": "osm_tree_13394411735", "natural": "tree", "tree_height": 8.55, "height_source": "VISUAL_ESTIMATE", "genus": null, "species": null, "circumference": null, "diameter_crown": null, "source": "OPENSTREETMAP"}, "geometry": {"type": "Point", "coordinates": [73.8542882, 18.5515788]}}, {"type": "Feature", "properties": {"osmId": 13394411736, "id": "osm_tree_13394411736", "natural": "tree", "tree_height": 8.9, "height_source": "VISUAL_ESTIMATE", "genus": null, "species": null, "circumference": null, "diameter_crown": null, "source": "OPENSTREETMAP"}, "geometry": {"type": "Point", "coordinates": [73.8541353, 18.551515]}}, {"type": "Feature", "properties": {"osmId": 13394411737, "id": "osm_tree_13394411737", "natural": "tree", "tree_height": 9.25, "height_source": "VISUAL_ESTIMATE", "genus": null, "species": null, "circumference": null, "diameter_crown": null, "source": "OPENSTREETMAP"}, "geometry": {"type": "Point", "coordinates": [73.8531053, 18.5523371]}}, {"type": "Feature", "properties": {"osmId": 13394411738, "id": "osm_tree_13394411738", "natural": "tree", "tree_height": 9.6, "height_source": "VISUAL_ESTIMATE", "genus": null, "species": null, "circumference": null, "diameter_crown": null, "source": "OPENSTREETMAP"}, "geometry": {"type": "Point", "coordinates": [73.8530782, 18.5526505]}}, {"type": "Feature", "properties": {"osmId": 13394411739, "id": "osm_tree_13394411739", "natural": "tree", "tree_height": 9.95, "height_source": "VISUAL_ESTIMATE", "genus": null, "species": null, "circumference": null, "diameter_crown": null, "source": "OPENSTREETMAP"}, "geometry": {"type": "Point", "coordinates": [73.853307, 18.5527037]}}, {"type": "Feature", "properties": {"osmId": 13394411743, "id": "osm_tree_13394411743", "natural": "tree", "tree_height": 5.4, "height_source": "VISUAL_ESTIMATE", "genus": null, "species": null, "circumference": null, "diameter_crown": null, "source": "OPENSTREETMAP"}, "geometry": {"type": "Point", "coordinates": [73.8521764, 18.5528042]}}, {"type": "Feature", "properties": {"osmId": 13394411756, "id": "osm_tree_13394411756", "natural": "tree", "tree_height": 9.95, "height_source": "VISUAL_ESTIMATE", "genus": null, "species": null, "circumference": null, "diameter_crown": null, "source": "OPENSTREETMAP"}, "geometry": {"type": "Point", "coordinates": [73.8549177, 18.5526492]}}, {"type": "Feature", "properties": {"osmId": 13394411757, "id": "osm_tree_13394411757", "natural": "tree", "tree_height": 10.3, "height_source": "VISUAL_ESTIMATE", "genus": null, "species": null, "circumference": null, "diameter_crown": null, "source": "OPENSTREETMAP"}, "geometry": {"type": "Point", "coordinates": [73.8547314, 18.5524035]}}, {"type": "Feature", "properties": {"osmId": 13394411758, "id": "osm_tree_13394411758", "natural": "tree", "tree_height": 4.7, "height_source": "VISUAL_ESTIMATE", "genus": null, "species": null, "circumference": null, "diameter_crown": null, "source": "OPENSTREETMAP"}, "geometry": {"type": "Point", "coordinates": [73.8544208, 18.5523194]}}, {"type": "Feature", "properties": {"osmId": 13394411759, "id": "osm_tree_13394411759", "natural": "tree", "tree_height": 5.050000000000001, "height_source": "VISUAL_ESTIMATE", "genus": null, "species": null, "circumference": null, "diameter_crown": null, "source": "OPENSTREETMAP"}, "geometry": {"type": "Point", "coordinates": [73.8553432, 18.5525319]}}, {"type": "Feature", "properties": {"osmId": 13394411767, "id": "osm_tree_13394411767", "natural": "tree", "tree_height": 7.85, "height_source": "VISUAL_ESTIMATE", "genus": null, "species": null, "circumference": null, "diameter_crown": null, "source": "OPENSTREETMAP"}, "geometry": {"type": "Point", "coordinates": [73.8572835, 18.5528365]}}, {"type": "Feature", "properties": {"osmId": 13394411768, "id": "osm_tree_13394411768", "natural": "tree", "tree_height": 8.2, "height_source": "VISUAL_ESTIMATE", "genus": null, "species": null, "circumference": null, "diameter_crown": null, "source": "OPENSTREETMAP"}, "geometry": {"type": "Point", "coordinates": [73.8572681, 18.5527258]}}, {"type": "Feature", "properties": {"osmId": 13394411769, "id": "osm_tree_13394411769", "natural": "tree", "tree_height": 8.55, "height_source": "VISUAL_ESTIMATE", "genus": null, "species": null, "circumference": null, "diameter_crown": null, "source": "OPENSTREETMAP"}, "geometry": {"type": "Point", "coordinates": [73.8574082, 18.5529427]}}, {"type": "Feature", "properties": {"osmId": 13394411771, "id": "osm_tree_13394411771", "natural": "tree", "tree_height": 9.25, "height_source": "VISUAL_ESTIMATE", "genus": null, "species": null, "circumference": null, "diameter_crown": null, "source": "OPENSTREETMAP"}, "geometry": {"type": "Point", "coordinates": [73.857476, 18.5528653]}}, {"type": "Feature", "properties": {"osmId": 13394411773, "id": "osm_tree_13394411773", "natural": "tree", "tree_height": 9.95, "height_source": "VISUAL_ESTIMATE", "genus": null, "species": null, "circumference": null, "diameter_crown": null, "source": "OPENSTREETMAP"}, "geometry": {"type": "Point", "coordinates": [73.8574293, 18.5527324]}}, {"type": "Feature", "properties": {"osmId": 13394411774, "id": "osm_tree_13394411774", "natural": "tree", "tree_height": 10.3, "height_source": "VISUAL_ESTIMATE", "genus": null, "species": null, "circumference": null, "diameter_crown": null, "source": "OPENSTREETMAP"}, "geometry": {"type": "Point", "coordinates": [73.8574096, 18.5525421]}}, {"type": "Feature", "properties": {"osmId": 13394411775, "id": "osm_tree_13394411775", "natural": "tree", "tree_height": 4.7, "height_source": "VISUAL_ESTIMATE", "genus": null, "species": null, "circumference": null, "diameter_crown": null, "source": "OPENSTREETMAP"}, "geometry": {"type": "Point", "coordinates": [73.857405, 18.5524336]}}, {"type": "Feature", "properties": {"osmId": 13394411776, "id": "osm_tree_13394411776", "natural": "tree", "tree_height": 5.050000000000001, "height_source": "VISUAL_ESTIMATE", "genus": null, "species": null, "circumference": null, "diameter_crown": null, "source": "OPENSTREETMAP"}, "geometry": {"type": "Point", "coordinates": [73.857384, 18.5523008]}}, {"type": "Feature", "properties": {"osmId": 13394411777, "id": "osm_tree_13394411777", "natural": "tree", "tree_height": 5.4, "height_source": "VISUAL_ESTIMATE", "genus": null, "species": null, "circumference": null, "diameter_crown": null, "source": "OPENSTREETMAP"}, "geometry": {"type": "Point", "coordinates": [73.8568656, 18.5526195]}}, {"type": "Feature", "properties": {"osmId": 13394411778, "id": "osm_tree_13394411778", "natural": "tree", "tree_height": 5.75, "height_source": "VISUAL_ESTIMATE", "genus": null, "species": null, "circumference": null, "diameter_crown": null, "source": "OPENSTREETMAP"}, "geometry": {"type": "Point", "coordinates": [73.8570734, 18.5528653]}}, {"type": "Feature", "properties": {"osmId": 13394411779, "id": "osm_tree_13394411779", "natural": "tree", "tree_height": 6.1, "height_source": "VISUAL_ESTIMATE", "genus": null, "species": null, "circumference": null, "diameter_crown": null, "source": "OPENSTREETMAP"}, "geometry": {"type": "Point", "coordinates": [73.8570524, 18.552686]}}, {"type": "Feature", "properties": {"osmId": 13394411780, "id": "osm_tree_13394411780", "natural": "tree", "tree_height": 6.45, "height_source": "VISUAL_ESTIMATE", "genus": null, "species": null, "circumference": null, "diameter_crown": null, "source": "OPENSTREETMAP"}, "geometry": {"type": "Point", "coordinates": [73.8574279, 18.5521148]}}, {"type": "Feature", "properties": {"osmId": 13394411781, "id": "osm_tree_13394411781", "natural": "tree", "tree_height": 6.8, "height_source": "VISUAL_ESTIMATE", "genus": null, "species": null, "circumference": null, "diameter_crown": null, "source": "OPENSTREETMAP"}, "geometry": {"type": "Point", "coordinates": [73.8573578, 18.5519577]}}, {"type": "Feature", "properties": {"osmId": 13394411782, "id": "osm_tree_13394411782", "natural": "tree", "tree_height": 7.15, "height_source": "VISUAL_ESTIMATE", "genus": null, "species": null, "circumference": null, "diameter_crown": null, "source": "OPENSTREETMAP"}, "geometry": {"type": "Point", "coordinates": [73.8569842, 18.5522388]}}, {"type": "Feature", "properties": {"osmId": 13394411783, "id": "osm_tree_13394411783", "natural": "tree", "tree_height": 7.5, "height_source": "VISUAL_ESTIMATE", "genus": null, "species": null, "circumference": null, "diameter_crown": null, "source": "OPENSTREETMAP"}, "geometry": {"type": "Point", "coordinates": [73.8571262, 18.55221]}}, {"type": "Feature", "properties": {"osmId": 13394411784, "id": "osm_tree_13394411784", "natural": "tree", "tree_height": 7.85, "height_source": "VISUAL_ESTIMATE", "genus": null, "species": null, "circumference": null, "diameter_crown": null, "source": "OPENSTREETMAP"}, "geometry": {"type": "Point", "coordinates": [73.8563916, 18.5511027]}}, {"type": "Feature", "properties": {"osmId": 13394411785, "id": "osm_tree_13394411785", "natural": "tree", "tree_height": 8.2, "height_source": "VISUAL_ESTIMATE", "genus": null, "species": null, "circumference": null, "diameter_crown": null, "source": "OPENSTREETMAP"}, "geometry": {"type": "Point", "coordinates": [73.8561628, 18.5512356]}}, {"type": "Feature", "properties": {"osmId": 13394411786, "id": "osm_tree_13394411786", "natural": "tree", "tree_height": 8.55, "height_source": "VISUAL_ESTIMATE", "genus": null, "species": null, "circumference": null, "diameter_crown": null, "source": "OPENSTREETMAP"}, "geometry": {"type": "Point", "coordinates": [73.8561231, 18.5511337]}}, {"type": "Feature", "properties": {"osmId": 13394411787, "id": "osm_tree_13394411787", "natural": "tree", "tree_height": 8.9, "height_source": "VISUAL_ESTIMATE", "genus": null, "species": null, "circumference": null, "diameter_crown": null, "source": "OPENSTREETMAP"}, "geometry": {"type": "Point", "coordinates": [73.8565457, 18.5510009]}}, {"type": "Feature", "properties": {"osmId": 13394412138, "id": "osm_tree_13394412138", "natural": "tree", "tree_height": 6.8, "height_source": "VISUAL_ESTIMATE", "genus": null, "species": null, "circumference": null, "diameter_crown": null, "source": "OPENSTREETMAP"}, "geometry": {"type": "Point", "coordinates": [73.8504938, 18.5528148]}}, {"type": "Feature", "properties": {"osmId": 13394796626, "id": "osm_tree_13394796626", "natural": "tree", "tree_height": 6.45, "height_source": "VISUAL_ESTIMATE", "genus": null, "species": null, "circumference": null, "diameter_crown": null, "source": "OPENSTREETMAP"}, "geometry": {"type": "Point", "coordinates": [73.8620497, 18.5528763]}}, {"type": "Feature", "properties": {"osmId": 13394813527, "id": "osm_tree_13394813527", "natural": "tree", "tree_height": 7.5, "height_source": "VISUAL_ESTIMATE", "genus": null, "species": null, "circumference": null, "diameter_crown": null, "source": "OPENSTREETMAP"}, "geometry": {"type": "Point", "coordinates": [73.8668598, 18.5525946]}}, {"type": "Feature", "properties": {"osmId": 13394813528, "id": "osm_tree_13394813528", "natural": "tree", "tree_height": 7.85, "height_source": "VISUAL_ESTIMATE", "genus": null, "species": null, "circumference": null, "diameter_crown": null, "source": "OPENSTREETMAP"}, "geometry": {"type": "Point", "coordinates": [73.8668567, 18.5524588]}}, {"type": "Feature", "properties": {"osmId": 13394813529, "id": "osm_tree_13394813529", "natural": "tree", "tree_height": 8.2, "height_source": "VISUAL_ESTIMATE", "genus": null, "species": null, "circumference": null, "diameter_crown": null, "source": "OPENSTREETMAP"}, "geometry": {"type": "Point", "coordinates": [73.8664749, 18.5524454]}}, {"type": "Feature", "properties": {"osmId": 13394813530, "id": "osm_tree_13394813530", "natural": "tree", "tree_height": 8.55, "height_source": "VISUAL_ESTIMATE", "genus": null, "species": null, "circumference": null, "diameter_crown": null, "source": "OPENSTREETMAP"}, "geometry": {"type": "Point", "coordinates": [73.8663748, 18.5523022]}}, {"type": "Feature", "properties": {"osmId": 13394813531, "id": "osm_tree_13394813531", "natural": "tree", "tree_height": 8.9, "height_source": "VISUAL_ESTIMATE", "genus": null, "species": null, "circumference": null, "diameter_crown": null, "source": "OPENSTREETMAP"}, "geometry": {"type": "Point", "coordinates": [73.8676186, 18.5519105]}}, {"type": "Feature", "properties": {"osmId": 13394813532, "id": "osm_tree_13394813532", "natural": "tree", "tree_height": 9.25, "height_source": "VISUAL_ESTIMATE", "genus": null, "species": null, "circumference": null, "diameter_crown": null, "source": "OPENSTREETMAP"}, "geometry": {"type": "Point", "coordinates": [73.8671259, 18.551588]}}, {"type": "Feature", "properties": {"osmId": 13394813533, "id": "osm_tree_13394813533", "natural": "tree", "tree_height": 9.6, "height_source": "VISUAL_ESTIMATE", "genus": null, "species": null, "circumference": null, "diameter_crown": null, "source": "OPENSTREETMAP"}, "geometry": {"type": "Point", "coordinates": [73.8672723, 18.5515063]}}, {"type": "Feature", "properties": {"osmId": 13394813534, "id": "osm_tree_13394813534", "natural": "tree", "tree_height": 9.95, "height_source": "VISUAL_ESTIMATE", "genus": null, "species": null, "circumference": null, "diameter_crown": null, "source": "OPENSTREETMAP"}, "geometry": {"type": "Point", "coordinates": [73.8678577, 18.5512635]}}, {"type": "Feature", "properties": {"osmId": 13394813535, "id": "osm_tree_13394813535", "natural": "tree", "tree_height": 10.3, "height_source": "VISUAL_ESTIMATE", "genus": null, "species": null, "circumference": null, "diameter_crown": null, "source": "OPENSTREETMAP"}, "geometry": {"type": "Point", "coordinates": [73.868155, 18.5512402]}}, {"type": "Feature", "properties": {"osmId": 13394813537, "id": "osm_tree_13394813537", "natural": "tree", "tree_height": 5.050000000000001, "height_source": "VISUAL_ESTIMATE", "genus": null, "species": null, "circumference": null, "diameter_crown": null, "source": "OPENSTREETMAP"}, "geometry": {"type": "Point", "coordinates": [73.869298, 18.5511703]}}, {"type": "Feature", "properties": {"osmId": 5977491389, "id": "osm_tree_5977491389", "natural": "tree", "tree_height": 7.85, "height_source": "VISUAL_ESTIMATE", "genus": null, "species": null, "circumference": null, "diameter_crown": null, "source": "OPENSTREETMAP"}, "geometry": {"type": "Point", "coordinates": [73.8983372, 18.5211345]}}, {"type": "Feature", "properties": {"osmId": 5977491390, "id": "osm_tree_5977491390", "natural": "tree", "tree_height": 8.2, "height_source": "VISUAL_ESTIMATE", "genus": null, "species": null, "circumference": null, "diameter_crown": null, "source": "OPENSTREETMAP"}, "geometry": {"type": "Point", "coordinates": [73.8985437, 18.52109]}}, {"type": "Feature", "properties": {"osmId": 5977491391, "id": "osm_tree_5977491391", "natural": "tree", "tree_height": 8.55, "height_source": "VISUAL_ESTIMATE", "genus": null, "species": null, "circumference": null, "diameter_crown": null, "source": "OPENSTREETMAP"}, "geometry": {"type": "Point", "coordinates": [73.8987341, 18.5210214]}}, {"type": "Feature", "properties": {"osmId": 5977491392, "id": "osm_tree_5977491392", "natural": "tree", "tree_height": 8.9, "height_source": "VISUAL_ESTIMATE", "genus": null, "species": null, "circumference": null, "diameter_crown": null, "source": "OPENSTREETMAP"}, "geometry": {"type": "Point", "coordinates": [73.8987341, 18.5208866]}}, {"type": "Feature", "properties": {"osmId": 5977491393, "id": "osm_tree_5977491393", "natural": "tree", "tree_height": 9.25, "height_source": "VISUAL_ESTIMATE", "genus": null, "species": null, "circumference": null, "diameter_crown": null, "source": "OPENSTREETMAP"}, "geometry": {"type": "Point", "coordinates": [73.8985464, 18.5208993]}}, {"type": "Feature", "properties": {"osmId": 5977491394, "id": "osm_tree_5977491394", "natural": "tree", "tree_height": 9.6, "height_source": "VISUAL_ESTIMATE", "genus": null, "species": null, "circumference": null, "diameter_crown": null, "source": "OPENSTREETMAP"}, "geometry": {"type": "Point", "coordinates": [73.8982496, 18.5208396]}}, {"type": "Feature", "properties": {"osmId": 5977491395, "id": "osm_tree_5977491395", "natural": "tree", "tree_height": 9.95, "height_source": "VISUAL_ESTIMATE", "genus": null, "species": null, "circumference": null, "diameter_crown": null, "source": "OPENSTREETMAP"}, "geometry": {"type": "Point", "coordinates": [73.8984485, 18.5208102]}}, {"type": "Feature", "properties": {"osmId": 5977509457, "id": "osm_tree_5977509457", "natural": "tree", "tree_height": 6.8, "height_source": "VISUAL_ESTIMATE", "genus": null, "species": null, "circumference": null, "diameter_crown": null, "source": "OPENSTREETMAP"}, "geometry": {"type": "Point", "coordinates": [73.885138, 18.5165515]}}, {"type": "Feature", "properties": {"osmId": 5977509458, "id": "osm_tree_5977509458", "natural": "tree", "tree_height": 7.15, "height_source": "VISUAL_ESTIMATE", "genus": null, "species": null, "circumference": null, "diameter_crown": null, "source": "OPENSTREETMAP"}, "geometry": {"type": "Point", "coordinates": [73.8852775, 18.5165286]}}, {"type": "Feature", "properties": {"osmId": 5977509459, "id": "osm_tree_5977509459", "natural": "tree", "tree_height": 7.5, "height_source": "VISUAL_ESTIMATE", "genus": null, "species": null, "circumference": null, "diameter_crown": null, "source": "OPENSTREETMAP"}, "geometry": {"type": "Point", "coordinates": [73.8854544, 18.516294]}}, {"type": "Feature", "properties": {"osmId": 5977509460, "id": "osm_tree_5977509460", "natural": "tree", "tree_height": 7.85, "height_source": "VISUAL_ESTIMATE", "genus": null, "species": null, "circumference": null, "diameter_crown": null, "source": "OPENSTREETMAP"}, "geometry": {"type": "Point", "coordinates": [73.8857469, 18.5165286]}}, {"type": "Feature", "properties": {"osmId": 5977509464, "id": "osm_tree_5977509464", "natural": "tree", "tree_height": 9.25, "height_source": "VISUAL_ESTIMATE", "genus": null, "species": null, "circumference": null, "diameter_crown": null, "source": "OPENSTREETMAP"}, "geometry": {"type": "Point", "coordinates": [73.8847116, 18.5163073]}}, {"type": "Feature", "properties": {"osmId": 5977509465, "id": "osm_tree_5977509465", "natural": "tree", "tree_height": 9.6, "height_source": "VISUAL_ESTIMATE", "genus": null, "species": null, "circumference": null, "diameter_crown": null, "source": "OPENSTREETMAP"}, "geometry": {"type": "Point", "coordinates": [73.8847223, 18.5168134]}}, {"type": "Feature", "properties": {"osmId": 6017449492, "id": "osm_tree_6017449492", "natural": "tree", "tree_height": 5.75, "height_source": "VISUAL_ESTIMATE", "genus": null, "species": null, "circumference": null, "diameter_crown": null, "source": "OPENSTREETMAP"}, "geometry": {"type": "Point", "coordinates": [73.9062006, 18.5310411]}}, {"type": "Feature", "properties": {"osmId": 6017449493, "id": "osm_tree_6017449493", "natural": "tree", "tree_height": 6.1, "height_source": "VISUAL_ESTIMATE", "genus": null, "species": null, "circumference": null, "diameter_crown": null, "source": "OPENSTREETMAP"}, "geometry": {"type": "Point", "coordinates": [73.9062377, 18.5315472]}}, {"type": "Feature", "properties": {"osmId": 6017449494, "id": "osm_tree_6017449494", "natural": "tree", "tree_height": 6.45, "height_source": "VISUAL_ESTIMATE", "genus": null, "species": null, "circumference": null, "diameter_crown": null, "source": "OPENSTREETMAP"}, "geometry": {"type": "Point", "coordinates": [73.9063301, 18.5314322]}}, {"type": "Feature", "properties": {"osmId": 6017449495, "id": "osm_tree_6017449495", "natural": "tree", "tree_height": 6.8, "height_source": "VISUAL_ESTIMATE", "genus": null, "species": null, "circumference": null, "diameter_crown": null, "source": "OPENSTREETMAP"}, "geometry": {"type": "Point", "coordinates": [73.9062495, 18.531279]}}, {"type": "Feature", "properties": {"osmId": 5977471434, "id": "osm_tree_5977471434", "natural": "tree", "tree_height": 8.9, "height_source": "VISUAL_ESTIMATE", "genus": null, "species": null, "circumference": null, "diameter_crown": null, "source": "OPENSTREETMAP"}, "geometry": {"type": "Point", "coordinates": [73.9094917, 18.5485254]}}, {"type": "Feature", "properties": {"osmId": 5977480985, "id": "osm_tree_5977480985", "natural": "tree", "tree_height": 7.85, "height_source": "VISUAL_ESTIMATE", "genus": null, "species": null, "circumference": null, "diameter_crown": null, "source": "OPENSTREETMAP"}, "geometry": {"type": "Point", "coordinates": [73.9101194, 18.5485409]}}, {"type": "Feature", "properties": {"osmId": 5977481313, "id": "osm_tree_5977481313", "natural": "tree", "tree_height": 9.6, "height_source": "VISUAL_ESTIMATE", "genus": null, "species": null, "circumference": null, "diameter_crown": null, "source": "OPENSTREETMAP"}, "geometry": {"type": "Point", "coordinates": [73.9096371, 18.5484084]}}, {"type": "Feature", "properties": {"osmId": 5977481314, "id": "osm_tree_5977481314", "natural": "tree", "tree_height": 9.95, "height_source": "VISUAL_ESTIMATE", "genus": null, "species": null, "circumference": null, "diameter_crown": null, "source": "OPENSTREETMAP"}, "geometry": {"type": "Point", "coordinates": [73.9027279, 18.545348]}}, {"type": "Feature", "properties": {"osmId": 5977481315, "id": "osm_tree_5977481315", "natural": "tree", "tree_height": 10.3, "height_source": "VISUAL_ESTIMATE", "genus": null, "species": null, "circumference": null, "diameter_crown": null, "source": "OPENSTREETMAP"}, "geometry": {"type": "Point", "coordinates": [73.9027119, 18.5452132]}}, {"type": "Feature", "properties": {"osmId": 5977481316, "id": "osm_tree_5977481316", "natural": "tree", "tree_height": 4.7, "height_source": "VISUAL_ESTIMATE", "genus": null, "species": null, "circumference": null, "diameter_crown": null, "source": "OPENSTREETMAP"}, "geometry": {"type": "Point", "coordinates": [73.9025777, 18.5451776]}}, {"type": "Feature", "properties": {"osmId": 5977481317, "id": "osm_tree_5977481317", "natural": "tree", "tree_height": 5.050000000000001, "height_source": "VISUAL_ESTIMATE", "genus": null, "species": null, "circumference": null, "diameter_crown": null, "source": "OPENSTREETMAP"}, "geometry": {"type": "Point", "coordinates": [73.9025992, 18.5454522]}}, {"type": "Feature", "properties": {"osmId": 5977481318, "id": "osm_tree_5977481318", "natural": "tree", "tree_height": 5.4, "height_source": "VISUAL_ESTIMATE", "genus": null, "species": null, "circumference": null, "diameter_crown": null, "source": "OPENSTREETMAP"}, "geometry": {"type": "Point", "coordinates": [73.9032699, 18.5448884]}}, {"type": "Feature", "properties": {"osmId": 5977481319, "id": "osm_tree_5977481319", "natural": "tree", "tree_height": 5.75, "height_source": "VISUAL_ESTIMATE", "genus": null, "species": null, "circumference": null, "diameter_crown": null, "source": "OPENSTREETMAP"}, "geometry": {"type": "Point", "coordinates": [73.9034711, 18.5449952]}}, {"type": "Feature", "properties": {"osmId": 5977481320, "id": "osm_tree_5977481320", "natural": "tree", "tree_height": 6.1, "height_source": "VISUAL_ESTIMATE", "genus": null, "species": null, "circumference": null, "diameter_crown": null, "source": "OPENSTREETMAP"}, "geometry": {"type": "Point", "coordinates": [73.9035247, 18.5454987]}}, {"type": "Feature", "properties": {"osmId": 5977481321, "id": "osm_tree_5977481321", "natural": "tree", "tree_height": 6.45, "height_source": "VISUAL_ESTIMATE", "genus": null, "species": null, "circumference": null, "diameter_crown": null, "source": "OPENSTREETMAP"}, "geometry": {"type": "Point", "coordinates": [73.9022188, 18.5457356]}}, {"type": "Feature", "properties": {"osmId": 5977481322, "id": "osm_tree_5977481322", "natural": "tree", "tree_height": 6.8, "height_source": "VISUAL_ESTIMATE", "genus": null, "species": null, "circumference": null, "diameter_crown": null, "source": "OPENSTREETMAP"}, "geometry": {"type": "Point", "coordinates": [73.9020268, 18.5443063]}}, {"type": "Feature", "properties": {"osmId": 5977481323, "id": "osm_tree_5977481323", "natural": "tree", "tree_height": 7.15, "height_source": "VISUAL_ESTIMATE", "genus": null, "species": null, "circumference": null, "diameter_crown": null, "source": "OPENSTREETMAP"}, "geometry": {"type": "Point", "coordinates": [73.9011782, 18.544491]}}, {"type": "Feature", "properties": {"osmId": 5977481324, "id": "osm_tree_5977481324", "natural": "tree", "tree_height": 7.5, "height_source": "VISUAL_ESTIMATE", "genus": null, "species": null, "circumference": null, "diameter_crown": null, "source": "OPENSTREETMAP"}, "geometry": {"type": "Point", "coordinates": [73.9008582, 18.5445174]}}, {"type": "Feature", "properties": {"osmId": 5977481325, "id": "osm_tree_5977481325", "natural": "tree", "tree_height": 7.85, "height_source": "VISUAL_ESTIMATE", "genus": null, "species": null, "circumference": null, "diameter_crown": null, "source": "OPENSTREETMAP"}, "geometry": {"type": "Point", "coordinates": [73.9017346, 18.5442008]}}, {"type": "Feature", "properties": {"osmId": 5977481326, "id": "osm_tree_5977481326", "natural": "tree", "tree_height": 8.2, "height_source": "VISUAL_ESTIMATE", "genus": null, "species": null, "circumference": null, "diameter_crown": null, "source": "OPENSTREETMAP"}, "geometry": {"type": "Point", "coordinates": [73.9018144, 18.5440305]}}, {"type": "Feature", "properties": {"osmId": 5977481327, "id": "osm_tree_5977481327", "natural": "tree", "tree_height": 8.55, "height_source": "VISUAL_ESTIMATE", "genus": null, "species": null, "circumference": null, "diameter_crown": null, "source": "OPENSTREETMAP"}, "geometry": {"type": "Point", "coordinates": [73.9072688, 18.5452816]}}, {"type": "Feature", "properties": {"osmId": 5977481328, "id": "osm_tree_5977481328", "natural": "tree", "tree_height": 8.9, "height_source": "VISUAL_ESTIMATE", "genus": null, "species": null, "circumference": null, "diameter_crown": null, "source": "OPENSTREETMAP"}, "geometry": {"type": "Point", "coordinates": [73.9074469, 18.5468602]}}, {"type": "Feature", "properties": {"osmId": 5977481329, "id": "osm_tree_5977481329", "natural": "tree", "tree_height": 9.25, "height_source": "VISUAL_ESTIMATE", "genus": null, "species": null, "circumference": null, "diameter_crown": null, "source": "OPENSTREETMAP"}, "geometry": {"type": "Point", "coordinates": [73.9072655, 18.5465449]}}, {"type": "Feature", "properties": {"osmId": 5977481330, "id": "osm_tree_5977481330", "natural": "tree", "tree_height": 9.6, "height_source": "VISUAL_ESTIMATE", "genus": null, "species": null, "circumference": null, "diameter_crown": null, "source": "OPENSTREETMAP"}, "geometry": {"type": "Point", "coordinates": [73.9073562, 18.5472492]}}, {"type": "Feature", "properties": {"osmId": 5977483849, "id": "osm_tree_5977483849", "natural": "tree", "tree_height": 4.7, "height_source": "VISUAL_ESTIMATE", "genus": null, "species": null, "circumference": null, "diameter_crown": null, "source": "OPENSTREETMAP"}, "geometry": {"type": "Point", "coordinates": [73.9094997, 18.548762]}}, {"type": "Feature", "properties": {"osmId": 5977487673, "id": "osm_tree_5977487673", "natural": "tree", "tree_height": 10.3, "height_source": "VISUAL_ESTIMATE", "genus": null, "species": null, "circumference": null, "diameter_crown": null, "source": "OPENSTREETMAP"}, "geometry": {"type": "Point", "coordinates": [73.9097628, 18.5478309]}}, {"type": "Feature", "properties": {"osmId": 5977488827, "id": "osm_tree_5977488827", "natural": "tree", "tree_height": 9.6, "height_source": "VISUAL_ESTIMATE", "genus": null, "species": null, "circumference": null, "diameter_crown": null, "source": "OPENSTREETMAP"}, "geometry": {"type": "Point", "coordinates": [73.9137143, 18.5491369]}}, {"type": "Feature", "properties": {"osmId": 5977488828, "id": "osm_tree_5977488828", "natural": "tree", "tree_height": 9.95, "height_source": "VISUAL_ESTIMATE", "genus": null, "species": null, "circumference": null, "diameter_crown": null, "source": "OPENSTREETMAP"}, "geometry": {"type": "Point", "coordinates": [73.9134782, 18.5492666]}}, {"type": "Feature", "properties": {"osmId": 5977488829, "id": "osm_tree_5977488829", "natural": "tree", "tree_height": 10.3, "height_source": "VISUAL_ESTIMATE", "genus": null, "species": null, "circumference": null, "diameter_crown": null, "source": "OPENSTREETMAP"}, "geometry": {"type": "Point", "coordinates": [73.9133897, 18.5490759]}}, {"type": "Feature", "properties": {"osmId": 5977488830, "id": "osm_tree_5977488830", "natural": "tree", "tree_height": 4.7, "height_source": "VISUAL_ESTIMATE", "genus": null, "species": null, "circumference": null, "diameter_crown": null, "source": "OPENSTREETMAP"}, "geometry": {"type": "Point", "coordinates": [73.9133227, 18.5490047]}}, {"type": "Feature", "properties": {"osmId": 5977488831, "id": "osm_tree_5977488831", "natural": "tree", "tree_height": 5.050000000000001, "height_source": "VISUAL_ESTIMATE", "genus": null, "species": null, "circumference": null, "diameter_crown": null, "source": "OPENSTREETMAP"}, "geometry": {"type": "Point", "coordinates": [73.9134005, 18.5487733]}}, {"type": "Feature", "properties": {"osmId": 5977488832, "id": "osm_tree_5977488832", "natural": "tree", "tree_height": 5.4, "height_source": "VISUAL_ESTIMATE", "genus": null, "species": null, "circumference": null, "diameter_crown": null, "source": "OPENSTREETMAP"}, "geometry": {"type": "Point", "coordinates": [73.9139664, 18.5491649]}}, {"type": "Feature", "properties": {"osmId": 5977488833, "id": "osm_tree_5977488833", "natural": "tree", "tree_height": 5.75, "height_source": "VISUAL_ESTIMATE", "genus": null, "species": null, "circumference": null, "diameter_crown": null, "source": "OPENSTREETMAP"}, "geometry": {"type": "Point", "coordinates": [73.9137518, 18.5492666]}}, {"type": "Feature", "properties": {"osmId": 5977491645, "id": "osm_tree_5977491645", "natural": "tree", "tree_height": 8.2, "height_source": "VISUAL_ESTIMATE", "genus": null, "species": null, "circumference": null, "diameter_crown": null, "source": "OPENSTREETMAP"}, "geometry": {"type": "Point", "coordinates": [73.9101984, 18.5479041]}}, {"type": "Feature", "properties": {"osmId": 5977497606, "id": "osm_tree_5977497606", "natural": "tree", "tree_height": 6.1, "height_source": "VISUAL_ESTIMATE", "genus": null, "species": null, "circumference": null, "diameter_crown": null, "source": "OPENSTREETMAP"}, "geometry": {"type": "Point", "coordinates": [73.9095589, 18.5496414]}}, {"type": "Feature", "properties": {"osmId": 13382594123, "id": "osm_tree_13382594123", "natural": "tree", "tree_height": 4.7, "height_source": "VISUAL_ESTIMATE", "genus": null, "species": null, "circumference": null, "diameter_crown": null, "source": "OPENSTREETMAP"}, "geometry": {"type": "Point", "coordinates": [73.8851939, 18.5505975]}}, {"type": "Feature", "properties": {"osmId": 13384670185, "id": "osm_tree_13384670185", "natural": "tree", "tree_height": 6.45, "height_source": "VISUAL_ESTIMATE", "genus": null, "species": null, "circumference": null, "diameter_crown": null, "source": "OPENSTREETMAP"}, "geometry": {"type": "Point", "coordinates": [73.9064201, 18.5481412]}}, {"type": "Feature", "properties": {"osmId": 13622300446, "id": "osm_tree_13622300446", "natural": "tree", "tree_height": 10.3, "height_source": "VISUAL_ESTIMATE", "genus": null, "species": null, "circumference": null, "diameter_crown": null, "source": "OPENSTREETMAP"}, "geometry": {"type": "Point", "coordinates": [73.8860848, 18.5470137]}}, {"type": "Feature", "properties": {"osmId": 13629137484, "id": "osm_tree_13629137484", "natural": "tree", "tree_height": 8.55, "height_source": "VISUAL_ESTIMATE", "genus": null, "species": null, "circumference": null, "diameter_crown": null, "source": "OPENSTREETMAP"}, "geometry": {"type": "Point", "coordinates": [73.8862346, 18.546491]}}, {"type": "Feature", "properties": {"osmId": 8300101820, "id": "osm_tree_8300101820", "natural": "tree", "tree_height": 7.85, "height_source": "VISUAL_ESTIMATE", "genus": null, "species": null, "circumference": null, "diameter_crown": null, "source": "OPENSTREETMAP"}, "geometry": {"type": "Point", "coordinates": [73.8883415, 18.552939]}}, {"type": "Feature", "properties": {"osmId": 8300101821, "id": "osm_tree_8300101821", "natural": "tree", "tree_height": 8.2, "height_source": "VISUAL_ESTIMATE", "genus": null, "species": null, "circumference": null, "diameter_crown": null, "source": "OPENSTREETMAP"}, "geometry": {"type": "Point", "coordinates": [73.8882401, 18.5529448]}}, {"type": "Feature", "properties": {"osmId": 8300101822, "id": "osm_tree_8300101822", "natural": "tree", "tree_height": 8.55, "height_source": "VISUAL_ESTIMATE", "genus": null, "species": null, "circumference": null, "diameter_crown": null, "source": "OPENSTREETMAP"}, "geometry": {"type": "Point", "coordinates": [73.8881494, 18.5529581]}}, {"type": "Feature", "properties": {"osmId": 8300101823, "id": "osm_tree_8300101823", "natural": "tree", "tree_height": 8.9, "height_source": "VISUAL_ESTIMATE", "genus": null, "species": null, "circumference": null, "diameter_crown": null, "source": "OPENSTREETMAP"}, "geometry": {"type": "Point", "coordinates": [73.8884593, 18.5529115]}}, {"type": "Feature", "properties": {"osmId": 8300101824, "id": "osm_tree_8300101824", "natural": "tree", "tree_height": 9.25, "height_source": "VISUAL_ESTIMATE", "genus": null, "species": null, "circumference": null, "diameter_crown": null, "source": "OPENSTREETMAP"}, "geometry": {"type": "Point", "coordinates": [73.8885571, 18.5529954]}}, {"type": "Feature", "properties": {"osmId": 8300101825, "id": "osm_tree_8300101825", "natural": "tree", "tree_height": 9.6, "height_source": "VISUAL_ESTIMATE", "genus": null, "species": null, "circumference": null, "diameter_crown": null, "source": "OPENSTREETMAP"}, "geometry": {"type": "Point", "coordinates": [73.8885439, 18.5529187]}}, {"type": "Feature", "properties": {"osmId": 8300101826, "id": "osm_tree_8300101826", "natural": "tree", "tree_height": 9.95, "height_source": "VISUAL_ESTIMATE", "genus": null, "species": null, "circumference": null, "diameter_crown": null, "source": "OPENSTREETMAP"}, "geometry": {"type": "Point", "coordinates": [73.8879984, 18.5529847]}}, {"type": "Feature", "properties": {"osmId": 8300101827, "id": "osm_tree_8300101827", "natural": "tree", "tree_height": 10.3, "height_source": "VISUAL_ESTIMATE", "genus": null, "species": null, "circumference": null, "diameter_crown": null, "source": "OPENSTREETMAP"}, "geometry": {"type": "Point", "coordinates": [73.8880774, 18.5529882]}}, {"type": "Feature", "properties": {"osmId": 8300555712, "id": "osm_tree_8300555712", "natural": "tree", "tree_height": 5.050000000000001, "height_source": "VISUAL_ESTIMATE", "genus": null, "species": null, "circumference": null, "diameter_crown": null, "source": "OPENSTREETMAP"}, "geometry": {"type": "Point", "coordinates": [73.8894593, 18.5528313]}}, {"type": "Feature", "properties": {"osmId": 8300555713, "id": "osm_tree_8300555713", "natural": "tree", "tree_height": 5.4, "height_source": "VISUAL_ESTIMATE", "genus": null, "species": null, "circumference": null, "diameter_crown": null, "source": "OPENSTREETMAP"}, "geometry": {"type": "Point", "coordinates": [73.889366, 18.5528124]}}, {"type": "Feature", "properties": {"osmId": 8300555714, "id": "osm_tree_8300555714", "natural": "tree", "tree_height": 5.75, "height_source": "VISUAL_ESTIMATE", "genus": null, "species": null, "circumference": null, "diameter_crown": null, "source": "OPENSTREETMAP"}, "geometry": {"type": "Point", "coordinates": [73.8890806, 18.5528441]}}, {"type": "Feature", "properties": {"osmId": 8300555715, "id": "osm_tree_8300555715", "natural": "tree", "tree_height": 6.1, "height_source": "VISUAL_ESTIMATE", "genus": null, "species": null, "circumference": null, "diameter_crown": null, "source": "OPENSTREETMAP"}, "geometry": {"type": "Point", "coordinates": [73.8890326, 18.5528997]}}, {"type": "Feature", "properties": {"osmId": 8300555716, "id": "osm_tree_8300555716", "natural": "tree", "tree_height": 6.45, "height_source": "VISUAL_ESTIMATE", "genus": null, "species": null, "circumference": null, "diameter_crown": null, "source": "OPENSTREETMAP"}, "geometry": {"type": "Point", "coordinates": [73.8889712, 18.5528504]}}, {"type": "Feature", "properties": {"osmId": 8300557917, "id": "osm_tree_8300557917", "natural": "tree", "tree_height": 9.25, "height_source": "VISUAL_ESTIMATE", "genus": null, "species": null, "circumference": null, "diameter_crown": null, "source": "OPENSTREETMAP"}, "geometry": {"type": "Point", "coordinates": [73.8888912, 18.5528555]}}, {"type": "Feature", "properties": {"osmId": 8300557918, "id": "osm_tree_8300557918", "natural": "tree", "tree_height": 9.6, "height_source": "VISUAL_ESTIMATE", "genus": null, "species": null, "circumference": null, "diameter_crown": null, "source": "OPENSTREETMAP"}, "geometry": {"type": "Point", "coordinates": [73.8887765, 18.5528757]}}, {"type": "Feature", "properties": {"osmId": 8300557919, "id": "osm_tree_8300557919", "natural": "tree", "tree_height": 9.95, "height_source": "VISUAL_ESTIMATE", "genus": null, "species": null, "circumference": null, "diameter_crown": null, "source": "OPENSTREETMAP"}, "geometry": {"type": "Point", "coordinates": [73.8886938, 18.552882]}}, {"type": "Feature", "properties": {"osmId": 8300557920, "id": "osm_tree_8300557920", "natural": "tree", "tree_height": 10.3, "height_source": "VISUAL_ESTIMATE", "genus": null, "species": null, "circumference": null, "diameter_crown": null, "source": "OPENSTREETMAP"}, "geometry": {"type": "Point", "coordinates": [73.8886271, 18.5528896]}}, {"type": "Feature", "properties": {"osmId": 8300557921, "id": "osm_tree_8300557921", "natural": "tree", "tree_height": 4.7, "height_source": "VISUAL_ESTIMATE", "genus": null, "species": null, "circumference": null, "diameter_crown": null, "source": "OPENSTREETMAP"}, "geometry": {"type": "Point", "coordinates": [73.8886578, 18.5529478]}}, {"type": "Feature", "properties": {"osmId": 13380898013, "id": "osm_tree_13380898013", "natural": "tree", "tree_height": 9.6, "height_source": "VISUAL_ESTIMATE", "genus": null, "species": null, "circumference": null, "diameter_crown": null, "source": "OPENSTREETMAP"}, "geometry": {"type": "Point", "coordinates": [73.8899845, 18.5528397]}}, {"type": "Feature", "properties": {"osmId": 13380898014, "id": "osm_tree_13380898014", "natural": "tree", "tree_height": 9.95, "height_source": "VISUAL_ESTIMATE", "genus": null, "species": null, "circumference": null, "diameter_crown": null, "source": "OPENSTREETMAP"}, "geometry": {"type": "Point", "coordinates": [73.8899444, 18.5527805]}}, {"type": "Feature", "properties": {"osmId": 13380898015, "id": "osm_tree_13380898015", "natural": "tree", "tree_height": 10.3, "height_source": "VISUAL_ESTIMATE", "genus": null, "species": null, "circumference": null, "diameter_crown": null, "source": "OPENSTREETMAP"}, "geometry": {"type": "Point", "coordinates": [73.8900151, 18.5527559]}}, {"type": "Feature", "properties": {"osmId": 13380898016, "id": "osm_tree_13380898016", "natural": "tree", "tree_height": 4.7, "height_source": "VISUAL_ESTIMATE", "genus": null, "species": null, "circumference": null, "diameter_crown": null, "source": "OPENSTREETMAP"}, "geometry": {"type": "Point", "coordinates": [73.8899302, 18.5527212]}}, {"type": "Feature", "properties": {"osmId": 13380898017, "id": "osm_tree_13380898017", "natural": "tree", "tree_height": 5.050000000000001, "height_source": "VISUAL_ESTIMATE", "genus": null, "species": null, "circumference": null, "diameter_crown": null, "source": "OPENSTREETMAP"}, "geometry": {"type": "Point", "coordinates": [73.8901579, 18.5527704]}}, {"type": "Feature", "properties": {"osmId": 13380898020, "id": "osm_tree_13380898020", "natural": "tree", "tree_height": 6.1, "height_source": "VISUAL_ESTIMATE", "genus": null, "species": null, "circumference": null, "diameter_crown": null, "source": "OPENSTREETMAP"}, "geometry": {"type": "Point", "coordinates": [73.8904528, 18.5529952]}}, {"type": "Feature", "properties": {"osmId": 13380898021, "id": "osm_tree_13380898021", "natural": "tree", "tree_height": 6.45, "height_source": "VISUAL_ESTIMATE", "genus": null, "species": null, "circumference": null, "diameter_crown": null, "source": "OPENSTREETMAP"}, "geometry": {"type": "Point", "coordinates": [73.8903974, 18.5528968]}}, {"type": "Feature", "properties": {"osmId": 13380898022, "id": "osm_tree_13380898022", "natural": "tree", "tree_height": 6.8, "height_source": "VISUAL_ESTIMATE", "genus": null, "species": null, "circumference": null, "diameter_crown": null, "source": "OPENSTREETMAP"}, "geometry": {"type": "Point", "coordinates": [73.8904174, 18.5528062]}}, {"type": "Feature", "properties": {"osmId": 13380898023, "id": "osm_tree_13380898023", "natural": "tree", "tree_height": 7.15, "height_source": "VISUAL_ESTIMATE", "genus": null, "species": null, "circumference": null, "diameter_crown": null, "source": "OPENSTREETMAP"}, "geometry": {"type": "Point", "coordinates": [73.8902676, 18.5527357]}}, {"type": "Feature", "properties": {"osmId": 13380898024, "id": "osm_tree_13380898024", "natural": "tree", "tree_height": 7.5, "height_source": "VISUAL_ESTIMATE", "genus": null, "species": null, "circumference": null, "diameter_crown": null, "source": "OPENSTREETMAP"}, "geometry": {"type": "Point", "coordinates": [73.8903537, 18.5527715]}}, {"type": "Feature", "properties": {"osmId": 13380898034, "id": "osm_tree_13380898034", "natural": "tree", "tree_height": 5.050000000000001, "height_source": "VISUAL_ESTIMATE", "genus": null, "species": null, "circumference": null, "diameter_crown": null, "source": "OPENSTREETMAP"}, "geometry": {"type": "Point", "coordinates": [73.890979, 18.5529784]}}, {"type": "Feature", "properties": {"osmId": 13384675716, "id": "osm_tree_13384675716", "natural": "tree", "tree_height": 8.55, "height_source": "VISUAL_ESTIMATE", "genus": null, "species": null, "circumference": null, "diameter_crown": null, "source": "OPENSTREETMAP"}, "geometry": {"type": "Point", "coordinates": [73.9097554, 18.5527222]}}, {"type": "Feature", "properties": {"osmId": 13385863946, "id": "osm_tree_13385863946", "natural": "tree", "tree_height": 7.85, "height_source": "VISUAL_ESTIMATE", "genus": null, "species": null, "circumference": null, "diameter_crown": null, "source": "OPENSTREETMAP"}, "geometry": {"type": "Point", "coordinates": [73.8840365, 18.5512117]}}, {"type": "Feature", "properties": {"osmId": 13676921369, "id": "osm_tree_13676921369", "natural": "tree", "tree_height": 7.15, "height_source": "VISUAL_ESTIMATE", "genus": null, "species": null, "circumference": null, "diameter_crown": null, "source": "OPENSTREETMAP"}, "geometry": {"type": "Point", "coordinates": [73.9007612, 18.5520513]}}, {"type": "Feature", "properties": {"osmId": 13676922485, "id": "osm_tree_13676922485", "natural": "tree", "tree_height": 5.050000000000001, "height_source": "VISUAL_ESTIMATE", "genus": null, "species": null, "circumference": null, "diameter_crown": null, "source": "OPENSTREETMAP"}, "geometry": {"type": "Point", "coordinates": [73.9020791, 18.5514697]}}, {"type": "Feature", "properties": {"osmId": 13676924814, "id": "osm_tree_13676924814", "natural": "tree", "tree_height": 5.050000000000001, "height_source": "VISUAL_ESTIMATE", "genus": null, "species": null, "circumference": null, "diameter_crown": null, "source": "OPENSTREETMAP"}, "geometry": {"type": "Point", "coordinates": [73.9005577, 18.5525234]}}, {"type": "Feature", "properties": {"osmId": 13676928269, "id": "osm_tree_13676928269", "natural": "tree", "tree_height": 6.45, "height_source": "VISUAL_ESTIMATE", "genus": null, "species": null, "circumference": null, "diameter_crown": null, "source": "OPENSTREETMAP"}, "geometry": {"type": "Point", "coordinates": [73.9011499, 18.5524917]}}, {"type": "Feature", "properties": {"osmId": 13676930210, "id": "osm_tree_13676930210", "natural": "tree", "tree_height": 7.5, "height_source": "VISUAL_ESTIMATE", "genus": null, "species": null, "circumference": null, "diameter_crown": null, "source": "OPENSTREETMAP"}, "geometry": {"type": "Point", "coordinates": [73.9021581, 18.5511962]}}, {"type": "Feature", "properties": {"osmId": 13676970975, "id": "osm_tree_13676970975", "natural": "tree", "tree_height": 7.15, "height_source": "VISUAL_ESTIMATE", "genus": null, "species": null, "circumference": null, "diameter_crown": null, "source": "OPENSTREETMAP"}, "geometry": {"type": "Point", "coordinates": [73.9019677, 18.552253]}}, {"type": "Feature", "properties": {"osmId": 13676970976, "id": "osm_tree_13676970976", "natural": "tree", "tree_height": 7.5, "height_source": "VISUAL_ESTIMATE", "genus": null, "species": null, "circumference": null, "diameter_crown": null, "source": "OPENSTREETMAP"}, "geometry": {"type": "Point", "coordinates": [73.9012423, 18.5519398]}}, {"type": "Feature", "properties": {"osmId": 13676976727, "id": "osm_tree_13676976727", "natural": "tree", "tree_height": 9.25, "height_source": "VISUAL_ESTIMATE", "genus": null, "species": null, "circumference": null, "diameter_crown": null, "source": "OPENSTREETMAP"}, "geometry": {"type": "Point", "coordinates": [73.9031069, 18.5516325]}}, {"type": "Feature", "properties": {"osmId": 2707429446, "id": "osm_tree_2707429446", "natural": "tree", "tree_height": 8.55, "height_source": "VISUAL_ESTIMATE", "genus": null, "species": null, "circumference": null, "diameter_crown": null, "source": "OPENSTREETMAP"}, "geometry": {"type": "Point", "coordinates": [73.9244012, 18.5157408]}}, {"type": "Feature", "properties": {"osmId": 2707429450, "id": "osm_tree_2707429450", "natural": "tree", "tree_height": 9.95, "height_source": "VISUAL_ESTIMATE", "genus": null, "species": null, "circumference": null, "diameter_crown": null, "source": "OPENSTREETMAP"}, "geometry": {"type": "Point", "coordinates": [73.9243643, 18.5156432]}}, {"type": "Feature", "properties": {"osmId": 2707429454, "id": "osm_tree_2707429454", "natural": "tree", "tree_height": 5.4, "height_source": "VISUAL_ESTIMATE", "genus": null, "species": null, "circumference": null, "diameter_crown": null, "source": "OPENSTREETMAP"}, "geometry": {"type": "Point", "coordinates": [73.9243201, 18.5155612]}}, {"type": "Feature", "properties": {"osmId": 2707429458, "id": "osm_tree_2707429458", "natural": "tree", "tree_height": 6.8, "height_source": "VISUAL_ESTIMATE", "genus": null, "species": null, "circumference": null, "diameter_crown": null, "source": "OPENSTREETMAP"}, "geometry": {"type": "Point", "coordinates": [73.9242952, 18.515469]}}, {"type": "Feature", "properties": {"osmId": 2707429461, "id": "osm_tree_2707429461", "natural": "tree", "tree_height": 7.85, "height_source": "VISUAL_ESTIMATE", "genus": null, "species": null, "circumference": null, "diameter_crown": null, "source": "OPENSTREETMAP"}, "geometry": {"type": "Point", "coordinates": [73.9242738, 18.5153844]}}, {"type": "Feature", "properties": {"osmId": 2707429466, "id": "osm_tree_2707429466", "natural": "tree", "tree_height": 9.6, "height_source": "VISUAL_ESTIMATE", "genus": null, "species": null, "circumference": null, "diameter_crown": null, "source": "OPENSTREETMAP"}, "geometry": {"type": "Point", "coordinates": [73.9242617, 18.5152935]}}, {"type": "Feature", "properties": {"osmId": 2707429469, "id": "osm_tree_2707429469", "natural": "tree", "tree_height": 4.7, "height_source": "VISUAL_ESTIMATE", "genus": null, "species": null, "circumference": null, "diameter_crown": null, "source": "OPENSTREETMAP"}, "geometry": {"type": "Point", "coordinates": [73.924198, 18.5151854]}}, {"type": "Feature", "properties": {"osmId": 2707429472, "id": "osm_tree_2707429472", "natural": "tree", "tree_height": 5.75, "height_source": "VISUAL_ESTIMATE", "genus": null, "species": null, "circumference": null, "diameter_crown": null, "source": "OPENSTREETMAP"}, "geometry": {"type": "Point", "coordinates": [73.9244964, 18.5159102]}}, {"type": "Feature", "properties": {"osmId": 2707429477, "id": "osm_tree_2707429477", "natural": "tree", "tree_height": 7.5, "height_source": "VISUAL_ESTIMATE", "genus": null, "species": null, "circumference": null, "diameter_crown": null, "source": "OPENSTREETMAP"}, "geometry": {"type": "Point", "coordinates": [73.9246138, 18.5160737]}}, {"type": "Feature", "properties": {"osmId": 2707429480, "id": "osm_tree_2707429480", "natural": "tree", "tree_height": 8.55, "height_source": "VISUAL_ESTIMATE", "genus": null, "species": null, "circumference": null, "diameter_crown": null, "source": "OPENSTREETMAP"}, "geometry": {"type": "Point", "coordinates": [73.9246768, 18.5161442]}}, {"type": "Feature", "properties": {"osmId": 2707429485, "id": "osm_tree_2707429485", "natural": "tree", "tree_height": 10.3, "height_source": "VISUAL_ESTIMATE", "genus": null, "species": null, "circumference": null, "diameter_crown": null, "source": "OPENSTREETMAP"}, "geometry": {"type": "Point", "coordinates": [73.9248029, 18.5162733]}}, {"type": "Feature", "properties": {"osmId": 2707429488, "id": "osm_tree_2707429488", "natural": "tree", "tree_height": 5.4, "height_source": "VISUAL_ESTIMATE", "genus": null, "species": null, "circumference": null, "diameter_crown": null, "source": "OPENSTREETMAP"}, "geometry": {"type": "Point", "coordinates": [73.9248806, 18.5163477]}}, {"type": "Feature", "properties": {"osmId": 2707429491, "id": "osm_tree_2707429491", "natural": "tree", "tree_height": 6.45, "height_source": "VISUAL_ESTIMATE", "genus": null, "species": null, "circumference": null, "diameter_crown": null, "source": "OPENSTREETMAP"}, "geometry": {"type": "Point", "coordinates": [73.9249537, 18.5164119]}}, {"type": "Feature", "properties": {"osmId": 2707429494, "id": "osm_tree_2707429494", "natural": "tree", "tree_height": 7.5, "height_source": "VISUAL_ESTIMATE", "genus": null, "species": null, "circumference": null, "diameter_crown": null, "source": "OPENSTREETMAP"}, "geometry": {"type": "Point", "coordinates": [73.9250302, 18.5164622]}}, {"type": "Feature", "properties": {"osmId": 2707429496, "id": "osm_tree_2707429496", "natural": "tree", "tree_height": 8.2, "height_source": "VISUAL_ESTIMATE", "genus": null, "species": null, "circumference": null, "diameter_crown": null, "source": "OPENSTREETMAP"}, "geometry": {"type": "Point", "coordinates": [73.925114, 18.5165232]}}, {"type": "Feature", "properties": {"osmId": 2707429498, "id": "osm_tree_2707429498", "natural": "tree", "tree_height": 8.9, "height_source": "VISUAL_ESTIMATE", "genus": null, "species": null, "circumference": null, "diameter_crown": null, "source": "OPENSTREETMAP"}, "geometry": {"type": "Point", "coordinates": [73.9251945, 18.5165734]}}, {"type": "Feature", "properties": {"osmId": 2707429501, "id": "osm_tree_2707429501", "natural": "tree", "tree_height": 9.95, "height_source": "VISUAL_ESTIMATE", "genus": null, "species": null, "circumference": null, "diameter_crown": null, "source": "OPENSTREETMAP"}, "geometry": {"type": "Point", "coordinates": [73.9252877, 18.5166211]}}, {"type": "Feature", "properties": {"osmId": 2707429503, "id": "osm_tree_2707429503", "natural": "tree", "tree_height": 4.7, "height_source": "VISUAL_ESTIMATE", "genus": null, "species": null, "circumference": null, "diameter_crown": null, "source": "OPENSTREETMAP"}, "geometry": {"type": "Point", "coordinates": [73.9253742, 18.5166675]}}, {"type": "Feature", "properties": {"osmId": 2707429506, "id": "osm_tree_2707429506", "natural": "tree", "tree_height": 5.75, "height_source": "VISUAL_ESTIMATE", "genus": null, "species": null, "circumference": null, "diameter_crown": null, "source": "OPENSTREETMAP"}, "geometry": {"type": "Point", "coordinates": [73.9254633, 18.5167012]}}, {"type": "Feature", "properties": {"osmId": 2707429509, "id": "osm_tree_2707429509", "natural": "tree", "tree_height": 6.8, "height_source": "VISUAL_ESTIMATE", "genus": null, "species": null, "circumference": null, "diameter_crown": null, "source": "OPENSTREETMAP"}, "geometry": {"type": "Point", "coordinates": [73.9255639, 18.5167464]}}, {"type": "Feature", "properties": {"osmId": 2707429513, "id": "osm_tree_2707429513", "natural": "tree", "tree_height": 8.2, "height_source": "VISUAL_ESTIMATE", "genus": null, "species": null, "circumference": null, "diameter_crown": null, "source": "OPENSTREETMAP"}, "geometry": {"type": "Point", "coordinates": [73.9256545, 18.5167686]}}, {"type": "Feature", "properties": {"osmId": 2707429517, "id": "osm_tree_2707429517", "natural": "tree", "tree_height": 9.6, "height_source": "VISUAL_ESTIMATE", "genus": null, "species": null, "circumference": null, "diameter_crown": null, "source": "OPENSTREETMAP"}, "geometry": {"type": "Point", "coordinates": [73.9257483, 18.5167947]}}, {"type": "Feature", "properties": {"osmId": 2707429520, "id": "osm_tree_2707429520", "natural": "tree", "tree_height": 4.7, "height_source": "VISUAL_ESTIMATE", "genus": null, "species": null, "circumference": null, "diameter_crown": null, "source": "OPENSTREETMAP"}, "geometry": {"type": "Point", "coordinates": [73.9258503, 18.5168119]}}, {"type": "Feature", "properties": {"osmId": 2707429525, "id": "osm_tree_2707429525", "natural": "tree", "tree_height": 6.45, "height_source": "VISUAL_ESTIMATE", "genus": null, "species": null, "circumference": null, "diameter_crown": null, "source": "OPENSTREETMAP"}, "geometry": {"type": "Point", "coordinates": [73.9259495, 18.516829]}}, {"type": "Feature", "properties": {"osmId": 2707429528, "id": "osm_tree_2707429528", "natural": "tree", "tree_height": 7.5, "height_source": "VISUAL_ESTIMATE", "genus": null, "species": null, "circumference": null, "diameter_crown": null, "source": "OPENSTREETMAP"}, "geometry": {"type": "Point", "coordinates": [73.9260373, 18.5168373]}}, {"type": "Feature", "properties": {"osmId": 2707429547, "id": "osm_tree_2707429547", "natural": "tree", "tree_height": 8.2, "height_source": "VISUAL_ESTIMATE", "genus": null, "species": null, "circumference": null, "diameter_crown": null, "source": "OPENSTREETMAP"}, "geometry": {"type": "Point", "coordinates": [73.92615, 18.5168507]}}, {"type": "Feature", "properties": {"osmId": 2707445820, "id": "osm_tree_2707445820", "natural": "tree", "tree_height": 9.6, "height_source": "VISUAL_ESTIMATE", "genus": null, "species": null, "circumference": null, "diameter_crown": null, "source": "OPENSTREETMAP"}, "geometry": {"type": "Point", "coordinates": [73.9246037, 18.5162835]}}, {"type": "Feature", "properties": {"osmId": 2707445821, "id": "osm_tree_2707445821", "natural": "tree", "tree_height": 9.95, "height_source": "VISUAL_ESTIMATE", "genus": null, "species": null, "circumference": null, "diameter_crown": null, "source": "OPENSTREETMAP"}, "geometry": {"type": "Point", "coordinates": [73.9246614, 18.5163407]}}, {"type": "Feature", "properties": {"osmId": 2707445822, "id": "osm_tree_2707445822", "natural": "tree", "tree_height": 10.3, "height_source": "VISUAL_ESTIMATE", "genus": null, "species": null, "circumference": null, "diameter_crown": null, "source": "OPENSTREETMAP"}, "geometry": {"type": "Point", "coordinates": [73.9247003, 18.5163941]}}, {"type": "Feature", "properties": {"osmId": 2707445823, "id": "osm_tree_2707445823", "natural": "tree", "tree_height": 4.7, "height_source": "VISUAL_ESTIMATE", "genus": null, "species": null, "circumference": null, "diameter_crown": null, "source": "OPENSTREETMAP"}, "geometry": {"type": "Point", "coordinates": [73.9249242, 18.5166001]}}, {"type": "Feature", "properties": {"osmId": 2707445825, "id": "osm_tree_2707445825", "natural": "tree", "tree_height": 5.4, "height_source": "VISUAL_ESTIMATE", "genus": null, "species": null, "circumference": null, "diameter_crown": null, "source": "OPENSTREETMAP"}, "geometry": {"type": "Point", "coordinates": [73.9249846, 18.5166294]}}, {"type": "Feature", "properties": {"osmId": 2707445827, "id": "osm_tree_2707445827", "natural": "tree", "tree_height": 6.1, "height_source": "VISUAL_ESTIMATE", "genus": null, "species": null, "circumference": null, "diameter_crown": null, "source": "OPENSTREETMAP"}, "geometry": {"type": "Point", "coordinates": [73.9250489, 18.5166574]}}, {"type": "Feature", "properties": {"osmId": 2708240363, "id": "osm_tree_2708240363", "natural": "tree", "tree_height": 8.55, "height_source": "VISUAL_ESTIMATE", "genus": null, "species": null, "circumference": null, "diameter_crown": null, "source": "OPENSTREETMAP"}, "geometry": {"type": "Point", "coordinates": [73.928283, 18.5151301]}}, {"type": "Feature", "properties": {"osmId": 2708240364, "id": "osm_tree_2708240364", "natural": "tree", "tree_height": 8.9, "height_source": "VISUAL_ESTIMATE", "genus": null, "species": null, "circumference": null, "diameter_crown": null, "source": "OPENSTREETMAP"}, "geometry": {"type": "Point", "coordinates": [73.9282763, 18.5152178]}}, {"type": "Feature", "properties": {"osmId": 2708240365, "id": "osm_tree_2708240365", "natural": "tree", "tree_height": 9.25, "height_source": "VISUAL_ESTIMATE", "genus": null, "species": null, "circumference": null, "diameter_crown": null, "source": "OPENSTREETMAP"}, "geometry": {"type": "Point", "coordinates": [73.9282629, 18.5153157]}}, {"type": "Feature", "properties": {"osmId": 2708240366, "id": "osm_tree_2708240366", "natural": "tree", "tree_height": 9.6, "height_source": "VISUAL_ESTIMATE", "genus": null, "species": null, "circumference": null, "diameter_crown": null, "source": "OPENSTREETMAP"}, "geometry": {"type": "Point", "coordinates": [73.9282334, 18.5154073]}}, {"type": "Feature", "properties": {"osmId": 2708240367, "id": "osm_tree_2708240367", "natural": "tree", "tree_height": 9.95, "height_source": "VISUAL_ESTIMATE", "genus": null, "species": null, "circumference": null, "diameter_crown": null, "source": "OPENSTREETMAP"}, "geometry": {"type": "Point", "coordinates": [73.9281167, 18.5157367]}}, {"type": "Feature", "properties": {"osmId": 2708240368, "id": "osm_tree_2708240368", "natural": "tree", "tree_height": 10.3, "height_source": "VISUAL_ESTIMATE", "genus": null, "species": null, "circumference": null, "diameter_crown": null, "source": "OPENSTREETMAP"}, "geometry": {"type": "Point", "coordinates": [73.9280483, 18.515832]}}, {"type": "Feature", "properties": {"osmId": 2708240369, "id": "osm_tree_2708240369", "natural": "tree", "tree_height": 4.7, "height_source": "VISUAL_ESTIMATE", "genus": null, "species": null, "circumference": null, "diameter_crown": null, "source": "OPENSTREETMAP"}, "geometry": {"type": "Point", "coordinates": [73.9280162, 18.5159236]}}, {"type": "Feature", "properties": {"osmId": 2708240370, "id": "osm_tree_2708240370", "natural": "tree", "tree_height": 5.050000000000001, "height_source": "VISUAL_ESTIMATE", "genus": null, "species": null, "circumference": null, "diameter_crown": null, "source": "OPENSTREETMAP"}, "geometry": {"type": "Point", "coordinates": [73.9279323, 18.5160069]}}, {"type": "Feature", "properties": {"osmId": 2708240371, "id": "osm_tree_2708240371", "natural": "tree", "tree_height": 5.4, "height_source": "VISUAL_ESTIMATE", "genus": null, "species": null, "circumference": null, "diameter_crown": null, "source": "OPENSTREETMAP"}, "geometry": {"type": "Point", "coordinates": [73.9278861, 18.51608]}}, {"type": "Feature", "properties": {"osmId": 2708240372, "id": "osm_tree_2708240372", "natural": "tree", "tree_height": 5.75, "height_source": "VISUAL_ESTIMATE", "genus": null, "species": null, "circumference": null, "diameter_crown": null, "source": "OPENSTREETMAP"}, "geometry": {"type": "Point", "coordinates": [73.9275374, 18.5164272]}}, {"type": "Feature", "properties": {"osmId": 2708240373, "id": "osm_tree_2708240373", "natural": "tree", "tree_height": 6.1, "height_source": "VISUAL_ESTIMATE", "genus": null, "species": null, "circumference": null, "diameter_crown": null, "source": "OPENSTREETMAP"}, "geometry": {"type": "Point", "coordinates": [73.9274811, 18.5164768]}}, {"type": "Feature", "properties": {"osmId": 2708240374, "id": "osm_tree_2708240374", "natural": "tree", "tree_height": 6.45, "height_source": "VISUAL_ESTIMATE", "genus": null, "species": null, "circumference": null, "diameter_crown": null, "source": "OPENSTREETMAP"}, "geometry": {"type": "Point", "coordinates": [73.9273805, 18.5165391]}}, {"type": "Feature", "properties": {"osmId": 2708240375, "id": "osm_tree_2708240375", "natural": "tree", "tree_height": 6.8, "height_source": "VISUAL_ESTIMATE", "genus": null, "species": null, "circumference": null, "diameter_crown": null, "source": "OPENSTREETMAP"}, "geometry": {"type": "Point", "coordinates": [73.9272973, 18.5165862]}}, {"type": "Feature", "properties": {"osmId": 2708240376, "id": "osm_tree_2708240376", "natural": "tree", "tree_height": 7.15, "height_source": "VISUAL_ESTIMATE", "genus": null, "species": null, "circumference": null, "diameter_crown": null, "source": "OPENSTREETMAP"}, "geometry": {"type": "Point", "coordinates": [73.9272008, 18.516637]}}, {"type": "Feature", "properties": {"osmId": 2708240377, "id": "osm_tree_2708240377", "natural": "tree", "tree_height": 7.5, "height_source": "VISUAL_ESTIMATE", "genus": null, "species": null, "circumference": null, "diameter_crown": null, "source": "OPENSTREETMAP"}, "geometry": {"type": "Point", "coordinates": [73.9271096, 18.5166879]}}, {"type": "Feature", "properties": {"osmId": 2708240379, "id": "osm_tree_2708240379", "natural": "tree", "tree_height": 8.2, "height_source": "VISUAL_ESTIMATE", "genus": null, "species": null, "circumference": null, "diameter_crown": null, "source": "OPENSTREETMAP"}, "geometry": {"type": "Point", "coordinates": [73.9268346, 18.5167718]}}, {"type": "Feature", "properties": {"osmId": 2708240380, "id": "osm_tree_2708240380", "natural": "tree", "tree_height": 8.55, "height_source": "VISUAL_ESTIMATE", "genus": null, "species": null, "circumference": null, "diameter_crown": null, "source": "OPENSTREETMAP"}, "geometry": {"type": "Point", "coordinates": [73.9267341, 18.5168062]}}, {"type": "Feature", "properties": {"osmId": 2708240381, "id": "osm_tree_2708240381", "natural": "tree", "tree_height": 8.9, "height_source": "VISUAL_ESTIMATE", "genus": null, "species": null, "circumference": null, "diameter_crown": null, "source": "OPENSTREETMAP"}, "geometry": {"type": "Point", "coordinates": [73.9266402, 18.5168265]}}, {"type": "Feature", "properties": {"osmId": 2708240382, "id": "osm_tree_2708240382", "natural": "tree", "tree_height": 9.25, "height_source": "VISUAL_ESTIMATE", "genus": null, "species": null, "circumference": null, "diameter_crown": null, "source": "OPENSTREETMAP"}, "geometry": {"type": "Point", "coordinates": [73.926549, 18.5168316]}}, {"type": "Feature", "properties": {"osmId": 2708240383, "id": "osm_tree_2708240383", "natural": "tree", "tree_height": 9.6, "height_source": "VISUAL_ESTIMATE", "genus": null, "species": null, "circumference": null, "diameter_crown": null, "source": "OPENSTREETMAP"}, "geometry": {"type": "Point", "coordinates": [73.9268799, 18.516877]}}, {"type": "Feature", "properties": {"osmId": 2708240384, "id": "osm_tree_2708240384", "natural": "tree", "tree_height": 9.95, "height_source": "VISUAL_ESTIMATE", "genus": null, "species": null, "circumference": null, "diameter_crown": null, "source": "OPENSTREETMAP"}, "geometry": {"type": "Point", "coordinates": [73.9271766, 18.5167858]}}, {"type": "Feature", "properties": {"osmId": 2708240577, "id": "osm_tree_2708240577", "natural": "tree", "tree_height": 6.1, "height_source": "VISUAL_ESTIMATE", "genus": null, "species": null, "circumference": null, "diameter_crown": null, "source": "OPENSTREETMAP"}, "geometry": {"type": "Point", "coordinates": [73.9275974, 18.5165375]}}, {"type": "Feature", "properties": {"osmId": 2708240578, "id": "osm_tree_2708240578", "natural": "tree", "tree_height": 6.45, "height_source": "VISUAL_ESTIMATE", "genus": null, "species": null, "circumference": null, "diameter_crown": null, "source": "OPENSTREETMAP"}, "geometry": {"type": "Point", "coordinates": [73.9276443, 18.5164905]}}, {"type": "Feature", "properties": {"osmId": 2708240579, "id": "osm_tree_2708240579", "natural": "tree", "tree_height": 6.8, "height_source": "VISUAL_ESTIMATE", "genus": null, "species": null, "circumference": null, "diameter_crown": null, "source": "OPENSTREETMAP"}, "geometry": {"type": "Point", "coordinates": [73.9276993, 18.5164485]}}, {"type": "Feature", "properties": {"osmId": 2708240580, "id": "osm_tree_2708240580", "natural": "tree", "tree_height": 7.15, "height_source": "VISUAL_ESTIMATE", "genus": null, "species": null, "circumference": null, "diameter_crown": null, "source": "OPENSTREETMAP"}, "geometry": {"type": "Point", "coordinates": [73.9279454, 18.5162171]}}, {"type": "Feature", "properties": {"osmId": 2708240581, "id": "osm_tree_2708240581", "natural": "tree", "tree_height": 7.5, "height_source": "VISUAL_ESTIMATE", "genus": null, "species": null, "circumference": null, "diameter_crown": null, "source": "OPENSTREETMAP"}, "geometry": {"type": "Point", "coordinates": [73.9279823, 18.5161573]}}, {"type": "Feature", "properties": {"osmId": 2708240582, "id": "osm_tree_2708240582", "natural": "tree", "tree_height": 7.85, "height_source": "VISUAL_ESTIMATE", "genus": null, "species": null, "circumference": null, "diameter_crown": null, "source": "OPENSTREETMAP"}, "geometry": {"type": "Point", "coordinates": [73.9280352, 18.5161052]}}, {"type": "Feature", "properties": {"osmId": 2708240733, "id": "osm_tree_2708240733", "natural": "tree", "tree_height": 7.15, "height_source": "VISUAL_ESTIMATE", "genus": null, "species": null, "circumference": null, "diameter_crown": null, "source": "OPENSTREETMAP"}, "geometry": {"type": "Point", "coordinates": [73.9281684, 18.5159713]}}, {"type": "Feature", "properties": {"osmId": 2708240734, "id": "osm_tree_2708240734", "natural": "tree", "tree_height": 7.5, "height_source": "VISUAL_ESTIMATE", "genus": null, "species": null, "circumference": null, "diameter_crown": null, "source": "OPENSTREETMAP"}, "geometry": {"type": "Point", "coordinates": [73.9281791, 18.5159064]}}, {"type": "Feature", "properties": {"osmId": 2708240735, "id": "osm_tree_2708240735", "natural": "tree", "tree_height": 7.85, "height_source": "VISUAL_ESTIMATE", "genus": null, "species": null, "circumference": null, "diameter_crown": null, "source": "OPENSTREETMAP"}, "geometry": {"type": "Point", "coordinates": [73.9282126, 18.5158365]}}, {"type": "Feature", "properties": {"osmId": 2708240736, "id": "osm_tree_2708240736", "natural": "tree", "tree_height": 8.2, "height_source": "VISUAL_ESTIMATE", "genus": null, "species": null, "circumference": null, "diameter_crown": null, "source": "OPENSTREETMAP"}, "geometry": {"type": "Point", "coordinates": [73.9282529, 18.5157831]}}, {"type": "Feature", "properties": {"osmId": 2708240737, "id": "osm_tree_2708240737", "natural": "tree", "tree_height": 8.55, "height_source": "VISUAL_ESTIMATE", "genus": null, "species": null, "circumference": null, "diameter_crown": null, "source": "OPENSTREETMAP"}, "geometry": {"type": "Point", "coordinates": [73.9282918, 18.5157322]}}, {"type": "Feature", "properties": {"osmId": 2708240738, "id": "osm_tree_2708240738", "natural": "tree", "tree_height": 8.9, "height_source": "VISUAL_ESTIMATE", "genus": null, "species": null, "circumference": null, "diameter_crown": null, "source": "OPENSTREETMAP"}, "geometry": {"type": "Point", "coordinates": [73.9283682, 18.515399]}}, {"type": "Feature", "properties": {"osmId": 2708240739, "id": "osm_tree_2708240739", "natural": "tree", "tree_height": 9.25, "height_source": "VISUAL_ESTIMATE", "genus": null, "species": null, "circumference": null, "diameter_crown": null, "source": "OPENSTREETMAP"}, "geometry": {"type": "Point", "coordinates": [73.9283749, 18.5153355]}}, {"type": "Feature", "properties": {"osmId": 2708240740, "id": "osm_tree_2708240740", "natural": "tree", "tree_height": 9.6, "height_source": "VISUAL_ESTIMATE", "genus": null, "species": null, "circumference": null, "diameter_crown": null, "source": "OPENSTREETMAP"}, "geometry": {"type": "Point", "coordinates": [73.928383, 18.5152693]}}, {"type": "Feature", "properties": {"osmId": 2708240741, "id": "osm_tree_2708240741", "natural": "tree", "tree_height": 9.95, "height_source": "VISUAL_ESTIMATE", "genus": null, "species": null, "circumference": null, "diameter_crown": null, "source": "OPENSTREETMAP"}, "geometry": {"type": "Point", "coordinates": [73.928395, 18.5151943]}}, {"type": "Feature", "properties": {"osmId": 2858100054, "id": "osm_tree_2858100054", "natural": "tree", "tree_height": 8.2, "height_source": "VISUAL_ESTIMATE", "genus": null, "species": null, "circumference": null, "diameter_crown": null, "source": "OPENSTREETMAP"}, "geometry": {"type": "Point", "coordinates": [73.9302255, 18.5170199]}}, {"type": "Feature", "properties": {"osmId": 2858100410, "id": "osm_tree_2858100410", "natural": "tree", "tree_height": 7.85, "height_source": "VISUAL_ESTIMATE", "genus": null, "species": null, "circumference": null, "diameter_crown": null, "source": "OPENSTREETMAP"}, "geometry": {"type": "Point", "coordinates": [73.9302421, 18.5173937]}}, {"type": "Feature", "properties": {"osmId": 2858100486, "id": "osm_tree_2858100486", "natural": "tree", "tree_height": 4.7, "height_source": "VISUAL_ESTIMATE", "genus": null, "species": null, "circumference": null, "diameter_crown": null, "source": "OPENSTREETMAP"}, "geometry": {"type": "Point", "coordinates": [73.9276134, 18.5174531]}}, {"type": "Feature", "properties": {"osmId": 2858100491, "id": "osm_tree_2858100491", "natural": "tree", "tree_height": 6.45, "height_source": "VISUAL_ESTIMATE", "genus": null, "species": null, "circumference": null, "diameter_crown": null, "source": "OPENSTREETMAP"}, "geometry": {"type": "Point", "coordinates": [73.9302016, 18.5174618]}}, {"type": "Feature", "properties": {"osmId": 2858100688, "id": "osm_tree_2858100688", "natural": "tree", "tree_height": 9.95, "height_source": "VISUAL_ESTIMATE", "genus": null, "species": null, "circumference": null, "diameter_crown": null, "source": "OPENSTREETMAP"}, "geometry": {"type": "Point", "coordinates": [73.9302273, 18.5175142]}}, {"type": "Feature", "properties": {"osmId": 2858100700, "id": "osm_tree_2858100700", "natural": "tree", "tree_height": 8.2, "height_source": "VISUAL_ESTIMATE", "genus": null, "species": null, "circumference": null, "diameter_crown": null, "source": "OPENSTREETMAP"}, "geometry": {"type": "Point", "coordinates": [73.927221, 18.5175229]}}, {"type": "Feature", "properties": {"osmId": 2858100802, "id": "osm_tree_2858100802", "natural": "tree", "tree_height": 8.2, "height_source": "VISUAL_ESTIMATE", "genus": null, "species": null, "circumference": null, "diameter_crown": null, "source": "OPENSTREETMAP"}, "geometry": {"type": "Point", "coordinates": [73.9275637, 18.5175317]}}, {"type": "Feature", "properties": {"osmId": 2858100811, "id": "osm_tree_2858100811", "natural": "tree", "tree_height": 5.4, "height_source": "VISUAL_ESTIMATE", "genus": null, "species": null, "circumference": null, "diameter_crown": null, "source": "OPENSTREETMAP"}, "geometry": {"type": "Point", "coordinates": [73.9289348, 18.517546]}}, {"type": "Feature", "properties": {"osmId": 2858100818, "id": "osm_tree_2858100818", "natural": "tree", "tree_height": 7.85, "height_source": "VISUAL_ESTIMATE", "genus": null, "species": null, "circumference": null, "diameter_crown": null, "source": "OPENSTREETMAP"}, "geometry": {"type": "Point", "coordinates": [73.9272376, 18.5175491]}}, {"type": "Feature", "properties": {"osmId": 2858100822, "id": "osm_tree_2858100822", "natural": "tree", "tree_height": 9.25, "height_source": "VISUAL_ESTIMATE", "genus": null, "species": null, "circumference": null, "diameter_crown": null, "source": "OPENSTREETMAP"}, "geometry": {"type": "Point", "coordinates": [73.9301813, 18.5175631]}}, {"type": "Feature", "properties": {"osmId": 2858100828, "id": "osm_tree_2858100828", "natural": "tree", "tree_height": 5.4, "height_source": "VISUAL_ESTIMATE", "genus": null, "species": null, "circumference": null, "diameter_crown": null, "source": "OPENSTREETMAP"}, "geometry": {"type": "Point", "coordinates": [73.9302494, 18.5175736]}}, {"type": "Feature", "properties": {"osmId": 2858100854, "id": "osm_tree_2858100854", "natural": "tree", "tree_height": 8.55, "height_source": "VISUAL_ESTIMATE", "genus": null, "species": null, "circumference": null, "diameter_crown": null, "source": "OPENSTREETMAP"}, "geometry": {"type": "Point", "coordinates": [73.9289164, 18.517622]}}, {"type": "Feature", "properties": {"osmId": 2858100889, "id": "osm_tree_2858100889", "natural": "tree", "tree_height": 8.9, "height_source": "VISUAL_ESTIMATE", "genus": null, "species": null, "circumference": null, "diameter_crown": null, "source": "OPENSTREETMAP"}, "geometry": {"type": "Point", "coordinates": [73.9279081, 18.5176749]}}, {"type": "Feature", "properties": {"osmId": 2858101002, "id": "osm_tree_2858101002", "natural": "tree", "tree_height": 6.8, "height_source": "VISUAL_ESTIMATE", "genus": null, "species": null, "circumference": null, "diameter_crown": null, "source": "OPENSTREETMAP"}, "geometry": {"type": "Point", "coordinates": [73.9285002, 18.5174262]}}, {"type": "Feature", "properties": {"osmId": 2858101007, "id": "osm_tree_2858101007", "natural": "tree", "tree_height": 8.55, "height_source": "VISUAL_ESTIMATE", "genus": null, "species": null, "circumference": null, "diameter_crown": null, "source": "OPENSTREETMAP"}, "geometry": {"type": "Point", "coordinates": [73.9278713, 18.5177028]}}, {"type": "Feature", "properties": {"osmId": 2858101008, "id": "osm_tree_2858101008", "natural": "tree", "tree_height": 8.9, "height_source": "VISUAL_ESTIMATE", "genus": null, "species": null, "circumference": null, "diameter_crown": null, "source": "OPENSTREETMAP"}, "geometry": {"type": "Point", "coordinates": [73.9279137, 18.5177273]}}, {"type": "Feature", "properties": {"osmId": 2858101018, "id": "osm_tree_2858101018", "natural": "tree", "tree_height": 6.45, "height_source": "VISUAL_ESTIMATE", "genus": null, "species": null, "circumference": null, "diameter_crown": null, "source": "OPENSTREETMAP"}, "geometry": {"type": "Point", "coordinates": [73.9289394, 18.5177626]}}, {"type": "Feature", "properties": {"osmId": 2858101026, "id": "osm_tree_2858101026", "natural": "tree", "tree_height": 9.25, "height_source": "VISUAL_ESTIMATE", "genus": null, "species": null, "circumference": null, "diameter_crown": null, "source": "OPENSTREETMAP"}, "geometry": {"type": "Point", "coordinates": [73.92791, 18.5177937]}}, {"type": "Feature", "properties": {"osmId": 2858101035, "id": "osm_tree_2858101035", "natural": "tree", "tree_height": 6.45, "height_source": "VISUAL_ESTIMATE", "genus": null, "species": null, "circumference": null, "diameter_crown": null, "source": "OPENSTREETMAP"}, "geometry": {"type": "Point", "coordinates": [73.928968, 18.5178272]}}, {"type": "Feature", "properties": {"osmId": 2858101044, "id": "osm_tree_2858101044", "natural": "tree", "tree_height": 9.6, "height_source": "VISUAL_ESTIMATE", "genus": null, "species": null, "circumference": null, "diameter_crown": null, "source": "OPENSTREETMAP"}, "geometry": {"type": "Point", "coordinates": [73.9278953, 18.5178496]}}, {"type": "Feature", "properties": {"osmId": 2858101048, "id": "osm_tree_2858101048", "natural": "tree", "tree_height": 5.050000000000001, "height_source": "VISUAL_ESTIMATE", "genus": null, "species": null, "circumference": null, "diameter_crown": null, "source": "OPENSTREETMAP"}, "geometry": {"type": "Point", "coordinates": [73.9296305, 18.5178653]}}, {"type": "Feature", "properties": {"osmId": 2858101058, "id": "osm_tree_2858101058", "natural": "tree", "tree_height": 8.55, "height_source": "VISUAL_ESTIMATE", "genus": null, "species": null, "circumference": null, "diameter_crown": null, "source": "OPENSTREETMAP"}, "geometry": {"type": "Point", "coordinates": [73.9289348, 18.5178901]}}, {"type": "Feature", "properties": {"osmId": 2858101059, "id": "osm_tree_2858101059", "natural": "tree", "tree_height": 8.9, "height_source": "VISUAL_ESTIMATE", "genus": null, "species": null, "circumference": null, "diameter_crown": null, "source": "OPENSTREETMAP"}, "geometry": {"type": "Point", "coordinates": [73.9290085, 18.517891]}}, {"type": "Feature", "properties": {"osmId": 2858101065, "id": "osm_tree_2858101065", "natural": "tree", "tree_height": 5.050000000000001, "height_source": "VISUAL_ESTIMATE", "genus": null, "species": null, "circumference": null, "diameter_crown": null, "source": "OPENSTREETMAP"}, "geometry": {"type": "Point", "coordinates": [73.927945, 18.517909]}}, {"type": "Feature", "properties": {"osmId": 2858101067, "id": "osm_tree_2858101067", "natural": "tree", "tree_height": 5.75, "height_source": "VISUAL_ESTIMATE", "genus": null, "species": null, "circumference": null, "diameter_crown": null, "source": "OPENSTREETMAP"}, "geometry": {"type": "Point", "coordinates": [73.9295826, 18.5179142]}}, {"type": "Feature", "properties": {"osmId": 2858101077, "id": "osm_tree_2858101077", "natural": "tree", "tree_height": 9.25, "height_source": "VISUAL_ESTIMATE", "genus": null, "species": null, "circumference": null, "diameter_crown": null, "source": "OPENSTREETMAP"}, "geometry": {"type": "Point", "coordinates": [73.9290628, 18.5179408]}}, {"type": "Feature", "properties": {"osmId": 2858101086, "id": "osm_tree_2858101086", "natural": "tree", "tree_height": 6.45, "height_source": "VISUAL_ESTIMATE", "genus": null, "species": null, "circumference": null, "diameter_crown": null, "source": "OPENSTREETMAP"}, "geometry": {"type": "Point", "coordinates": [73.928991, 18.5179574]}}, {"type": "Feature", "properties": {"osmId": 2858101090, "id": "osm_tree_2858101090", "natural": "tree", "tree_height": 7.85, "height_source": "VISUAL_ESTIMATE", "genus": null, "species": null, "circumference": null, "diameter_crown": null, "source": "OPENSTREETMAP"}, "geometry": {"type": "Point", "coordinates": [73.9295273, 18.5179596]}}, {"type": "Feature", "properties": {"osmId": 2858101096, "id": "osm_tree_2858101096", "natural": "tree", "tree_height": 9.95, "height_source": "VISUAL_ESTIMATE", "genus": null, "species": null, "circumference": null, "diameter_crown": null, "source": "OPENSTREETMAP"}, "geometry": {"type": "Point", "coordinates": [73.9291245, 18.5179748]}}, {"type": "Feature", "properties": {"osmId": 2858101312, "id": "osm_tree_2858101312", "natural": "tree", "tree_height": 8.2, "height_source": "VISUAL_ESTIMATE", "genus": null, "species": null, "circumference": null, "diameter_crown": null, "source": "OPENSTREETMAP"}, "geometry": {"type": "Point", "coordinates": [73.9271768, 18.5180173]}}, {"type": "Feature", "properties": {"osmId": 2858101327, "id": "osm_tree_2858101327", "natural": "tree", "tree_height": 7.5, "height_source": "VISUAL_ESTIMATE", "genus": null, "species": null, "circumference": null, "diameter_crown": null, "source": "OPENSTREETMAP"}, "geometry": {"type": "Point", "coordinates": [73.9272376, 18.5180522]}}, {"type": "Feature", "properties": {"osmId": 2858101337, "id": "osm_tree_2858101337", "natural": "tree", "tree_height": 5.050000000000001, "height_source": "VISUAL_ESTIMATE", "genus": null, "species": null, "circumference": null, "diameter_crown": null, "source": "OPENSTREETMAP"}, "geometry": {"type": "Point", "coordinates": [73.927956, 18.5180819]}}, {"type": "Feature", "properties": {"osmId": 2858101352, "id": "osm_tree_2858101352", "natural": "tree", "tree_height": 10.3, "height_source": "VISUAL_ESTIMATE", "genus": null, "species": null, "circumference": null, "diameter_crown": null, "source": "OPENSTREETMAP"}, "geometry": {"type": "Point", "coordinates": [73.9279487, 18.5181413]}}, {"type": "Feature", "properties": {"osmId": 2858101367, "id": "osm_tree_2858101367", "natural": "tree", "tree_height": 9.6, "height_source": "VISUAL_ESTIMATE", "genus": null, "species": null, "circumference": null, "diameter_crown": null, "source": "OPENSTREETMAP"}, "geometry": {"type": "Point", "coordinates": [73.9279413, 18.5182042]}}, {"type": "Feature", "properties": {"osmId": 2858101375, "id": "osm_tree_2858101375", "natural": "tree", "tree_height": 6.45, "height_source": "VISUAL_ESTIMATE", "genus": null, "species": null, "circumference": null, "diameter_crown": null, "source": "OPENSTREETMAP"}, "geometry": {"type": "Point", "coordinates": [73.9279468, 18.5182583]}}, {"type": "Feature", "properties": {"osmId": 6120782886, "id": "osm_tree_6120782886", "natural": "tree", "tree_height": 5.4, "height_source": "VISUAL_ESTIMATE", "genus": null, "species": null, "circumference": null, "diameter_crown": null, "source": "OPENSTREETMAP"}, "geometry": {"type": "Point", "coordinates": [73.9250545, 18.5223795]}}, {"type": "Feature", "properties": {"osmId": 6120782887, "id": "osm_tree_6120782887", "natural": "tree", "tree_height": 5.75, "height_source": "VISUAL_ESTIMATE", "genus": null, "species": null, "circumference": null, "diameter_crown": null, "source": "OPENSTREETMAP"}, "geometry": {"type": "Point", "coordinates": [73.9250231, 18.5223708]}}, {"type": "Feature", "properties": {"osmId": 6120782888, "id": "osm_tree_6120782888", "natural": "tree", "tree_height": 6.1, "height_source": "VISUAL_ESTIMATE", "genus": null, "species": null, "circumference": null, "diameter_crown": null, "source": "OPENSTREETMAP"}, "geometry": {"type": "Point", "coordinates": [73.9249584, 18.5223743]}}, {"type": "Feature", "properties": {"osmId": 6120782889, "id": "osm_tree_6120782889", "natural": "tree", "tree_height": 6.45, "height_source": "VISUAL_ESTIMATE", "genus": null, "species": null, "circumference": null, "diameter_crown": null, "source": "OPENSTREETMAP"}, "geometry": {"type": "Point", "coordinates": [73.9253889, 18.5223147]}}, {"type": "Feature", "properties": {"osmId": 6120782890, "id": "osm_tree_6120782890", "natural": "tree", "tree_height": 6.8, "height_source": "VISUAL_ESTIMATE", "genus": null, "species": null, "circumference": null, "diameter_crown": null, "source": "OPENSTREETMAP"}, "geometry": {"type": "Point", "coordinates": [73.9252503, 18.5223095]}}, {"type": "Feature", "properties": {"osmId": 6120782891, "id": "osm_tree_6120782891", "natural": "tree", "tree_height": 7.15, "height_source": "VISUAL_ESTIMATE", "genus": null, "species": null, "circumference": null, "diameter_crown": null, "source": "OPENSTREETMAP"}, "geometry": {"type": "Point", "coordinates": [73.9253205, 18.5223883]}}, {"type": "Feature", "properties": {"osmId": 6120782892, "id": "osm_tree_6120782892", "natural": "tree", "tree_height": 7.5, "height_source": "VISUAL_ESTIMATE", "genus": null, "species": null, "circumference": null, "diameter_crown": null, "source": "OPENSTREETMAP"}, "geometry": {"type": "Point", "coordinates": [73.9253704, 18.5224706]}}, {"type": "Feature", "properties": {"osmId": 6120782893, "id": "osm_tree_6120782893", "natural": "tree", "tree_height": 7.85, "height_source": "VISUAL_ESTIMATE", "genus": null, "species": null, "circumference": null, "diameter_crown": null, "source": "OPENSTREETMAP"}, "geometry": {"type": "Point", "coordinates": [73.924103, 18.5219959]}}, {"type": "Feature", "properties": {"osmId": 6120782894, "id": "osm_tree_6120782894", "natural": "tree", "tree_height": 8.2, "height_source": "VISUAL_ESTIMATE", "genus": null, "species": null, "circumference": null, "diameter_crown": null, "source": "OPENSTREETMAP"}, "geometry": {"type": "Point", "coordinates": [73.9253519, 18.5220222]}}, {"type": "Feature", "properties": {"osmId": 6120782895, "id": "osm_tree_6120782895", "natural": "tree", "tree_height": 8.55, "height_source": "VISUAL_ESTIMATE", "genus": null, "species": null, "circumference": null, "diameter_crown": null, "source": "OPENSTREETMAP"}, "geometry": {"type": "Point", "coordinates": [73.9254351, 18.5221483]}}, {"type": "Feature", "properties": {"osmId": 6120782896, "id": "osm_tree_6120782896", "natural": "tree", "tree_height": 8.9, "height_source": "VISUAL_ESTIMATE", "genus": null, "species": null, "circumference": null, "diameter_crown": null, "source": "OPENSTREETMAP"}, "geometry": {"type": "Point", "coordinates": [73.9254998, 18.5220274]}}, {"type": "Feature", "properties": {"osmId": 6120782897, "id": "osm_tree_6120782897", "natural": "tree", "tree_height": 9.25, "height_source": "VISUAL_ESTIMATE", "genus": null, "species": null, "circumference": null, "diameter_crown": null, "source": "OPENSTREETMAP"}, "geometry": {"type": "Point", "coordinates": [73.924685, 18.5225004]}}, {"type": "Feature", "properties": {"osmId": 6120782898, "id": "osm_tree_6120782898", "natural": "tree", "tree_height": 9.6, "height_source": "VISUAL_ESTIMATE", "genus": null, "species": null, "circumference": null, "diameter_crown": null, "source": "OPENSTREETMAP"}, "geometry": {"type": "Point", "coordinates": [73.9242194, 18.5225862]}}, {"type": "Feature", "properties": {"osmId": 6120782899, "id": "osm_tree_6120782899", "natural": "tree", "tree_height": 9.95, "height_source": "VISUAL_ESTIMATE", "genus": null, "species": null, "circumference": null, "diameter_crown": null, "source": "OPENSTREETMAP"}, "geometry": {"type": "Point", "coordinates": [73.9241788, 18.5227124]}}, {"type": "Feature", "properties": {"osmId": 6120782900, "id": "osm_tree_6120782900", "natural": "tree", "tree_height": 10.3, "height_source": "VISUAL_ESTIMATE", "genus": null, "species": null, "circumference": null, "diameter_crown": null, "source": "OPENSTREETMAP"}, "geometry": {"type": "Point", "coordinates": [73.9243026, 18.5227457]}}, {"type": "Feature", "properties": {"osmId": 6120782901, "id": "osm_tree_6120782901", "natural": "tree", "tree_height": 4.7, "height_source": "VISUAL_ESTIMATE", "genus": null, "species": null, "circumference": null, "diameter_crown": null, "source": "OPENSTREETMAP"}, "geometry": {"type": "Point", "coordinates": [73.9244171, 18.5226546]}}, {"type": "Feature", "properties": {"osmId": 6120782902, "id": "osm_tree_6120782902", "natural": "tree", "tree_height": 5.050000000000001, "height_source": "VISUAL_ESTIMATE", "genus": null, "species": null, "circumference": null, "diameter_crown": null, "source": "OPENSTREETMAP"}, "geometry": {"type": "Point", "coordinates": [73.924116, 18.5217349]}}, {"type": "Feature", "properties": {"osmId": 6120782903, "id": "osm_tree_6120782903", "natural": "tree", "tree_height": 5.4, "height_source": "VISUAL_ESTIMATE", "genus": null, "species": null, "circumference": null, "diameter_crown": null, "source": "OPENSTREETMAP"}, "geometry": {"type": "Point", "coordinates": [73.9241769, 18.5218838]}}, {"type": "Feature", "properties": {"osmId": 6120782904, "id": "osm_tree_6120782904", "natural": "tree", "tree_height": 5.75, "height_source": "VISUAL_ESTIMATE", "genus": null, "species": null, "circumference": null, "diameter_crown": null, "source": "OPENSTREETMAP"}, "geometry": {"type": "Point", "coordinates": [73.9240402, 18.5218995]}}, {"type": "Feature", "properties": {"osmId": 6120782905, "id": "osm_tree_6120782905", "natural": "tree", "tree_height": 6.1, "height_source": "VISUAL_ESTIMATE", "genus": null, "species": null, "circumference": null, "diameter_crown": null, "source": "OPENSTREETMAP"}, "geometry": {"type": "Point", "coordinates": [73.9249806, 18.5217629]}}, {"type": "Feature", "properties": {"osmId": 11690681144, "id": "osm_tree_11690681144", "natural": "tree", "tree_height": 5.4, "height_source": "VISUAL_ESTIMATE", "genus": null, "species": null, "circumference": null, "diameter_crown": null, "source": "OPENSTREETMAP"}, "geometry": {"type": "Point", "coordinates": [73.9221884, 18.5425849]}}, {"type": "Feature", "properties": {"osmId": 5965815206, "id": "osm_tree_5965815206", "natural": "tree", "tree_height": 6.1, "height_source": "VISUAL_ESTIMATE", "genus": null, "species": null, "circumference": null, "diameter_crown": null, "source": "OPENSTREETMAP"}, "geometry": {"type": "Point", "coordinates": [73.9284418, 18.5525371]}}, {"type": "Feature", "properties": {"osmId": 6094115920, "id": "osm_tree_6094115920", "natural": "tree", "tree_height": 5.050000000000001, "height_source": "VISUAL_ESTIMATE", "genus": null, "species": null, "circumference": null, "diameter_crown": null, "source": "OPENSTREETMAP"}, "geometry": {"type": "Point", "coordinates": [73.9375402, 18.5529396]}}, {"type": "Feature", "properties": {"osmId": 6094115921, "id": "osm_tree_6094115921", "natural": "tree", "tree_height": 5.4, "height_source": "VISUAL_ESTIMATE", "genus": null, "species": null, "circumference": null, "diameter_crown": null, "source": "OPENSTREETMAP"}, "geometry": {"type": "Point", "coordinates": [73.9372336, 18.552875]}}, {"type": "Feature", "properties": {"osmId": 6094115922, "id": "osm_tree_6094115922", "natural": "tree", "tree_height": 5.75, "height_source": "VISUAL_ESTIMATE", "genus": null, "species": null, "circumference": null, "diameter_crown": null, "source": "OPENSTREETMAP"}, "geometry": {"type": "Point", "coordinates": [73.9370269, 18.5529417]}}, {"type": "Feature", "properties": {"osmId": 13628603298, "id": "osm_tree_13628603298", "natural": "tree", "tree_height": 10.3, "height_source": "VISUAL_ESTIMATE", "genus": null, "species": null, "circumference": null, "diameter_crown": null, "source": "OPENSTREETMAP"}, "geometry": {"type": "Point", "coordinates": [73.9794343, 18.5183289]}}, {"type": "Feature", "properties": {"osmId": 13628689373, "id": "osm_tree_13628689373", "natural": "tree", "tree_height": 5.75, "height_source": "VISUAL_ESTIMATE", "genus": null, "species": null, "circumference": null, "diameter_crown": null, "source": "OPENSTREETMAP"}, "geometry": {"type": "Point", "coordinates": [73.9774717, 18.5209877]}}, {"type": "Feature", "properties": {"osmId": "row_966931039_0", "id": "osm_tree_row_966931039_0", "natural": "tree", "from_tree_row": true, "tree_height": 7.15, "height_source": "VISUAL_ESTIMATE", "genus": null, "species": null, "source": "OPENSTREETMAP"}, "geometry": {"type": "Point", "coordinates": [73.854698, 18.5202424]}}, {"type": "Feature", "properties": {"osmId": "row_966931039_1", "id": "osm_tree_row_966931039_1", "natural": "tree", "from_tree_row": true, "tree_height": 7.5, "height_source": "VISUAL_ESTIMATE", "genus": null, "species": null, "source": "OPENSTREETMAP"}, "geometry": {"type": "Point", "coordinates": [73.85475029142225, 18.520294786844545]}}, {"type": "Feature", "properties": {"osmId": "row_966931039_2", "id": "osm_tree_row_966931039_2", "natural": "tree", "from_tree_row": true, "tree_height": 7.85, "height_source": "VISUAL_ESTIMATE", "genus": null, "species": null, "source": "OPENSTREETMAP"}, "geometry": {"type": "Point", "coordinates": [73.85480256247783, 18.520347192236567]}}, {"type": "Feature", "properties": {"osmId": "row_966931039_3", "id": "osm_tree_row_966931039_3", "natural": "tree", "from_tree_row": true, "tree_height": 8.2, "height_source": "VISUAL_ESTIMATE", "genus": null, "species": null, "source": "OPENSTREETMAP"}, "geometry": {"type": "Point", "coordinates": [73.85485452027233, 18.520399879242465]}}, {"type": "Feature", "properties": {"osmId": "row_966931039_4", "id": "osm_tree_row_966931039_4", "natural": "tree", "from_tree_row": true, "tree_height": 8.55, "height_source": "VISUAL_ESTIMATE", "genus": null, "species": null, "source": "OPENSTREETMAP"}, "geometry": {"type": "Point", "coordinates": [73.85490614604949, 18.52045286471088]}}, {"type": "Feature", "properties": {"osmId": "row_966931039_5", "id": "osm_tree_row_966931039_5", "natural": "tree", "from_tree_row": true, "tree_height": 8.9, "height_source": "VISUAL_ESTIMATE", "genus": null, "species": null, "source": "OPENSTREETMAP"}, "geometry": {"type": "Point", "coordinates": [73.85495797069285, 18.520505668535268]}}, {"type": "Feature", "properties": {"osmId": "row_966931039_6", "id": "osm_tree_row_966931039_6", "natural": "tree", "from_tree_row": true, "tree_height": 9.25, "height_source": "VISUAL_ESTIMATE", "genus": null, "species": null, "source": "OPENSTREETMAP"}, "geometry": {"type": "Point", "coordinates": [73.85501111254865, 18.52055726922018]}}, {"type": "Feature", "properties": {"osmId": "row_966931039_7", "id": "osm_tree_row_966931039_7", "natural": "tree", "from_tree_row": true, "tree_height": 9.6, "height_source": "VISUAL_ESTIMATE", "genus": null, "species": null, "source": "OPENSTREETMAP"}, "geometry": {"type": "Point", "coordinates": [73.85506800690476, 18.52060453872381]}}, {"type": "Feature", "properties": {"osmId": "row_966931039_8", "id": "osm_tree_row_966931039_8", "natural": "tree", "from_tree_row": true, "tree_height": 9.95, "height_source": "VISUAL_ESTIMATE", "genus": null, "species": null, "source": "OPENSTREETMAP"}, "geometry": {"type": "Point", "coordinates": [73.85513234794774, 18.52064219398976]}}, {"type": "Feature", "properties": {"osmId": "row_966931039_9", "id": "osm_tree_row_966931039_9", "natural": "tree", "from_tree_row": true, "tree_height": 10.3, "height_source": "VISUAL_ESTIMATE", "genus": null, "species": null, "source": "OPENSTREETMAP"}, "geometry": {"type": "Point", "coordinates": [73.8552040943861, 18.520665517635077]}}, {"type": "Feature", "properties": {"osmId": "row_966931039_10", "id": "osm_tree_row_966931039_10", "natural": "tree", "from_tree_row": true, "tree_height": 4.7, "height_source": "VISUAL_ESTIMATE", "genus": null, "species": null, "source": "OPENSTREETMAP"}, "geometry": {"type": "Point", "coordinates": [73.85527838107915, 18.5206795420417]}}, {"type": "Feature", "properties": {"osmId": "row_966931039_11", "id": "osm_tree_row_966931039_11", "natural": "tree", "from_tree_row": true, "tree_height": 5.050000000000001, "height_source": "VISUAL_ESTIMATE", "genus": null, "species": null, "source": "OPENSTREETMAP"}, "geometry": {"type": "Point", "coordinates": [73.85535404130842, 18.5206809]}}, {"type": "Feature", "properties": {"osmId": "row_966931039_12", "id": "osm_tree_row_966931039_12", "natural": "tree", "from_tree_row": true, "tree_height": 5.4, "height_source": "VISUAL_ESTIMATE", "genus": null, "species": null, "source": "OPENSTREETMAP"}, "geometry": {"type": "Point", "coordinates": [73.85542860772695, 18.520669097519477]}}, {"type": "Feature", "properties": {"osmId": "row_966931039_13", "id": "osm_tree_row_966931039_13", "natural": "tree", "from_tree_row": true, "tree_height": 5.75, "height_source": "VISUAL_ESTIMATE", "genus": null, "species": null, "source": "OPENSTREETMAP"}, "geometry": {"type": "Point", "coordinates": [73.85550133250374, 18.520649528045343]}}, {"type": "Feature", "properties": {"osmId": "row_966931039_14", "id": "osm_tree_row_966931039_14", "natural": "tree", "from_tree_row": true, "tree_height": 6.1, "height_source": "VISUAL_ESTIMATE", "genus": null, "species": null, "source": "OPENSTREETMAP"}, "geometry": {"type": "Point", "coordinates": [73.85557241695743, 18.52062442411201]}}, {"type": "Feature", "properties": {"osmId": "row_966931039_15", "id": "osm_tree_row_966931039_15", "natural": "tree", "from_tree_row": true, "tree_height": 6.45, "height_source": "VISUAL_ESTIMATE", "genus": null, "species": null, "source": "OPENSTREETMAP"}, "geometry": {"type": "Point", "coordinates": [73.85563980963276, 18.52059136640931]}}, {"type": "Feature", "properties": {"osmId": "row_966931039_16", "id": "osm_tree_row_966931039_16", "natural": "tree", "from_tree_row": true, "tree_height": 6.8, "height_source": "VISUAL_ESTIMATE", "genus": null, "species": null, "source": "OPENSTREETMAP"}, "geometry": {"type": "Point", "coordinates": [73.85570178006927, 18.52054990769682]}}, {"type": "Feature", "properties": {"osmId": "row_966931039_17", "id": "osm_tree_row_966931039_17", "natural": "tree", "from_tree_row": true, "tree_height": 7.15, "height_source": "VISUAL_ESTIMATE", "genus": null, "species": null, "source": "OPENSTREETMAP"}, "geometry": {"type": "Point", "coordinates": [73.85576007995056, 18.520503739096192]}}, {"type": "Feature", "properties": {"osmId": "row_966931039_18", "id": "osm_tree_row_966931039_18", "natural": "tree", "from_tree_row": true, "tree_height": 7.5, "height_source": "VISUAL_ESTIMATE", "genus": null, "species": null, "source": "OPENSTREETMAP"}, "geometry": {"type": "Point", "coordinates": [73.85580958237658, 18.520449151409366]}}, {"type": "Feature", "properties": {"osmId": "row_966931039_19", "id": "osm_tree_row_966931039_19", "natural": "tree", "from_tree_row": true, "tree_height": 7.85, "height_source": "VISUAL_ESTIMATE", "genus": null, "species": null, "source": "OPENSTREETMAP"}, "geometry": {"type": "Point", "coordinates": [73.85586056670154, 18.52039566615087]}}, {"type": "Feature", "properties": {"osmId": "row_966931039_20", "id": "osm_tree_row_966931039_20", "natural": "tree", "from_tree_row": true, "tree_height": 8.2, "height_source": "VISUAL_ESTIMATE", "genus": null, "species": null, "source": "OPENSTREETMAP"}, "geometry": {"type": "Point", "coordinates": [73.85591080482186, 18.520341543537533]}}, {"type": "Feature", "properties": {"osmId": "row_966931039_21", "id": "osm_tree_row_966931039_21", "natural": "tree", "from_tree_row": true, "tree_height": 8.55, "height_source": "VISUAL_ESTIMATE", "genus": null, "species": null, "source": "OPENSTREETMAP"}, "geometry": {"type": "Point", "coordinates": [73.8559585247705, 18.520285319648487]}}, {"type": "Feature", "properties": {"osmId": "row_966931039_22", "id": "osm_tree_row_966931039_22", "natural": "tree", "from_tree_row": true, "tree_height": 8.9, "height_source": "VISUAL_ESTIMATE", "genus": null, "species": null, "source": "OPENSTREETMAP"}, "geometry": {"type": "Point", "coordinates": [73.8559838, 18.5202552]}}, {"type": "Feature", "properties": {"osmId": "row_633197297_0", "id": "osm_tree_row_633197297_0", "natural": "tree", "from_tree_row": true, "tree_height": 9.6, "height_source": "VISUAL_ESTIMATE", "genus": null, "species": null, "source": "OPENSTREETMAP"}, "geometry": {"type": "Point", "coordinates": [73.8849791, 18.5168171]}}, {"type": "Feature", "properties": {"osmId": "row_633197297_1", "id": "osm_tree_row_633197297_1", "natural": "tree", "from_tree_row": true, "tree_height": 9.95, "height_source": "VISUAL_ESTIMATE", "genus": null, "species": null, "source": "OPENSTREETMAP"}, "geometry": {"type": "Point", "coordinates": [73.88505485875906, 18.51681912485756]}}, {"type": "Feature", "properties": {"osmId": "row_633197297_2", "id": "osm_tree_row_633197297_2", "natural": "tree", "from_tree_row": true, "tree_height": 10.3, "height_source": "VISUAL_ESTIMATE", "genus": null, "species": null, "source": "OPENSTREETMAP"}, "geometry": {"type": "Point", "coordinates": [73.88513061751814, 18.51682114971512]}}, {"type": "Feature", "properties": {"osmId": "row_633197297_3", "id": "osm_tree_row_633197297_3", "natural": "tree", "from_tree_row": true, "tree_height": 4.7, "height_source": "VISUAL_ESTIMATE", "genus": null, "species": null, "source": "OPENSTREETMAP"}, "geometry": {"type": "Point", "coordinates": [73.88520637627721, 18.51682317457268]}}, {"type": "Feature", "properties": {"osmId": "row_633197297_4", "id": "osm_tree_row_633197297_4", "natural": "tree", "from_tree_row": true, "tree_height": 5.050000000000001, "height_source": "VISUAL_ESTIMATE", "genus": null, "species": null, "source": "OPENSTREETMAP"}, "geometry": {"type": "Point", "coordinates": [73.88528213503629, 18.516825199430237]}}, {"type": "Feature", "properties": {"osmId": "row_633197297_5", "id": "osm_tree_row_633197297_5", "natural": "tree", "from_tree_row": true, "tree_height": 5.4, "height_source": "VISUAL_ESTIMATE", "genus": null, "species": null, "source": "OPENSTREETMAP"}, "geometry": {"type": "Point", "coordinates": [73.88535789379536, 18.5168272242878]}}, {"type": "Feature", "properties": {"osmId": "row_633197297_6", "id": "osm_tree_row_633197297_6", "natural": "tree", "from_tree_row": true, "tree_height": 5.75, "height_source": "VISUAL_ESTIMATE", "genus": null, "species": null, "source": "OPENSTREETMAP"}, "geometry": {"type": "Point", "coordinates": [73.88543365255444, 18.516829249145356]}}, {"type": "Feature", "properties": {"osmId": "row_633197297_7", "id": "osm_tree_row_633197297_7", "natural": "tree", "from_tree_row": true, "tree_height": 6.1, "height_source": "VISUAL_ESTIMATE", "genus": null, "species": null, "source": "OPENSTREETMAP"}, "geometry": {"type": "Point", "coordinates": [73.8855094113135, 18.516831274002914]}}, {"type": "Feature", "properties": {"osmId": "row_633197297_8", "id": "osm_tree_row_633197297_8", "natural": "tree", "from_tree_row": true, "tree_height": 6.45, "height_source": "VISUAL_ESTIMATE", "genus": null, "species": null, "source": "OPENSTREETMAP"}, "geometry": {"type": "Point", "coordinates": [73.88558517007259, 18.516833298860476]}}, {"type": "Feature", "properties": {"osmId": "row_633197297_9", "id": "osm_tree_row_633197297_9", "natural": "tree", "from_tree_row": true, "tree_height": 6.8, "height_source": "VISUAL_ESTIMATE", "genus": null, "species": null, "source": "OPENSTREETMAP"}, "geometry": {"type": "Point", "coordinates": [73.8856570586358, 18.516839562155848]}}, {"type": "Feature", "properties": {"osmId": "row_633197297_10", "id": "osm_tree_row_633197297_10", "natural": "tree", "from_tree_row": true, "tree_height": 7.15, "height_source": "VISUAL_ESTIMATE", "genus": null, "species": null, "source": "OPENSTREETMAP"}, "geometry": {"type": "Point", "coordinates": [73.88566947501015, 18.51691095630838]}}, {"type": "Feature", "properties": {"osmId": "row_633197297_11", "id": "osm_tree_row_633197297_11", "natural": "tree", "from_tree_row": true, "tree_height": 7.5, "height_source": "VISUAL_ESTIMATE", "genus": null, "species": null, "source": "OPENSTREETMAP"}, "geometry": {"type": "Point", "coordinates": [73.88568189138451, 18.516982350460907]}}, {"type": "Feature", "properties": {"osmId": "row_633197297_12", "id": "osm_tree_row_633197297_12", "natural": "tree", "from_tree_row": true, "tree_height": 7.85, "height_source": "VISUAL_ESTIMATE", "genus": null, "species": null, "source": "OPENSTREETMAP"}, "geometry": {"type": "Point", "coordinates": [73.88569430775885, 18.51705374461344]}}, {"type": "Feature", "properties": {"osmId": "row_633197297_13", "id": "osm_tree_row_633197297_13", "natural": "tree", "from_tree_row": true, "tree_height": 8.2, "height_source": "VISUAL_ESTIMATE", "genus": null, "species": null, "source": "OPENSTREETMAP"}, "geometry": {"type": "Point", "coordinates": [73.8856971, 18.5170698]}}, {"type": "Feature", "properties": {"osmId": "row_1527511239_0", "id": "osm_tree_row_1527511239_0", "natural": "tree", "from_tree_row": true, "tree_height": 6.45, "height_source": "VISUAL_ESTIMATE", "genus": null, "species": null, "source": "OPENSTREETMAP"}, "geometry": {"type": "Point", "coordinates": [73.9050401, 18.5164154]}}, {"type": "Feature", "properties": {"osmId": "row_1527511239_1", "id": "osm_tree_row_1527511239_1", "natural": "tree", "from_tree_row": true, "tree_height": 6.8, "height_source": "VISUAL_ESTIMATE", "genus": null, "species": null, "source": "OPENSTREETMAP"}, "geometry": {"type": "Point", "coordinates": [73.90507874485982, 18.516353143434255]}}, {"type": "Feature", "properties": {"osmId": "row_1527511239_2", "id": "osm_tree_row_1527511239_2", "natural": "tree", "from_tree_row": true, "tree_height": 7.15, "height_source": "VISUAL_ESTIMATE", "genus": null, "species": null, "source": "OPENSTREETMAP"}, "geometry": {"type": "Point", "coordinates": [73.90511738971963, 18.516290886868507]}}, {"type": "Feature", "properties": {"osmId": "row_1527511239_3", "id": "osm_tree_row_1527511239_3", "natural": "tree", "from_tree_row": true, "tree_height": 7.5, "height_source": "VISUAL_ESTIMATE", "genus": null, "species": null, "source": "OPENSTREETMAP"}, "geometry": {"type": "Point", "coordinates": [73.90515603457946, 18.516228630302763]}}, {"type": "Feature", "properties": {"osmId": "row_1527511239_4", "id": "osm_tree_row_1527511239_4", "natural": "tree", "from_tree_row": true, "tree_height": 7.85, "height_source": "VISUAL_ESTIMATE", "genus": null, "species": null, "source": "OPENSTREETMAP"}, "geometry": {"type": "Point", "coordinates": [73.905207196742, 18.516198107912977]}}, {"type": "Feature", "properties": {"osmId": "row_1527511239_5", "id": "osm_tree_row_1527511239_5", "natural": "tree", "from_tree_row": true, "tree_height": 8.2, "height_source": "VISUAL_ESTIMATE", "genus": null, "species": null, "source": "OPENSTREETMAP"}, "geometry": {"type": "Point", "coordinates": [73.90527924962264, 18.516220548189295]}}, {"type": "Feature", "properties": {"osmId": "row_1527511239_6", "id": "osm_tree_row_1527511239_6", "natural": "tree", "from_tree_row": true, "tree_height": 8.55, "height_source": "VISUAL_ESTIMATE", "genus": null, "species": null, "source": "OPENSTREETMAP"}, "geometry": {"type": "Point", "coordinates": [73.90535130250326, 18.516242988465617]}}, {"type": "Feature", "properties": {"osmId": "row_1527511239_7", "id": "osm_tree_row_1527511239_7", "natural": "tree", "from_tree_row": true, "tree_height": 8.9, "height_source": "VISUAL_ESTIMATE", "genus": null, "species": null, "source": "OPENSTREETMAP"}, "geometry": {"type": "Point", "coordinates": [73.9053751, 18.5162504]}}, {"type": "Feature", "properties": {"osmId": "row_1528677677_0", "id": "osm_tree_row_1528677677_0", "natural": "tree", "from_tree_row": true, "tree_height": 6.45, "height_source": "VISUAL_ESTIMATE", "genus": null, "species": null, "source": "OPENSTREETMAP"}, "geometry": {"type": "Point", "coordinates": [73.8884492, 18.5265187]}}, {"type": "Feature", "properties": {"osmId": "row_1528677677_1", "id": "osm_tree_row_1528677677_1", "natural": "tree", "from_tree_row": true, "tree_height": 6.8, "height_source": "VISUAL_ESTIMATE", "genus": null, "species": null, "source": "OPENSTREETMAP"}, "geometry": {"type": "Point", "coordinates": [73.88846555902127, 18.526448033893224]}}, {"type": "Feature", "properties": {"osmId": "row_1528677677_2", "id": "osm_tree_row_1528677677_2", "natural": "tree", "from_tree_row": true, "tree_height": 7.15, "height_source": "VISUAL_ESTIMATE", "genus": null, "species": null, "source": "OPENSTREETMAP"}, "geometry": {"type": "Point", "coordinates": [73.88848191804254, 18.526377367786445]}}, {"type": "Feature", "properties": {"osmId": "row_1528677677_3", "id": "osm_tree_row_1528677677_3", "natural": "tree", "from_tree_row": true, "tree_height": 7.5, "height_source": "VISUAL_ESTIMATE", "genus": null, "species": null, "source": "OPENSTREETMAP"}, "geometry": {"type": "Point", "coordinates": [73.88849827706383, 18.52630670167967]}}, {"type": "Feature", "properties": {"osmId": "row_1528677677_4", "id": "osm_tree_row_1528677677_4", "natural": "tree", "from_tree_row": true, "tree_height": 7.85, "height_source": "VISUAL_ESTIMATE", "genus": null, "species": null, "source": "OPENSTREETMAP"}, "geometry": {"type": "Point", "coordinates": [73.8885146360851, 18.52623603557289]}}, {"type": "Feature", "properties": {"osmId": "row_1528677677_5", "id": "osm_tree_row_1528677677_5", "natural": "tree", "from_tree_row": true, "tree_height": 8.2, "height_source": "VISUAL_ESTIMATE", "genus": null, "species": null, "source": "OPENSTREETMAP"}, "geometry": {"type": "Point", "coordinates": [73.88853118698195, 18.526165413721586]}}, {"type": "Feature", "properties": {"osmId": "row_1528677677_6", "id": "osm_tree_row_1528677677_6", "natural": "tree", "from_tree_row": true, "tree_height": 8.55, "height_source": "VISUAL_ESTIMATE", "genus": null, "species": null, "source": "OPENSTREETMAP"}, "geometry": {"type": "Point", "coordinates": [73.88855041229704, 18.526095408716078]}}, {"type": "Feature", "properties": {"osmId": "row_1528677677_7", "id": "osm_tree_row_1528677677_7", "natural": "tree", "from_tree_row": true, "tree_height": 8.9, "height_source": "VISUAL_ESTIMATE", "genus": null, "species": null, "source": "OPENSTREETMAP"}, "geometry": {"type": "Point", "coordinates": [73.88856963761214, 18.526025403710566]}}, {"type": "Feature", "properties": {"osmId": "row_1528677677_8", "id": "osm_tree_row_1528677677_8", "natural": "tree", "from_tree_row": true, "tree_height": 9.25, "height_source": "VISUAL_ESTIMATE", "genus": null, "species": null, "source": "OPENSTREETMAP"}, "geometry": {"type": "Point", "coordinates": [73.88858886292722, 18.525955398705058]}}, {"type": "Feature", "properties": {"osmId": "row_1528677677_9", "id": "osm_tree_row_1528677677_9", "natural": "tree", "from_tree_row": true, "tree_height": 9.6, "height_source": "VISUAL_ESTIMATE", "genus": null, "species": null, "source": "OPENSTREETMAP"}, "geometry": {"type": "Point", "coordinates": [73.88860808824231, 18.525885393699546]}}, {"type": "Feature", "properties": {"osmId": "row_1528677677_10", "id": "osm_tree_row_1528677677_10", "natural": "tree", "from_tree_row": true, "tree_height": 9.95, "height_source": "VISUAL_ESTIMATE", "genus": null, "species": null, "source": "OPENSTREETMAP"}, "geometry": {"type": "Point", "coordinates": [73.88862777782113, 18.525815524448024]}}, {"type": "Feature", "properties": {"osmId": "row_1528677677_11", "id": "osm_tree_row_1528677677_11", "natural": "tree", "from_tree_row": true, "tree_height": 10.3, "height_source": "VISUAL_ESTIMATE", "genus": null, "species": null, "source": "OPENSTREETMAP"}, "geometry": {"type": "Point", "coordinates": [73.8886529002477, 18.525747243799444]}}, {"type": "Feature", "properties": {"osmId": "row_1528677677_12", "id": "osm_tree_row_1528677677_12", "natural": "tree", "from_tree_row": true, "tree_height": 4.7, "height_source": "VISUAL_ESTIMATE", "genus": null, "species": null, "source": "OPENSTREETMAP"}, "geometry": {"type": "Point", "coordinates": [73.88867802267427, 18.52567896315086]}}, {"type": "Feature", "properties": {"osmId": "row_1528677677_13", "id": "osm_tree_row_1528677677_13", "natural": "tree", "from_tree_row": true, "tree_height": 5.050000000000001, "height_source": "VISUAL_ESTIMATE", "genus": null, "species": null, "source": "OPENSTREETMAP"}, "geometry": {"type": "Point", "coordinates": [73.88870314510085, 18.525610682502275]}}, {"type": "Feature", "properties": {"osmId": "row_1528677677_14", "id": "osm_tree_row_1528677677_14", "natural": "tree", "from_tree_row": true, "tree_height": 5.4, "height_source": "VISUAL_ESTIMATE", "genus": null, "species": null, "source": "OPENSTREETMAP"}, "geometry": {"type": "Point", "coordinates": [73.88872826752743, 18.52554240185369]}}, {"type": "Feature", "properties": {"osmId": "row_1528677677_15", "id": "osm_tree_row_1528677677_15", "natural": "tree", "from_tree_row": true, "tree_height": 5.75, "height_source": "VISUAL_ESTIMATE", "genus": null, "species": null, "source": "OPENSTREETMAP"}, "geometry": {"type": "Point", "coordinates": [73.88875338995399, 18.525474121205107]}}, {"type": "Feature", "properties": {"osmId": "row_1528677677_16", "id": "osm_tree_row_1528677677_16", "natural": "tree", "from_tree_row": true, "tree_height": 6.1, "height_source": "VISUAL_ESTIMATE", "genus": null, "species": null, "source": "OPENSTREETMAP"}, "geometry": {"type": "Point", "coordinates": [73.88877851238057, 18.525405840556523]}}, {"type": "Feature", "properties": {"osmId": "row_1528677677_17", "id": "osm_tree_row_1528677677_17", "natural": "tree", "from_tree_row": true, "tree_height": 6.45, "height_source": "VISUAL_ESTIMATE", "genus": null, "species": null, "source": "OPENSTREETMAP"}, "geometry": {"type": "Point", "coordinates": [73.88880381915256, 18.525337622086525]}}, {"type": "Feature", "properties": {"osmId": "row_1528677677_18", "id": "osm_tree_row_1528677677_18", "natural": "tree", "from_tree_row": true, "tree_height": 6.8, "height_source": "VISUAL_ESTIMATE", "genus": null, "species": null, "source": "OPENSTREETMAP"}, "geometry": {"type": "Point", "coordinates": [73.88882916821225, 18.525269417879908]}}, {"type": "Feature", "properties": {"osmId": "row_1528677677_19", "id": "osm_tree_row_1528677677_19", "natural": "tree", "from_tree_row": true, "tree_height": 7.15, "height_source": "VISUAL_ESTIMATE", "genus": null, "species": null, "source": "OPENSTREETMAP"}, "geometry": {"type": "Point", "coordinates": [73.88885451727195, 18.525201213673295]}}, {"type": "Feature", "properties": {"osmId": "row_1528677677_20", "id": "osm_tree_row_1528677677_20", "natural": "tree", "from_tree_row": true, "tree_height": 7.5, "height_source": "VISUAL_ESTIMATE", "genus": null, "species": null, "source": "OPENSTREETMAP"}, "geometry": {"type": "Point", "coordinates": [73.88887986633165, 18.52513300946668]}}, {"type": "Feature", "properties": {"osmId": "row_1528677677_21", "id": "osm_tree_row_1528677677_21", "natural": "tree", "from_tree_row": true, "tree_height": 7.85, "height_source": "VISUAL_ESTIMATE", "genus": null, "species": null, "source": "OPENSTREETMAP"}, "geometry": {"type": "Point", "coordinates": [73.88890521539135, 18.52506480526006]}}, {"type": "Feature", "properties": {"osmId": "row_1528677677_22", "id": "osm_tree_row_1528677677_22", "natural": "tree", "from_tree_row": true, "tree_height": 8.2, "height_source": "VISUAL_ESTIMATE", "genus": null, "species": null, "source": "OPENSTREETMAP"}, "geometry": {"type": "Point", "coordinates": [73.88893056445104, 18.52499660105345]}}, {"type": "Feature", "properties": {"osmId": "row_1528677677_23", "id": "osm_tree_row_1528677677_23", "natural": "tree", "from_tree_row": true, "tree_height": 8.55, "height_source": "VISUAL_ESTIMATE", "genus": null, "species": null, "source": "OPENSTREETMAP"}, "geometry": {"type": "Point", "coordinates": [73.88895591351074, 18.524928396846832]}}, {"type": "Feature", "properties": {"osmId": "row_1528677677_24", "id": "osm_tree_row_1528677677_24", "natural": "tree", "from_tree_row": true, "tree_height": 8.9, "height_source": "VISUAL_ESTIMATE", "genus": null, "species": null, "source": "OPENSTREETMAP"}, "geometry": {"type": "Point", "coordinates": [73.88898126257045, 18.52486019264022]}}, {"type": "Feature", "properties": {"osmId": "row_1528677677_25", "id": "osm_tree_row_1528677677_25", "natural": "tree", "from_tree_row": true, "tree_height": 9.25, "height_source": "VISUAL_ESTIMATE", "genus": null, "species": null, "source": "OPENSTREETMAP"}, "geometry": {"type": "Point", "coordinates": [73.88900661163015, 18.524791988433602]}}, {"type": "Feature", "properties": {"osmId": "row_1528677677_26", "id": "osm_tree_row_1528677677_26", "natural": "tree", "from_tree_row": true, "tree_height": 9.6, "height_source": "VISUAL_ESTIMATE", "genus": null, "species": null, "source": "OPENSTREETMAP"}, "geometry": {"type": "Point", "coordinates": [73.8890311, 18.5247261]}}, {"type": "Feature", "properties": {"osmId": "row_1528677679_0", "id": "osm_tree_row_1528677679_0", "natural": "tree", "from_tree_row": true, "tree_height": 7.15, "height_source": "VISUAL_ESTIMATE", "genus": null, "species": null, "source": "OPENSTREETMAP"}, "geometry": {"type": "Point", "coordinates": [73.8880202, 18.527228]}}, {"type": "Feature", "properties": {"osmId": "row_1528677679_1", "id": "osm_tree_row_1528677679_1", "natural": "tree", "from_tree_row": true, "tree_height": 7.5, "height_source": "VISUAL_ESTIMATE", "genus": null, "species": null, "source": "OPENSTREETMAP"}, "geometry": {"type": "Point", "coordinates": [73.88802967275424, 18.527156195476103]}}, {"type": "Feature", "properties": {"osmId": "row_1528677679_2", "id": "osm_tree_row_1528677679_2", "natural": "tree", "from_tree_row": true, "tree_height": 7.85, "height_source": "VISUAL_ESTIMATE", "genus": null, "species": null, "source": "OPENSTREETMAP"}, "geometry": {"type": "Point", "coordinates": [73.88803914550849, 18.5270843909522]}}, {"type": "Feature", "properties": {"osmId": "row_1528677679_3", "id": "osm_tree_row_1528677679_3", "natural": "tree", "from_tree_row": true, "tree_height": 8.2, "height_source": "VISUAL_ESTIMATE", "genus": null, "species": null, "source": "OPENSTREETMAP"}, "geometry": {"type": "Point", "coordinates": [73.88804861826274, 18.527012586428302]}}, {"type": "Feature", "properties": {"osmId": "row_1528677679_4", "id": "osm_tree_row_1528677679_4", "natural": "tree", "from_tree_row": true, "tree_height": 8.55, "height_source": "VISUAL_ESTIMATE", "genus": null, "species": null, "source": "OPENSTREETMAP"}, "geometry": {"type": "Point", "coordinates": [73.88805809101699, 18.5269407819044]}}, {"type": "Feature", "properties": {"osmId": "row_1528677679_5", "id": "osm_tree_row_1528677679_5", "natural": "tree", "from_tree_row": true, "tree_height": 8.9, "height_source": "VISUAL_ESTIMATE", "genus": null, "species": null, "source": "OPENSTREETMAP"}, "geometry": {"type": "Point", "coordinates": [73.88806756377123, 18.526868977380502]}}, {"type": "Feature", "properties": {"osmId": "row_1528677679_6", "id": "osm_tree_row_1528677679_6", "natural": "tree", "from_tree_row": true, "tree_height": 9.25, "height_source": "VISUAL_ESTIMATE", "genus": null, "species": null, "source": "OPENSTREETMAP"}, "geometry": {"type": "Point", "coordinates": [73.88807737892026, 18.526797216872122]}}, {"type": "Feature", "properties": {"osmId": "row_1528677679_7", "id": "osm_tree_row_1528677679_7", "natural": "tree", "from_tree_row": true, "tree_height": 9.6, "height_source": "VISUAL_ESTIMATE", "genus": null, "species": null, "source": "OPENSTREETMAP"}, "geometry": {"type": "Point", "coordinates": [73.88808813036125, 18.52672557672592]}}, {"type": "Feature", "properties": {"osmId": "row_1528677679_8", "id": "osm_tree_row_1528677679_8", "natural": "tree", "from_tree_row": true, "tree_height": 9.95, "height_source": "VISUAL_ESTIMATE", "genus": null, "species": null, "source": "OPENSTREETMAP"}, "geometry": {"type": "Point", "coordinates": [73.88809888180226, 18.52665393657972]}}, {"type": "Feature", "properties": {"osmId": "row_1528677679_9", "id": "osm_tree_row_1528677679_9", "natural": "tree", "from_tree_row": true, "tree_height": 10.3, "height_source": "VISUAL_ESTIMATE", "genus": null, "species": null, "source": "OPENSTREETMAP"}, "geometry": {"type": "Point", "coordinates": [73.88810963324326, 18.526582296433517]}}, {"type": "Feature", "properties": {"osmId": "row_1528677679_10", "id": "osm_tree_row_1528677679_10", "natural": "tree", "from_tree_row": true, "tree_height": 4.7, "height_source": "VISUAL_ESTIMATE", "genus": null, "species": null, "source": "OPENSTREETMAP"}, "geometry": {"type": "Point", "coordinates": [73.88812038468426, 18.526510656287314]}}, {"type": "Feature", "properties": {"osmId": "row_1528677679_11", "id": "osm_tree_row_1528677679_11", "natural": "tree", "from_tree_row": true, "tree_height": 5.050000000000001, "height_source": "VISUAL_ESTIMATE", "genus": null, "species": null, "source": "OPENSTREETMAP"}, "geometry": {"type": "Point", "coordinates": [73.88812890688448, 18.526438760126222]}}, {"type": "Feature", "properties": {"osmId": "row_1528677679_12", "id": "osm_tree_row_1528677679_12", "natural": "tree", "from_tree_row": true, "tree_height": 5.4, "height_source": "VISUAL_ESTIMATE", "genus": null, "species": null, "source": "OPENSTREETMAP"}, "geometry": {"type": "Point", "coordinates": [73.88813625196899, 18.526366728780474]}}, {"type": "Feature", "properties": {"osmId": "row_1528677679_13", "id": "osm_tree_row_1528677679_13", "natural": "tree", "from_tree_row": true, "tree_height": 5.75, "height_source": "VISUAL_ESTIMATE", "genus": null, "species": null, "source": "OPENSTREETMAP"}, "geometry": {"type": "Point", "coordinates": [73.88814359705351, 18.526294697434725]}}, {"type": "Feature", "properties": {"osmId": "row_1528677679_14", "id": "osm_tree_row_1528677679_14", "natural": "tree", "from_tree_row": true, "tree_height": 6.1, "height_source": "VISUAL_ESTIMATE", "genus": null, "species": null, "source": "OPENSTREETMAP"}, "geometry": {"type": "Point", "coordinates": [73.88815094213804, 18.526222666088977]}}, {"type": "Feature", "properties": {"osmId": "row_1528677679_15", "id": "osm_tree_row_1528677679_15", "natural": "tree", "from_tree_row": true, "tree_height": 6.45, "height_source": "VISUAL_ESTIMATE", "genus": null, "species": null, "source": "OPENSTREETMAP"}, "geometry": {"type": "Point", "coordinates": [73.88815828722257, 18.52615063474323]}}, {"type": "Feature", "properties": {"osmId": "row_1528677679_16", "id": "osm_tree_row_1528677679_16", "natural": "tree", "from_tree_row": true, "tree_height": 6.8, "height_source": "VISUAL_ESTIMATE", "genus": null, "species": null, "source": "OPENSTREETMAP"}, "geometry": {"type": "Point", "coordinates": [73.88816563230708, 18.526078603397483]}}, {"type": "Feature", "properties": {"osmId": "row_1528677679_17", "id": "osm_tree_row_1528677679_17", "natural": "tree", "from_tree_row": true, "tree_height": 7.15, "height_source": "VISUAL_ESTIMATE", "genus": null, "species": null, "source": "OPENSTREETMAP"}, "geometry": {"type": "Point", "coordinates": [73.88817408237179, 18.526006687910755]}}, {"type": "Feature", "properties": {"osmId": "row_1528677679_18", "id": "osm_tree_row_1528677679_18", "natural": "tree", "from_tree_row": true, "tree_height": 7.5, "height_source": "VISUAL_ESTIMATE", "genus": null, "species": null, "source": "OPENSTREETMAP"}, "geometry": {"type": "Point", "coordinates": [73.88818328156798, 18.525934850971716]}}, {"type": "Feature", "properties": {"osmId": "row_1528677679_19", "id": "osm_tree_row_1528677679_19", "natural": "tree", "from_tree_row": true, "tree_height": 7.85, "height_source": "VISUAL_ESTIMATE", "genus": null, "species": null, "source": "OPENSTREETMAP"}, "geometry": {"type": "Point", "coordinates": [73.88819248076415, 18.525863014032677]}}, {"type": "Feature", "properties": {"osmId": "row_1528677679_20", "id": "osm_tree_row_1528677679_20", "natural": "tree", "from_tree_row": true, "tree_height": 8.2, "height_source": "VISUAL_ESTIMATE", "genus": null, "species": null, "source": "OPENSTREETMAP"}, "geometry": {"type": "Point", "coordinates": [73.88820167996033, 18.525791177093634]}}, {"type": "Feature", "properties": {"osmId": "row_1528677679_21", "id": "osm_tree_row_1528677679_21", "natural": "tree", "from_tree_row": true, "tree_height": 8.55, "height_source": "VISUAL_ESTIMATE", "genus": null, "species": null, "source": "OPENSTREETMAP"}, "geometry": {"type": "Point", "coordinates": [73.8882114041119, 18.525719408057242]}}, {"type": "Feature", "properties": {"osmId": "row_1528677679_22", "id": "osm_tree_row_1528677679_22", "natural": "tree", "from_tree_row": true, "tree_height": 8.9, "height_source": "VISUAL_ESTIMATE", "genus": null, "species": null, "source": "OPENSTREETMAP"}, "geometry": {"type": "Point", "coordinates": [73.88822255121559, 18.525647823078803]}}, {"type": "Feature", "properties": {"osmId": "row_1528677679_23", "id": "osm_tree_row_1528677679_23", "natural": "tree", "from_tree_row": true, "tree_height": 9.25, "height_source": "VISUAL_ESTIMATE", "genus": null, "species": null, "source": "OPENSTREETMAP"}, "geometry": {"type": "Point", "coordinates": [73.88823369831927, 18.525576238100363]}}, {"type": "Feature", "properties": {"osmId": "row_1528677679_24", "id": "osm_tree_row_1528677679_24", "natural": "tree", "from_tree_row": true, "tree_height": 9.6, "height_source": "VISUAL_ESTIMATE", "genus": null, "species": null, "source": "OPENSTREETMAP"}, "geometry": {"type": "Point", "coordinates": [73.88824484542295, 18.525504653121924]}}, {"type": "Feature", "properties": {"osmId": "row_1528677679_25", "id": "osm_tree_row_1528677679_25", "natural": "tree", "from_tree_row": true, "tree_height": 9.95, "height_source": "VISUAL_ESTIMATE", "genus": null, "species": null, "source": "OPENSTREETMAP"}, "geometry": {"type": "Point", "coordinates": [73.88825599252662, 18.52543306814349]}}, {"type": "Feature", "properties": {"osmId": "row_1528677679_26", "id": "osm_tree_row_1528677679_26", "natural": "tree", "from_tree_row": true, "tree_height": 10.3, "height_source": "VISUAL_ESTIMATE", "genus": null, "species": null, "source": "OPENSTREETMAP"}, "geometry": {"type": "Point", "coordinates": [73.88826997781966, 18.525361991098855]}}, {"type": "Feature", "properties": {"osmId": "row_1528677679_27", "id": "osm_tree_row_1528677679_27", "natural": "tree", "from_tree_row": true, "tree_height": 4.7, "height_source": "VISUAL_ESTIMATE", "genus": null, "species": null, "source": "OPENSTREETMAP"}, "geometry": {"type": "Point", "coordinates": [73.888286734793, 18.525291410085305]}}, {"type": "Feature", "properties": {"osmId": "row_1528677679_28", "id": "osm_tree_row_1528677679_28", "natural": "tree", "from_tree_row": true, "tree_height": 5.050000000000001, "height_source": "VISUAL_ESTIMATE", "genus": null, "species": null, "source": "OPENSTREETMAP"}, "geometry": {"type": "Point", "coordinates": [73.88830349176634, 18.525220829071753]}}, {"type": "Feature", "properties": {"osmId": "row_1528677679_29", "id": "osm_tree_row_1528677679_29", "natural": "tree", "from_tree_row": true, "tree_height": 5.4, "height_source": "VISUAL_ESTIMATE", "genus": null, "species": null, "source": "OPENSTREETMAP"}, "geometry": {"type": "Point", "coordinates": [73.88832024873967, 18.5251502480582]}}, {"type": "Feature", "properties": {"osmId": "row_1528677679_30", "id": "osm_tree_row_1528677679_30", "natural": "tree", "from_tree_row": true, "tree_height": 5.75, "height_source": "VISUAL_ESTIMATE", "genus": null, "species": null, "source": "OPENSTREETMAP"}, "geometry": {"type": "Point", "coordinates": [73.88833618530097, 18.52507952078725]}}, {"type": "Feature", "properties": {"osmId": "row_1528677679_31", "id": "osm_tree_row_1528677679_31", "natural": "tree", "from_tree_row": true, "tree_height": 6.1, "height_source": "VISUAL_ESTIMATE", "genus": null, "species": null, "source": "OPENSTREETMAP"}, "geometry": {"type": "Point", "coordinates": [73.88834722770137, 18.525007921019064]}}, {"type": "Feature", "properties": {"osmId": "row_1528677679_32", "id": "osm_tree_row_1528677679_32", "natural": "tree", "from_tree_row": true, "tree_height": 6.45, "height_source": "VISUAL_ESTIMATE", "genus": null, "species": null, "source": "OPENSTREETMAP"}, "geometry": {"type": "Point", "coordinates": [73.8883503, 18.524988]}}, {"type": "Feature", "properties": {"osmId": "row_1528677680_0", "id": "osm_tree_row_1528677680_0", "natural": "tree", "from_tree_row": true, "tree_height": 7.5, "height_source": "VISUAL_ESTIMATE", "genus": null, "species": null, "source": "OPENSTREETMAP"}, "geometry": {"type": "Point", "coordinates": [73.8877883, 18.5264368]}}, {"type": "Feature", "properties": {"osmId": "row_1528677680_1", "id": "osm_tree_row_1528677680_1", "natural": "tree", "from_tree_row": true, "tree_height": 7.85, "height_source": "VISUAL_ESTIMATE", "genus": null, "species": null, "source": "OPENSTREETMAP"}, "geometry": {"type": "Point", "coordinates": [73.88778914270763, 18.526364432481532]}}, {"type": "Feature", "properties": {"osmId": "row_1528677680_2", "id": "osm_tree_row_1528677680_2", "natural": "tree", "from_tree_row": true, "tree_height": 8.2, "height_source": "VISUAL_ESTIMATE", "genus": null, "species": null, "source": "OPENSTREETMAP"}, "geometry": {"type": "Point", "coordinates": [73.88778998541528, 18.52629206496307]}}, {"type": "Feature", "properties": {"osmId": "row_1528677680_3", "id": "osm_tree_row_1528677680_3", "natural": "tree", "from_tree_row": true, "tree_height": 8.55, "height_source": "VISUAL_ESTIMATE", "genus": null, "species": null, "source": "OPENSTREETMAP"}, "geometry": {"type": "Point", "coordinates": [73.88779082812292, 18.526219697444603]}}, {"type": "Feature", "properties": {"osmId": "row_1528677680_4", "id": "osm_tree_row_1528677680_4", "natural": "tree", "from_tree_row": true, "tree_height": 8.9, "height_source": "VISUAL_ESTIMATE", "genus": null, "species": null, "source": "OPENSTREETMAP"}, "geometry": {"type": "Point", "coordinates": [73.88779167083055, 18.526147329926136]}}, {"type": "Feature", "properties": {"osmId": "row_1528677680_5", "id": "osm_tree_row_1528677680_5", "natural": "tree", "from_tree_row": true, "tree_height": 9.25, "height_source": "VISUAL_ESTIMATE", "genus": null, "species": null, "source": "OPENSTREETMAP"}, "geometry": {"type": "Point", "coordinates": [73.88779251353819, 18.526074962407673]}}, {"type": "Feature", "properties": {"osmId": "row_1528677680_6", "id": "osm_tree_row_1528677680_6", "natural": "tree", "from_tree_row": true, "tree_height": 9.6, "height_source": "VISUAL_ESTIMATE", "genus": null, "species": null, "source": "OPENSTREETMAP"}, "geometry": {"type": "Point", "coordinates": [73.88779335624584, 18.526002594889206]}}, {"type": "Feature", "properties": {"osmId": "row_1528677680_7", "id": "osm_tree_row_1528677680_7", "natural": "tree", "from_tree_row": true, "tree_height": 9.95, "height_source": "VISUAL_ESTIMATE", "genus": null, "species": null, "source": "OPENSTREETMAP"}, "geometry": {"type": "Point", "coordinates": [73.88779419895347, 18.525930227370743]}}, {"type": "Feature", "properties": {"osmId": "row_1528677680_8", "id": "osm_tree_row_1528677680_8", "natural": "tree", "from_tree_row": true, "tree_height": 10.3, "height_source": "VISUAL_ESTIMATE", "genus": null, "species": null, "source": "OPENSTREETMAP"}, "geometry": {"type": "Point", "coordinates": [73.88779425964056, 18.525857861051605]}}, {"type": "Feature", "properties": {"osmId": "row_1528677680_9", "id": "osm_tree_row_1528677680_9", "natural": "tree", "from_tree_row": true, "tree_height": 4.7, "height_source": "VISUAL_ESTIMATE", "genus": null, "species": null, "source": "OPENSTREETMAP"}, "geometry": {"type": "Point", "coordinates": [73.88779317349331, 18.525785496491288]}}, {"type": "Feature", "properties": {"osmId": "row_1528677680_10", "id": "osm_tree_row_1528677680_10", "natural": "tree", "from_tree_row": true, "tree_height": 5.050000000000001, "height_source": "VISUAL_ESTIMATE", "genus": null, "species": null, "source": "OPENSTREETMAP"}, "geometry": {"type": "Point", "coordinates": [73.88779208734606, 18.525713131930967]}}, {"type": "Feature", "properties": {"osmId": "row_1528677680_11", "id": "osm_tree_row_1528677680_11", "natural": "tree", "from_tree_row": true, "tree_height": 5.4, "height_source": "VISUAL_ESTIMATE", "genus": null, "species": null, "source": "OPENSTREETMAP"}, "geometry": {"type": "Point", "coordinates": [73.8877910011988, 18.52564076737065]}}, {"type": "Feature", "properties": {"osmId": "row_1528677680_12", "id": "osm_tree_row_1528677680_12", "natural": "tree", "from_tree_row": true, "tree_height": 5.75, "height_source": "VISUAL_ESTIMATE", "genus": null, "species": null, "source": "OPENSTREETMAP"}, "geometry": {"type": "Point", "coordinates": [73.88778991505157, 18.525568402810332]}}, {"type": "Feature", "properties": {"osmId": "row_1528677680_13", "id": "osm_tree_row_1528677680_13", "natural": "tree", "from_tree_row": true, "tree_height": 6.1, "height_source": "VISUAL_ESTIMATE", "genus": null, "species": null, "source": "OPENSTREETMAP"}, "geometry": {"type": "Point", "coordinates": [73.88778928076685, 18.525496037219817]}}, {"type": "Feature", "properties": {"osmId": "row_1528677680_14", "id": "osm_tree_row_1528677680_14", "natural": "tree", "from_tree_row": true, "tree_height": 6.45, "height_source": "VISUAL_ESTIMATE", "genus": null, "species": null, "source": "OPENSTREETMAP"}, "geometry": {"type": "Point", "coordinates": [73.88779000501084, 18.52542366853201]}}, {"type": "Feature", "properties": {"osmId": "row_1528677680_15", "id": "osm_tree_row_1528677680_15", "natural": "tree", "from_tree_row": true, "tree_height": 6.8, "height_source": "VISUAL_ESTIMATE", "genus": null, "species": null, "source": "OPENSTREETMAP"}, "geometry": {"type": "Point", "coordinates": [73.887799927263, 18.525352581056936]}}, {"type": "Feature", "properties": {"osmId": "row_1528677680_16", "id": "osm_tree_row_1528677680_16", "natural": "tree", "from_tree_row": true, "tree_height": 7.15, "height_source": "VISUAL_ESTIMATE", "genus": null, "species": null, "source": "OPENSTREETMAP"}, "geometry": {"type": "Point", "coordinates": [73.88782088386657, 18.52528303058326]}}, {"type": "Feature", "properties": {"osmId": "row_1528677680_17", "id": "osm_tree_row_1528677680_17", "natural": "tree", "from_tree_row": true, "tree_height": 7.5, "height_source": "VISUAL_ESTIMATE", "genus": null, "species": null, "source": "OPENSTREETMAP"}, "geometry": {"type": "Point", "coordinates": [73.88784184047012, 18.52521348010959]}}, {"type": "Feature", "properties": {"osmId": "row_1528677680_18", "id": "osm_tree_row_1528677680_18", "natural": "tree", "from_tree_row": true, "tree_height": 7.85, "height_source": "VISUAL_ESTIMATE", "genus": null, "species": null, "source": "OPENSTREETMAP"}, "geometry": {"type": "Point", "coordinates": [73.88785458984587, 18.525142168316272]}}, {"type": "Feature", "properties": {"osmId": "row_1528677680_19", "id": "osm_tree_row_1528677680_19", "natural": "tree", "from_tree_row": true, "tree_height": 8.2, "height_source": "VISUAL_ESTIMATE", "genus": null, "species": null, "source": "OPENSTREETMAP"}, "geometry": {"type": "Point", "coordinates": [73.88786681441023, 18.525070743895327]}}, {"type": "Feature", "properties": {"osmId": "row_1528677680_20", "id": "osm_tree_row_1528677680_20", "natural": "tree", "from_tree_row": true, "tree_height": 8.55, "height_source": "VISUAL_ESTIMATE", "genus": null, "species": null, "source": "OPENSTREETMAP"}, "geometry": {"type": "Point", "coordinates": [73.88787290175243, 18.524998683575692]}}, {"type": "Feature", "properties": {"osmId": "row_1528677680_21", "id": "osm_tree_row_1528677680_21", "natural": "tree", "from_tree_row": true, "tree_height": 8.9, "height_source": "VISUAL_ESTIMATE", "genus": null, "species": null, "source": "OPENSTREETMAP"}, "geometry": {"type": "Point", "coordinates": [73.88787700584125, 18.524926417764355]}}, {"type": "Feature", "properties": {"osmId": "row_1528677680_22", "id": "osm_tree_row_1528677680_22", "natural": "tree", "from_tree_row": true, "tree_height": 9.25, "height_source": "VISUAL_ESTIMATE", "genus": null, "species": null, "source": "OPENSTREETMAP"}, "geometry": {"type": "Point", "coordinates": [73.88788237472076, 18.52485424332016]}}, {"type": "Feature", "properties": {"osmId": "row_1528677680_23", "id": "osm_tree_row_1528677680_23", "natural": "tree", "from_tree_row": true, "tree_height": 9.6, "height_source": "VISUAL_ESTIMATE", "genus": null, "species": null, "source": "OPENSTREETMAP"}, "geometry": {"type": "Point", "coordinates": [73.88788970305728, 18.52478221042507]}}, {"type": "Feature", "properties": {"osmId": "row_1528677680_24", "id": "osm_tree_row_1528677680_24", "natural": "tree", "from_tree_row": true, "tree_height": 9.95, "height_source": "VISUAL_ESTIMATE", "genus": null, "species": null, "source": "OPENSTREETMAP"}, "geometry": {"type": "Point", "coordinates": [73.8878970313938, 18.524710177529983]}}, {"type": "Feature", "properties": {"osmId": "row_1528677680_25", "id": "osm_tree_row_1528677680_25", "natural": "tree", "from_tree_row": true, "tree_height": 10.3, "height_source": "VISUAL_ESTIMATE", "genus": null, "species": null, "source": "OPENSTREETMAP"}, "geometry": {"type": "Point", "coordinates": [73.88790435973033, 18.524638144634896]}}, {"type": "Feature", "properties": {"osmId": "row_1528677680_26", "id": "osm_tree_row_1528677680_26", "natural": "tree", "from_tree_row": true, "tree_height": 4.7, "height_source": "VISUAL_ESTIMATE", "genus": null, "species": null, "source": "OPENSTREETMAP"}, "geometry": {"type": "Point", "coordinates": [73.88788453242721, 18.524568529732733]}}, {"type": "Feature", "properties": {"osmId": "row_1528677680_27", "id": "osm_tree_row_1528677680_27", "natural": "tree", "from_tree_row": true, "tree_height": 5.050000000000001, "height_source": "VISUAL_ESTIMATE", "genus": null, "species": null, "source": "OPENSTREETMAP"}, "geometry": {"type": "Point", "coordinates": [73.88786338283552, 18.524499032569814]}}, {"type": "Feature", "properties": {"osmId": "row_1528677680_28", "id": "osm_tree_row_1528677680_28", "natural": "tree", "from_tree_row": true, "tree_height": 5.4, "height_source": "VISUAL_ESTIMATE", "genus": null, "species": null, "source": "OPENSTREETMAP"}, "geometry": {"type": "Point", "coordinates": [73.8878512, 18.524459]}}, {"type": "Feature", "properties": {"osmId": "row_1528677681_0", "id": "osm_tree_row_1528677681_0", "natural": "tree", "from_tree_row": true, "tree_height": 7.85, "height_source": "VISUAL_ESTIMATE", "genus": null, "species": null, "source": "OPENSTREETMAP"}, "geometry": {"type": "Point", "coordinates": [73.8872909, 18.5309711]}}, {"type": "Feature", "properties": {"osmId": "row_1528677681_1", "id": "osm_tree_row_1528677681_1", "natural": "tree", "from_tree_row": true, "tree_height": 8.2, "height_source": "VISUAL_ESTIMATE", "genus": null, "species": null, "source": "OPENSTREETMAP"}, "geometry": {"type": "Point", "coordinates": [73.88729721683549, 18.530898979786745]}}, {"type": "Feature", "properties": {"osmId": "row_1528677681_2", "id": "osm_tree_row_1528677681_2", "natural": "tree", "from_tree_row": true, "tree_height": 8.55, "height_source": "VISUAL_ESTIMATE", "genus": null, "species": null, "source": "OPENSTREETMAP"}, "geometry": {"type": "Point", "coordinates": [73.88730353367099, 18.53082685957349]}}, {"type": "Feature", "properties": {"osmId": "row_1528677681_3", "id": "osm_tree_row_1528677681_3", "natural": "tree", "from_tree_row": true, "tree_height": 8.9, "height_source": "VISUAL_ESTIMATE", "genus": null, "species": null, "source": "OPENSTREETMAP"}, "geometry": {"type": "Point", "coordinates": [73.88730985050648, 18.530754739360237]}}, {"type": "Feature", "properties": {"osmId": "row_1528677681_4", "id": "osm_tree_row_1528677681_4", "natural": "tree", "from_tree_row": true, "tree_height": 9.25, "height_source": "VISUAL_ESTIMATE", "genus": null, "species": null, "source": "OPENSTREETMAP"}, "geometry": {"type": "Point", "coordinates": [73.88731616734198, 18.530682619146983]}}, {"type": "Feature", "properties": {"osmId": "row_1528677681_5", "id": "osm_tree_row_1528677681_5", "natural": "tree", "from_tree_row": true, "tree_height": 9.6, "height_source": "VISUAL_ESTIMATE", "genus": null, "species": null, "source": "OPENSTREETMAP"}, "geometry": {"type": "Point", "coordinates": [73.88732248417747, 18.53061049893373]}}, {"type": "Feature", "properties": {"osmId": "row_1528677681_6", "id": "osm_tree_row_1528677681_6", "natural": "tree", "from_tree_row": true, "tree_height": 9.95, "height_source": "VISUAL_ESTIMATE", "genus": null, "species": null, "source": "OPENSTREETMAP"}, "geometry": {"type": "Point", "coordinates": [73.88733348952735, 18.53053906274272]}}, {"type": "Feature", "properties": {"osmId": "row_1528677681_7", "id": "osm_tree_row_1528677681_7", "natural": "tree", "from_tree_row": true, "tree_height": 10.3, "height_source": "VISUAL_ESTIMATE", "genus": null, "species": null, "source": "OPENSTREETMAP"}, "geometry": {"type": "Point", "coordinates": [73.8873500154086, 18.530468431959548]}}, {"type": "Feature", "properties": {"osmId": "row_1528677681_8", "id": "osm_tree_row_1528677681_8", "natural": "tree", "from_tree_row": true, "tree_height": 4.7, "height_source": "VISUAL_ESTIMATE", "genus": null, "species": null, "source": "OPENSTREETMAP"}, "geometry": {"type": "Point", "coordinates": [73.88736654128984, 18.530397801176374]}}, {"type": "Feature", "properties": {"osmId": "row_1528677681_9", "id": "osm_tree_row_1528677681_9", "natural": "tree", "from_tree_row": true, "tree_height": 5.050000000000001, "height_source": "VISUAL_ESTIMATE", "genus": null, "species": null, "source": "OPENSTREETMAP"}, "geometry": {"type": "Point", "coordinates": [73.88738306717107, 18.530327170393203]}}, {"type": "Feature", "properties": {"osmId": "row_1528677681_10", "id": "osm_tree_row_1528677681_10", "natural": "tree", "from_tree_row": true, "tree_height": 5.4, "height_source": "VISUAL_ESTIMATE", "genus": null, "species": null, "source": "OPENSTREETMAP"}, "geometry": {"type": "Point", "coordinates": [73.88739198098715, 18.530255362651655]}}, {"type": "Feature", "properties": {"osmId": "row_1528677681_11", "id": "osm_tree_row_1528677681_11", "natural": "tree", "from_tree_row": true, "tree_height": 5.75, "height_source": "VISUAL_ESTIMATE", "genus": null, "species": null, "source": "OPENSTREETMAP"}, "geometry": {"type": "Point", "coordinates": [73.88739964365263, 18.53018336146035]}}, {"type": "Feature", "properties": {"osmId": "row_1528677681_12", "id": "osm_tree_row_1528677681_12", "natural": "tree", "from_tree_row": true, "tree_height": 6.1, "height_source": "VISUAL_ESTIMATE", "genus": null, "species": null, "source": "OPENSTREETMAP"}, "geometry": {"type": "Point", "coordinates": [73.88740730631811, 18.530111360269043]}}, {"type": "Feature", "properties": {"osmId": "row_1528677681_13", "id": "osm_tree_row_1528677681_13", "natural": "tree", "from_tree_row": true, "tree_height": 6.45, "height_source": "VISUAL_ESTIMATE", "genus": null, "species": null, "source": "OPENSTREETMAP"}, "geometry": {"type": "Point", "coordinates": [73.88741344113494, 18.530039265790922]}}, {"type": "Feature", "properties": {"osmId": "row_1528677681_14", "id": "osm_tree_row_1528677681_14", "natural": "tree", "from_tree_row": true, "tree_height": 6.8, "height_source": "VISUAL_ESTIMATE", "genus": null, "species": null, "source": "OPENSTREETMAP"}, "geometry": {"type": "Point", "coordinates": [73.88741544527649, 18.529966919103565]}}, {"type": "Feature", "properties": {"osmId": "row_1528677681_15", "id": "osm_tree_row_1528677681_15", "natural": "tree", "from_tree_row": true, "tree_height": 7.15, "height_source": "VISUAL_ESTIMATE", "genus": null, "species": null, "source": "OPENSTREETMAP"}, "geometry": {"type": "Point", "coordinates": [73.88741744941805, 18.529894572416207]}}, {"type": "Feature", "properties": {"osmId": "row_1528677681_16", "id": "osm_tree_row_1528677681_16", "natural": "tree", "from_tree_row": true, "tree_height": 7.5, "height_source": "VISUAL_ESTIMATE", "genus": null, "species": null, "source": "OPENSTREETMAP"}, "geometry": {"type": "Point", "coordinates": [73.8874194535596, 18.52982222572885]}}, {"type": "Feature", "properties": {"osmId": "row_1528677681_17", "id": "osm_tree_row_1528677681_17", "natural": "tree", "from_tree_row": true, "tree_height": 7.85, "height_source": "VISUAL_ESTIMATE", "genus": null, "species": null, "source": "OPENSTREETMAP"}, "geometry": {"type": "Point", "coordinates": [73.88742818568598, 18.529750444153276]}}, {"type": "Feature", "properties": {"osmId": "row_1528677681_18", "id": "osm_tree_row_1528677681_18", "natural": "tree", "from_tree_row": true, "tree_height": 8.2, "height_source": "VISUAL_ESTIMATE", "genus": null, "species": null, "source": "OPENSTREETMAP"}, "geometry": {"type": "Point", "coordinates": [73.88743943989495, 18.529678874418043]}}, {"type": "Feature", "properties": {"osmId": "row_1528677681_19", "id": "osm_tree_row_1528677681_19", "natural": "tree", "from_tree_row": true, "tree_height": 8.55, "height_source": "VISUAL_ESTIMATE", "genus": null, "species": null, "source": "OPENSTREETMAP"}, "geometry": {"type": "Point", "coordinates": [73.88745069410393, 18.52960730468281]}}, {"type": "Feature", "properties": {"osmId": "row_1528677681_20", "id": "osm_tree_row_1528677681_20", "natural": "tree", "from_tree_row": true, "tree_height": 8.9, "height_source": "VISUAL_ESTIMATE", "genus": null, "species": null, "source": "OPENSTREETMAP"}, "geometry": {"type": "Point", "coordinates": [73.8874619483129, 18.52953573494758]}}, {"type": "Feature", "properties": {"osmId": "row_1528677681_21", "id": "osm_tree_row_1528677681_21", "natural": "tree", "from_tree_row": true, "tree_height": 9.25, "height_source": "VISUAL_ESTIMATE", "genus": null, "species": null, "source": "OPENSTREETMAP"}, "geometry": {"type": "Point", "coordinates": [73.88747282934501, 18.52946411678781]}}, {"type": "Feature", "properties": {"osmId": "row_1528677681_22", "id": "osm_tree_row_1528677681_22", "natural": "tree", "from_tree_row": true, "tree_height": 9.6, "height_source": "VISUAL_ESTIMATE", "genus": null, "species": null, "source": "OPENSTREETMAP"}, "geometry": {"type": "Point", "coordinates": [73.88748198629331, 18.52939227490583]}}, {"type": "Feature", "properties": {"osmId": "row_1528677681_23", "id": "osm_tree_row_1528677681_23", "natural": "tree", "from_tree_row": true, "tree_height": 9.95, "height_source": "VISUAL_ESTIMATE", "genus": null, "species": null, "source": "OPENSTREETMAP"}, "geometry": {"type": "Point", "coordinates": [73.88749114324159, 18.529320433023848]}}, {"type": "Feature", "properties": {"osmId": "row_1528677681_24", "id": "osm_tree_row_1528677681_24", "natural": "tree", "from_tree_row": true, "tree_height": 10.3, "height_source": "VISUAL_ESTIMATE", "genus": null, "species": null, "source": "OPENSTREETMAP"}, "geometry": {"type": "Point", "coordinates": [73.88750160595427, 18.52924891939242]}}, {"type": "Feature", "properties": {"osmId": "row_1528677681_25", "id": "osm_tree_row_1528677681_25", "natural": "tree", "from_tree_row": true, "tree_height": 4.7, "height_source": "VISUAL_ESTIMATE", "genus": null, "species": null, "source": "OPENSTREETMAP"}, "geometry": {"type": "Point", "coordinates": [73.88753068462628, 18.529182085547784]}}, {"type": "Feature", "properties": {"osmId": "row_1528677681_26", "id": "osm_tree_row_1528677681_26", "natural": "tree", "from_tree_row": true, "tree_height": 5.050000000000001, "height_source": "VISUAL_ESTIMATE", "genus": null, "species": null, "source": "OPENSTREETMAP"}, "geometry": {"type": "Point", "coordinates": [73.8875597632983, 18.52911525170315]}}, {"type": "Feature", "properties": {"osmId": "row_1528677681_27", "id": "osm_tree_row_1528677681_27", "natural": "tree", "from_tree_row": true, "tree_height": 5.4, "height_source": "VISUAL_ESTIMATE", "genus": null, "species": null, "source": "OPENSTREETMAP"}, "geometry": {"type": "Point", "coordinates": [73.88758884197031, 18.529048417858515]}}, {"type": "Feature", "properties": {"osmId": "row_1528677681_28", "id": "osm_tree_row_1528677681_28", "natural": "tree", "from_tree_row": true, "tree_height": 5.75, "height_source": "VISUAL_ESTIMATE", "genus": null, "species": null, "source": "OPENSTREETMAP"}, "geometry": {"type": "Point", "coordinates": [73.88761803592234, 18.52898163317921]}}, {"type": "Feature", "properties": {"osmId": "row_1528677681_29", "id": "osm_tree_row_1528677681_29", "natural": "tree", "from_tree_row": true, "tree_height": 6.1, "height_source": "VISUAL_ESTIMATE", "genus": null, "species": null, "source": "OPENSTREETMAP"}, "geometry": {"type": "Point", "coordinates": [73.8876507557363, 18.528916352231253]}}, {"type": "Feature", "properties": {"osmId": "row_1528677681_30", "id": "osm_tree_row_1528677681_30", "natural": "tree", "from_tree_row": true, "tree_height": 6.45, "height_source": "VISUAL_ESTIMATE", "genus": null, "species": null, "source": "OPENSTREETMAP"}, "geometry": {"type": "Point", "coordinates": [73.88768347555028, 18.5288510712833]}}, {"type": "Feature", "properties": {"osmId": "row_1528677681_31", "id": "osm_tree_row_1528677681_31", "natural": "tree", "from_tree_row": true, "tree_height": 6.8, "height_source": "VISUAL_ESTIMATE", "genus": null, "species": null, "source": "OPENSTREETMAP"}, "geometry": {"type": "Point", "coordinates": [73.88771619536425, 18.52878579033534]}}, {"type": "Feature", "properties": {"osmId": "row_1528677681_32", "id": "osm_tree_row_1528677681_32", "natural": "tree", "from_tree_row": true, "tree_height": 7.15, "height_source": "VISUAL_ESTIMATE", "genus": null, "species": null, "source": "OPENSTREETMAP"}, "geometry": {"type": "Point", "coordinates": [73.88774908800974, 18.52872058868199]}}, {"type": "Feature", "properties": {"osmId": "row_1528677681_33", "id": "osm_tree_row_1528677681_33", "natural": "tree", "from_tree_row": true, "tree_height": 7.5, "height_source": "VISUAL_ESTIMATE", "genus": null, "species": null, "source": "OPENSTREETMAP"}, "geometry": {"type": "Point", "coordinates": [73.88778200407499, 18.528655397773544]}}, {"type": "Feature", "properties": {"osmId": "row_1528677681_34", "id": "osm_tree_row_1528677681_34", "natural": "tree", "from_tree_row": true, "tree_height": 7.85, "height_source": "VISUAL_ESTIMATE", "genus": null, "species": null, "source": "OPENSTREETMAP"}, "geometry": {"type": "Point", "coordinates": [73.88781492014024, 18.5285902068651]}}, {"type": "Feature", "properties": {"osmId": "row_1528677681_35", "id": "osm_tree_row_1528677681_35", "natural": "tree", "from_tree_row": true, "tree_height": 8.2, "height_source": "VISUAL_ESTIMATE", "genus": null, "species": null, "source": "OPENSTREETMAP"}, "geometry": {"type": "Point", "coordinates": [73.88784783620548, 18.528525015956657]}}, {"type": "Feature", "properties": {"osmId": "row_1528677681_36", "id": "osm_tree_row_1528677681_36", "natural": "tree", "from_tree_row": true, "tree_height": 8.55, "height_source": "VISUAL_ESTIMATE", "genus": null, "species": null, "source": "OPENSTREETMAP"}, "geometry": {"type": "Point", "coordinates": [73.88788075227073, 18.528459825048213]}}, {"type": "Feature", "properties": {"osmId": "row_1528677681_37", "id": "osm_tree_row_1528677681_37", "natural": "tree", "from_tree_row": true, "tree_height": 8.9, "height_source": "VISUAL_ESTIMATE", "genus": null, "species": null, "source": "OPENSTREETMAP"}, "geometry": {"type": "Point", "coordinates": [73.88791250669343, 18.528394141778513]}}, {"type": "Feature", "properties": {"osmId": "row_1528677681_38", "id": "osm_tree_row_1528677681_38", "natural": "tree", "from_tree_row": true, "tree_height": 9.25, "height_source": "VISUAL_ESTIMATE", "genus": null, "species": null, "source": "OPENSTREETMAP"}, "geometry": {"type": "Point", "coordinates": [73.887941061988, 18.528327102560972]}}, {"type": "Feature", "properties": {"osmId": "row_1528677681_39", "id": "osm_tree_row_1528677681_39", "natural": "tree", "from_tree_row": true, "tree_height": 9.6, "height_source": "VISUAL_ESTIMATE", "genus": null, "species": null, "source": "OPENSTREETMAP"}, "geometry": {"type": "Point", "coordinates": [73.88796961728258, 18.52826006334343]}}, {"type": "Feature", "properties": {"osmId": "row_1528677681_40", "id": "osm_tree_row_1528677681_40", "natural": "tree", "from_tree_row": true, "tree_height": 9.95, "height_source": "VISUAL_ESTIMATE", "genus": null, "species": null, "source": "OPENSTREETMAP"}, "geometry": {"type": "Point", "coordinates": [73.88799817257716, 18.52819302412589]}}, {"type": "Feature", "properties": {"osmId": "row_1528677681_41", "id": "osm_tree_row_1528677681_41", "natural": "tree", "from_tree_row": true, "tree_height": 10.3, "height_source": "VISUAL_ESTIMATE", "genus": null, "species": null, "source": "OPENSTREETMAP"}, "geometry": {"type": "Point", "coordinates": [73.88802672787175, 18.528125984908346]}}, {"type": "Feature", "properties": {"osmId": "row_1528677681_42", "id": "osm_tree_row_1528677681_42", "natural": "tree", "from_tree_row": true, "tree_height": 4.7, "height_source": "VISUAL_ESTIMATE", "genus": null, "species": null, "source": "OPENSTREETMAP"}, "geometry": {"type": "Point", "coordinates": [73.88805528316632, 18.528058945690805]}}, {"type": "Feature", "properties": {"osmId": "row_1528677681_43", "id": "osm_tree_row_1528677681_43", "natural": "tree", "from_tree_row": true, "tree_height": 5.050000000000001, "height_source": "VISUAL_ESTIMATE", "genus": null, "species": null, "source": "OPENSTREETMAP"}, "geometry": {"type": "Point", "coordinates": [73.8880838384609, 18.527991906473265]}}, {"type": "Feature", "properties": {"osmId": "row_1528677681_44", "id": "osm_tree_row_1528677681_44", "natural": "tree", "from_tree_row": true, "tree_height": 5.4, "height_source": "VISUAL_ESTIMATE", "genus": null, "species": null, "source": "OPENSTREETMAP"}, "geometry": {"type": "Point", "coordinates": [73.8881091, 18.5279326]}}, {"type": "Feature", "properties": {"osmId": "row_359916415_0", "id": "osm_tree_row_359916415_0", "natural": "tree", "from_tree_row": true, "tree_height": 9.6, "height_source": "VISUAL_ESTIMATE", "genus": null, "species": null, "source": "OPENSTREETMAP"}, "geometry": {"type": "Point", "coordinates": [73.886136, 18.5368531]}}, {"type": "Feature", "properties": {"osmId": "row_359916415_1", "id": "osm_tree_row_359916415_1", "natural": "tree", "from_tree_row": true, "tree_height": 9.95, "height_source": "VISUAL_ESTIMATE", "genus": null, "species": null, "source": "OPENSTREETMAP"}, "geometry": {"type": "Point", "coordinates": [73.88614850717968, 18.53691816491664]}}, {"type": "Feature", "properties": {"osmId": "row_359916415_2", "id": "osm_tree_row_359916415_2", "natural": "tree", "from_tree_row": true, "tree_height": 10.3, "height_source": "VISUAL_ESTIMATE", "genus": null, "species": null, "source": "OPENSTREETMAP"}, "geometry": {"type": "Point", "coordinates": [73.88621740564365, 18.536916689972013]}}, {"type": "Feature", "properties": {"osmId": "row_359916415_3", "id": "osm_tree_row_359916415_3", "natural": "tree", "from_tree_row": true, "tree_height": 4.7, "height_source": "VISUAL_ESTIMATE", "genus": null, "species": null, "source": "OPENSTREETMAP"}, "geometry": {"type": "Point", "coordinates": [73.88622598877834, 18.53685114845024]}}, {"type": "Feature", "properties": {"osmId": "row_359916415_4", "id": "osm_tree_row_359916415_4", "natural": "tree", "from_tree_row": true, "tree_height": 5.050000000000001, "height_source": "VISUAL_ESTIMATE", "genus": null, "species": null, "source": "OPENSTREETMAP"}, "geometry": {"type": "Point", "coordinates": [73.88615920671685, 18.536834373872548]}}, {"type": "Feature", "properties": {"osmId": "row_359916415_5", "id": "osm_tree_row_359916415_5", "natural": "tree", "from_tree_row": true, "tree_height": 5.4, "height_source": "VISUAL_ESTIMATE", "genus": null, "species": null, "source": "OPENSTREETMAP"}, "geometry": {"type": "Point", "coordinates": [73.886136, 18.5368531]}}]}