{"type": "FeatureCollection", "name": "Mula-Mutha Vegetation Extent", "features": [{"type": "Feature", "properties": {"layer": "vegetation_extent", "class": "Non-Vegetation", "class_label": "Non-Vegetation", "name": "Non-Vegetation 1", "description": "Mula-Mutha Vegetation Type - Study Area", "color": "#A9A9A9", "source": "vegetation_type_study_area.kml"}, "geometry": {"type": "Polygon", "coordinates": [[[72.84986611248513, 19.04724846377145], [72.84986611248513, 19.047338295299863], [72.84995594401354, 19.047338295299863], [72.84995594401354, 19.04724846377145], [72.85004577554196, 19.04724846377145], [72.85004577554196, 19.047338295299863], [72.85013560707037, 19.047338295299863], [72.85013560707037, 19.047158632243036], [72.84977628095672, 19.047158632243036], [72.84977628095672, 19.04724846377145], [72.84986611248513, 19.04724846377145]]]}}, {"type": "Feature", "properties": {"layer": "vegetation_extent", "class": "Non-Vegetation", "class_label": "Non-Vegetation", "name": "Non-Vegetation 2", "description": "Mula-Mutha Vegetation Type - Study Area", "color": "#A9A9A9", "source": "vegetation_type_study_area.kml"}, "geometry": {"type": "Polygon", "coordinates": [[[72.85004577554196, 19.047428126828272], [72.85004577554196, 19.047338295299863], [72.84995594401354, 19.047338295299863], [72.84995594401354, 19.047428126828272], [72.85004577554196, 19.047428126828272]]]}}, {"type": "Feature", "properties": {"layer": "vegetation_extent", "class": "Non-Vegetation", "class_label": "Non-Vegetation", "name": "Non-Vegetation 3", "description": "Mula-Mutha Vegetation Type - Study Area", "color": "#A9A9A9", "source": "vegetation_type_study_area.kml"}, "geometry": {"type": "Polygon", "coordinates": [[[72.85022543859877, 19.047428126828272], [72.85022543859877, 19.047338295299863], [72.85013560707037, 19.047338295299863], [72.85013560707037, 19.047428126828272], [72.85022543859877, 19.047428126828272]]]}}, {"type": "Feature", "properties": {"layer": "vegetation_extent", "class": "Non-Vegetation", "class_label": "Non-Vegetation", "name": "Non-Vegetation 4", "description": "Mula-Mutha Vegetation Type - Study Area", "color": "#A9A9A9", "source": "vegetation_type_study_area.kml"}, "geometry": {"type": "Polygon", "coordinates": [[[72.85067459624084, 19.04787728447033], [72.85076442776925, 19.04787728447033], [72.85076442776925, 19.04778745294192], [72.85067459624084, 19.04778745294192], [72.85067459624084, 19.04787728447033]]]}}, {"type": "Feature", "properties": {"layer": "vegetation_extent", "class": "Non-Vegetation", "class_label": "Non-Vegetation", "name": "Non-Vegetation 5", "description": "Mula-Mutha Vegetation Type - Study Area", "color": "#A9A9A9", "source": "vegetation_type_study_area.kml"}, "geometry": {"type": "Polygon", "coordinates": [[[72.85004577554196, 19.047967115998745], [72.85004577554196, 19.04787728447033], [72.84995594401354, 19.04787728447033], [72.84995594401354, 19.047967115998745], [72.85004577554196, 19.047967115998745]]]}}, {"type": "Feature", "properties": {"layer": "vegetation_extent", "class": "Non-Vegetation", "class_label": "Non-Vegetation", "name": "Non-Vegetation 6", "description": "Mula-Mutha Vegetation Type - Study Area", "color": "#A9A9A9", "source": "vegetation_type_study_area.kml"}, "geometry": {"type": "Polygon", "coordinates": [[[72.85094409082608, 19.048506105169217], [72.85094409082608, 19.048416273640804], [72.85085425929766, 19.048416273640804], [72.85085425929766, 19.048506105169217], [72.85094409082608, 19.048506105169217]]]}}, {"type": "Feature", "properties": {"layer": "vegetation_extent", "class": "Non-Vegetation", "class_label": "Non-Vegetation", "name": "Non-Vegetation 7", "description": "Mula-Mutha Vegetation Type - Study Area", "color": "#A9A9A9", "source": "vegetation_type_study_area.kml"}, "geometry": {"type": "Polygon", "coordinates": [[[72.84654234593388, 19.048865431282863], [72.84645251440547, 19.048865431282863], [72.84645251440547, 19.04904509433969], [72.8466321774623, 19.04904509433969], [72.8466321774623, 19.048955262811276], [72.84654234593388, 19.048955262811276], [72.84654234593388, 19.048865431282863]]]}}, {"type": "Feature", "properties": {"layer": "vegetation_extent", "class": "Non-Vegetation", "class_label": "Non-Vegetation", "name": "Non-Vegetation 8", "description": "Mula-Mutha Vegetation Type - Study Area", "color": "#A9A9A9", "source": "vegetation_type_study_area.kml"}, "geometry": {"type": "Polygon", "coordinates": [[[72.84681184051912, 19.0491349258681], [72.84681184051912, 19.049314588924926], [72.84690167204754, 19.049314588924926], [72.84690167204754, 19.049224757396512], [72.84699150357595, 19.049224757396512], [72.84699150357595, 19.0491349258681], [72.84681184051912, 19.0491349258681]]]}}, {"type": "Feature", "properties": {"layer": "vegetation_extent", "class": "Non-Vegetation", "class_label": "Non-Vegetation", "name": "Non-Vegetation 9", "description": "Mula-Mutha Vegetation Type - Study Area", "color": "#A9A9A9", "source": "vegetation_type_study_area.kml"}, "geometry": {"type": "Polygon", "coordinates": [[[72.8534593736216, 19.049404420453335], [72.8534593736216, 19.049314588924926], [72.85336954209319, 19.049314588924926], [72.85336954209319, 19.0491349258681], [72.85327971056478, 19.0491349258681], [72.85327971056478, 19.048865431282863], [72.8526508898659, 19.048865431282863], [72.8526508898659, 19.0491349258681], [72.85274072139431, 19.0491349258681], [72.85274072139431, 19.049314588924926], [72.85283055292273, 19.049314588924926], [72.85283055292273, 19.049404420453335], [72.85310004750797, 19.049404420453335], [72.85310004750797, 19.049224757396512], [72.85318987903636, 19.049224757396512], [72.85318987903636, 19.049763746566985], [72.85327971056478, 19.049763746566985], [72.85327971056478, 19.049853578095394], [72.8534593736216, 19.049853578095394], [72.8534593736216, 19.049584083510158], [72.85354920515002, 19.049584083510158], [72.85354920515002, 19.049404420453335], [72.8534593736216, 19.049404420453335]]]}}, {"type": "Feature", "properties": {"layer": "vegetation_extent", "class": "Non-Vegetation", "class_label": "Non-Vegetation", "name": "Non-Vegetation 10", "description": "Mula-Mutha Vegetation Type - Study Area", "color": "#A9A9A9", "source": "vegetation_type_study_area.kml"}, "geometry": {"type": "Polygon", "coordinates": [[[72.84016430741664, 19.049763746566985], [72.84016430741664, 19.049584083510158], [72.84007447588823, 19.049584083510158], [72.84007447588823, 19.049763746566985], [72.84016430741664, 19.049763746566985]]]}}, {"type": "Feature", "properties": {"layer": "vegetation_extent", "class": "Non-Vegetation", "class_label": "Non-Vegetation", "name": "Non-Vegetation 11", "description": "Mula-Mutha Vegetation Type - Study Area", "color": "#A9A9A9", "source": "vegetation_type_study_area.kml"}, "geometry": {"type": "Polygon", "coordinates": [[[72.85381869973526, 19.049763746566985], [72.85381869973526, 19.04967391503857], [72.85372886820684, 19.04967391503857], [72.85372886820684, 19.049763746566985], [72.85381869973526, 19.049763746566985]]]}}, {"type": "Feature", "properties": {"layer": "vegetation_extent", "class": "Non-Vegetation", "class_label": "Non-Vegetation", "name": "Non-Vegetation 12", "description": "Mula-Mutha Vegetation Type - Study Area", "color": "#A9A9A9", "source": "vegetation_type_study_area.kml"}, "geometry": {"type": "Polygon", "coordinates": [[[72.85220173222383, 19.050841724907926], [72.85220173222383, 19.05057223032269], [72.85229156375225, 19.05057223032269], [72.85229156375225, 19.05012307268063], [72.85238139528066, 19.05012307268063], [72.85238139528066, 19.049943409623808], [72.85229156375225, 19.049943409623808], [72.85229156375225, 19.049853578095394], [72.85238139528066, 19.049853578095394], [72.85238139528066, 19.049763746566985], [72.85247122680907, 19.049763746566985], [72.85247122680907, 19.04967391503857], [72.85256105833749, 19.04967391503857], [72.85256105833749, 19.04949425198175], [72.85247122680907, 19.04949425198175], [72.85247122680907, 19.049404420453335], [72.85220173222383, 19.049404420453335], [72.85220173222383, 19.049314588924926], [72.85202206916702, 19.049314588924926], [72.85202206916702, 19.049224757396512], [72.85157291152495, 19.049224757396512], [72.85157291152495, 19.0491349258681], [72.85139324846813, 19.0491349258681], [72.85139324846813, 19.049314588924926], [72.85130341693971, 19.049314588924926], [72.85130341693971, 19.049404420453335], [72.8512135854113, 19.049404420453335], [72.8512135854113, 19.04949425198175], [72.8511237538829, 19.04949425198175], [72.8511237538829, 19.049584083510158], [72.85103392235449, 19.049584083510158], [72.85103392235449, 19.04967391503857], [72.85094409082608, 19.04967391503857], [72.85094409082608, 19.049943409623808], [72.85103392235449, 19.049943409623808], [72.85103392235449, 19.050841724907926], [72.8511237538829, 19.050841724907926], [72.8511237538829, 19.051021387964752], [72.8512135854113, 19.051021387964752], [72.8512135854113, 19.051111219493162], [72.85148307999654, 19.051111219493162], [72.85148307999654, 19.051201051021575], [72.85220173222383, 19.051201051021575], [72.85220173222383, 19.051111219493162], [72.85229156375225, 19.051111219493162], [72.85229156375225, 19.050841724907926], [72.85220173222383, 19.050841724907926]]]}}, {"type": "Feature", "properties": {"layer": "vegetation_extent", "class": "Non-Vegetation", "class_label": "Non-Vegetation", "name": "Non-Vegetation 13", "description": "Mula-Mutha Vegetation Type - Study Area", "color": "#A9A9A9", "source": "vegetation_type_study_area.kml"}, "geometry": {"type": "Polygon", "coordinates": [[[72.84357790549629, 19.05093155643634], [72.84357790549629, 19.050841724907926], [72.84348807396788, 19.050841724907926], [72.84348807396788, 19.05093155643634], [72.84357790549629, 19.05093155643634]]]}}, {"type": "Feature", "properties": {"layer": "vegetation_extent", "class": "Non-Vegetation", "class_label": "Non-Vegetation", "name": "Non-Vegetation 14", "description": "Mula-Mutha Vegetation Type - Study Area", "color": "#A9A9A9", "source": "vegetation_type_study_area.kml"}, "geometry": {"type": "Polygon", "coordinates": [[[72.85426785737731, 19.050302735737457], [72.8541780258489, 19.050302735737457], [72.8541780258489, 19.050212904209044], [72.85381869973526, 19.050212904209044], [72.85381869973526, 19.05057223032269], [72.8541780258489, 19.05057223032269], [72.8541780258489, 19.050392567265867], [72.85426785737731, 19.050392567265867], [72.85426785737731, 19.050302735737457]]]}}, {"type": "Feature", "properties": {"layer": "vegetation_extent", "class": "Non-Vegetation", "class_label": "Non-Vegetation", "name": "Non-Vegetation 15", "description": "Mula-Mutha Vegetation Type - Study Area", "color": "#A9A9A9", "source": "vegetation_type_study_area.kml"}, "geometry": {"type": "Polygon", "coordinates": [[[72.8632510102185, 19.05236886089093], [72.8632510102185, 19.052099366305693], [72.86280185257645, 19.052099366305693], [72.86280185257645, 19.052009534777284], [72.86271202104804, 19.052009534777284], [72.86271202104804, 19.052099366305693], [72.86253235799121, 19.052099366305693], [72.86253235799121, 19.05227902936252], [72.8624425264628, 19.05227902936252], [72.8624425264628, 19.05236886089093], [72.86253235799121, 19.05236886089093], [72.86253235799121, 19.052638355476166], [72.86298151563328, 19.052638355476166], [72.86298151563328, 19.052548523947753], [72.86316117869009, 19.052548523947753], [72.86316117869009, 19.05236886089093], [72.8632510102185, 19.05236886089093]]]}}, {"type": "Feature", "properties": {"layer": "vegetation_extent", "class": "Non-Vegetation", "class_label": "Non-Vegetation", "name": "Non-Vegetation 16", "description": "Mula-Mutha Vegetation Type - Study Area", "color": "#A9A9A9", "source": "vegetation_type_study_area.kml"}, "geometry": {"type": "Polygon", "coordinates": [[[72.85588482488873, 19.05272818700458], [72.85588482488873, 19.052548523947753], [72.85579499336032, 19.052548523947753], [72.85579499336032, 19.052458692419343], [72.8557051618319, 19.052458692419343], [72.8557051618319, 19.05236886089093], [72.85552549877508, 19.05236886089093], [72.85552549877508, 19.05227902936252], [72.85543566724667, 19.05227902936252], [72.85543566724667, 19.05236886089093], [72.85507634113303, 19.05236886089093], [72.85507634113303, 19.052458692419343], [72.85498650960461, 19.052458692419343], [72.85498650960461, 19.05272818700458], [72.85534583571825, 19.05272818700458], [72.85534583571825, 19.052638355476166], [72.8557051618319, 19.052638355476166], [72.8557051618319, 19.05272818700458], [72.85588482488873, 19.05272818700458]]]}}, {"type": "Feature", "properties": {"layer": "vegetation_extent", "class": "Non-Vegetation", "class_label": "Non-Vegetation", "name": "Non-Vegetation 17", "description": "Mula-Mutha Vegetation Type - Study Area", "color": "#A9A9A9", "source": "vegetation_type_study_area.kml"}, "geometry": {"type": "Polygon", "coordinates": [[[72.85516617266143, 19.052907850061402], [72.85507634113303, 19.052907850061402], [72.85507634113303, 19.052997681589815], [72.85525600418984, 19.052997681589815], [72.85525600418984, 19.05281801853299], [72.85516617266143, 19.05281801853299], [72.85516617266143, 19.052907850061402]]]}}, {"type": "Feature", "properties": {"layer": "vegetation_extent", "class": "Non-Vegetation", "class_label": "Non-Vegetation", "name": "Non-Vegetation 18", "description": "Mula-Mutha Vegetation Type - Study Area", "color": "#A9A9A9", "source": "vegetation_type_study_area.kml"}, "geometry": {"type": "Polygon", "coordinates": [[[72.86352050480374, 19.05335700770346], [72.86352050480374, 19.052997681589815], [72.86343067327533, 19.052997681589815], [72.86343067327533, 19.05335700770346], [72.86352050480374, 19.05335700770346]]]}}, {"type": "Feature", "properties": {"layer": "vegetation_extent", "class": "Non-Vegetation", "class_label": "Non-Vegetation", "name": "Non-Vegetation 19", "description": "Mula-Mutha Vegetation Type - Study Area", "color": "#A9A9A9", "source": "vegetation_type_study_area.kml"}, "geometry": {"type": "Polygon", "coordinates": [[[72.86118488506503, 19.053536670760288], [72.86118488506503, 19.053446839231874], [72.8609153904798, 19.053446839231874], [72.8609153904798, 19.053626502288697], [72.86100522200822, 19.053626502288697], [72.86100522200822, 19.05371633381711], [72.86109505353663, 19.05371633381711], [72.86109505353663, 19.05380616534552], [72.86118488506503, 19.05380616534552], [72.86118488506503, 19.053626502288697], [72.86127471659344, 19.053626502288697], [72.86127471659344, 19.053536670760288], [72.86118488506503, 19.053536670760288]]]}}, {"type": "Feature", "properties": {"layer": "vegetation_extent", "class": "Non-Vegetation", "class_label": "Non-Vegetation", "name": "Non-Vegetation 20", "description": "Mula-Mutha Vegetation Type - Study Area", "color": "#A9A9A9", "source": "vegetation_type_study_area.kml"}, "geometry": {"type": "Polygon", "coordinates": [[[72.86199336882075, 19.05371633381711], [72.86199336882075, 19.053626502288697], [72.86181370576392, 19.053626502288697], [72.86181370576392, 19.05371633381711], [72.86199336882075, 19.05371633381711]]]}}, {"type": "Feature", "properties": {"layer": "vegetation_extent", "class": "Non-Vegetation", "class_label": "Non-Vegetation", "name": "Non-Vegetation 21", "description": "Mula-Mutha Vegetation Type - Study Area", "color": "#A9A9A9", "source": "vegetation_type_study_area.kml"}, "geometry": {"type": "Polygon", "coordinates": [[[72.86208320034916, 19.05380616534552], [72.86208320034916, 19.05371633381711], [72.86199336882075, 19.05371633381711], [72.86199336882075, 19.05380616534552], [72.86208320034916, 19.05380616534552]]]}}, {"type": "Feature", "properties": {"layer": "vegetation_extent", "class": "Non-Vegetation", "class_label": "Non-Vegetation", "name": "Non-Vegetation 22", "description": "Mula-Mutha Vegetation Type - Study Area", "color": "#A9A9A9", "source": "vegetation_type_study_area.kml"}, "geometry": {"type": "Polygon", "coordinates": [[[72.86064589589456, 19.053895996873933], [72.86064589589456, 19.05380616534552], [72.86055606436615, 19.05380616534552], [72.86055606436615, 19.053895996873933], [72.86064589589456, 19.053895996873933]]]}}, {"type": "Feature", "properties": {"layer": "vegetation_extent", "class": "Non-Vegetation", "class_label": "Non-Vegetation", "name": "Non-Vegetation 23", "description": "Mula-Mutha Vegetation Type - Study Area", "color": "#A9A9A9", "source": "vegetation_type_study_area.kml"}, "geometry": {"type": "Polygon", "coordinates": [[[72.8609153904798, 19.05371633381711], [72.8609153904798, 19.05380616534552], [72.86082555895139, 19.05380616534552], [72.86082555895139, 19.053985828402347], [72.8609153904798, 19.053985828402347], [72.8609153904798, 19.053895996873933], [72.86100522200822, 19.053895996873933], [72.86100522200822, 19.05371633381711], [72.8609153904798, 19.05371633381711]]]}}, {"type": "Feature", "properties": {"layer": "vegetation_extent", "class": "Non-Vegetation", "class_label": "Non-Vegetation", "name": "Non-Vegetation 24", "description": "Mula-Mutha Vegetation Type - Study Area", "color": "#A9A9A9", "source": "vegetation_type_study_area.kml"}, "geometry": {"type": "Polygon", "coordinates": [[[72.86226286340597, 19.05371633381711], [72.86226286340597, 19.05380616534552], [72.86235269493439, 19.05380616534552], [72.86235269493439, 19.053985828402347], [72.8624425264628, 19.053985828402347], [72.8624425264628, 19.05380616534552], [72.86253235799121, 19.05380616534552], [72.86253235799121, 19.05371633381711], [72.86226286340597, 19.05371633381711]]]}}, {"type": "Feature", "properties": {"layer": "vegetation_extent", "class": "Non-Vegetation", "class_label": "Non-Vegetation", "name": "Non-Vegetation 25", "description": "Mula-Mutha Vegetation Type - Study Area", "color": "#A9A9A9", "source": "vegetation_type_study_area.kml"}, "geometry": {"type": "Polygon", "coordinates": [[[72.8564238140592, 19.054075659930756], [72.8564238140592, 19.054255322987583], [72.85651364558761, 19.054255322987583], [72.85651364558761, 19.05416549145917], [72.85669330864444, 19.05416549145917], [72.85669330864444, 19.054075659930756], [72.8564238140592, 19.054075659930756]]]}}, {"type": "Feature", "properties": {"layer": "vegetation_extent", "class": "Non-Vegetation", "class_label": "Non-Vegetation", "name": "Non-Vegetation 26", "description": "Mula-Mutha Vegetation Type - Study Area", "color": "#A9A9A9", "source": "vegetation_type_study_area.kml"}, "geometry": {"type": "Polygon", "coordinates": [[[72.87259348917335, 19.090367597409188], [72.87268332070177, 19.090367597409188], [72.87268332070177, 19.09054726046601], [72.87277315223018, 19.09054726046601], [72.87277315223018, 19.090637091994424], [72.8728629837586, 19.090637091994424], [72.8728629837586, 19.090816755051247], [72.87295281528701, 19.090816755051247], [72.87295281528701, 19.09099641810807], [72.8730426468154, 19.09099641810807], [72.8730426468154, 19.091086249636483], [72.87313247834382, 19.091086249636483], [72.87313247834382, 19.091265912693306], [72.87322230987223, 19.091265912693306], [72.87322230987223, 19.09144557575013], [72.87331214140065, 19.09144557575013], [72.87331214140065, 19.091625238806955], [72.87340197292906, 19.091625238806955], [72.87340197292906, 19.091715070335365], [72.87349180445747, 19.091715070335365], [72.87349180445747, 19.091804901863778], [72.87358163598589, 19.091804901863778], [72.87358163598589, 19.091894733392188], [72.8736714675143, 19.091894733392188], [72.8736714675143, 19.0919845649206], [72.87376129904271, 19.0919845649206], [72.87376129904271, 19.092074396449014], [72.87394096209954, 19.092074396449014], [72.87394096209954, 19.092164227977424], [72.87403079362794, 19.092164227977424], [72.87403079362794, 19.092254059505837], [72.87412062515635, 19.092254059505837], [72.87412062515635, 19.09234389103425], [72.87421045668476, 19.09234389103425], [72.87421045668476, 19.09243372256266], [72.87430028821318, 19.09243372256266], [72.87430028821318, 19.092523554091073], [72.87439011974159, 19.092523554091073], [72.87439011974159, 19.092613385619487], [72.87447995127, 19.092613385619487], [72.87447995127, 19.092703217147896], [72.87456978279842, 19.092703217147896], [72.87456978279842, 19.09279304867631], [72.87465961432683, 19.09279304867631], [72.87465961432683, 19.09288288020472], [72.87474944585524, 19.09288288020472], [72.87474944585524, 19.092972711733132], [72.87492910891207, 19.092972711733132], [72.87492910891207, 19.093062543261546], [72.87510877196888, 19.093062543261546], [72.87510877196888, 19.093152374789955], [72.87528843502571, 19.093152374789955], [72.87528843502571, 19.09324220631837], [72.87546809808254, 19.09324220631837], [72.87546809808254, 19.093332037846782], [72.87564776113936, 19.093332037846782], [72.87564776113936, 19.09342186937519], [72.87582742419619, 19.09342186937519], [72.87582742419619, 19.093511700903605], [72.876007087253, 19.093511700903605], [72.876007087253, 19.093601532432018], [72.87627658183824, 19.093601532432018], [72.87627658183824, 19.093691363960428], [72.87645624489507, 19.093691363960428], [72.87645624489507, 19.09378119548884], [72.87681557100872, 19.09378119548884], [72.87681557100872, 19.09387102701725], [72.87726472865077, 19.09387102701725], [72.87726472865077, 19.093960858545664], [72.87780371782125, 19.093960858545664], [72.87780371782125, 19.094050690074077], [72.8782528754633, 19.094050690074077], [72.8782528754633, 19.094140521602487], [72.87942068533266, 19.094140521602487], [72.87942068533266, 19.094050690074077], [72.88022916908837, 19.094050690074077], [72.88022916908837, 19.093960858545664], [72.88103765284407, 19.093960858545664], [72.88103765284407, 19.09387102701725], [72.88130714742931, 19.09387102701725], [72.88130714742931, 19.09378119548884], [72.88148681048614, 19.09378119548884], [72.88148681048614, 19.093691363960428], [72.88166647354296, 19.093691363960428], [72.88166647354296, 19.093601532432018], [72.88193596812819, 19.093601532432018], [72.88193596812819, 19.093511700903605], [72.88211563118502, 19.093511700903605], [72.88211563118502, 19.09342186937519], [72.88229529424184, 19.09342186937519], [72.88229529424184, 19.093332037846782], [72.88247495729867, 19.093332037846782], [72.88247495729867, 19.09324220631837], [72.88274445188391, 19.09324220631837], [72.88274445188391, 19.093152374789955], [72.88292411494072, 19.093152374789955], [72.88292411494072, 19.093062543261546], [72.88310377799755, 19.093062543261546], [72.88310377799755, 19.092972711733132], [72.88319360952596, 19.092972711733132], [72.88319360952596, 19.09288288020472], [72.88328344105437, 19.09288288020472], [72.88328344105437, 19.09279304867631], [72.88337327258279, 19.09279304867631], [72.88337327258279, 19.092703217147896], [72.8834631041112, 19.092703217147896], [72.8834631041112, 19.092613385619487], [72.88355293563961, 19.092613385619487], [72.88355293563961, 19.092523554091073], [72.88364276716803, 19.092523554091073], [72.88364276716803, 19.09243372256266], [72.88373259869644, 19.09243372256266], [72.88373259869644, 19.09234389103425], [72.88391226175325, 19.09234389103425], [72.88391226175325, 19.092254059505837], [72.88400209328167, 19.092254059505837], [72.88400209328167, 19.092164227977424], [72.88409192481008, 19.092164227977424], [72.88409192481008, 19.092074396449014], [72.88418175633849, 19.092074396449014], [72.88418175633849, 19.0919845649206], [72.8842715878669, 19.0919845649206], [72.8842715878669, 19.091894733392188], [72.88436141939532, 19.091894733392188], [72.88436141939532, 19.091804901863778], [72.88445125092373, 19.091804901863778], [72.88445125092373, 19.091715070335365], [72.88454108245215, 19.091715070335365], [72.88454108245215, 19.091625238806955], [72.88463091398056, 19.091625238806955], [72.88463091398056, 19.091535407278542], [72.88472074550897, 19.091535407278542], [72.88472074550897, 19.09135574422172], [72.88481057703738, 19.09135574422172], [72.88481057703738, 19.091176081164893], [72.88490040856578, 19.091176081164893], [72.88490040856578, 19.09099641810807], [72.8849902400942, 19.09099641810807], [72.8849902400942, 19.090816755051247], [72.88508007162261, 19.090816755051247], [72.88508007162261, 19.090726923522833], [72.88516990315102, 19.090726923522833], [72.88516990315102, 19.09054726046601], [72.88525973467944, 19.09054726046601], [72.88525973467944, 19.090367597409188], [72.88534956620785, 19.090367597409188], [72.88534956620785, 19.09018793435236], [72.88543939773626, 19.09018793435236], [72.88543939773626, 19.090008271295538], [72.88552922926468, 19.090008271295538], [72.88552922926468, 19.089918439767125], [72.88561906079309, 19.089918439767125], [72.88561906079309, 19.089469282125066], [72.8857088923215, 19.089469282125066], [72.8857088923215, 19.088930292954593], [72.88579872384992, 19.088930292954593], [72.88579872384992, 19.088391303784125], [72.88588855537832, 19.088391303784125], [72.88588855537832, 19.087942146142062], [72.88597838690673, 19.087942146142062], [72.88597838690673, 19.087043830857944], [72.88588855537832, 19.087043830857944], [72.88588855537832, 19.085157368761294], [72.88579872384992, 19.085157368761294], [72.88579872384992, 19.08461837959082], [72.8857088923215, 19.08461837959082], [72.8857088923215, 19.084259053477172], [72.88561906079309, 19.084259053477172], [72.88561906079309, 19.083899727363526], [72.88552922926468, 19.083899727363526], [72.88552922926468, 19.083450569721467], [72.88543939773626, 19.083450569721467], [72.88543939773626, 19.08318107513623], [72.88534956620785, 19.08318107513623], [72.88534956620785, 19.083001412079405], [72.88525973467944, 19.083001412079405], [72.88525973467944, 19.08273191749417], [72.88534956620785, 19.08273191749417], [72.88534956620785, 19.082462422908936], [72.88543939773626, 19.082462422908936], [72.88543939773626, 19.0821929283237], [72.88552922926468, 19.0821929283237], [72.88552922926468, 19.08183360221005], [72.88561906079309, 19.08183360221005], [72.88561906079309, 19.081474276096404], [72.8857088923215, 19.081474276096404], [72.8857088923215, 19.081114949982755], [72.88579872384992, 19.081114949982755], [72.88579872384992, 19.080665792340696], [72.88588855537832, 19.080665792340696], [72.88588855537832, 19.07859966718722], [72.88579872384992, 19.07859966718722], [72.88579872384992, 19.078060678016747], [72.8857088923215, 19.078060678016747], [72.8857088923215, 19.0777013519031], [72.88561906079309, 19.0777013519031], [72.88561906079309, 19.07752168884628], [72.88552922926468, 19.07752168884628], [72.88552922926468, 19.077342025789452], [72.88543939773626, 19.077342025789452], [72.88543939773626, 19.07716236273263], [72.88534956620785, 19.07716236273263], [72.88534956620785, 19.076982699675806], [72.88525973467944, 19.076982699675806], [72.88525973467944, 19.07680303661898], [72.88516990315102, 19.07680303661898], [72.88516990315102, 19.076533542033747], [72.88508007162261, 19.076533542033747], [72.88508007162261, 19.07635387897692], [72.8849902400942, 19.07635387897692], [72.8849902400942, 19.076174215920098], [72.88490040856578, 19.076174215920098], [72.88490040856578, 19.075994552863275], [72.88481057703738, 19.075994552863275], [72.88481057703738, 19.07581488980645], [72.88472074550897, 19.07581488980645], [72.88472074550897, 19.075545395221216], [72.88463091398056, 19.075545395221216], [72.88463091398056, 19.07536573216439], [72.88454108245215, 19.07536573216439], [72.88454108245215, 19.07527590063598], [72.88445125092373, 19.07527590063598], [72.88445125092373, 19.075186069107566], [72.88436141939532, 19.075186069107566], [72.88436141939532, 19.075006406050743], [72.8842715878669, 19.075006406050743], [72.8842715878669, 19.07491657452233], [72.88418175633849, 19.07491657452233], [72.88418175633849, 19.074826742993917], [72.88409192481008, 19.074826742993917], [72.88409192481008, 19.074736911465507], [72.88400209328167, 19.074736911465507], [72.88400209328167, 19.074647079937094], [72.88391226175325, 19.074647079937094], [72.88391226175325, 19.074557248408684], [72.88382243022485, 19.074557248408684], [72.88382243022485, 19.07446741688027], [72.88373259869644, 19.07446741688027], [72.88373259869644, 19.074377585351858], [72.88364276716803, 19.074377585351858], [72.88364276716803, 19.074287753823448], [72.88355293563961, 19.074287753823448], [72.88355293563961, 19.074197922295035], [72.8834631041112, 19.074197922295035], [72.8834631041112, 19.07410809076662], [72.88337327258279, 19.07410809076662], [72.88337327258279, 19.074018259238212], [72.88328344105437, 19.074018259238212], [72.88328344105437, 19.0739284277098], [72.88319360952596, 19.0739284277098], [72.88319360952596, 19.073838596181385], [72.88310377799755, 19.073838596181385], [72.88310377799755, 19.073748764652976], [72.88292411494072, 19.073748764652976], [72.88292411494072, 19.073658933124563], [72.88283428341232, 19.073658933124563], [72.88283428341232, 19.073569101596153], [72.88274445188391, 19.073569101596153], [72.88274445188391, 19.07347927006774], [72.88256478882708, 19.07347927006774], [72.88256478882708, 19.073389438539326], [72.88247495729867, 19.073389438539326], [72.88247495729867, 19.073299607010917], [72.88238512577026, 19.073299607010917], [72.88238512577026, 19.073209775482503], [72.88220546271343, 19.073209775482503], [72.88220546271343, 19.07311994395409], [72.88211563118502, 19.07311994395409], [72.88211563118502, 19.07303011242568], [72.88193596812819, 19.07303011242568], [72.88193596812819, 19.072940280897267], [72.88184613659979, 19.072940280897267], [72.88184613659979, 19.072850449368854], [72.88166647354296, 19.072850449368854], [72.88166647354296, 19.072760617840444], [72.88148681048614, 19.072760617840444], [72.88148681048614, 19.07267078631203], [72.88130714742931, 19.07267078631203], [72.88130714742931, 19.07258095478362], [72.88103765284407, 19.07258095478362], [72.88103765284407, 19.072491123255208], [72.88085798978726, 19.072491123255208], [72.88085798978726, 19.072401291726795], [72.88067832673043, 19.072401291726795], [72.88067832673043, 19.072311460198385], [72.88040883214519, 19.072311460198385], [72.88040883214519, 19.07204196561315], [72.8804986636736, 19.07204196561315], [72.8804986636736, 19.0694368512892], [72.88040883214519, 19.0694368512892], [72.88040883214519, 19.06844870447667], [72.88031900061678, 19.06844870447667], [72.88031900061678, 19.068269041419846], [72.88040883214519, 19.068269041419846], [72.88040883214519, 19.06710123155049], [72.8804986636736, 19.06710123155049], [72.8804986636736, 19.066292747794783], [72.88040883214519, 19.066292747794783], [72.88040883214519, 19.065843590152724], [72.88031900061678, 19.065843590152724], [72.88031900061678, 19.06530460098225], [72.88022916908837, 19.06530460098225], [72.88022916908837, 19.06476561181178], [72.88013933755995, 19.06476561181178], [72.88013933755995, 19.064226622641307], [72.88004950603154, 19.064226622641307], [72.88004950603154, 19.064046959584484], [72.87995967450313, 19.064046959584484], [72.87995967450313, 19.06386729652766], [72.87986984297473, 19.06386729652766], [72.87986984297473, 19.063687633470835], [72.87978001144631, 19.063687633470835], [72.87978001144631, 19.063418138885602], [72.8796901799179, 19.063418138885602], [72.8796901799179, 19.063058812771953], [72.87960034838949, 19.063058812771953], [72.87960034838949, 19.062789318186717], [72.87951051686107, 19.062789318186717], [72.87951051686107, 19.06251982360148], [72.87942068533266, 19.06251982360148], [72.87942068533266, 19.062340160544657], [72.87933085380425, 19.062340160544657], [72.87933085380425, 19.062160497487834], [72.87924102227583, 19.062160497487834], [72.87924102227583, 19.061980834431008], [72.87915119074742, 19.061980834431008], [72.87915119074742, 19.061801171374185], [72.87906135921901, 19.061801171374185], [72.87906135921901, 19.061711339845772], [72.8789715276906, 19.061711339845772], [72.8789715276906, 19.06153167678895], [72.8788816961622, 19.06153167678895], [72.8788816961622, 19.061352013732126], [72.87879186463378, 19.061352013732126], [72.87879186463378, 19.061172350675303], [72.87870203310537, 19.061172350675303], [72.87870203310537, 19.060992687618477], [72.87861220157696, 19.060992687618477], [72.87861220157696, 19.060813024561654], [72.87852237004854, 19.060813024561654], [72.87852237004854, 19.06063336150483], [72.87843253852013, 19.06063336150483], [72.87843253852013, 19.060543529976417], [72.87834270699172, 19.060543529976417], [72.87834270699172, 19.060453698448008], [72.8782528754633, 19.060453698448008], [72.8782528754633, 19.06027403539118], [72.87816304393489, 19.06027403539118], [72.87816304393489, 19.06018420386277], [72.87807321240648, 19.06018420386277], [72.87807321240648, 19.06009437233436], [72.87798338087806, 19.06009437233436], [72.87798338087806, 19.059914709277535], [72.87789354934966, 19.059914709277535], [72.87789354934966, 19.059824877749122], [72.87780371782125, 19.059824877749122], [72.87780371782125, 19.05973504622071], [72.87771388629284, 19.05973504622071], [72.87771388629284, 19.059555383163886], [72.87762405476442, 19.059555383163886], [72.87762405476442, 19.05928588857865], [72.87753422323601, 19.05928588857865], [72.87753422323601, 19.059106225521827], [72.8774443917076, 19.059106225521827], [72.8774443917076, 19.05883673093659], [72.87735456017919, 19.05883673093659], [72.87735456017919, 19.058657067879768], [72.87726472865077, 19.058657067879768], [72.87726472865077, 19.05838757329453], [72.87717489712236, 19.05838757329453], [72.87717489712236, 19.058118078709295], [72.87708506559395, 19.058118078709295], [72.87708506559395, 19.05784858412406], [72.87699523406553, 19.05784858412406], [72.87699523406553, 19.057668921067236], [72.87690540253713, 19.057668921067236], [72.87690540253713, 19.057399426482], [72.87681557100872, 19.057399426482], [72.87681557100872, 19.057129931896764], [72.8767257394803, 19.057129931896764], [72.8767257394803, 19.05695026883994], [72.8766359079519, 19.05695026883994], [72.8766359079519, 19.056680774254705], [72.87654607642348, 19.056680774254705], [72.87654607642348, 19.056501111197882], [72.87645624489507, 19.056501111197882], [72.87645624489507, 19.056231616612646], [72.87636641336665, 19.056231616612646], [72.87636641336665, 19.05605195355582], [72.87627658183824, 19.05605195355582], [72.87627658183824, 19.055782458970583], [72.87618675030983, 19.055782458970583], [72.87618675030983, 19.05560279591376], [72.87609691878141, 19.05560279591376], [72.87609691878141, 19.055423132856937], [72.876007087253, 19.055423132856937], [72.876007087253, 19.055243469800114], [72.8759172557246, 19.055243469800114], [72.8759172557246, 19.055063806743288], [72.87582742419619, 19.055063806743288], [72.87582742419619, 19.054884143686465], [72.87573759266778, 19.054884143686465], [72.87573759266778, 19.054704480629642], [72.87564776113936, 19.054704480629642], [72.87564776113936, 19.05452481757282], [72.87555792961095, 19.05452481757282], [72.87555792961095, 19.054345154515993], [72.87546809808254, 19.054345154515993], [72.87546809808254, 19.05416549145917], [72.87537826655412, 19.05416549145917], [72.87537826655412, 19.054075659930756], [72.87528843502571, 19.054075659930756], [72.87528843502571, 19.053895996873933], [72.8751986034973, 19.053895996873933], [72.8751986034973, 19.05380616534552], [72.87510877196888, 19.05380616534552], [72.87510877196888, 19.053626502288697], [72.87501894044047, 19.053626502288697], [72.87501894044047, 19.053536670760288], [72.87492910891207, 19.053536670760288], [72.87492910891207, 19.053446839231874], [72.87483927738366, 19.053446839231874], [72.87483927738366, 19.05326717617505], [72.87474944585524, 19.05326717617505], [72.87474944585524, 19.053177344646638], [72.87465961432683, 19.053177344646638], [72.87465961432683, 19.052997681589815], [72.87456978279842, 19.052997681589815], [72.87456978279842, 19.052907850061402], [72.87447995127, 19.052907850061402], [72.87447995127, 19.05281801853299], [72.87439011974159, 19.05281801853299], [72.87439011974159, 19.05272818700458], [72.87430028821318, 19.05272818700458], [72.87430028821318, 19.052638355476166], [72.87421045668476, 19.052638355476166], [72.87421045668476, 19.052458692419343], [72.87412062515635, 19.052458692419343], [72.87412062515635, 19.05236886089093], [72.87403079362794, 19.05236886089093], [72.87403079362794, 19.05227902936252], [72.87394096209954, 19.05227902936252], [72.87394096209954, 19.052189197834107], [72.87376129904271, 19.052189197834107], [72.87376129904271, 19.052099366305693], [72.8736714675143, 19.052099366305693], [72.8736714675143, 19.052009534777284], [72.87358163598589, 19.052009534777284], [72.87358163598589, 19.05191970324887], [72.87349180445747, 19.05191970324887], [72.87349180445747, 19.051829871720457], [72.87331214140065, 19.051829871720457], [72.87331214140065, 19.051740040192048], [72.87322230987223, 19.051740040192048], [72.87322230987223, 19.051650208663634], [72.87313247834382, 19.051650208663634], [72.87313247834382, 19.05156037713522], [72.8730426468154, 19.05156037713522], [72.8730426468154, 19.05147054560681], [72.87295281528701, 19.05147054560681], [72.87295281528701, 19.051380714078398], [72.8728629837586, 19.051380714078398], [72.8728629837586, 19.051201051021575], [72.87277315223018, 19.051201051021575], [72.87277315223018, 19.051111219493162], [72.87268332070177, 19.051111219493162], [72.87268332070177, 19.051021387964752], [72.87259348917335, 19.051021387964752], [72.87259348917335, 19.05093155643634], [72.87250365764494, 19.05093155643634], [72.87250365764494, 19.050841724907926], [72.87241382611653, 19.050841724907926], [72.87241382611653, 19.050751893379516], [72.87232399458811, 19.050751893379516], [72.87232399458811, 19.050662061851103], [72.8722341630597, 19.050662061851103], [72.8722341630597, 19.05057223032269], [72.87214433153129, 19.05057223032269], [72.87214433153129, 19.05048239879428], [72.87205450000287, 19.05048239879428], [72.87205450000287, 19.050302735737457], [72.87196466847448, 19.050302735737457], [72.87196466847448, 19.050212904209044], [72.87187483694606, 19.050212904209044], [72.87187483694606, 19.05003324115222], [72.87178500541765, 19.05003324115222], [72.87178500541765, 19.049943409623808], [72.87169517388924, 19.049943409623808], [72.87169517388924, 19.049853578095394], [72.87160534236082, 19.049853578095394], [72.87160534236082, 19.04967391503857], [72.87151551083241, 19.04967391503857], [72.87151551083241, 19.049584083510158], [72.87133584777558, 19.049584083510158], [72.87133584777558, 19.04949425198175], [72.87124601624717, 19.04949425198175], [72.87124601624717, 19.049404420453335], [72.87106635319034, 19.049404420453335], [72.87106635319034, 19.049314588924926], [72.87097652166194, 19.049314588924926], [72.87097652166194, 19.049224757396512], [72.87079685860512, 19.049224757396512], [72.87079685860512, 19.0491349258681], [72.8707070270767, 19.0491349258681], [72.8707070270767, 19.04904509433969], [72.87052736401988, 19.04904509433969], [72.87052736401988, 19.048955262811276], [72.87043753249147, 19.048955262811276], [72.87043753249147, 19.048865431282863], [72.87025786943464, 19.048865431282863], [72.87025786943464, 19.048775599754453], [72.87016803790623, 19.048775599754453], [72.87016803790623, 19.04868576822604], [72.86998837484941, 19.04868576822604], [72.86998837484941, 19.048595936697627], [72.869898543321, 19.048595936697627], [72.869898543321, 19.048506105169217], [72.86971888026417, 19.048506105169217], [72.86971888026417, 19.048416273640804], [72.86962904873576, 19.048416273640804], [72.86962904873576, 19.048326442112394], [72.86926972262211, 19.048326442112394], [72.86926972262211, 19.04823661058398], [72.86891039650847, 19.04823661058398], [72.86891039650847, 19.048146779055568], [72.86864090192323, 19.048146779055568], [72.86864090192323, 19.048056947527158], [72.86828157580958, 19.048056947527158], [72.86828157580958, 19.047967115998745], [72.86801208122435, 19.047967115998745], [72.86801208122435, 19.04787728447033], [72.8676527551107, 19.04787728447033], [72.8676527551107, 19.04778745294192], [72.86711376594022, 19.04778745294192], [72.86711376594022, 19.04787728447033], [72.8669341028834, 19.04787728447033], [72.8669341028834, 19.04778745294192], [72.86648494524134, 19.04778745294192], [72.86648494524134, 19.04769762141351], [72.86603578759929, 19.04769762141351], [72.86603578759929, 19.047607789885095], [72.86567646148563, 19.047607789885095], [72.86567646148563, 19.047517958356686], [72.86459848314469, 19.047517958356686], [72.86459848314469, 19.047428126828272], [72.86405949397422, 19.047428126828272], [72.86405949397422, 19.047338295299863], [72.86361033633216, 19.047338295299863], [72.86361033633216, 19.04724846377145], [72.86307134716169, 19.04724846377145], [72.86307134716169, 19.047158632243036], [72.86262218951963, 19.047158632243036], [72.86262218951963, 19.047068800714626], [72.86217303187756, 19.047068800714626], [72.86217303187756, 19.046978969186213], [72.86172387423551, 19.046978969186213], [72.86172387423551, 19.04679930612939], [72.8616340427071, 19.04679930612939], [72.8616340427071, 19.046619643072564], [72.86154421117868, 19.046619643072564], [72.86154421117868, 19.04643998001574], [72.86145437965027, 19.04643998001574], [72.86145437965027, 19.046260316958918], [72.86136454812186, 19.046260316958918], [72.86136454812186, 19.046170485430505], [72.86127471659344, 19.046170485430505], [72.86127471659344, 19.045990822373682], [72.86118488506503, 19.045990822373682], [72.86118488506503, 19.04581115931686], [72.86100522200822, 19.04581115931686], [72.86100522200822, 19.045721327788446], [72.8609153904798, 19.045721327788446], [72.8609153904798, 19.045631496260032], [72.86082555895139, 19.045631496260032], [72.86082555895139, 19.045541664731623], [72.86064589589456, 19.045541664731623], [72.86064589589456, 19.04545183320321], [72.86055606436615, 19.04545183320321], [72.86055606436615, 19.0453620016748], [72.86046623283774, 19.0453620016748], [72.86046623283774, 19.045272170146387], [72.86028656978091, 19.045272170146387], [72.86028656978091, 19.045182338617973], [72.8601967382525, 19.045182338617973], [72.8601967382525, 19.045092507089564], [72.86010690672408, 19.045092507089564], [72.86010690672408, 19.04500267556115], [72.85992724366727, 19.04500267556115], [72.85992724366727, 19.044912844032737], [72.85983741213886, 19.044912844032737], [72.85983741213886, 19.044823012504327], [72.85974758061045, 19.044823012504327], [72.85974758061045, 19.044733180975914], [72.85956791755362, 19.044733180975914], [72.85956791755362, 19.0446433494475], [72.8594780860252, 19.0446433494475], [72.8594780860252, 19.04455351791909], [72.85938825449679, 19.04455351791909], [72.85938825449679, 19.044463686390678], [72.85920859143997, 19.044463686390678], [72.85920859143997, 19.04437385486227], [72.85911875991155, 19.04437385486227], [72.85911875991155, 19.044284023333855], [72.85902892838315, 19.044284023333855], [72.85902892838315, 19.044194191805442], [72.85884926532633, 19.044194191805442], [72.85884926532633, 19.044104360277032], [72.8586696022695, 19.044104360277032], [72.8586696022695, 19.04401452874862], [72.85848993921267, 19.04401452874862], [72.85848993921267, 19.043924697220206], [72.85831027615585, 19.043924697220206], [72.85831027615585, 19.043834865691796], [72.85813061309902, 19.043834865691796], [72.85813061309902, 19.043745034163383], [72.85804078157062, 19.043745034163383], [72.85804078157062, 19.04365520263497], [72.8578611185138, 19.04365520263497], [72.8578611185138, 19.04356537110656], [72.85768145545697, 19.04356537110656], [72.85768145545697, 19.043475539578147], [72.85759162392856, 19.043475539578147], [72.85759162392856, 19.043385708049737], [72.85741196087173, 19.043385708049737], [72.85741196087173, 19.043295876521324], [72.85732212934332, 19.043295876521324], [72.85732212934332, 19.04320604499291], [72.85714246628649, 19.04320604499291], [72.85714246628649, 19.0431162134645], [72.85705263475809, 19.0431162134645], [72.85705263475809, 19.043026381936087], [72.85696280322968, 19.043026381936087], [72.85696280322968, 19.042936550407674], [72.85687297170126, 19.042936550407674], [72.85687297170126, 19.042846718879265], [72.85669330864444, 19.042846718879265], [72.85669330864444, 19.04275688735085], [72.85660347711602, 19.04275688735085], [72.85660347711602, 19.042667055822438], [72.8564238140592, 19.042667055822438], [72.8564238140592, 19.04257722429403], [72.85633398253078, 19.04257722429403], [72.85633398253078, 19.042487392765615], [72.85624415100237, 19.042487392765615], [72.85624415100237, 19.042397561237205], [72.85606448794556, 19.042397561237205], [72.85606448794556, 19.042307729708792], [72.85597465641715, 19.042307729708792], [72.85597465641715, 19.04221789818038], [72.85579499336032, 19.04221789818038], [72.85579499336032, 19.04212806665197], [72.8556153303035, 19.04212806665197], [72.8556153303035, 19.042038235123556], [72.85543566724667, 19.042038235123556], [72.85543566724667, 19.041948403595143], [72.85525600418984, 19.041948403595143], [72.85525600418984, 19.041858572066733], [72.85516617266143, 19.041858572066733], [72.85516617266143, 19.04176874053832], [72.85507634113303, 19.04176874053832], [72.85507634113303, 19.041678909009907], [72.85498650960461, 19.041678909009907], [72.85498650960461, 19.041589077481497], [72.85480684654779, 19.041589077481497], [72.85480684654779, 19.041499245953084], [72.85462718349096, 19.041499245953084], [72.85462718349096, 19.041409414424674], [72.85435768890572, 19.041409414424674], [72.85435768890572, 19.04131958289626], [72.8541780258489, 19.04131958289626], [72.8541780258489, 19.041229751367847], [72.85399836279208, 19.041229751367847], [72.85399836279208, 19.041139919839438], [72.85381869973526, 19.041139919839438], [72.85381869973526, 19.041050088311025], [72.85354920515002, 19.041050088311025], [72.85354920515002, 19.04096025678261], [72.85336954209319, 19.04096025678261], [72.85336954209319, 19.0408704252542], [72.85310004750797, 19.0408704252542], [72.85310004750797, 19.04078059372579], [72.85283055292273, 19.04078059372579], [72.85283055292273, 19.040690762197375], [72.85247122680907, 19.040690762197375], [72.85247122680907, 19.040600930668965], [72.85220173222383, 19.040600930668965], [72.85220173222383, 19.040511099140552], [72.85175257458178, 19.040511099140552], [72.85175257458178, 19.040421267612142], [72.85139324846813, 19.040421267612142], [72.85139324846813, 19.04033143608373], [72.85103392235449, 19.04033143608373], [72.85103392235449, 19.040241604555316], [72.85058476471242, 19.040241604555316], [72.85058476471242, 19.040151773026906], [72.85022543859877, 19.040151773026906], [72.85022543859877, 19.040061941498493], [72.84986611248513, 19.040061941498493], [72.84986611248513, 19.03997210997008], [72.84950678637148, 19.03997210997008], [72.84950678637148, 19.03988227844167], [72.84914746025784, 19.03988227844167], [72.84914746025784, 19.039792446913257], [72.8488779656726, 19.039792446913257], [72.8488779656726, 19.039702615384844], [72.84860847108736, 19.039702615384844], [72.84860847108736, 19.039612783856434], [72.84833897650212, 19.039612783856434], [72.84833897650212, 19.03952295232802], [72.8480694819169, 19.03952295232802], [72.8480694819169, 19.03943312079961], [72.84779998733165, 19.03943312079961], [72.84779998733165, 19.039343289271198], [72.84762032427483, 19.039343289271198], [72.84762032427483, 19.039253457742785], [72.84726099816118, 19.039253457742785], [72.84726099816118, 19.039163626214375], [72.84681184051912, 19.039163626214375], [72.84681184051912, 19.03907379468596], [72.84636268287706, 19.03907379468596], [72.84636268287706, 19.03898396315755], [72.845913525235, 19.03898396315755], [72.845913525235, 19.03889413162914], [72.84546436759294, 19.03889413162914], [72.84546436759294, 19.038804300100725], [72.84519487300771, 19.038804300100725], [72.84519487300771, 19.03889413162914], [72.844386389252, 19.03889413162914], [72.844386389252, 19.03898396315755], [72.84348807396788, 19.03898396315755], [72.84348807396788, 19.03907379468596], [72.84312874785424, 19.03907379468596], [72.84312874785424, 19.039163626214375], [72.84294908479741, 19.039163626214375], [72.84294908479741, 19.039253457742785], [72.84276942174058, 19.039253457742785], [72.84276942174058, 19.039343289271198], [72.84249992715534, 19.039343289271198], [72.84249992715534, 19.03943312079961], [72.84232026409852, 19.03943312079961], [72.84232026409852, 19.03952295232802], [72.84205076951329, 19.03952295232802], [72.84205076951329, 19.039612783856434], [72.84187110645647, 19.039612783856434], [72.84187110645647, 19.039702615384844], [72.84169144339964, 19.039702615384844], [72.84169144339964, 19.039792446913257], [72.8414219488144, 19.039792446913257], [72.8414219488144, 19.03988227844167], [72.84133211728599, 19.03988227844167], [72.84133211728599, 19.03997210997008], [72.84124228575759, 19.03997210997008], [72.84124228575759, 19.040061941498493], [72.84115245422917, 19.040061941498493], [72.84115245422917, 19.040151773026906], [72.84106262270076, 19.040151773026906], [72.84106262270076, 19.040241604555316], [72.84097279117235, 19.040241604555316], [72.84097279117235, 19.04033143608373], [72.84079312811552, 19.04033143608373], [72.84079312811552, 19.040421267612142], [72.84070329658711, 19.040421267612142], [72.84070329658711, 19.040511099140552], [72.8406134650587, 19.040511099140552], [72.8406134650587, 19.040600930668965], [72.84052363353028, 19.040600930668965], [72.84052363353028, 19.040690762197375], [72.84043380200187, 19.040690762197375], [72.84043380200187, 19.04078059372579], [72.84025413894506, 19.04078059372579], [72.84025413894506, 19.0408704252542], [72.84016430741664, 19.0408704252542], [72.84016430741664, 19.04096025678261], [72.84007447588823, 19.04096025678261], [72.84007447588823, 19.041050088311025], [72.83998464435982, 19.041050088311025], [72.83998464435982, 19.041139919839438], [72.8398948128314, 19.041139919839438], [72.8398948128314, 19.041229751367847], [72.83980498130299, 19.041229751367847], [72.83980498130299, 19.04131958289626], [72.83872700296205, 19.04131958289626], [72.83872700296205, 19.041409414424674], [72.83576256252445, 19.041409414424674], [72.83576256252445, 19.04131958289626], [72.83558289946762, 19.04131958289626], [72.83558289946762, 19.041409414424674], [72.8353134048824, 19.041409414424674], [72.8353134048824, 19.041499245953084], [72.83495407876875, 19.041499245953084], [72.83495407876875, 19.041589077481497], [72.8346845841835, 19.041589077481497], [72.8346845841835, 19.041678909009907], [72.83432525806987, 19.041678909009907], [72.83432525806987, 19.04176874053832], [72.83405576348463, 19.04176874053832], [72.83405576348463, 19.041858572066733], [72.83369643737097, 19.041858572066733], [72.83369643737097, 19.041948403595143], [72.83351677431415, 19.041948403595143], [72.83351677431415, 19.042038235123556], [72.83342694278574, 19.042038235123556], [72.83342694278574, 19.04212806665197], [72.83324727972892, 19.04212806665197], [72.83324727972892, 19.04221789818038], [72.83315744820051, 19.04221789818038], [72.83315744820051, 19.042307729708792], [72.83297778514368, 19.042307729708792], [72.83297778514368, 19.042397561237205], [72.83288795361527, 19.042397561237205], [72.83288795361527, 19.042487392765615], [72.83270829055844, 19.042487392765615], [72.83270829055844, 19.04257722429403], [72.83261845903003, 19.04257722429403], [72.83261845903003, 19.042667055822438], [72.8324387959732, 19.042667055822438], [72.8324387959732, 19.04275688735085], [72.8323489644448, 19.04275688735085], [72.8323489644448, 19.042846718879265], [72.83216930138798, 19.042846718879265], [72.83216930138798, 19.042936550407674], [72.83198963833115, 19.042936550407674], [72.83198963833115, 19.043026381936087], [72.83189980680274, 19.043026381936087], [72.83189980680274, 19.0431162134645], [72.83180997527433, 19.0431162134645], [72.83180997527433, 19.04320604499291], [72.83172014374591, 19.04320604499291], [72.83172014374591, 19.043295876521324], [72.8316303122175, 19.043295876521324], [72.8316303122175, 19.043385708049737], [72.83154048068909, 19.043385708049737], [72.83154048068909, 19.043475539578147], [72.83145064916067, 19.043475539578147], [72.83145064916067, 19.04356537110656], [72.83127098610386, 19.04356537110656], [72.83127098610386, 19.04365520263497], [72.83118115457545, 19.04365520263497], [72.83118115457545, 19.043745034163383], [72.83109132304703, 19.043745034163383], [72.83109132304703, 19.043834865691796], [72.83100149151862, 19.043834865691796], [72.83100149151862, 19.043924697220206], [72.8309116599902, 19.043924697220206], [72.8309116599902, 19.04401452874862], [72.8308218284618, 19.04401452874862], [72.8308218284618, 19.044104360277032], [72.83073199693338, 19.044104360277032], [72.83073199693338, 19.044194191805442], [72.83064216540497, 19.044194191805442], [72.83064216540497, 19.044284023333855], [72.83046250234814, 19.044284023333855], [72.83046250234814, 19.04437385486227], [72.83037267081974, 19.04437385486227], [72.83037267081974, 19.044463686390678], [72.83028283929133, 19.044463686390678], [72.83028283929133, 19.04455351791909], [72.83019300776292, 19.04455351791909], [72.83019300776292, 19.0446433494475], [72.8301031762345, 19.0446433494475], [72.8301031762345, 19.044733180975914], [72.83001334470609, 19.044733180975914], [72.83001334470609, 19.044823012504327], [72.82992351317768, 19.044823012504327], [72.82992351317768, 19.044912844032737], [72.82983368164926, 19.044912844032737], [72.82983368164926, 19.04500267556115], [72.82974385012085, 19.04500267556115], [72.82974385012085, 19.045182338617973], [72.82965401859244, 19.045182338617973], [72.82965401859244, 19.045272170146387], [72.82956418706402, 19.045272170146387], [72.82956418706402, 19.0453620016748], [72.82947435553561, 19.0453620016748], [72.82947435553561, 19.04545183320321], [72.82938452400721, 19.04545183320321], [72.82938452400721, 19.045631496260032], [72.8292946924788, 19.045631496260032], [72.8292946924788, 19.045721327788446], [72.82920486095038, 19.045721327788446], [72.82920486095038, 19.04581115931686], [72.82911502942197, 19.04581115931686], [72.82911502942197, 19.04590099084527], [72.82902519789356, 19.04590099084527], [72.82902519789356, 19.046080653902095], [72.82893536636514, 19.046080653902095], [72.82893536636514, 19.046170485430505], [72.82884553483673, 19.046170485430505], [72.82884553483673, 19.046260316958918], [72.82875570330832, 19.046260316958918], [72.82875570330832, 19.04635014848733], [72.8286658717799, 19.04635014848733], [72.8286658717799, 19.046619643072564], [72.82857604025149, 19.046619643072564], [72.82857604025149, 19.0468891376578], [72.82848620872308, 19.0468891376578], [72.82848620872308, 19.047158632243036], [72.82839637719468, 19.047158632243036], [72.82839637719468, 19.047338295299863], [72.82830654566627, 19.047338295299863], [72.82830654566627, 19.047607789885095], [72.82821671413785, 19.047607789885095], [72.82821671413785, 19.04787728447033], [72.82812688260944, 19.04787728447033], [72.82812688260944, 19.048146779055568], [72.82803705108103, 19.048146779055568], [72.82803705108103, 19.050662061851103], [72.82812688260944, 19.050662061851103], [72.82812688260944, 19.05093155643634], [72.82821671413785, 19.05093155643634], [72.82821671413785, 19.051111219493162], [72.82830654566627, 19.051111219493162], [72.82830654566627, 19.051380714078398], [72.82839637719468, 19.051380714078398], [72.82839637719468, 19.051650208663634], [72.82848620872308, 19.051650208663634], [72.82848620872308, 19.051829871720457], [72.82857604025149, 19.051829871720457], [72.82857604025149, 19.052099366305693], [72.8286658717799, 19.052099366305693], [72.8286658717799, 19.05236886089093], [72.82875570330832, 19.05236886089093], [72.82875570330832, 19.052548523947753], [72.82884553483673, 19.052548523947753], [72.82884553483673, 19.052638355476166], [72.82893536636514, 19.052638355476166], [72.82893536636514, 19.05272818700458], [72.82902519789356, 19.05272818700458], [72.82902519789356, 19.05281801853299], [72.82911502942197, 19.05281801853299], [72.82911502942197, 19.052907850061402], [72.82920486095038, 19.052907850061402], [72.82920486095038, 19.053087513118225], [72.8292946924788, 19.053087513118225], [72.8292946924788, 19.053177344646638], [72.82938452400721, 19.053177344646638], [72.82938452400721, 19.05326717617505], [72.82947435553561, 19.05326717617505], [72.82947435553561, 19.05335700770346], [72.82956418706402, 19.05335700770346], [72.82956418706402, 19.053446839231874], [72.82965401859244, 19.053446839231874], [72.82965401859244, 19.053626502288697], [72.82974385012085, 19.053626502288697], [72.82974385012085, 19.05371633381711], [72.82983368164926, 19.05371633381711], [72.82983368164926, 19.05380616534552], [72.82992351317768, 19.05380616534552], [72.82992351317768, 19.053895996873933], [72.83001334470609, 19.053895996873933], [72.83001334470609, 19.053985828402347], [72.8301031762345, 19.053985828402347], [72.8301031762345, 19.054075659930756], [72.83019300776292, 19.054075659930756], [72.83019300776292, 19.05416549145917], [72.83037267081974, 19.05416549145917], [72.83037267081974, 19.054255322987583], [72.83046250234814, 19.054255322987583], [72.83046250234814, 19.054345154515993], [72.83064216540497, 19.054345154515993], [72.83064216540497, 19.054434986044406], [72.8308218284618, 19.054434986044406], [72.8308218284618, 19.05452481757282], [72.8309116599902, 19.05452481757282], [72.8309116599902, 19.05461464910123], [72.83109132304703, 19.05461464910123], [72.83109132304703, 19.054704480629642], [72.83118115457545, 19.054704480629642], [72.83118115457545, 19.05479431215805], [72.83136081763227, 19.05479431215805], [72.83136081763227, 19.054884143686465], [72.83154048068909, 19.054884143686465], [72.83154048068909, 19.054973975214878], [72.8316303122175, 19.054973975214878], [72.8316303122175, 19.055063806743288], [72.83180997527433, 19.055063806743288], [72.83180997527433, 19.0551536382717], [72.83198963833115, 19.0551536382717], [72.83198963833115, 19.055243469800114], [72.8324387959732, 19.055243469800114], [72.8324387959732, 19.055333301328524], [72.83288795361527, 19.055333301328524], [72.83288795361527, 19.055423132856937], [72.83333711125734, 19.055423132856937], [72.83333711125734, 19.05551296438535], [72.8338761004278, 19.05551296438535], [72.8338761004278, 19.05560279591376], [72.83432525806987, 19.05560279591376], [72.83432525806987, 19.055692627442173], [72.83495407876875, 19.055692627442173], [72.83495407876875, 19.055782458970583], [72.83675070933698, 19.055782458970583], [72.83675070933698, 19.055692627442173], [72.8368405408654, 19.055692627442173], [72.8368405408654, 19.055782458970583], [72.83702020392222, 19.055782458970583], [72.83702020392222, 19.055872290498996], [72.83719986697905, 19.055872290498996], [72.83719986697905, 19.05596212202741], [72.83737953003586, 19.05596212202741], [72.83737953003586, 19.05605195355582], [72.83746936156427, 19.05605195355582], [72.83746936156427, 19.056141785084233], [72.8376490246211, 19.056141785084233], [72.8376490246211, 19.056231616612646], [72.83782868767793, 19.056231616612646], [72.83782868767793, 19.056321448141055], [72.83800835073475, 19.056321448141055], [72.83800835073475, 19.05641127966947], [72.83818801379158, 19.05641127966947], [72.83818801379158, 19.056501111197882], [72.83836767684839, 19.056501111197882], [72.83836767684839, 19.05659094272629], [72.83854733990522, 19.05659094272629], [72.83854733990522, 19.056680774254705], [72.83872700296205, 19.056680774254705], [72.83872700296205, 19.056770605783115], [72.83899649754729, 19.056770605783115], [72.83899649754729, 19.056860437311528], [72.83917616060411, 19.056860437311528], [72.83917616060411, 19.05695026883994], [72.83935582366092, 19.05695026883994], [72.83935582366092, 19.05704010036835], [72.83953548671775, 19.05704010036835], [72.83953548671775, 19.057129931896764], [72.83980498130299, 19.057129931896764], [72.83980498130299, 19.057219763425177], [72.83998464435982, 19.057219763425177], [72.83998464435982, 19.057309594953587], [72.84025413894506, 19.057309594953587], [72.84025413894506, 19.057399426482], [72.84043380200187, 19.057399426482], [72.84043380200187, 19.057489258010413], [72.84070329658711, 19.057489258010413], [72.84070329658711, 19.057579089538823], [72.84088295964393, 19.057579089538823], [72.84088295964393, 19.057668921067236], [72.84106262270076, 19.057668921067236], [72.84106262270076, 19.057758752595646], [72.84133211728599, 19.057758752595646], [72.84133211728599, 19.05784858412406], [72.84160161187123, 19.05784858412406], [72.84160161187123, 19.057938415652472], [72.84187110645647, 19.057938415652472], [72.84187110645647, 19.058028247180882], [72.8421406010417, 19.058028247180882], [72.8421406010417, 19.058118078709295], [72.84241009562693, 19.058118078709295], [72.84241009562693, 19.05820791023771], [72.842859253269, 19.05820791023771], [72.842859253269, 19.05829774176612], [72.84321857938265, 19.05829774176612], [72.84321857938265, 19.05838757329453], [72.8436677370247, 19.05838757329453], [72.8436677370247, 19.058477404822945], [72.84429655772358, 19.058477404822945], [72.84429655772358, 19.058567236351355], [72.84519487300771, 19.058567236351355], [72.84519487300771, 19.058657067879768], [72.84636268287706, 19.058657067879768], [72.84636268287706, 19.058567236351355], [72.84735082968959, 19.058567236351355], [72.84735082968959, 19.058657067879768], [72.8480694819169, 19.058657067879768], [72.8480694819169, 19.058746899408177], [72.84896779720101, 19.058746899408177], [72.84896779720101, 19.05883673093659], [72.84905762872943, 19.05883673093659], [72.84905762872943, 19.058926562465004], [72.84923729178624, 19.058926562465004], [72.84923729178624, 19.059016393993414], [72.84932712331465, 19.059016393993414], [72.84932712331465, 19.059106225521827], [72.84941695484306, 19.059106225521827], [72.84941695484306, 19.05919605705024], [72.84950678637148, 19.05919605705024], [72.84950678637148, 19.05928588857865], [72.84959661789989, 19.05928588857865], [72.84959661789989, 19.059375720107063], [72.8496864494283, 19.059375720107063], [72.8496864494283, 19.059465551635476], [72.84977628095672, 19.059465551635476], [72.84977628095672, 19.059555383163886], [72.8496864494283, 19.059555383163886], [72.8496864494283, 19.05973504622071], [72.84959661789989, 19.05973504622071], [72.84959661789989, 19.059914709277535], [72.84950678637148, 19.059914709277535], [72.84950678637148, 19.06018420386277], [72.84941695484306, 19.06018420386277], [72.84941695484306, 19.060363866919594], [72.84932712331465, 19.060363866919594], [72.84932712331465, 19.06144184526054], [72.84923729178624, 19.06144184526054], [72.84923729178624, 19.062789318186717], [72.84932712331465, 19.062789318186717], [72.84932712331465, 19.063058812771953], [72.84941695484306, 19.063058812771953], [72.84941695484306, 19.06332830735719], [72.84950678637148, 19.06332830735719], [72.84950678637148, 19.063687633470835], [72.84959661789989, 19.063687633470835], [72.84959661789989, 19.06395712805607], [72.8496864494283, 19.06395712805607], [72.8496864494283, 19.064226622641307], [72.84977628095672, 19.064226622641307], [72.84977628095672, 19.064496117226543], [72.84986611248513, 19.064496117226543], [72.84986611248513, 19.064675780283366], [72.84995594401354, 19.064675780283366], [72.84995594401354, 19.064855443340193], [72.85004577554196, 19.064855443340193], [72.85004577554196, 19.064945274868602], [72.85013560707037, 19.064945274868602], [72.85013560707037, 19.065035106397016], [72.85022543859877, 19.065035106397016], [72.85022543859877, 19.06521476945384], [72.85031527012718, 19.06521476945384], [72.85031527012718, 19.06530460098225], [72.8504051016556, 19.06530460098225], [72.8504051016556, 19.065394432510665], [72.85049493318401, 19.065394432510665], [72.85049493318401, 19.065484264039075], [72.85058476471242, 19.065484264039075], [72.85058476471242, 19.065663927095898], [72.85067459624084, 19.065663927095898], [72.85067459624084, 19.06575375862431], [72.85076442776925, 19.06575375862431], [72.85076442776925, 19.065843590152724], [72.85085425929766, 19.065843590152724], [72.85085425929766, 19.066023253209547], [72.85094409082608, 19.066023253209547], [72.85094409082608, 19.06611308473796], [72.85103392235449, 19.06611308473796], [72.85103392235449, 19.06620291626637], [72.8511237538829, 19.06620291626637], [72.8511237538829, 19.066382579323196], [72.85130341693971, 19.066382579323196], [72.85130341693971, 19.066472410851606], [72.85139324846813, 19.066472410851606], [72.85139324846813, 19.06656224238002], [72.85157291152495, 19.06656224238002], [72.85157291152495, 19.06665207390843], [72.85166274305337, 19.06665207390843], [72.85166274305337, 19.066741905436842], [72.8518424061102, 19.066741905436842], [72.8518424061102, 19.066831736965256], [72.85193223763861, 19.066831736965256], [72.85193223763861, 19.066921568493665], [72.85211190069543, 19.066921568493665], [72.85211190069543, 19.06701140002208], [72.85220173222383, 19.06701140002208], [72.85220173222383, 19.06710123155049], [72.85238139528066, 19.06710123155049], [72.85238139528066, 19.0671910630789], [72.85256105833749, 19.0671910630789], [72.85256105833749, 19.067280894607315], [72.8526508898659, 19.067280894607315], [72.8526508898659, 19.067370726135728], [72.85283055292273, 19.067370726135728], [72.85283055292273, 19.067460557664138], [72.85292038445114, 19.067460557664138], [72.85292038445114, 19.06755038919255], [72.85310004750797, 19.06755038919255], [72.85310004750797, 19.06764022072096], [72.85327971056478, 19.06764022072096], [72.85327971056478, 19.067730052249374], [72.8534593736216, 19.067730052249374], [72.8534593736216, 19.067819883777787], [72.85372886820684, 19.067819883777787], [72.85372886820684, 19.067909715306197], [72.8540881943205, 19.067909715306197], [72.8540881943205, 19.06799954683461], [72.85435768890572, 19.06799954683461], [72.85435768890572, 19.068089378363023], [72.85471701501938, 19.068089378363023], [72.85471701501938, 19.068179209891433], [72.85507634113303, 19.068179209891433], [72.85507634113303, 19.068269041419846], [72.85534583571825, 19.068269041419846], [72.85534583571825, 19.06835887294826], [72.85615431947396, 19.06835887294826], [72.85615431947396, 19.068269041419846], [72.85606448794556, 19.068269041419846], [72.85606448794556, 19.068179209891433], [72.85615431947396, 19.068179209891433], [72.85615431947396, 19.068089378363023], [72.85606448794556, 19.068089378363023], [72.85606448794556, 19.06799954683461], [72.85597465641715, 19.06799954683461], [72.85597465641715, 19.067819883777787], [72.85615431947396, 19.067819883777787], [72.85615431947396, 19.067730052249374], [72.8564238140592, 19.067730052249374], [72.8564238140592, 19.067819883777787], [72.85660347711602, 19.067819883777787], [72.85660347711602, 19.067909715306197], [72.85669330864444, 19.067909715306197], [72.85669330864444, 19.06835887294826], [72.85750179240014, 19.06835887294826], [72.85750179240014, 19.068269041419846], [72.85777128698538, 19.068269041419846], [72.85777128698538, 19.068179209891433], [72.85804078157062, 19.068179209891433], [72.85804078157062, 19.068089378363023], [72.85840010768426, 19.068089378363023], [72.85840010768426, 19.06799954683461], [72.8586696022695, 19.06799954683461], [72.8586696022695, 19.067909715306197], [72.85902892838315, 19.067909715306197], [72.85902892838315, 19.067819883777787], [72.85929842296838, 19.067819883777787], [72.85929842296838, 19.067730052249374], [72.85938825449679, 19.067730052249374], [72.85938825449679, 19.06764022072096], [72.85956791755362, 19.06764022072096], [72.85956791755362, 19.06755038919255], [72.85965774908203, 19.06755038919255], [72.85965774908203, 19.067460557664138], [72.85983741213886, 19.067460557664138], [72.85983741213886, 19.067370726135728], [72.86001707519569, 19.067370726135728], [72.86001707519569, 19.067280894607315], [72.86010690672408, 19.067280894607315], [72.86010690672408, 19.0671910630789], [72.86028656978091, 19.0671910630789], [72.86028656978091, 19.06710123155049], [72.86037640130932, 19.06710123155049], [72.86037640130932, 19.06701140002208], [72.86055606436615, 19.06701140002208], [72.86055606436615, 19.066921568493665], [72.86064589589456, 19.066921568493665], [72.86064589589456, 19.066831736965256], [72.86082555895139, 19.066831736965256], [72.86082555895139, 19.066741905436842], [72.8609153904798, 19.066741905436842], [72.8609153904798, 19.06665207390843], [72.86100522200822, 19.06665207390843], [72.86100522200822, 19.06656224238002], [72.86109505353663, 19.06656224238002], [72.86109505353663, 19.066472410851606], [72.86118488506503, 19.066472410851606], [72.86118488506503, 19.066292747794783], [72.86127471659344, 19.066292747794783], [72.86127471659344, 19.06620291626637], [72.86136454812186, 19.06620291626637], [72.86136454812186, 19.06611308473796], [72.86145437965027, 19.06611308473796], [72.86145437965027, 19.066023253209547], [72.86154421117868, 19.066023253209547], [72.86154421117868, 19.065933421681134], [72.8616340427071, 19.065933421681134], [72.8616340427071, 19.065843590152724], [72.86172387423551, 19.065843590152724], [72.86172387423551, 19.06575375862431], [72.86181370576392, 19.06575375862431], [72.86181370576392, 19.065574095567488], [72.86190353729233, 19.065574095567488], [72.86190353729233, 19.065484264039075], [72.86199336882075, 19.065484264039075], [72.86199336882075, 19.065394432510665], [72.86208320034916, 19.065394432510665], [72.86208320034916, 19.06530460098225], [72.86217303187756, 19.06530460098225], [72.86217303187756, 19.06512493792543], [72.86226286340597, 19.06512493792543], [72.86226286340597, 19.065035106397016], [72.86235269493439, 19.065035106397016], [72.86235269493439, 19.064855443340193], [72.8624425264628, 19.064855443340193], [72.8624425264628, 19.064675780283366], [72.86253235799121, 19.064675780283366], [72.86253235799121, 19.064585948754956], [72.86262218951963, 19.064585948754956], [72.86262218951963, 19.064496117226543], [72.86271202104804, 19.064496117226543], [72.86271202104804, 19.064406285698134], [72.86280185257645, 19.064406285698134], [72.86280185257645, 19.06431645416972], [72.86289168410487, 19.06431645416972], [72.86289168410487, 19.064226622641307], [72.86298151563328, 19.064226622641307], [72.86298151563328, 19.064046959584484], [72.86307134716169, 19.064046959584484], [72.86307134716169, 19.06395712805607], [72.86316117869009, 19.06395712805607], [72.86316117869009, 19.06386729652766], [72.8632510102185, 19.06386729652766], [72.8632510102185, 19.063687633470835], [72.86334084174692, 19.063687633470835], [72.86334084174692, 19.063597801942425], [72.86343067327533, 19.063597801942425], [72.86343067327533, 19.063507970414012], [72.86352050480374, 19.063507970414012], [72.86352050480374, 19.063777464999248], [72.86361033633216, 19.063777464999248], [72.86361033633216, 19.064046959584484], [72.86370016786057, 19.064046959584484], [72.86370016786057, 19.06431645416972], [72.86378999938898, 19.06431645416972], [72.86378999938898, 19.064496117226543], [72.8638798309174, 19.064496117226543], [72.8638798309174, 19.064675780283366], [72.86396966244581, 19.064675780283366], [72.86396966244581, 19.064945274868602], [72.86405949397422, 19.064945274868602], [72.86405949397422, 19.06512493792543], [72.86414932550262, 19.06512493792543], [72.86414932550262, 19.065394432510665], [72.86423915703104, 19.065394432510665], [72.86423915703104, 19.065574095567488], [72.86432898855945, 19.065574095567488], [72.86432898855945, 19.065843590152724], [72.86441882008786, 19.065843590152724], [72.86441882008786, 19.066023253209547], [72.86450865161628, 19.066023253209547], [72.86450865161628, 19.06620291626637], [72.86459848314469, 19.06620291626637], [72.86459848314469, 19.066472410851606], [72.8646883146731, 19.066472410851606], [72.8646883146731, 19.06665207390843], [72.86477814620152, 19.06665207390843], [72.86477814620152, 19.066831736965256], [72.86486797772993, 19.066831736965256], [72.86486797772993, 19.06710123155049], [72.86495780925834, 19.06710123155049], [72.86495780925834, 19.067370726135728], [72.86504764078676, 19.067370726135728], [72.86504764078676, 19.067819883777787], [72.86513747231515, 19.067819883777787], [72.86513747231515, 19.06844870447667], [72.86522730384357, 19.06844870447667], [72.86522730384357, 19.06880803059032], [72.86531713537198, 19.06880803059032], [72.86531713537198, 19.069167356703964], [72.8654069669004, 19.069167356703964], [72.8654069669004, 19.0694368512892], [72.86549679842881, 19.0694368512892], [72.86549679842881, 19.06979617740285], [72.86558662995722, 19.06979617740285], [72.86558662995722, 19.070065671988086], [72.86567646148563, 19.070065671988086], [72.86567646148563, 19.07078432421538], [72.86558662995722, 19.07078432421538], [72.86558662995722, 19.071053818800618], [72.86549679842881, 19.071053818800618], [72.86549679842881, 19.071323313385854], [72.8654069669004, 19.071323313385854], [72.8654069669004, 19.07159280797109], [72.86531713537198, 19.07159280797109], [72.86531713537198, 19.072221628669972], [72.86522730384357, 19.072221628669972], [72.86522730384357, 19.07267078631203], [72.86513747231515, 19.07267078631203], [72.86513747231515, 19.072850449368854], [72.86504764078676, 19.072850449368854], [72.86504764078676, 19.07311994395409], [72.86495780925834, 19.07311994395409], [72.86495780925834, 19.07347927006774], [72.86486797772993, 19.07347927006774], [72.86486797772993, 19.073748764652976], [72.86477814620152, 19.073748764652976], [72.86477814620152, 19.074197922295035], [72.8646883146731, 19.074197922295035], [72.8646883146731, 19.074736911465507], [72.86459848314469, 19.074736911465507], [72.86459848314469, 19.074826742993917], [72.8646883146731, 19.074826742993917], [72.8646883146731, 19.075096237579153], [72.86459848314469, 19.075096237579153], [72.86459848314469, 19.07635387897692], [72.8646883146731, 19.07635387897692], [72.8646883146731, 19.076892868147393], [72.86477814620152, 19.076892868147393], [72.86477814620152, 19.077431857317865], [72.86486797772993, 19.077431857317865], [72.86486797772993, 19.07761152037469], [72.86495780925834, 19.07761152037469], [72.86495780925834, 19.07779118343151], [72.86504764078676, 19.07779118343151], [72.86504764078676, 19.077970846488338], [72.86513747231515, 19.077970846488338], [72.86513747231515, 19.07815050954516], [72.86522730384357, 19.07815050954516], [72.86522730384357, 19.078330172601984], [72.86531713537198, 19.078330172601984], [72.86531713537198, 19.078420004130397], [72.8654069669004, 19.078420004130397], [72.8654069669004, 19.07859966718722], [72.86549679842881, 19.07859966718722], [72.86549679842881, 19.078779330244043], [72.86558662995722, 19.078779330244043], [72.86558662995722, 19.07895899330087], [72.86567646148563, 19.07895899330087], [72.86567646148563, 19.07904882482928], [72.86576629301405, 19.07904882482928], [72.86576629301405, 19.079228487886105], [72.86585612454246, 19.079228487886105], [72.86585612454246, 19.07940815094293], [72.86594595607087, 19.07940815094293], [72.86594595607087, 19.07958781399975], [72.86603578759929, 19.07958781399975], [72.86603578759929, 19.079767477056574], [72.86612561912769, 19.079767477056574], [72.86612561912769, 19.079857308584987], [72.8662154506561, 19.079857308584987], [72.8662154506561, 19.08003697164181], [72.86630528218451, 19.08003697164181], [72.86630528218451, 19.080126803170224], [72.86648494524134, 19.080126803170224], [72.86648494524134, 19.080216634698637], [72.86657477676975, 19.080216634698637], [72.86657477676975, 19.080306466227047], [72.86666460829817, 19.080306466227047], [72.86666460829817, 19.08039629775546], [72.86675443982658, 19.08039629775546], [72.86675443982658, 19.080486129283873], [72.86684427135499, 19.080486129283873], [72.86684427135499, 19.080575960812283], [72.8669341028834, 19.080575960812283], [72.8669341028834, 19.080665792340696], [72.86702393441182, 19.080665792340696], [72.86702393441182, 19.080755623869106], [72.86720359746863, 19.080755623869106], [72.86720359746863, 19.08084545539752], [72.86729342899704, 19.08084545539752], [72.86729342899704, 19.080935286925932], [72.86738326052546, 19.080935286925932], [72.86738326052546, 19.081025118454342], [72.86747309205387, 19.081025118454342], [72.86747309205387, 19.081114949982755], [72.86756292358228, 19.081114949982755], [72.86756292358228, 19.08120478151117], [72.86774258663911, 19.08120478151117], [72.86774258663911, 19.081294613039578], [72.86783241816752, 19.081294613039578], [72.86783241816752, 19.08138444456799], [72.86801208122435, 19.08138444456799], [72.86801208122435, 19.081474276096404], [72.86810191275275, 19.081474276096404], [72.86810191275275, 19.081564107624814], [72.86828157580958, 19.081564107624814], [72.86828157580958, 19.081653939153227], [72.8684612388664, 19.081653939153227], [72.8684612388664, 19.081743770681637], [72.86855107039482, 19.081743770681637], [72.86855107039482, 19.08183360221005], [72.86873073345164, 19.08183360221005], [72.86873073345164, 19.081923433738464], [72.86891039650847, 19.081923433738464], [72.86891039650847, 19.082013265266873], [72.86909005956528, 19.082013265266873], [72.86909005956528, 19.082103096795286], [72.8691798910937, 19.082103096795286], [72.8691798910937, 19.0821929283237], [72.86926972262211, 19.0821929283237], [72.86926972262211, 19.082103096795286], [72.86935955415052, 19.082103096795286], [72.86935955415052, 19.082013265266873], [72.86953921720735, 19.082013265266873], [72.86953921720735, 19.082103096795286], [72.86971888026417, 19.082103096795286], [72.86971888026417, 19.082013265266873], [72.86980871179259, 19.082013265266873], [72.86980871179259, 19.081923433738464], [72.87016803790623, 19.081923433738464], [72.87016803790623, 19.08183360221005], [72.87052736401988, 19.08183360221005], [72.87052736401988, 19.081923433738464], [72.87061719554829, 19.081923433738464], [72.87061719554829, 19.082013265266873], [72.8707070270767, 19.082013265266873], [72.8707070270767, 19.082462422908936], [72.87052736401988, 19.082462422908936], [72.87052736401988, 19.082372591380523], [72.87034770096305, 19.082372591380523], [72.87034770096305, 19.082462422908936], [72.87025786943464, 19.082462422908936], [72.87025786943464, 19.082552254437346], [72.87016803790623, 19.082552254437346], [72.87016803790623, 19.08264208596576], [72.87034770096305, 19.08264208596576], [72.87034770096305, 19.084348885005586], [72.87043753249147, 19.084348885005586], [72.87043753249147, 19.08470821111923], [72.87052736401988, 19.08470821111923], [72.87052736401988, 19.084977705704468], [72.87061719554829, 19.084977705704468], [72.87061719554829, 19.085337031818117], [72.8707070270767, 19.085337031818117], [72.8707070270767, 19.085696357931763], [72.87079685860512, 19.085696357931763], [72.87079685860512, 19.08587602098859], [72.87088669013353, 19.08587602098859], [72.87088669013353, 19.086145515573826], [72.87097652166194, 19.086145515573826], [72.87097652166194, 19.08632517863065], [72.87106635319034, 19.08632517863065], [72.87106635319034, 19.08650484168747], [72.87115618471876, 19.08650484168747], [72.87115618471876, 19.086594673215885], [72.87124601624717, 19.086594673215885], [72.87124601624717, 19.086774336272708], [72.87133584777558, 19.086774336272708], [72.87133584777558, 19.08695399932953], [72.871425679304, 19.08695399932953], [72.871425679304, 19.087133662386357], [72.87151551083241, 19.087133662386357], [72.87151551083241, 19.087223493914767], [72.87160534236082, 19.087223493914767], [72.87160534236082, 19.087403156971593], [72.87169517388924, 19.087403156971593], [72.87169517388924, 19.08767265155683], [72.87178500541765, 19.08767265155683], [72.87178500541765, 19.088211640727298], [72.87187483694606, 19.088211640727298], [72.87187483694606, 19.08875062989777], [72.87196466847448, 19.08875062989777], [72.87196466847448, 19.089020124483007], [72.87205450000287, 19.089020124483007], [72.87205450000287, 19.08919978753983], [72.87214433153129, 19.08919978753983], [72.87214433153129, 19.089379450596656], [72.8722341630597, 19.089379450596656], [72.8722341630597, 19.089648945181892], [72.87232399458811, 19.089648945181892], [72.87232399458811, 19.089828608238715], [72.87241382611653, 19.089828608238715], [72.87241382611653, 19.09009810282395], [72.87250365764494, 19.09009810282395], [72.87250365764494, 19.09018793435236], [72.87259348917335, 19.09018793435236], [72.87259348917335, 19.090367597409188]]]}}, {"type": "Feature", "properties": {"layer": "vegetation_extent", "class": "Trees", "class_label": "Trees", "name": "Trees 1", "description": "Mula-Mutha Vegetation Type - Study Area", "color": "#228B22", "source": "vegetation_type_study_area.kml"}, "geometry": {"type": "Polygon", "coordinates": [[[72.85004577554196, 19.04724846377145], [72.84995594401354, 19.04724846377145], [72.84995594401354, 19.047338295299863], [72.85004577554196, 19.047338295299863], [72.85004577554196, 19.04724846377145]]]}}, {"type": "Feature", "properties": {"layer": "vegetation_extent", "class": "Trees", "class_label": "Trees", "name": "Trees 2", "description": "Mula-Mutha Vegetation Type - Study Area", "color": "#228B22", "source": "vegetation_type_study_area.kml"}, "geometry": {"type": "Polygon", "coordinates": [[[72.85094409082608, 19.047428126828272], [72.85103392235449, 19.047428126828272], [72.85103392235449, 19.047068800714626], [72.85094409082608, 19.047068800714626], [72.85094409082608, 19.046978969186213], [72.85085425929766, 19.046978969186213], [72.85085425929766, 19.0468891376578], [72.84995594401354, 19.0468891376578], [72.84995594401354, 19.04679930612939], [72.84977628095672, 19.04679930612939], [72.84977628095672, 19.046709474600977], [72.84950678637148, 19.046709474600977], [72.84950678637148, 19.046619643072564], [72.84932712331465, 19.046619643072564], [72.84932712331465, 19.046529811544154], [72.84869830261577, 19.046529811544154], [72.84869830261577, 19.04643998001574], [72.84833897650212, 19.04643998001574], [72.84833897650212, 19.04635014848733], [72.84753049274642, 19.04635014848733], [72.84753049274642, 19.046260316958918], [72.84735082968959, 19.046260316958918], [72.84735082968959, 19.046170485430505], [72.84708133510436, 19.046170485430505], [72.84708133510436, 19.046080653902095], [72.84672200899071, 19.046080653902095], [72.84672200899071, 19.045990822373682], [72.84627285134864, 19.045990822373682], [72.84627285134864, 19.04590099084527], [72.84618301982024, 19.04590099084527], [72.84618301982024, 19.045721327788446], [72.84609318829183, 19.045721327788446], [72.84609318829183, 19.045631496260032], [72.84582369370659, 19.045631496260032], [72.84582369370659, 19.045541664731623], [72.84537453606453, 19.045541664731623], [72.84537453606453, 19.04545183320321], [72.84519487300771, 19.04545183320321], [72.84519487300771, 19.045541664731623], [72.84501520995089, 19.045541664731623], [72.84501520995089, 19.045721327788446], [72.84492537842247, 19.045721327788446], [72.84492537842247, 19.045990822373682], [72.84483554689406, 19.045990822373682], [72.84483554689406, 19.046170485430505], [72.84474571536565, 19.046170485430505], [72.84474571536565, 19.046260316958918], [72.84465588383723, 19.046260316958918], [72.84465588383723, 19.04643998001574], [72.84456605230882, 19.04643998001574], [72.84456605230882, 19.046619643072564], [72.84447622078041, 19.046619643072564], [72.84447622078041, 19.046709474600977], [72.844386389252, 19.046709474600977], [72.844386389252, 19.04679930612939], [72.84429655772358, 19.04679930612939], [72.84429655772358, 19.0468891376578], [72.84420672619518, 19.0468891376578], [72.84420672619518, 19.047068800714626], [72.84411689466677, 19.047068800714626], [72.84411689466677, 19.047158632243036], [72.84402706313836, 19.047158632243036], [72.84402706313836, 19.047338295299863], [72.84393723160994, 19.047338295299863], [72.84393723160994, 19.047517958356686], [72.84384740008153, 19.047517958356686], [72.84384740008153, 19.04778745294192], [72.84375756855312, 19.04778745294192], [72.84375756855312, 19.047967115998745], [72.8436677370247, 19.047967115998745], [72.8436677370247, 19.048146779055568], [72.84357790549629, 19.048146779055568], [72.84357790549629, 19.048326442112394], [72.84348807396788, 19.048326442112394], [72.84348807396788, 19.048595936697627], [72.84339824243946, 19.048595936697627], [72.84339824243946, 19.048775599754453], [72.84330841091105, 19.048775599754453], [72.84330841091105, 19.04904509433969], [72.84321857938265, 19.04904509433969], [72.84321857938265, 19.049224757396512], [72.84312874785424, 19.049224757396512], [72.84312874785424, 19.049404420453335], [72.84303891632582, 19.049404420453335], [72.84303891632582, 19.049584083510158], [72.84294908479741, 19.049584083510158], [72.84294908479741, 19.049763746566985], [72.842859253269, 19.049763746566985], [72.842859253269, 19.05003324115222], [72.84276942174058, 19.05003324115222], [72.84276942174058, 19.050212904209044], [72.84267959021217, 19.050212904209044], [72.84267959021217, 19.050841724907926], [72.84276942174058, 19.050841724907926], [72.84276942174058, 19.05093155643634], [72.84294908479741, 19.05093155643634], [72.84294908479741, 19.051021387964752], [72.84348807396788, 19.051021387964752], [72.84348807396788, 19.051111219493162], [72.84384740008153, 19.051111219493162], [72.84384740008153, 19.051201051021575], [72.84420672619518, 19.051201051021575], [72.84420672619518, 19.05129088254999], [72.84609318829183, 19.05129088254999], [72.84609318829183, 19.051201051021575], [72.84735082968959, 19.051201051021575], [72.84735082968959, 19.05129088254999], [72.84762032427483, 19.05129088254999], [72.84762032427483, 19.051380714078398], [72.8480694819169, 19.051380714078398], [72.8480694819169, 19.05129088254999], [72.84815931344531, 19.05129088254999], [72.84815931344531, 19.051201051021575], [72.8482491449737, 19.051201051021575], [72.8482491449737, 19.051021387964752], [72.84842880803053, 19.051021387964752], [72.84842880803053, 19.05093155643634], [72.8482491449737, 19.05093155643634], [72.8482491449737, 19.050841724907926], [72.84815931344531, 19.050841724907926], [72.84815931344531, 19.050662061851103], [72.84833897650212, 19.050662061851103], [72.84833897650212, 19.050841724907926], [72.84860847108736, 19.050841724907926], [72.84860847108736, 19.050751893379516], [72.84869830261577, 19.050751893379516], [72.84869830261577, 19.050662061851103], [72.84878813414419, 19.050662061851103], [72.84878813414419, 19.05048239879428], [72.8488779656726, 19.05048239879428], [72.8488779656726, 19.050392567265867], [72.84905762872943, 19.050392567265867], [72.84905762872943, 19.050302735737457], [72.84914746025784, 19.050302735737457], [72.84914746025784, 19.050212904209044], [72.84923729178624, 19.050212904209044], [72.84923729178624, 19.05003324115222], [72.84932712331465, 19.05003324115222], [72.84932712331465, 19.049943409623808], [72.84941695484306, 19.049943409623808], [72.84941695484306, 19.049853578095394], [72.84950678637148, 19.049853578095394], [72.84950678637148, 19.049763746566985], [72.84959661789989, 19.049763746566985], [72.84959661789989, 19.049584083510158], [72.8496864494283, 19.049584083510158], [72.8496864494283, 19.04949425198175], [72.84977628095672, 19.04949425198175], [72.84977628095672, 19.049404420453335], [72.84986611248513, 19.049404420453335], [72.84986611248513, 19.049314588924926], [72.84995594401354, 19.049314588924926], [72.84995594401354, 19.0491349258681], [72.85004577554196, 19.0491349258681], [72.85004577554196, 19.04904509433969], [72.85013560707037, 19.04904509433969], [72.85013560707037, 19.048955262811276], [72.85022543859877, 19.048955262811276], [72.85022543859877, 19.048775599754453], [72.85031527012718, 19.048775599754453], [72.85031527012718, 19.048595936697627], [72.85049493318401, 19.048595936697627], [72.85049493318401, 19.048416273640804], [72.85058476471242, 19.048416273640804], [72.85058476471242, 19.04823661058398], [72.85067459624084, 19.04823661058398], [72.85067459624084, 19.048146779055568], [72.85076442776925, 19.048146779055568], [72.85076442776925, 19.047967115998745], [72.85085425929766, 19.047967115998745], [72.85085425929766, 19.04778745294192], [72.85076442776925, 19.04778745294192], [72.85076442776925, 19.047607789885095], [72.85085425929766, 19.047607789885095], [72.85085425929766, 19.04769762141351], [72.85094409082608, 19.04769762141351], [72.85094409082608, 19.047428126828272]]]}}, {"type": "Feature", "properties": {"layer": "vegetation_extent", "class": "Trees", "class_label": "Trees", "name": "Trees 3", "description": "Mula-Mutha Vegetation Type - Study Area", "color": "#228B22", "source": "vegetation_type_study_area.kml"}, "geometry": {"type": "Polygon", "coordinates": [[[72.84097279117235, 19.049224757396512], [72.84097279117235, 19.04904509433969], [72.84088295964393, 19.04904509433969], [72.84088295964393, 19.048955262811276], [72.84079312811552, 19.048955262811276], [72.84079312811552, 19.048865431282863], [72.84070329658711, 19.048865431282863], [72.84070329658711, 19.048775599754453], [72.84052363353028, 19.048775599754453], [72.84052363353028, 19.04868576822604], [72.84016430741664, 19.04868576822604], [72.84016430741664, 19.048775599754453], [72.84007447588823, 19.048775599754453], [72.84007447588823, 19.048955262811276], [72.83998464435982, 19.048955262811276], [72.83998464435982, 19.048865431282863], [72.8398948128314, 19.048865431282863], [72.8398948128314, 19.048955262811276], [72.83971514977458, 19.048955262811276], [72.83971514977458, 19.049404420453335], [72.83980498130299, 19.049404420453335], [72.83980498130299, 19.049584083510158], [72.8398948128314, 19.049584083510158], [72.8398948128314, 19.04967391503857], [72.83998464435982, 19.04967391503857], [72.83998464435982, 19.049763746566985], [72.84007447588823, 19.049763746566985], [72.84007447588823, 19.049584083510158], [72.84016430741664, 19.049584083510158], [72.84016430741664, 19.049763746566985], [72.84025413894506, 19.049763746566985], [72.84025413894506, 19.049853578095394], [72.84043380200187, 19.049853578095394], [72.84043380200187, 19.049943409623808], [72.8406134650587, 19.049943409623808], [72.8406134650587, 19.05003324115222], [72.84097279117235, 19.05003324115222], [72.84097279117235, 19.049943409623808], [72.84106262270076, 19.049943409623808], [72.84106262270076, 19.049224757396512], [72.84097279117235, 19.049224757396512]]]}}, {"type": "Feature", "properties": {"layer": "vegetation_extent", "class": "Trees", "class_label": "Trees", "name": "Trees 4", "description": "Mula-Mutha Vegetation Type - Study Area", "color": "#228B22", "source": "vegetation_type_study_area.kml"}, "geometry": {"type": "Polygon", "coordinates": [[[72.85444752043414, 19.049584083510158], [72.85444752043414, 19.04949425198175], [72.85435768890572, 19.04949425198175], [72.85435768890572, 19.049584083510158], [72.85444752043414, 19.049584083510158]]]}}, {"type": "Feature", "properties": {"layer": "vegetation_extent", "class": "Trees", "class_label": "Trees", "name": "Trees 5", "description": "Mula-Mutha Vegetation Type - Study Area", "color": "#228B22", "source": "vegetation_type_study_area.kml"}, "geometry": {"type": "Polygon", "coordinates": [[[72.85453735196255, 19.049763746566985], [72.85453735196255, 19.049584083510158], [72.85444752043414, 19.049584083510158], [72.85444752043414, 19.049763746566985], [72.85453735196255, 19.049763746566985]]]}}, {"type": "Feature", "properties": {"layer": "vegetation_extent", "class": "Trees", "class_label": "Trees", "name": "Trees 6", "description": "Mula-Mutha Vegetation Type - Study Area", "color": "#228B22", "source": "vegetation_type_study_area.kml"}, "geometry": {"type": "Polygon", "coordinates": [[[72.84016430741664, 19.049853578095394], [72.84016430741664, 19.049763746566985], [72.84007447588823, 19.049763746566985], [72.84007447588823, 19.049853578095394], [72.84016430741664, 19.049853578095394]]]}}, {"type": "Feature", "properties": {"layer": "vegetation_extent", "class": "Trees", "class_label": "Trees", "name": "Trees 7", "description": "Mula-Mutha Vegetation Type - Study Area", "color": "#228B22", "source": "vegetation_type_study_area.kml"}, "geometry": {"type": "Polygon", "coordinates": [[[72.85327971056478, 19.050751893379516], [72.85327971056478, 19.050392567265867], [72.85310004750797, 19.050392567265867], [72.85310004750797, 19.050751893379516], [72.85327971056478, 19.050751893379516]]]}}, {"type": "Feature", "properties": {"layer": "vegetation_extent", "class": "Trees", "class_label": "Trees", "name": "Trees 8", "description": "Mula-Mutha Vegetation Type - Study Area", "color": "#228B22", "source": "vegetation_type_study_area.kml"}, "geometry": {"type": "Polygon", "coordinates": [[[72.84995594401354, 19.052189197834107], [72.84995594401354, 19.052099366305693], [72.84986611248513, 19.052099366305693], [72.84986611248513, 19.052189197834107], [72.84995594401354, 19.052189197834107]]]}}, {"type": "Feature", "properties": {"layer": "vegetation_extent", "class": "Trees", "class_label": "Trees", "name": "Trees 9", "description": "Mula-Mutha Vegetation Type - Study Area", "color": "#228B22", "source": "vegetation_type_study_area.kml"}, "geometry": {"type": "Polygon", "coordinates": [[[72.85049493318401, 19.048955262811276], [72.85049493318401, 19.04904509433969], [72.85031527012718, 19.04904509433969], [72.85031527012718, 19.0491349258681], [72.85022543859877, 19.0491349258681], [72.85022543859877, 19.049404420453335], [72.85013560707037, 19.049404420453335], [72.85013560707037, 19.049584083510158], [72.85004577554196, 19.049584083510158], [72.85004577554196, 19.04967391503857], [72.84995594401354, 19.04967391503857], [72.84995594401354, 19.049763746566985], [72.84986611248513, 19.049763746566985], [72.84986611248513, 19.049853578095394], [72.84977628095672, 19.049853578095394], [72.84977628095672, 19.049943409623808], [72.8496864494283, 19.049943409623808], [72.8496864494283, 19.05012307268063], [72.84959661789989, 19.05012307268063], [72.84959661789989, 19.050212904209044], [72.84950678637148, 19.050212904209044], [72.84950678637148, 19.050302735737457], [72.84941695484306, 19.050302735737457], [72.84941695484306, 19.050392567265867], [72.84932712331465, 19.050392567265867], [72.84932712331465, 19.05048239879428], [72.84923729178624, 19.05048239879428], [72.84923729178624, 19.050662061851103], [72.84914746025784, 19.050662061851103], [72.84914746025784, 19.050841724907926], [72.84905762872943, 19.050841724907926], [72.84905762872943, 19.051021387964752], [72.84896779720101, 19.051021387964752], [72.84896779720101, 19.051111219493162], [72.8488779656726, 19.051111219493162], [72.8488779656726, 19.051201051021575], [72.84878813414419, 19.051201051021575], [72.84878813414419, 19.05129088254999], [72.8488779656726, 19.05129088254999], [72.8488779656726, 19.051380714078398], [72.84878813414419, 19.051380714078398], [72.84878813414419, 19.05147054560681], [72.8488779656726, 19.05147054560681], [72.8488779656726, 19.05156037713522], [72.8496864494283, 19.05156037713522], [72.8496864494283, 19.05147054560681], [72.85022543859877, 19.05147054560681], [72.85022543859877, 19.05156037713522], [72.85094409082608, 19.05156037713522], [72.85094409082608, 19.051650208663634], [72.85103392235449, 19.051650208663634], [72.85103392235449, 19.051740040192048], [72.85193223763861, 19.051740040192048], [72.85193223763861, 19.051650208663634], [72.85211190069543, 19.051650208663634], [72.85211190069543, 19.05156037713522], [72.85220173222383, 19.05156037713522], [72.85220173222383, 19.051650208663634], [72.85229156375225, 19.051650208663634], [72.85229156375225, 19.052099366305693], [72.85238139528066, 19.052099366305693], [72.85238139528066, 19.05227902936252], [72.85247122680907, 19.05227902936252], [72.85247122680907, 19.052548523947753], [72.85256105833749, 19.052548523947753], [72.85256105833749, 19.05272818700458], [72.85283055292273, 19.05272818700458], [72.85283055292273, 19.05281801853299], [72.85292038445114, 19.05281801853299], [72.85292038445114, 19.052997681589815], [72.85301021597955, 19.052997681589815], [72.85301021597955, 19.053087513118225], [72.85310004750797, 19.053087513118225], [72.85310004750797, 19.053177344646638], [72.85318987903636, 19.053177344646638], [72.85318987903636, 19.05335700770346], [72.85327971056478, 19.05335700770346], [72.85327971056478, 19.053446839231874], [72.85336954209319, 19.053446839231874], [72.85336954209319, 19.053536670760288], [72.85354920515002, 19.053536670760288], [72.85354920515002, 19.053626502288697], [72.85363903667843, 19.053626502288697], [72.85363903667843, 19.05371633381711], [72.85372886820684, 19.05371633381711], [72.85372886820684, 19.05380616534552], [72.85381869973526, 19.05380616534552], [72.85381869973526, 19.053895996873933], [72.85399836279208, 19.053895996873933], [72.85399836279208, 19.053985828402347], [72.8541780258489, 19.053985828402347], [72.8541780258489, 19.054075659930756], [72.85426785737731, 19.054075659930756], [72.85426785737731, 19.05416549145917], [72.85435768890572, 19.05416549145917], [72.85435768890572, 19.054255322987583], [72.85444752043414, 19.054255322987583], [72.85444752043414, 19.054345154515993], [72.85453735196255, 19.054345154515993], [72.85453735196255, 19.054434986044406], [72.85462718349096, 19.054434986044406], [72.85462718349096, 19.05452481757282], [72.85471701501938, 19.05452481757282], [72.85471701501938, 19.05461464910123], [72.85480684654779, 19.05461464910123], [72.85480684654779, 19.054704480629642], [72.8548966780762, 19.054704480629642], [72.8548966780762, 19.05479431215805], [72.85498650960461, 19.05479431215805], [72.85498650960461, 19.054884143686465], [72.85507634113303, 19.054884143686465], [72.85507634113303, 19.054973975214878], [72.85525600418984, 19.054973975214878], [72.85525600418984, 19.055063806743288], [72.85534583571825, 19.055063806743288], [72.85534583571825, 19.0551536382717], [72.85543566724667, 19.0551536382717], [72.85543566724667, 19.055243469800114], [72.85552549877508, 19.055243469800114], [72.85552549877508, 19.055333301328524], [72.8556153303035, 19.055333301328524], [72.8556153303035, 19.055423132856937], [72.8557051618319, 19.055423132856937], [72.8557051618319, 19.05551296438535], [72.85579499336032, 19.05551296438535], [72.85579499336032, 19.05560279591376], [72.85588482488873, 19.05560279591376], [72.85588482488873, 19.055692627442173], [72.85606448794556, 19.055692627442173], [72.85606448794556, 19.055782458970583], [72.85615431947396, 19.055782458970583], [72.85615431947396, 19.055872290498996], [72.85624415100237, 19.055872290498996], [72.85624415100237, 19.05596212202741], [72.85633398253078, 19.05596212202741], [72.85633398253078, 19.05605195355582], [72.85651364558761, 19.05605195355582], [72.85651364558761, 19.056141785084233], [72.85669330864444, 19.056141785084233], [72.85669330864444, 19.056231616612646], [72.85678314017285, 19.056231616612646], [72.85678314017285, 19.056321448141055], [72.85696280322968, 19.056321448141055], [72.85696280322968, 19.05641127966947], [72.85705263475809, 19.05641127966947], [72.85705263475809, 19.056501111197882], [72.8572322978149, 19.056501111197882], [72.8572322978149, 19.05659094272629], [72.85741196087173, 19.05659094272629], [72.85741196087173, 19.056680774254705], [72.85759162392856, 19.056680774254705], [72.85759162392856, 19.056770605783115], [72.85777128698538, 19.056770605783115], [72.85777128698538, 19.056860437311528], [72.85804078157062, 19.056860437311528], [72.85804078157062, 19.05695026883994], [72.85813061309902, 19.05695026883994], [72.85813061309902, 19.05704010036835], [72.85840010768426, 19.05704010036835], [72.85840010768426, 19.057129931896764], [72.85875943379791, 19.057129931896764], [72.85875943379791, 19.057219763425177], [72.85911875991155, 19.057219763425177], [72.85911875991155, 19.057129931896764], [72.85929842296838, 19.057129931896764], [72.85929842296838, 19.05704010036835], [72.85938825449679, 19.05704010036835], [72.85938825449679, 19.056860437311528], [72.85929842296838, 19.056860437311528], [72.85929842296838, 19.056770605783115], [72.85920859143997, 19.056770605783115], [72.85920859143997, 19.056680774254705], [72.85911875991155, 19.056680774254705], [72.85911875991155, 19.05659094272629], [72.85902892838315, 19.05659094272629], [72.85902892838315, 19.056501111197882], [72.85893909685474, 19.056501111197882], [72.85893909685474, 19.05641127966947], [72.85884926532633, 19.05641127966947], [72.85884926532633, 19.056321448141055], [72.85875943379791, 19.056321448141055], [72.85875943379791, 19.056231616612646], [72.8586696022695, 19.056231616612646], [72.8586696022695, 19.056141785084233], [72.85848993921267, 19.056141785084233], [72.85848993921267, 19.05605195355582], [72.85831027615585, 19.05605195355582], [72.85831027615585, 19.05596212202741], [72.85822044462743, 19.05596212202741], [72.85822044462743, 19.055872290498996], [72.85813061309902, 19.055872290498996], [72.85813061309902, 19.055782458970583], [72.85804078157062, 19.055782458970583], [72.85804078157062, 19.055423132856937], [72.85795095004221, 19.055423132856937], [72.85795095004221, 19.054973975214878], [72.8578611185138, 19.054973975214878], [72.8578611185138, 19.05479431215805], [72.85777128698538, 19.05479431215805], [72.85777128698538, 19.054704480629642], [72.8578611185138, 19.054704480629642], [72.8578611185138, 19.05461464910123], [72.85777128698538, 19.05461464910123], [72.85777128698538, 19.054075659930756], [72.85768145545697, 19.054075659930756], [72.85768145545697, 19.053895996873933], [72.85759162392856, 19.053895996873933], [72.85759162392856, 19.053536670760288], [72.85750179240014, 19.053536670760288], [72.85750179240014, 19.05335700770346], [72.85741196087173, 19.05335700770346], [72.85741196087173, 19.05326717617505], [72.85732212934332, 19.05326717617505], [72.85732212934332, 19.052997681589815], [72.8572322978149, 19.052997681589815], [72.8572322978149, 19.052907850061402], [72.85714246628649, 19.052907850061402], [72.85714246628649, 19.05281801853299], [72.85678314017285, 19.05281801853299], [72.85678314017285, 19.052907850061402], [72.85624415100237, 19.052907850061402], [72.85624415100237, 19.052997681589815], [72.85615431947396, 19.052997681589815], [72.85615431947396, 19.052907850061402], [72.85597465641715, 19.052907850061402], [72.85597465641715, 19.05281801853299], [72.85588482488873, 19.05281801853299], [72.85588482488873, 19.05272818700458], [72.85597465641715, 19.05272818700458], [72.85597465641715, 19.052548523947753], [72.85624415100237, 19.052548523947753], [72.85624415100237, 19.052458692419343], [72.85633398253078, 19.052458692419343], [72.85633398253078, 19.05227902936252], [72.8564238140592, 19.05227902936252], [72.8564238140592, 19.052009534777284], [72.85633398253078, 19.052009534777284], [72.85633398253078, 19.051829871720457], [72.85624415100237, 19.051829871720457], [72.85624415100237, 19.051650208663634], [72.85615431947396, 19.051650208663634], [72.85615431947396, 19.05147054560681], [72.85606448794556, 19.05147054560681], [72.85606448794556, 19.05129088254999], [72.85597465641715, 19.05129088254999], [72.85597465641715, 19.051201051021575], [72.85588482488873, 19.051201051021575], [72.85588482488873, 19.051021387964752], [72.85579499336032, 19.051021387964752], [72.85579499336032, 19.05093155643634], [72.8557051618319, 19.05093155643634], [72.8557051618319, 19.050751893379516], [72.85534583571825, 19.050751893379516], [72.85534583571825, 19.050841724907926], [72.85525600418984, 19.050841724907926], [72.85525600418984, 19.051021387964752], [72.85534583571825, 19.051021387964752], [72.85534583571825, 19.05156037713522], [72.85525600418984, 19.05156037713522], [72.85525600418984, 19.051650208663634], [72.85516617266143, 19.051650208663634], [72.85516617266143, 19.051829871720457], [72.85480684654779, 19.051829871720457], [72.85480684654779, 19.05191970324887], [72.85471701501938, 19.05191970324887], [72.85471701501938, 19.052009534777284], [72.85462718349096, 19.052009534777284], [72.85462718349096, 19.052099366305693], [72.8540881943205, 19.052099366305693], [72.8540881943205, 19.052009534777284], [72.85381869973526, 19.052009534777284], [72.85381869973526, 19.05191970324887], [72.85363903667843, 19.05191970324887], [72.85363903667843, 19.051829871720457], [72.8534593736216, 19.051829871720457], [72.8534593736216, 19.051740040192048], [72.85336954209319, 19.051740040192048], [72.85336954209319, 19.051650208663634], [72.85310004750797, 19.051650208663634], [72.85310004750797, 19.051740040192048], [72.8526508898659, 19.051740040192048], [72.8526508898659, 19.051650208663634], [72.85247122680907, 19.051650208663634], [72.85247122680907, 19.05156037713522], [72.85256105833749, 19.05156037713522], [72.85256105833749, 19.051021387964752], [72.8526508898659, 19.051021387964752], [72.8526508898659, 19.050841724907926], [72.85274072139431, 19.050841724907926], [72.85274072139431, 19.050662061851103], [72.85283055292273, 19.050662061851103], [72.85283055292273, 19.05048239879428], [72.85274072139431, 19.05048239879428], [72.85274072139431, 19.050212904209044], [72.85301021597955, 19.050212904209044], [72.85301021597955, 19.050302735737457], [72.85327971056478, 19.050302735737457], [72.85327971056478, 19.05012307268063], [72.8534593736216, 19.05012307268063], [72.8534593736216, 19.050841724907926], [72.85381869973526, 19.050841724907926], [72.85381869973526, 19.05093155643634], [72.8540881943205, 19.05093155643634], [72.8540881943205, 19.050751893379516], [72.85435768890572, 19.050751893379516], [72.85435768890572, 19.050392567265867], [72.85453735196255, 19.050392567265867], [72.85453735196255, 19.050302735737457], [72.85471701501938, 19.050302735737457], [72.85471701501938, 19.050212904209044], [72.85444752043414, 19.050212904209044], [72.85444752043414, 19.05012307268063], [72.85435768890572, 19.05012307268063], [72.85435768890572, 19.049943409623808], [72.8541780258489, 19.049943409623808], [72.8541780258489, 19.049853578095394], [72.85399836279208, 19.049853578095394], [72.85399836279208, 19.04967391503857], [72.85381869973526, 19.04967391503857], [72.85381869973526, 19.049584083510158], [72.85399836279208, 19.049584083510158], [72.85399836279208, 19.049224757396512], [72.85390853126367, 19.049224757396512], [72.85390853126367, 19.0491349258681], [72.85381869973526, 19.0491349258681], [72.85381869973526, 19.049224757396512], [72.85372886820684, 19.049224757396512], [72.85372886820684, 19.0491349258681], [72.85363903667843, 19.0491349258681], [72.85363903667843, 19.048955262811276], [72.85354920515002, 19.048955262811276], [72.85354920515002, 19.048775599754453], [72.85336954209319, 19.048775599754453], [72.85336954209319, 19.04868576822604], [72.85327971056478, 19.04868576822604], [72.85327971056478, 19.048595936697627], [72.85318987903636, 19.048595936697627], [72.85318987903636, 19.048506105169217], [72.85310004750797, 19.048506105169217], [72.85310004750797, 19.048326442112394], [72.85301021597955, 19.048326442112394], [72.85301021597955, 19.048146779055568], [72.85283055292273, 19.048146779055568], [72.85283055292273, 19.048056947527158], [72.85274072139431, 19.048056947527158], [72.85274072139431, 19.04787728447033], [72.8526508898659, 19.04787728447033], [72.8526508898659, 19.04778745294192], [72.85256105833749, 19.04778745294192], [72.85256105833749, 19.04769762141351], [72.85238139528066, 19.04769762141351], [72.85238139528066, 19.047607789885095], [72.85220173222383, 19.047607789885095], [72.85220173222383, 19.047517958356686], [72.85166274305337, 19.047517958356686], [72.85166274305337, 19.047607789885095], [72.85157291152495, 19.047607789885095], [72.85157291152495, 19.04769762141351], [72.85130341693971, 19.04769762141351], [72.85130341693971, 19.04778745294192], [72.8512135854113, 19.04778745294192], [72.8512135854113, 19.047967115998745], [72.8511237538829, 19.047967115998745], [72.8511237538829, 19.048056947527158], [72.85103392235449, 19.048056947527158], [72.85103392235449, 19.04823661058398], [72.85085425929766, 19.04823661058398], [72.85085425929766, 19.048416273640804], [72.85067459624084, 19.048416273640804], [72.85067459624084, 19.04868576822604], [72.85058476471242, 19.04868576822604], [72.85058476471242, 19.048955262811276], [72.85049493318401, 19.048955262811276]]]}}, {"type": "Feature", "properties": {"layer": "vegetation_extent", "class": "Trees", "class_label": "Trees", "name": "Trees 10", "description": "Mula-Mutha Vegetation Type - Study Area", "color": "#228B22", "source": "vegetation_type_study_area.kml"}, "geometry": {"type": "Polygon", "coordinates": [[[72.84681184051912, 19.052458692419343], [72.84681184051912, 19.05236886089093], [72.84654234593388, 19.05236886089093], [72.84654234593388, 19.052458692419343], [72.84681184051912, 19.052458692419343]]]}}, {"type": "Feature", "properties": {"layer": "vegetation_extent", "class": "Trees", "class_label": "Trees", "name": "Trees 11", "description": "Mula-Mutha Vegetation Type - Study Area", "color": "#228B22", "source": "vegetation_type_study_area.kml"}, "geometry": {"type": "Polygon", "coordinates": [[[72.8578611185138, 19.052907850061402], [72.8578611185138, 19.05272818700458], [72.85777128698538, 19.05272818700458], [72.85777128698538, 19.052638355476166], [72.85768145545697, 19.052638355476166], [72.85768145545697, 19.052548523947753], [72.85759162392856, 19.052548523947753], [72.85759162392856, 19.052638355476166], [72.85750179240014, 19.052638355476166], [72.85750179240014, 19.05272818700458], [72.85741196087173, 19.05272818700458], [72.85741196087173, 19.053087513118225], [72.85750179240014, 19.053087513118225], [72.85750179240014, 19.052997681589815], [72.85777128698538, 19.052997681589815], [72.85777128698538, 19.052907850061402], [72.8578611185138, 19.052907850061402]]]}}, {"type": "Feature", "properties": {"layer": "vegetation_extent", "class": "Trees", "class_label": "Trees", "name": "Trees 12", "description": "Mula-Mutha Vegetation Type - Study Area", "color": "#228B22", "source": "vegetation_type_study_area.kml"}, "geometry": {"type": "Polygon", "coordinates": [[[72.85983741213886, 19.055243469800114], [72.85983741213886, 19.0551536382717], [72.85974758061045, 19.0551536382717], [72.85974758061045, 19.055243469800114], [72.85983741213886, 19.055243469800114]]]}}, {"type": "Feature", "properties": {"layer": "vegetation_extent", "class": "Trees", "class_label": "Trees", "name": "Trees 13", "description": "Mula-Mutha Vegetation Type - Study Area", "color": "#228B22", "source": "vegetation_type_study_area.kml"}, "geometry": {"type": "Polygon", "coordinates": [[[72.85624415100237, 19.058028247180882], [72.85624415100237, 19.05784858412406], [72.85606448794556, 19.05784858412406], [72.85606448794556, 19.058028247180882], [72.85624415100237, 19.058028247180882]]]}}, {"type": "Feature", "properties": {"layer": "vegetation_extent", "class": "Trees", "class_label": "Trees", "name": "Trees 14", "description": "Mula-Mutha Vegetation Type - Study Area", "color": "#228B22", "source": "vegetation_type_study_area.kml"}, "geometry": {"type": "Polygon", "coordinates": [[[72.85875943379791, 19.060004540805945], [72.85875943379791, 19.059914709277535], [72.85884926532633, 19.059914709277535], [72.85884926532633, 19.059824877749122], [72.85902892838315, 19.059824877749122], [72.85902892838315, 19.05973504622071], [72.85920859143997, 19.05973504622071], [72.85920859143997, 19.0596452146923], [72.85938825449679, 19.0596452146923], [72.85938825449679, 19.059555383163886], [72.85956791755362, 19.059555383163886], [72.85956791755362, 19.059465551635476], [72.85974758061045, 19.059465551635476], [72.85974758061045, 19.059375720107063], [72.85983741213886, 19.059375720107063], [72.85983741213886, 19.05928588857865], [72.86001707519569, 19.05928588857865], [72.86001707519569, 19.05919605705024], [72.8601967382525, 19.05919605705024], [72.8601967382525, 19.059106225521827], [72.86028656978091, 19.059106225521827], [72.86028656978091, 19.059016393993414], [72.86046623283774, 19.059016393993414], [72.86046623283774, 19.058926562465004], [72.86064589589456, 19.058926562465004], [72.86064589589456, 19.05883673093659], [72.86073572742298, 19.05883673093659], [72.86073572742298, 19.058746899408177], [72.8609153904798, 19.058746899408177], [72.8609153904798, 19.058657067879768], [72.86100522200822, 19.058657067879768], [72.86100522200822, 19.058567236351355], [72.86109505353663, 19.058567236351355], [72.86109505353663, 19.058477404822945], [72.86118488506503, 19.058477404822945], [72.86118488506503, 19.05838757329453], [72.86136454812186, 19.05838757329453], [72.86136454812186, 19.05829774176612], [72.8616340427071, 19.05829774176612], [72.8616340427071, 19.05820791023771], [72.86190353729233, 19.05820791023771], [72.86190353729233, 19.058118078709295], [72.86208320034916, 19.058118078709295], [72.86208320034916, 19.058028247180882], [72.86217303187756, 19.058028247180882], [72.86217303187756, 19.057938415652472], [72.86235269493439, 19.057938415652472], [72.86235269493439, 19.05784858412406], [72.86253235799121, 19.05784858412406], [72.86253235799121, 19.057758752595646], [72.86271202104804, 19.057758752595646], [72.86271202104804, 19.057668921067236], [72.86289168410487, 19.057668921067236], [72.86289168410487, 19.057579089538823], [72.86307134716169, 19.057579089538823], [72.86307134716169, 19.057489258010413], [72.86316117869009, 19.057489258010413], [72.86316117869009, 19.057399426482], [72.8632510102185, 19.057399426482], [72.8632510102185, 19.057309594953587], [72.86343067327533, 19.057309594953587], [72.86343067327533, 19.057219763425177], [72.86352050480374, 19.057219763425177], [72.86352050480374, 19.05704010036835], [72.86361033633216, 19.05704010036835], [72.86361033633216, 19.056860437311528], [72.8632510102185, 19.056860437311528], [72.8632510102185, 19.05695026883994], [72.8624425264628, 19.05695026883994], [72.8624425264628, 19.05704010036835], [72.86217303187756, 19.05704010036835], [72.86217303187756, 19.057129931896764], [72.86190353729233, 19.057129931896764], [72.86190353729233, 19.057219763425177], [72.86145437965027, 19.057219763425177], [72.86145437965027, 19.057309594953587], [72.86118488506503, 19.057309594953587], [72.86118488506503, 19.057399426482], [72.8609153904798, 19.057399426482], [72.8609153904798, 19.057489258010413], [72.86073572742298, 19.057489258010413], [72.86073572742298, 19.057579089538823], [72.86037640130932, 19.057579089538823], [72.86037640130932, 19.057668921067236], [72.86001707519569, 19.057668921067236], [72.86001707519569, 19.057758752595646], [72.85974758061045, 19.057758752595646], [72.85974758061045, 19.05784858412406], [72.8594780860252, 19.05784858412406], [72.8594780860252, 19.057938415652472], [72.85929842296838, 19.057938415652472], [72.85929842296838, 19.058028247180882], [72.85911875991155, 19.058028247180882], [72.85911875991155, 19.058118078709295], [72.85902892838315, 19.058118078709295], [72.85902892838315, 19.05820791023771], [72.85893909685474, 19.05820791023771], [72.85893909685474, 19.05829774176612], [72.85875943379791, 19.05829774176612], [72.85875943379791, 19.05838757329453], [72.8586696022695, 19.05838757329453], [72.8586696022695, 19.058477404822945], [72.85857977074109, 19.058477404822945], [72.85857977074109, 19.058657067879768], [72.85848993921267, 19.058657067879768], [72.85848993921267, 19.058746899408177], [72.85831027615585, 19.058746899408177], [72.85831027615585, 19.05883673093659], [72.85813061309902, 19.05883673093659], [72.85813061309902, 19.059016393993414], [72.85804078157062, 19.059016393993414], [72.85804078157062, 19.059375720107063], [72.85795095004221, 19.059375720107063], [72.85795095004221, 19.0596452146923], [72.8578611185138, 19.0596452146923], [72.8578611185138, 19.059914709277535], [72.85777128698538, 19.059914709277535], [72.85777128698538, 19.060004540805945], [72.8578611185138, 19.060004540805945], [72.8578611185138, 19.06009437233436], [72.85795095004221, 19.06009437233436], [72.85795095004221, 19.06018420386277], [72.85840010768426, 19.06018420386277], [72.85840010768426, 19.06009437233436], [72.85857977074109, 19.06009437233436], [72.85857977074109, 19.060004540805945], [72.85875943379791, 19.060004540805945]]]}}, {"type": "Feature", "properties": {"layer": "vegetation_extent", "class": "Trees", "class_label": "Trees", "name": "Trees 15", "description": "Mula-Mutha Vegetation Type - Study Area", "color": "#228B22", "source": "vegetation_type_study_area.kml"}, "geometry": {"type": "Polygon", "coordinates": [[[72.85705263475809, 19.05928588857865], [72.85705263475809, 19.058926562465004], [72.85696280322968, 19.058926562465004], [72.85696280322968, 19.05883673093659], [72.85687297170126, 19.05883673093659], [72.85687297170126, 19.058657067879768], [72.85678314017285, 19.058657067879768], [72.85678314017285, 19.058567236351355], [72.85669330864444, 19.058567236351355], [72.85669330864444, 19.058477404822945], [72.8564238140592, 19.058477404822945], [72.8564238140592, 19.058746899408177], [72.85633398253078, 19.058746899408177], [72.85633398253078, 19.059016393993414], [72.85624415100237, 19.059016393993414], [72.85624415100237, 19.05919605705024], [72.85615431947396, 19.05919605705024], [72.85615431947396, 19.059465551635476], [72.85624415100237, 19.059465551635476], [72.85624415100237, 19.059555383163886], [72.85651364558761, 19.059555383163886], [72.85651364558761, 19.0596452146923], [72.85705263475809, 19.0596452146923], [72.85705263475809, 19.059465551635476], [72.85714246628649, 19.059465551635476], [72.85714246628649, 19.05928588857865], [72.85705263475809, 19.05928588857865]]]}}, {"type": "Feature", "properties": {"layer": "vegetation_extent", "class": "Trees", "class_label": "Trees", "name": "Trees 16", "description": "Mula-Mutha Vegetation Type - Study Area", "color": "#228B22", "source": "vegetation_type_study_area.kml"}, "geometry": {"type": "Polygon", "coordinates": [[[72.85579499336032, 19.06027403539118], [72.85552549877508, 19.06027403539118], [72.85552549877508, 19.060363866919594], [72.85579499336032, 19.060363866919594], [72.85579499336032, 19.06027403539118]]]}}, {"type": "Feature", "properties": {"layer": "vegetation_extent", "class": "Trees", "class_label": "Trees", "name": "Trees 17", "description": "Mula-Mutha Vegetation Type - Study Area", "color": "#228B22", "source": "vegetation_type_study_area.kml"}, "geometry": {"type": "Polygon", "coordinates": [[[72.85516617266143, 19.06072319303324], [72.85507634113303, 19.06072319303324], [72.85507634113303, 19.060902856090067], [72.85498650960461, 19.060902856090067], [72.85498650960461, 19.060992687618477], [72.8548966780762, 19.060992687618477], [72.8548966780762, 19.061172350675303], [72.85480684654779, 19.061172350675303], [72.85480684654779, 19.06144184526054], [72.85471701501938, 19.06144184526054], [72.85471701501938, 19.0618910029026], [72.85480684654779, 19.0618910029026], [72.85480684654779, 19.061980834431008], [72.8548966780762, 19.061980834431008], [72.8548966780762, 19.06207066595942], [72.85525600418984, 19.06207066595942], [72.85525600418984, 19.061980834431008], [72.85534583571825, 19.061980834431008], [72.85534583571825, 19.0618910029026], [72.85552549877508, 19.0618910029026], [72.85552549877508, 19.061711339845772], [72.8556153303035, 19.061711339845772], [72.8556153303035, 19.061621508317362], [72.8557051618319, 19.061621508317362], [72.8557051618319, 19.06153167678895], [72.85579499336032, 19.06153167678895], [72.85579499336032, 19.06144184526054], [72.85588482488873, 19.06144184526054], [72.85588482488873, 19.061262182203713], [72.85597465641715, 19.061262182203713], [72.85597465641715, 19.061172350675303], [72.85606448794556, 19.061172350675303], [72.85606448794556, 19.060992687618477], [72.85615431947396, 19.060992687618477], [72.85615431947396, 19.060902856090067], [72.85624415100237, 19.060902856090067], [72.85624415100237, 19.060813024561654], [72.85633398253078, 19.060813024561654], [72.85633398253078, 19.060543529976417], [72.85615431947396, 19.060543529976417], [72.85615431947396, 19.060453698448008], [72.85552549877508, 19.060453698448008], [72.85552549877508, 19.060363866919594], [72.85543566724667, 19.060363866919594], [72.85543566724667, 19.060453698448008], [72.85534583571825, 19.060453698448008], [72.85534583571825, 19.060543529976417], [72.85516617266143, 19.060543529976417], [72.85516617266143, 19.06072319303324]]]}}, {"type": "Feature", "properties": {"layer": "vegetation_extent", "class": "Trees", "class_label": "Trees", "name": "Trees 18", "description": "Mula-Mutha Vegetation Type - Study Area", "color": "#228B22", "source": "vegetation_type_study_area.kml"}, "geometry": {"type": "Polygon", "coordinates": [[[72.8564238140592, 19.067819883777787], [72.8564238140592, 19.067730052249374], [72.85615431947396, 19.067730052249374], [72.85615431947396, 19.067819883777787], [72.85597465641715, 19.067819883777787], [72.85597465641715, 19.06799954683461], [72.85606448794556, 19.06799954683461], [72.85606448794556, 19.068089378363023], [72.85615431947396, 19.068089378363023], [72.85615431947396, 19.068179209891433], [72.85606448794556, 19.068179209891433], [72.85606448794556, 19.068269041419846], [72.85615431947396, 19.068269041419846], [72.85615431947396, 19.06835887294826], [72.85669330864444, 19.06835887294826], [72.85669330864444, 19.067909715306197], [72.85660347711602, 19.067909715306197], [72.85660347711602, 19.067819883777787], [72.8564238140592, 19.067819883777787]]]}}, {"type": "Feature", "properties": {"layer": "vegetation_extent", "class": "Trees", "class_label": "Trees", "name": "Trees 19", "description": "Mula-Mutha Vegetation Type - Study Area", "color": "#228B22", "source": "vegetation_type_study_area.kml"}, "geometry": {"type": "Polygon", "coordinates": [[[72.86666460829817, 19.049404420453335], [72.86666460829817, 19.049314588924926], [72.86657477676975, 19.049314588924926], [72.86657477676975, 19.049224757396512], [72.8662154506561, 19.049224757396512], [72.8662154506561, 19.049404420453335], [72.86630528218451, 19.049404420453335], [72.86630528218451, 19.04949425198175], [72.86639511371293, 19.04949425198175], [72.86639511371293, 19.049584083510158], [72.8669341028834, 19.049584083510158], [72.8669341028834, 19.04949425198175], [72.86684427135499, 19.04949425198175], [72.86684427135499, 19.049404420453335], [72.86666460829817, 19.049404420453335]]]}}, {"type": "Feature", "properties": {"layer": "vegetation_extent", "class": "Trees", "class_label": "Trees", "name": "Trees 20", "description": "Mula-Mutha Vegetation Type - Study Area", "color": "#228B22", "source": "vegetation_type_study_area.kml"}, "geometry": {"type": "Polygon", "coordinates": [[[72.86684427135499, 19.050751893379516], [72.86684427135499, 19.05048239879428], [72.86675443982658, 19.05048239879428], [72.86675443982658, 19.050751893379516], [72.86684427135499, 19.050751893379516]]]}}, {"type": "Feature", "properties": {"layer": "vegetation_extent", "class": "Trees", "class_label": "Trees", "name": "Trees 21", "description": "Mula-Mutha Vegetation Type - Study Area", "color": "#228B22", "source": "vegetation_type_study_area.kml"}, "geometry": {"type": "Polygon", "coordinates": [[[72.86073572742298, 19.056141785084233], [72.86073572742298, 19.05605195355582], [72.86082555895139, 19.05605195355582], [72.86082555895139, 19.055872290498996], [72.8609153904798, 19.055872290498996], [72.8609153904798, 19.055782458970583], [72.86100522200822, 19.055782458970583], [72.86100522200822, 19.055692627442173], [72.86109505353663, 19.055692627442173], [72.86109505353663, 19.05551296438535], [72.86118488506503, 19.05551296438535], [72.86118488506503, 19.055333301328524], [72.86136454812186, 19.055333301328524], [72.86136454812186, 19.055243469800114], [72.86145437965027, 19.055243469800114], [72.86145437965027, 19.0551536382717], [72.86172387423551, 19.0551536382717], [72.86172387423551, 19.054884143686465], [72.86181370576392, 19.054884143686465], [72.86181370576392, 19.054704480629642], [72.86190353729233, 19.054704480629642], [72.86190353729233, 19.053985828402347], [72.86199336882075, 19.053985828402347], [72.86199336882075, 19.054075659930756], [72.86271202104804, 19.054075659930756], [72.86271202104804, 19.05416549145917], [72.86298151563328, 19.05416549145917], [72.86298151563328, 19.054075659930756], [72.86307134716169, 19.054075659930756], [72.86307134716169, 19.053895996873933], [72.86361033633216, 19.053895996873933], [72.86361033633216, 19.053985828402347], [72.86414932550262, 19.053985828402347], [72.86414932550262, 19.053895996873933], [72.86495780925834, 19.053895996873933], [72.86495780925834, 19.05380616534552], [72.86504764078676, 19.05380616534552], [72.86504764078676, 19.053626502288697], [72.86513747231515, 19.053626502288697], [72.86513747231515, 19.053536670760288], [72.86504764078676, 19.053536670760288], [72.86504764078676, 19.053087513118225], [72.86495780925834, 19.053087513118225], [72.86495780925834, 19.05272818700458], [72.86486797772993, 19.05272818700458], [72.86486797772993, 19.052548523947753], [72.86477814620152, 19.052548523947753], [72.86477814620152, 19.05227902936252], [72.8646883146731, 19.05227902936252], [72.8646883146731, 19.05191970324887], [72.86459848314469, 19.05191970324887], [72.86459848314469, 19.051740040192048], [72.86450865161628, 19.051740040192048], [72.86450865161628, 19.051650208663634], [72.86343067327533, 19.051650208663634], [72.86343067327533, 19.051740040192048], [72.86307134716169, 19.051740040192048], [72.86307134716169, 19.051829871720457], [72.8624425264628, 19.051829871720457], [72.8624425264628, 19.051740040192048], [72.86199336882075, 19.051740040192048], [72.86199336882075, 19.051829871720457], [72.86145437965027, 19.051829871720457], [72.86145437965027, 19.05191970324887], [72.86127471659344, 19.05191970324887], [72.86127471659344, 19.052009534777284], [72.86109505353663, 19.052009534777284], [72.86109505353663, 19.052099366305693], [72.86037640130932, 19.052099366305693], [72.86037640130932, 19.052009534777284], [72.8601967382525, 19.052009534777284], [72.8601967382525, 19.05191970324887], [72.85929842296838, 19.05191970324887], [72.85929842296838, 19.051829871720457], [72.85902892838315, 19.051829871720457], [72.85902892838315, 19.051740040192048], [72.85884926532633, 19.051740040192048], [72.85884926532633, 19.051650208663634], [72.85875943379791, 19.051650208663634], [72.85875943379791, 19.05156037713522], [72.8586696022695, 19.05156037713522], [72.8586696022695, 19.05147054560681], [72.85848993921267, 19.05147054560681], [72.85848993921267, 19.051380714078398], [72.85822044462743, 19.051380714078398], [72.85822044462743, 19.05129088254999], [72.85813061309902, 19.05129088254999], [72.85813061309902, 19.051201051021575], [72.85795095004221, 19.051201051021575], [72.85795095004221, 19.051111219493162], [72.8578611185138, 19.051111219493162], [72.8578611185138, 19.051021387964752], [72.85768145545697, 19.051021387964752], [72.85768145545697, 19.05093155643634], [72.85759162392856, 19.05093155643634], [72.85759162392856, 19.050841724907926], [72.85732212934332, 19.050841724907926], [72.85732212934332, 19.05093155643634], [72.8572322978149, 19.05093155643634], [72.8572322978149, 19.051021387964752], [72.85714246628649, 19.051021387964752], [72.85714246628649, 19.051201051021575], [72.85705263475809, 19.051201051021575], [72.85705263475809, 19.05129088254999], [72.85714246628649, 19.05129088254999], [72.85714246628649, 19.05147054560681], [72.8572322978149, 19.05147054560681], [72.8572322978149, 19.051650208663634], [72.85732212934332, 19.051650208663634], [72.85732212934332, 19.051740040192048], [72.85741196087173, 19.051740040192048], [72.85741196087173, 19.05191970324887], [72.85750179240014, 19.05191970324887], [72.85750179240014, 19.052099366305693], [72.85759162392856, 19.052099366305693], [72.85759162392856, 19.05227902936252], [72.85768145545697, 19.05227902936252], [72.85768145545697, 19.052458692419343], [72.85777128698538, 19.052458692419343], [72.85777128698538, 19.052548523947753], [72.85795095004221, 19.052548523947753], [72.85795095004221, 19.052638355476166], [72.85804078157062, 19.052638355476166], [72.85804078157062, 19.05272818700458], [72.85813061309902, 19.05272818700458], [72.85813061309902, 19.05281801853299], [72.85848993921267, 19.05281801853299], [72.85848993921267, 19.052907850061402], [72.85902892838315, 19.052907850061402], [72.85902892838315, 19.052997681589815], [72.85929842296838, 19.052997681589815], [72.85929842296838, 19.053087513118225], [72.8594780860252, 19.053087513118225], [72.8594780860252, 19.05326717617505], [72.85956791755362, 19.05326717617505], [72.85956791755362, 19.05335700770346], [72.85965774908203, 19.05335700770346], [72.85965774908203, 19.053446839231874], [72.85974758061045, 19.053446839231874], [72.85974758061045, 19.053536670760288], [72.86001707519569, 19.053536670760288], [72.86001707519569, 19.053626502288697], [72.86010690672408, 19.053626502288697], [72.86010690672408, 19.05371633381711], [72.8601967382525, 19.05371633381711], [72.8601967382525, 19.053626502288697], [72.86028656978091, 19.053626502288697], [72.86028656978091, 19.05371633381711], [72.86037640130932, 19.05371633381711], [72.86037640130932, 19.054255322987583], [72.86028656978091, 19.054255322987583], [72.86028656978091, 19.054434986044406], [72.85983741213886, 19.054434986044406], [72.85983741213886, 19.05461464910123], [72.85974758061045, 19.05461464910123], [72.85974758061045, 19.054704480629642], [72.85965774908203, 19.054704480629642], [72.85965774908203, 19.054884143686465], [72.85974758061045, 19.054884143686465], [72.85974758061045, 19.055063806743288], [72.85992724366727, 19.055063806743288], [72.85992724366727, 19.055333301328524], [72.85983741213886, 19.055333301328524], [72.85983741213886, 19.055423132856937], [72.85974758061045, 19.055423132856937], [72.85974758061045, 19.05551296438535], [72.85965774908203, 19.05551296438535], [72.85965774908203, 19.05560279591376], [72.85974758061045, 19.05560279591376], [72.85974758061045, 19.055872290498996], [72.85992724366727, 19.055872290498996], [72.85992724366727, 19.05596212202741], [72.86001707519569, 19.05596212202741], [72.86001707519569, 19.056141785084233], [72.86010690672408, 19.056141785084233], [72.86010690672408, 19.056231616612646], [72.86028656978091, 19.056231616612646], [72.86028656978091, 19.056321448141055], [72.86037640130932, 19.056321448141055], [72.86037640130932, 19.056231616612646], [72.86064589589456, 19.056231616612646], [72.86064589589456, 19.056141785084233], [72.86073572742298, 19.056141785084233]]]}}, {"type": "Feature", "properties": {"layer": "vegetation_extent", "class": "Trees", "class_label": "Trees", "name": "Trees 22", "description": "Mula-Mutha Vegetation Type - Study Area", "color": "#228B22", "source": "vegetation_type_study_area.kml"}, "geometry": {"type": "Polygon", "coordinates": [[[72.87277315223018, 19.057489258010413], [72.87268332070177, 19.057489258010413], [72.87268332070177, 19.057668921067236], [72.87277315223018, 19.057668921067236], [72.87277315223018, 19.057489258010413]]]}}, {"type": "Feature", "properties": {"layer": "vegetation_extent", "class": "Trees", "class_label": "Trees", "name": "Trees 23", "description": "Mula-Mutha Vegetation Type - Study Area", "color": "#228B22", "source": "vegetation_type_study_area.kml"}, "geometry": {"type": "Polygon", "coordinates": [[[72.87277315223018, 19.057758752595646], [72.8728629837586, 19.057758752595646], [72.8728629837586, 19.057668921067236], [72.87277315223018, 19.057668921067236], [72.87277315223018, 19.057758752595646]]]}}, {"type": "Feature", "properties": {"layer": "vegetation_extent", "class": "Trees", "class_label": "Trees", "name": "Trees 24", "description": "Mula-Mutha Vegetation Type - Study Area", "color": "#228B22", "source": "vegetation_type_study_area.kml"}, "geometry": {"type": "Polygon", "coordinates": [[[72.87214433153129, 19.058028247180882], [72.87214433153129, 19.057938415652472], [72.87196466847448, 19.057938415652472], [72.87196466847448, 19.057758752595646], [72.87250365764494, 19.057758752595646], [72.87250365764494, 19.057489258010413], [72.87241382611653, 19.057489258010413], [72.87241382611653, 19.057399426482], [72.87196466847448, 19.057399426482], [72.87196466847448, 19.057309594953587], [72.87187483694606, 19.057309594953587], [72.87187483694606, 19.057489258010413], [72.87178500541765, 19.057489258010413], [72.87178500541765, 19.057668921067236], [72.87169517388924, 19.057668921067236], [72.87169517388924, 19.057938415652472], [72.87187483694606, 19.057938415652472], [72.87187483694606, 19.058028247180882], [72.87196466847448, 19.058028247180882], [72.87196466847448, 19.058118078709295], [72.87214433153129, 19.058118078709295], [72.87214433153129, 19.05820791023771], [72.8722341630597, 19.05820791023771], [72.8722341630597, 19.05829774176612], [72.87232399458811, 19.05829774176612], [72.87232399458811, 19.058118078709295], [72.8722341630597, 19.058118078709295], [72.8722341630597, 19.058028247180882], [72.87214433153129, 19.058028247180882]]]}}, {"type": "Feature", "properties": {"layer": "vegetation_extent", "class": "Trees", "class_label": "Trees", "name": "Trees 25", "description": "Mula-Mutha Vegetation Type - Study Area", "color": "#228B22", "source": "vegetation_type_study_area.kml"}, "geometry": {"type": "Polygon", "coordinates": [[[72.87510877196888, 19.05784858412406], [72.87492910891207, 19.05784858412406], [72.87492910891207, 19.057758752595646], [72.87483927738366, 19.057758752595646], [72.87483927738366, 19.05784858412406], [72.87439011974159, 19.05784858412406], [72.87439011974159, 19.05820791023771], [72.87528843502571, 19.05820791023771], [72.87528843502571, 19.058118078709295], [72.8751986034973, 19.058118078709295], [72.8751986034973, 19.057938415652472], [72.87510877196888, 19.057938415652472], [72.87510877196888, 19.05784858412406]]]}}, {"type": "Feature", "properties": {"layer": "vegetation_extent", "class": "Trees", "class_label": "Trees", "name": "Trees 26", "description": "Mula-Mutha Vegetation Type - Study Area", "color": "#228B22", "source": "vegetation_type_study_area.kml"}, "geometry": {"type": "Polygon", "coordinates": [[[72.8730426468154, 19.057938415652472], [72.87295281528701, 19.057938415652472], [72.87295281528701, 19.05784858412406], [72.8728629837586, 19.05784858412406], [72.8728629837586, 19.058028247180882], [72.87295281528701, 19.058028247180882], [72.87295281528701, 19.05820791023771], [72.87313247834382, 19.05820791023771], [72.87313247834382, 19.05829774176612], [72.87322230987223, 19.05829774176612], [72.87322230987223, 19.058118078709295], [72.87313247834382, 19.058118078709295], [72.87313247834382, 19.058028247180882], [72.8730426468154, 19.058028247180882], [72.8730426468154, 19.057938415652472]]]}}, {"type": "Feature", "properties": {"layer": "vegetation_extent", "class": "Trees", "class_label": "Trees", "name": "Trees 27", "description": "Mula-Mutha Vegetation Type - Study Area", "color": "#228B22", "source": "vegetation_type_study_area.kml"}, "geometry": {"type": "Polygon", "coordinates": [[[72.87331214140065, 19.05838757329453], [72.87331214140065, 19.05829774176612], [72.87322230987223, 19.05829774176612], [72.87322230987223, 19.05838757329453], [72.87331214140065, 19.05838757329453]]]}}, {"type": "Feature", "properties": {"layer": "vegetation_extent", "class": "Trees", "class_label": "Trees", "name": "Trees 28", "description": "Mula-Mutha Vegetation Type - Study Area", "color": "#228B22", "source": "vegetation_type_study_area.kml"}, "geometry": {"type": "Polygon", "coordinates": [[[72.87232399458811, 19.05829774176612], [72.87232399458811, 19.05838757329453], [72.87241382611653, 19.05838757329453], [72.87241382611653, 19.058477404822945], [72.87259348917335, 19.058477404822945], [72.87259348917335, 19.05838757329453], [72.87250365764494, 19.05838757329453], [72.87250365764494, 19.05829774176612], [72.87232399458811, 19.05829774176612]]]}}, {"type": "Feature", "properties": {"layer": "vegetation_extent", "class": "Trees", "class_label": "Trees", "name": "Trees 29", "description": "Mula-Mutha Vegetation Type - Study Area", "color": "#228B22", "source": "vegetation_type_study_area.kml"}, "geometry": {"type": "Polygon", "coordinates": [[[72.87349180445747, 19.058477404822945], [72.87349180445747, 19.05838757329453], [72.87331214140065, 19.05838757329453], [72.87331214140065, 19.058477404822945], [72.87349180445747, 19.058477404822945]]]}}, {"type": "Feature", "properties": {"layer": "vegetation_extent", "class": "Trees", "class_label": "Trees", "name": "Trees 30", "description": "Mula-Mutha Vegetation Type - Study Area", "color": "#228B22", "source": "vegetation_type_study_area.kml"}, "geometry": {"type": "Polygon", "coordinates": [[[72.87447995127, 19.058567236351355], [72.87447995127, 19.058477404822945], [72.87439011974159, 19.058477404822945], [72.87439011974159, 19.058567236351355], [72.87447995127, 19.058567236351355]]]}}, {"type": "Feature", "properties": {"layer": "vegetation_extent", "class": "Trees", "class_label": "Trees", "name": "Trees 31", "description": "Mula-Mutha Vegetation Type - Study Area", "color": "#228B22", "source": "vegetation_type_study_area.kml"}, "geometry": {"type": "Polygon", "coordinates": [[[72.87259348917335, 19.058477404822945], [72.87259348917335, 19.058567236351355], [72.87268332070177, 19.058567236351355], [72.87268332070177, 19.058657067879768], [72.8728629837586, 19.058657067879768], [72.8728629837586, 19.058567236351355], [72.87277315223018, 19.058567236351355], [72.87277315223018, 19.058477404822945], [72.87259348917335, 19.058477404822945]]]}}, {"type": "Feature", "properties": {"layer": "vegetation_extent", "class": "Trees", "class_label": "Trees", "name": "Trees 32", "description": "Mula-Mutha Vegetation Type - Study Area", "color": "#228B22", "source": "vegetation_type_study_area.kml"}, "geometry": {"type": "Polygon", "coordinates": [[[72.8736714675143, 19.058657067879768], [72.8736714675143, 19.058567236351355], [72.87358163598589, 19.058567236351355], [72.87358163598589, 19.058657067879768], [72.8736714675143, 19.058657067879768]]]}}, {"type": "Feature", "properties": {"layer": "vegetation_extent", "class": "Trees", "class_label": "Trees", "name": "Trees 33", "description": "Mula-Mutha Vegetation Type - Study Area", "color": "#228B22", "source": "vegetation_type_study_area.kml"}, "geometry": {"type": "Polygon", "coordinates": [[[72.87573759266778, 19.05973504622071], [72.87573759266778, 19.059375720107063], [72.87582742419619, 19.059375720107063], [72.87582742419619, 19.059106225521827], [72.87573759266778, 19.059106225521827], [72.87573759266778, 19.05883673093659], [72.87564776113936, 19.05883673093659], [72.87564776113936, 19.058746899408177], [72.87546809808254, 19.058746899408177], [72.87546809808254, 19.058657067879768], [72.87501894044047, 19.058657067879768], [72.87501894044047, 19.058567236351355], [72.87474944585524, 19.058567236351355], [72.87474944585524, 19.058657067879768], [72.87465961432683, 19.058657067879768], [72.87465961432683, 19.058746899408177], [72.87456978279842, 19.058746899408177], [72.87456978279842, 19.058926562465004], [72.87421045668476, 19.058926562465004], [72.87421045668476, 19.059106225521827], [72.87385113057113, 19.059106225521827], [72.87385113057113, 19.05928588857865], [72.87376129904271, 19.05928588857865], [72.87376129904271, 19.059375720107063], [72.8736714675143, 19.059375720107063], [72.8736714675143, 19.0596452146923], [72.87376129904271, 19.0596452146923], [72.87376129904271, 19.05973504622071], [72.87385113057113, 19.05973504622071], [72.87385113057113, 19.059824877749122], [72.87439011974159, 19.059824877749122], [72.87439011974159, 19.05973504622071], [72.87465961432683, 19.05973504622071], [72.87465961432683, 19.059824877749122], [72.87483927738366, 19.059824877749122], [72.87483927738366, 19.060004540805945], [72.87492910891207, 19.060004540805945], [72.87492910891207, 19.06009437233436], [72.87510877196888, 19.06009437233436], [72.87510877196888, 19.06018420386277], [72.87528843502571, 19.06018420386277], [72.87528843502571, 19.06027403539118], [72.87555792961095, 19.06027403539118], [72.87555792961095, 19.06009437233436], [72.87564776113936, 19.06009437233436], [72.87564776113936, 19.05973504622071], [72.87573759266778, 19.05973504622071]]]}}, {"type": "Feature", "properties": {"layer": "vegetation_extent", "class": "Trees", "class_label": "Trees", "name": "Trees 34", "description": "Mula-Mutha Vegetation Type - Study Area", "color": "#228B22", "source": "vegetation_type_study_area.kml"}, "geometry": {"type": "Polygon", "coordinates": [[[72.87340197292906, 19.080216634698637], [72.87358163598589, 19.080216634698637], [72.87358163598589, 19.0799471401134], [72.87331214140065, 19.0799471401134], [72.87331214140065, 19.08003697164181], [72.87322230987223, 19.08003697164181], [72.87322230987223, 19.0799471401134], [72.8728629837586, 19.0799471401134], [72.8728629837586, 19.08003697164181], [72.87277315223018, 19.08003697164181], [72.87277315223018, 19.080126803170224], [72.87268332070177, 19.080126803170224], [72.87268332070177, 19.080216634698637], [72.87259348917335, 19.080216634698637], [72.87259348917335, 19.080486129283873], [72.87295281528701, 19.080486129283873], [72.87295281528701, 19.08039629775546], [72.87313247834382, 19.08039629775546], [72.87313247834382, 19.080306466227047], [72.87340197292906, 19.080306466227047], [72.87340197292906, 19.080216634698637]]]}}, {"type": "Feature", "properties": {"layer": "vegetation_extent", "class": "Trees", "class_label": "Trees", "name": "Trees 35", "description": "Mula-Mutha Vegetation Type - Study Area", "color": "#228B22", "source": "vegetation_type_study_area.kml"}, "geometry": {"type": "Polygon", "coordinates": [[[72.87034770096305, 19.082372591380523], [72.87052736401988, 19.082372591380523], [72.87052736401988, 19.082462422908936], [72.8707070270767, 19.082462422908936], [72.8707070270767, 19.082013265266873], [72.87061719554829, 19.082013265266873], [72.87061719554829, 19.081923433738464], [72.87052736401988, 19.081923433738464], [72.87052736401988, 19.08183360221005], [72.87016803790623, 19.08183360221005], [72.87016803790623, 19.081923433738464], [72.86980871179259, 19.081923433738464], [72.86980871179259, 19.082013265266873], [72.86971888026417, 19.082013265266873], [72.86971888026417, 19.082103096795286], [72.86953921720735, 19.082103096795286], [72.86953921720735, 19.082013265266873], [72.86935955415052, 19.082013265266873], [72.86935955415052, 19.082103096795286], [72.86926972262211, 19.082103096795286], [72.86926972262211, 19.0821929283237], [72.86935955415052, 19.0821929283237], [72.86935955415052, 19.08228275985211], [72.86953921720735, 19.08228275985211], [72.86953921720735, 19.082372591380523], [72.86971888026417, 19.082372591380523], [72.86971888026417, 19.082462422908936], [72.869898543321, 19.082462422908936], [72.869898543321, 19.082552254437346], [72.87007820637781, 19.082552254437346], [72.87007820637781, 19.08264208596576], [72.87016803790623, 19.08264208596576], [72.87016803790623, 19.082552254437346], [72.87025786943464, 19.082552254437346], [72.87025786943464, 19.082462422908936], [72.87034770096305, 19.082462422908936], [72.87034770096305, 19.082372591380523]]]}}, {"type": "Feature", "properties": {"layer": "vegetation_extent", "class": "Shrub / Scrub", "class_label": "Shrub / Scrub", "name": "Shrub / Scrub 1", "description": "Mula-Mutha Vegetation Type - Study Area", "color": "#9ACD32", "source": "vegetation_type_study_area.kml"}, "geometry": {"type": "Polygon", "coordinates": [[[72.84699150357595, 19.048865431282863], [72.84690167204754, 19.048865431282863], [72.84690167204754, 19.048775599754453], [72.84654234593388, 19.048775599754453], [72.84654234593388, 19.048955262811276], [72.8466321774623, 19.048955262811276], [72.8466321774623, 19.04904509433969], [72.84645251440547, 19.04904509433969], [72.84645251440547, 19.048865431282863], [72.84636268287706, 19.048865431282863], [72.84636268287706, 19.048955262811276], [72.84627285134864, 19.048955262811276], [72.84627285134864, 19.049224757396512], [72.84645251440547, 19.049224757396512], [72.84645251440547, 19.049314588924926], [72.84681184051912, 19.049314588924926], [72.84681184051912, 19.0491349258681], [72.84699150357595, 19.0491349258681], [72.84699150357595, 19.048865431282863]]]}}, {"type": "Feature", "properties": {"layer": "vegetation_extent", "class": "Shrub / Scrub", "class_label": "Shrub / Scrub", "name": "Shrub / Scrub 2", "description": "Mula-Mutha Vegetation Type - Study Area", "color": "#9ACD32", "source": "vegetation_type_study_area.kml"}, "geometry": {"type": "Polygon", "coordinates": [[[72.85732212934332, 19.052458692419343], [72.8572322978149, 19.052458692419343], [72.8572322978149, 19.05236886089093], [72.85714246628649, 19.05236886089093], [72.85714246628649, 19.05227902936252], [72.85687297170126, 19.05227902936252], [72.85687297170126, 19.052189197834107], [72.85669330864444, 19.052189197834107], [72.85669330864444, 19.05227902936252], [72.85678314017285, 19.05227902936252], [72.85678314017285, 19.052548523947753], [72.85669330864444, 19.052548523947753], [72.85669330864444, 19.05236886089093], [72.8564238140592, 19.05236886089093], [72.8564238140592, 19.052548523947753], [72.85651364558761, 19.052548523947753], [72.85651364558761, 19.052638355476166], [72.85669330864444, 19.052638355476166], [72.85669330864444, 19.05272818700458], [72.8572322978149, 19.05272818700458], [72.8572322978149, 19.052638355476166], [72.85732212934332, 19.052638355476166], [72.85732212934332, 19.052458692419343]]]}}, {"type": "Feature", "properties": {"layer": "vegetation_extent", "class": "Shrub / Scrub", "class_label": "Shrub / Scrub", "name": "Shrub / Scrub 3", "description": "Mula-Mutha Vegetation Type - Study Area", "color": "#9ACD32", "source": "vegetation_type_study_area.kml"}, "geometry": {"type": "Polygon", "coordinates": [[[72.86370016786057, 19.054704480629642], [72.8638798309174, 19.054704480629642], [72.8638798309174, 19.05461464910123], [72.86370016786057, 19.05461464910123], [72.86370016786057, 19.054704480629642]]]}}, {"type": "Feature", "properties": {"layer": "vegetation_extent", "class": "Shrub / Scrub", "class_label": "Shrub / Scrub", "name": "Shrub / Scrub 4", "description": "Mula-Mutha Vegetation Type - Study Area", "color": "#9ACD32", "source": "vegetation_type_study_area.kml"}, "geometry": {"type": "Polygon", "coordinates": [[[72.85893909685474, 19.05461464910123], [72.85893909685474, 19.05479431215805], [72.85902892838315, 19.05479431215805], [72.85902892838315, 19.054704480629642], [72.85911875991155, 19.054704480629642], [72.85911875991155, 19.05461464910123], [72.85893909685474, 19.05461464910123]]]}}, {"type": "Feature", "properties": {"layer": "vegetation_extent", "class": "Shrub / Scrub", "class_label": "Shrub / Scrub", "name": "Shrub / Scrub 5", "description": "Mula-Mutha Vegetation Type - Study Area", "color": "#9ACD32", "source": "vegetation_type_study_area.kml"}, "geometry": {"type": "Polygon", "coordinates": [[[72.8632510102185, 19.054884143686465], [72.8632510102185, 19.054704480629642], [72.86298151563328, 19.054704480629642], [72.86298151563328, 19.05461464910123], [72.86271202104804, 19.05461464910123], [72.86271202104804, 19.05479431215805], [72.86298151563328, 19.05479431215805], [72.86298151563328, 19.054884143686465], [72.86307134716169, 19.054884143686465], [72.86307134716169, 19.05479431215805], [72.86316117869009, 19.05479431215805], [72.86316117869009, 19.054884143686465], [72.8632510102185, 19.054884143686465]]]}}, {"type": "Feature", "properties": {"layer": "vegetation_extent", "class": "Shrub / Scrub", "class_label": "Shrub / Scrub", "name": "Shrub / Scrub 6", "description": "Mula-Mutha Vegetation Type - Study Area", "color": "#9ACD32", "source": "vegetation_type_study_area.kml"}, "geometry": {"type": "Polygon", "coordinates": [[[72.86396966244581, 19.05479431215805], [72.86405949397422, 19.05479431215805], [72.86405949397422, 19.054704480629642], [72.86396966244581, 19.054704480629642], [72.86396966244581, 19.05479431215805]]]}}, {"type": "Feature", "properties": {"layer": "vegetation_extent", "class": "Shrub / Scrub", "class_label": "Shrub / Scrub", "name": "Shrub / Scrub 7", "description": "Mula-Mutha Vegetation Type - Study Area", "color": "#9ACD32", "source": "vegetation_type_study_area.kml"}, "geometry": {"type": "Polygon", "coordinates": [[[72.8586696022695, 19.054884143686465], [72.85875943379791, 19.054884143686465], [72.85875943379791, 19.05479431215805], [72.8586696022695, 19.05479431215805], [72.8586696022695, 19.054884143686465]]]}}, {"type": "Feature", "properties": {"layer": "vegetation_extent", "class": "Shrub / Scrub", "class_label": "Shrub / Scrub", "name": "Shrub / Scrub 8", "description": "Mula-Mutha Vegetation Type - Study Area", "color": "#9ACD32", "source": "vegetation_type_study_area.kml"}, "geometry": {"type": "Polygon", "coordinates": [[[72.86414932550262, 19.05479431215805], [72.86405949397422, 19.05479431215805], [72.86405949397422, 19.054973975214878], [72.86423915703104, 19.054973975214878], [72.86423915703104, 19.054884143686465], [72.86414932550262, 19.054884143686465], [72.86414932550262, 19.05479431215805]]]}}, {"type": "Feature", "properties": {"layer": "vegetation_extent", "class": "Shrub / Scrub", "class_label": "Shrub / Scrub", "name": "Shrub / Scrub 9", "description": "Mula-Mutha Vegetation Type - Study Area", "color": "#9ACD32", "source": "vegetation_type_study_area.kml"}, "geometry": {"type": "Polygon", "coordinates": [[[72.85875943379791, 19.054973975214878], [72.8586696022695, 19.054973975214878], [72.8586696022695, 19.055063806743288], [72.85875943379791, 19.055063806743288], [72.85875943379791, 19.054973975214878]]]}}, {"type": "Feature", "properties": {"layer": "vegetation_extent", "class": "Shrub / Scrub", "class_label": "Shrub / Scrub", "name": "Shrub / Scrub 10", "description": "Mula-Mutha Vegetation Type - Study Area", "color": "#9ACD32", "source": "vegetation_type_study_area.kml"}, "geometry": {"type": "Polygon", "coordinates": [[[72.8594780860252, 19.0551536382717], [72.85956791755362, 19.0551536382717], [72.85956791755362, 19.054973975214878], [72.8594780860252, 19.054973975214878], [72.8594780860252, 19.05479431215805], [72.85929842296838, 19.05479431215805], [72.85929842296838, 19.054884143686465], [72.85911875991155, 19.054884143686465], [72.85911875991155, 19.055063806743288], [72.85902892838315, 19.055063806743288], [72.85902892838315, 19.0551536382717], [72.85884926532633, 19.0551536382717], [72.85884926532633, 19.055063806743288], [72.85875943379791, 19.055063806743288], [72.85875943379791, 19.055243469800114], [72.85884926532633, 19.055243469800114], [72.85884926532633, 19.055333301328524], [72.8594780860252, 19.055333301328524], [72.8594780860252, 19.0551536382717]]]}}, {"type": "Feature", "properties": {"layer": "vegetation_extent", "class": "Shrub / Scrub", "class_label": "Shrub / Scrub", "name": "Shrub / Scrub 11", "description": "Mula-Mutha Vegetation Type - Study Area", "color": "#9ACD32", "source": "vegetation_type_study_area.kml"}, "geometry": {"type": "Polygon", "coordinates": [[[72.87322230987223, 19.08695399932953], [72.87313247834382, 19.08695399932953], [72.87313247834382, 19.087043830857944], [72.87322230987223, 19.087043830857944], [72.87322230987223, 19.087133662386357], [72.87331214140065, 19.087133662386357], [72.87331214140065, 19.08686416780112], [72.87322230987223, 19.08686416780112], [72.87322230987223, 19.08695399932953]]]}}, {"type": "Feature", "properties": {"layer": "vegetation_extent", "class": "Shrub / Scrub", "class_label": "Shrub / Scrub", "name": "Shrub / Scrub 12", "description": "Mula-Mutha Vegetation Type - Study Area", "color": "#9ACD32", "source": "vegetation_type_study_area.kml"}, "geometry": {"type": "Polygon", "coordinates": [[[72.87295281528701, 19.087043830857944], [72.8728629837586, 19.087043830857944], [72.8728629837586, 19.087582820028416], [72.8730426468154, 19.087582820028416], [72.8730426468154, 19.087133662386357], [72.87295281528701, 19.087133662386357], [72.87295281528701, 19.087043830857944]]]}}, {"type": "Feature", "properties": {"layer": "vegetation_extent", "class": "Shrub / Scrub", "class_label": "Shrub / Scrub", "name": "Shrub / Scrub 13", "description": "Mula-Mutha Vegetation Type - Study Area", "color": "#9ACD32", "source": "vegetation_type_study_area.kml"}, "geometry": {"type": "Polygon", "coordinates": [[[72.87349180445747, 19.08767265155683], [72.87358163598589, 19.08767265155683], [72.87358163598589, 19.087582820028416], [72.87349180445747, 19.087582820028416], [72.87349180445747, 19.08767265155683]]]}}, {"type": "Feature", "properties": {"layer": "vegetation_extent", "class": "Shrub / Scrub", "class_label": "Shrub / Scrub", "name": "Shrub / Scrub 14", "description": "Mula-Mutha Vegetation Type - Study Area", "color": "#9ACD32", "source": "vegetation_type_study_area.kml"}, "geometry": {"type": "Polygon", "coordinates": [[[72.87349180445747, 19.087852314613652], [72.87349180445747, 19.08776248308524], [72.87340197292906, 19.08776248308524], [72.87340197292906, 19.087852314613652], [72.87349180445747, 19.087852314613652]]]}}, {"type": "Feature", "properties": {"layer": "vegetation_extent", "class": "Shrub / Scrub", "class_label": "Shrub / Scrub", "name": "Shrub / Scrub 15", "description": "Mula-Mutha Vegetation Type - Study Area", "color": "#9ACD32", "source": "vegetation_type_study_area.kml"}, "geometry": {"type": "Polygon", "coordinates": [[[72.87277315223018, 19.087942146142062], [72.87277315223018, 19.087852314613652], [72.87268332070177, 19.087852314613652], [72.87268332070177, 19.087942146142062], [72.87277315223018, 19.087942146142062]]]}}, {"type": "Feature", "properties": {"layer": "vegetation_extent", "class": "Shrub / Scrub", "class_label": "Shrub / Scrub", "name": "Shrub / Scrub 16", "description": "Mula-Mutha Vegetation Type - Study Area", "color": "#9ACD32", "source": "vegetation_type_study_area.kml"}, "geometry": {"type": "Polygon", "coordinates": [[[72.87268332070177, 19.08830147225571], [72.87277315223018, 19.08830147225571], [72.87277315223018, 19.088211640727298], [72.87268332070177, 19.088211640727298], [72.87268332070177, 19.08830147225571]]]}}, {"type": "Feature", "properties": {"layer": "vegetation_extent", "class": "Shrub / Scrub", "class_label": "Shrub / Scrub", "name": "Shrub / Scrub 17", "description": "Mula-Mutha Vegetation Type - Study Area", "color": "#9ACD32", "source": "vegetation_type_study_area.kml"}, "geometry": {"type": "Polygon", "coordinates": [[[72.87358163598589, 19.089469282125066], [72.8736714675143, 19.089469282125066], [72.8736714675143, 19.089289619068243], [72.87358163598589, 19.089289619068243], [72.87358163598589, 19.089469282125066]]]}}, {"type": "Feature", "properties": {"layer": "vegetation_extent", "class": "Shrub / Scrub", "class_label": "Shrub / Scrub", "name": "Shrub / Scrub 18", "description": "Mula-Mutha Vegetation Type - Study Area", "color": "#9ACD32", "source": "vegetation_type_study_area.kml"}, "geometry": {"type": "Polygon", "coordinates": [[[72.87259348917335, 19.089648945181892], [72.87250365764494, 19.089648945181892], [72.87250365764494, 19.089738776710302], [72.87241382611653, 19.089738776710302], [72.87241382611653, 19.089828608238715], [72.87268332070177, 19.089828608238715], [72.87268332070177, 19.089738776710302], [72.87259348917335, 19.089738776710302], [72.87259348917335, 19.089648945181892]]]}}, {"type": "Feature", "properties": {"layer": "vegetation_extent", "class": "Shrub / Scrub", "class_label": "Shrub / Scrub", "name": "Shrub / Scrub 19", "description": "Mula-Mutha Vegetation Type - Study Area", "color": "#9ACD32", "source": "vegetation_type_study_area.kml"}, "geometry": {"type": "Polygon", "coordinates": [[[72.87340197292906, 19.089648945181892], [72.87340197292906, 19.089738776710302], [72.87331214140065, 19.089738776710302], [72.87331214140065, 19.089828608238715], [72.8736714675143, 19.089828608238715], [72.8736714675143, 19.089738776710302], [72.87358163598589, 19.089738776710302], [72.87358163598589, 19.089648945181892], [72.87340197292906, 19.089648945181892]]]}}, {"type": "Feature", "properties": {"layer": "vegetation_extent", "class": "Shrub / Scrub", "class_label": "Shrub / Scrub", "name": "Shrub / Scrub 20", "description": "Mula-Mutha Vegetation Type - Study Area", "color": "#9ACD32", "source": "vegetation_type_study_area.kml"}, "geometry": {"type": "Polygon", "coordinates": [[[72.88139697895772, 19.092972711733132], [72.88139697895772, 19.09279304867631], [72.8812173159009, 19.09279304867631], [72.8812173159009, 19.092972711733132], [72.88139697895772, 19.092972711733132]]]}}, {"type": "Feature", "properties": {"layer": "vegetation_extent", "class": "Grass / Herbaceous", "class_label": "Grass / Herbaceous", "name": "Grass / Herbaceous 1", "description": "Mula-Mutha Vegetation Type - Study Area", "color": "#90EE90", "source": "vegetation_type_study_area.kml"}, "geometry": {"type": "Polygon", "coordinates": [[[72.84205076951329, 19.05326717617505], [72.84205076951329, 19.05281801853299], [72.8421406010417, 19.05281801853299], [72.8421406010417, 19.05272818700458], [72.84223043257012, 19.05272818700458], [72.84223043257012, 19.052638355476166], [72.8421406010417, 19.052638355476166], [72.8421406010417, 19.052548523947753], [72.84196093798488, 19.052548523947753], [72.84196093798488, 19.052638355476166], [72.84187110645647, 19.052638355476166], [72.84187110645647, 19.05272818700458], [72.84178127492805, 19.05272818700458], [72.84178127492805, 19.052997681589815], [72.84187110645647, 19.052997681589815], [72.84187110645647, 19.053087513118225], [72.84196093798488, 19.053087513118225], [72.84196093798488, 19.05326717617505], [72.84205076951329, 19.05326717617505]]]}}, {"type": "Feature", "properties": {"layer": "vegetation_extent", "class": "Grass / Herbaceous", "class_label": "Grass / Herbaceous", "name": "Grass / Herbaceous 2", "description": "Mula-Mutha Vegetation Type - Study Area", "color": "#90EE90", "source": "vegetation_type_study_area.kml"}, "geometry": {"type": "Polygon", "coordinates": [[[72.86666460829817, 19.061711339845772], [72.86666460829817, 19.061621508317362], [72.86684427135499, 19.061621508317362], [72.86684427135499, 19.06153167678895], [72.8669341028834, 19.06153167678895], [72.8669341028834, 19.06144184526054], [72.86702393441182, 19.06144184526054], [72.86702393441182, 19.060992687618477], [72.8669341028834, 19.060992687618477], [72.8669341028834, 19.060902856090067], [72.86684427135499, 19.060902856090067], [72.86684427135499, 19.06072319303324], [72.86657477676975, 19.06072319303324], [72.86657477676975, 19.060813024561654], [72.86630528218451, 19.060813024561654], [72.86630528218451, 19.060902856090067], [72.8662154506561, 19.060902856090067], [72.8662154506561, 19.060992687618477], [72.86612561912769, 19.060992687618477], [72.86612561912769, 19.06108251914689], [72.86603578759929, 19.06108251914689], [72.86603578759929, 19.061352013732126], [72.86612561912769, 19.061352013732126], [72.86612561912769, 19.06153167678895], [72.8662154506561, 19.06153167678895], [72.8662154506561, 19.061621508317362], [72.86630528218451, 19.061621508317362], [72.86630528218451, 19.061711339845772], [72.86666460829817, 19.061711339845772]]]}}, {"type": "Feature", "properties": {"layer": "vegetation_extent", "class": "Mixed / Diverse", "class_label": "Mixed / Diverse", "name": "Mixed / Diverse 1", "description": "Mula-Mutha Vegetation Type - Study Area", "color": "#8A2BE2", "source": "vegetation_type_study_area.kml"}, "geometry": {"type": "Polygon", "coordinates": [[[72.84645251440547, 19.049314588924926], [72.84645251440547, 19.049224757396512], [72.84627285134864, 19.049224757396512], [72.84627285134864, 19.049314588924926], [72.84645251440547, 19.049314588924926]]]}}, {"type": "Feature", "properties": {"layer": "vegetation_extent", "class": "Mixed / Diverse", "class_label": "Mixed / Diverse", "name": "Mixed / Diverse 2", "description": "Mula-Mutha Vegetation Type - Study Area", "color": "#8A2BE2", "source": "vegetation_type_study_area.kml"}, "geometry": {"type": "Polygon", "coordinates": [[[72.84681184051912, 19.049404420453335], [72.84681184051912, 19.049314588924926], [72.84654234593388, 19.049314588924926], [72.84654234593388, 19.049404420453335], [72.84681184051912, 19.049404420453335]]]}}]}