<?xml version="1.0" encoding="UTF-8"?>
<kml xmlns="http://www.opengis.net/kml/2.2" xmlns:gx="http://www.google.com/kml/ext/2.2">
    <Document id="1">
        <name>Mula-Mutha Vegetation Type - Study Area</name>
        <Folder id="2">
            <Style id="9">
                <LineStyle id="11">
                    <color>ff3c3c3c</color>
                    <colorMode>normal</colorMode>
                    <width>1</width>
                </LineStyle>
                <PolyStyle id="10">
                    <color>c8a9a9a9</color>
                    <colorMode>normal</colorMode>
                    <fill>1</fill>
                    <outline>1</outline>
                </PolyStyle>
            </Style>
            <Style id="18">
                <LineStyle id="20">
                    <color>ff3c3c3c</color>
                    <colorMode>normal</colorMode>
                    <width>1</width>
                </LineStyle>
                <PolyStyle id="19">
                    <color>c8a9a9a9</color>
                    <colorMode>normal</colorMode>
                    <fill>1</fill>
                    <outline>1</outline>
                </PolyStyle>
            </Style>
            <Style id="27">
                <LineStyle id="29">
                    <color>ff3c3c3c</color>
                    <colorMode>normal</colorMode>
                    <width>1</width>
                </LineStyle>
                <PolyStyle id="28">
                    <color>c8a9a9a9</color>
                    <colorMode>normal</colorMode>
                    <fill>1</fill>
                    <outline>1</outline>
                </PolyStyle>
            </Style>
            <Style id="36">
                <LineStyle id="38">
                    <color>ff3c3c3c</color>
                    <colorMode>normal</colorMode>
                    <width>1</width>
                </LineStyle>
                <PolyStyle id="37">
                    <color>c8a9a9a9</color>
                    <colorMode>normal</colorMode>
                    <fill>1</fill>
                    <outline>1</outline>
                </PolyStyle>
            </Style>
            <Style id="45">
                <LineStyle id="47">
                    <color>ff3c3c3c</color>
                    <colorMode>normal</colorMode>
                    <width>1</width>
                </LineStyle>
                <PolyStyle id="46">
                    <color>c8a9a9a9</color>
                    <colorMode>normal</colorMode>
                    <fill>1</fill>
                    <outline>1</outline>
                </PolyStyle>
            </Style>
            <Style id="54">
                <LineStyle id="56">
                    <color>ff3c3c3c</color>
                    <colorMode>normal</colorMode>
                    <width>1</width>
                </LineStyle>
                <PolyStyle id="55">
                    <color>c8a9a9a9</color>
                    <colorMode>normal</colorMode>
                    <fill>1</fill>
                    <outline>1</outline>
                </PolyStyle>
            </Style>
            <Style id="63">
                <LineStyle id="65">
                    <color>ff3c3c3c</color>
                    <colorMode>normal</colorMode>
                    <width>1</width>
                </LineStyle>
                <PolyStyle id="64">
                    <color>c8a9a9a9</color>
                    <colorMode>normal</colorMode>
                    <fill>1</fill>
                    <outline>1</outline>
                </PolyStyle>
            </Style>
            <Style id="72">
                <LineStyle id="74">
                    <color>ff3c3c3c</color>
                    <colorMode>normal</colorMode>
                    <width>1</width>
                </LineStyle>
                <PolyStyle id="73">
                    <color>c8a9a9a9</color>
                    <colorMode>normal</colorMode>
                    <fill>1</fill>
                    <outline>1</outline>
                </PolyStyle>
            </Style>
            <Style id="81">
                <LineStyle id="83">
                    <color>ff3c3c3c</color>
                    <colorMode>normal</colorMode>
                    <width>1</width>
                </LineStyle>
                <PolyStyle id="82">
                    <color>c8a9a9a9</color>
                    <colorMode>normal</colorMode>
                    <fill>1</fill>
                    <outline>1</outline>
                </PolyStyle>
            </Style>
            <Style id="90">
                <LineStyle id="92">
                    <color>ff3c3c3c</color>
                    <colorMode>normal</colorMode>
                    <width>1</width>
                </LineStyle>
                <PolyStyle id="91">
                    <color>c8a9a9a9</color>
                    <colorMode>normal</colorMode>
                    <fill>1</fill>
                    <outline>1</outline>
                </PolyStyle>
            </Style>
            <Style id="99">
                <LineStyle id="101">
                    <color>ff3c3c3c</color>
                    <colorMode>normal</colorMode>
                    <width>1</width>
                </LineStyle>
                <PolyStyle id="100">
                    <color>c8a9a9a9</color>
                    <colorMode>normal</colorMode>
                    <fill>1</fill>
                    <outline>1</outline>
                </PolyStyle>
            </Style>
            <Style id="108">
                <LineStyle id="110">
                    <color>ff3c3c3c</color>
                    <colorMode>normal</colorMode>
                    <width>1</width>
                </LineStyle>
                <PolyStyle id="109">
                    <color>c8a9a9a9</color>
                    <colorMode>normal</colorMode>
                    <fill>1</fill>
                    <outline>1</outline>
                </PolyStyle>
            </Style>
            <Style id="117">
                <LineStyle id="119">
                    <color>ff3c3c3c</color>
                    <colorMode>normal</colorMode>
                    <width>1</width>
                </LineStyle>
                <PolyStyle id="118">
                    <color>c8a9a9a9</color>
                    <colorMode>normal</colorMode>
                    <fill>1</fill>
                    <outline>1</outline>
                </PolyStyle>
            </Style>
            <Style id="126">
                <LineStyle id="128">
                    <color>ff3c3c3c</color>
                    <colorMode>normal</colorMode>
                    <width>1</width>
                </LineStyle>
                <PolyStyle id="127">
                    <color>c8a9a9a9</color>
                    <colorMode>normal</colorMode>
                    <fill>1</fill>
                    <outline>1</outline>
                </PolyStyle>
            </Style>
            <Style id="135">
                <LineStyle id="137">
                    <color>ff3c3c3c</color>
                    <colorMode>normal</colorMode>
                    <width>1</width>
                </LineStyle>
                <PolyStyle id="136">
                    <color>c8a9a9a9</color>
                    <colorMode>normal</colorMode>
                    <fill>1</fill>
                    <outline>1</outline>
                </PolyStyle>
            </Style>
            <Style id="144">
                <LineStyle id="146">
                    <color>ff3c3c3c</color>
                    <colorMode>normal</colorMode>
                    <width>1</width>
                </LineStyle>
                <PolyStyle id="145">
                    <color>c8a9a9a9</color>
                    <colorMode>normal</colorMode>
                    <fill>1</fill>
                    <outline>1</outline>
                </PolyStyle>
            </Style>
            <Style id="153">
                <LineStyle id="155">
                    <color>ff3c3c3c</color>
                    <colorMode>normal</colorMode>
                    <width>1</width>
                </LineStyle>
                <PolyStyle id="154">
                    <color>c8a9a9a9</color>
                    <colorMode>normal</colorMode>
                    <fill>1</fill>
                    <outline>1</outline>
                </PolyStyle>
            </Style>
            <Style id="162">
                <LineStyle id="164">
                    <color>ff3c3c3c</color>
                    <colorMode>normal</colorMode>
                    <width>1</width>
                </LineStyle>
                <PolyStyle id="163">
                    <color>c8a9a9a9</color>
                    <colorMode>normal</colorMode>
                    <fill>1</fill>
                    <outline>1</outline>
                </PolyStyle>
            </Style>
            <Style id="171">
                <LineStyle id="173">
                    <color>ff3c3c3c</color>
                    <colorMode>normal</colorMode>
                    <width>1</width>
                </LineStyle>
                <PolyStyle id="172">
                    <color>c8a9a9a9</color>
                    <colorMode>normal</colorMode>
                    <fill>1</fill>
                    <outline>1</outline>
                </PolyStyle>
            </Style>
            <Style id="180">
                <LineStyle id="182">
                    <color>ff3c3c3c</color>
                    <colorMode>normal</colorMode>
                    <width>1</width>
                </LineStyle>
                <PolyStyle id="181">
                    <color>c8a9a9a9</color>
                    <colorMode>normal</colorMode>
                    <fill>1</fill>
                    <outline>1</outline>
                </PolyStyle>
            </Style>
            <Style id="189">
                <LineStyle id="191">
                    <color>ff3c3c3c</color>
                    <colorMode>normal</colorMode>
                    <width>1</width>
                </LineStyle>
                <PolyStyle id="190">
                    <color>c8a9a9a9</color>
                    <colorMode>normal</colorMode>
                    <fill>1</fill>
                    <outline>1</outline>
                </PolyStyle>
            </Style>
            <Style id="198">
                <LineStyle id="200">
                    <color>ff3c3c3c</color>
                    <colorMode>normal</colorMode>
                    <width>1</width>
                </LineStyle>
                <PolyStyle id="199">
                    <color>c8a9a9a9</color>
                    <colorMode>normal</colorMode>
                    <fill>1</fill>
                    <outline>1</outline>
                </PolyStyle>
            </Style>
            <Style id="207">
                <LineStyle id="209">
                    <color>ff3c3c3c</color>
                    <colorMode>normal</colorMode>
                    <width>1</width>
                </LineStyle>
                <PolyStyle id="208">
                    <color>c8a9a9a9</color>
                    <colorMode>normal</colorMode>
                    <fill>1</fill>
                    <outline>1</outline>
                </PolyStyle>
            </Style>
            <Style id="216">
                <LineStyle id="218">
                    <color>ff3c3c3c</color>
                    <colorMode>normal</colorMode>
                    <width>1</width>
                </LineStyle>
                <PolyStyle id="217">
                    <color>c8a9a9a9</color>
                    <colorMode>normal</colorMode>
                    <fill>1</fill>
                    <outline>1</outline>
                </PolyStyle>
            </Style>
            <Style id="225">
                <LineStyle id="227">
                    <color>ff3c3c3c</color>
                    <colorMode>normal</colorMode>
                    <width>1</width>
                </LineStyle>
                <PolyStyle id="226">
                    <color>c8a9a9a9</color>
                    <colorMode>normal</colorMode>
                    <fill>1</fill>
                    <outline>1</outline>
                </PolyStyle>
            </Style>
            <Style id="442">
                <LineStyle id="444">
                    <color>ff3c3c3c</color>
                    <colorMode>normal</colorMode>
                    <width>1</width>
                </LineStyle>
                <PolyStyle id="443">
                    <color>c8a9a9a9</color>
                    <colorMode>normal</colorMode>
                    <fill>1</fill>
                    <outline>1</outline>
                </PolyStyle>
            </Style>
            <name>⬜ Non-Vegetation</name>
            <Placemark id="4">
                <name>Non-Vegetation 1</name>
                <styleUrl>#9</styleUrl>
                <Polygon id="3">
                    <extrude>0</extrude>
                    <tessellate>1</tessellate>
                    <outerBoundaryIs>
                        <LinearRing id="7">
                            <coordinates>72.84986611248513,19.04724846377145,0.0 72.84986611248513,19.047338295299863,0.0 72.84995594401354,19.047338295299863,0.0 72.84995594401354,19.04724846377145,0.0 72.85004577554196,19.04724846377145,0.0 72.85004577554196,19.047338295299863,0.0 72.85013560707037,19.047338295299863,0.0 72.85013560707037,19.047158632243036,0.0 72.84977628095672,19.047158632243036,0.0 72.84977628095672,19.04724846377145,0.0 72.84986611248513,19.04724846377145,0.0</coordinates>
                        </LinearRing>
                    </outerBoundaryIs>
                </Polygon>
            </Placemark>
            <Placemark id="13">
                <name>Non-Vegetation 2</name>
                <styleUrl>#18</styleUrl>
                <Polygon id="12">
                    <extrude>0</extrude>
                    <tessellate>1</tessellate>
                    <outerBoundaryIs>
                        <LinearRing id="16">
                            <coordinates>72.85004577554196,19.047428126828272,0.0 72.85004577554196,19.047338295299863,0.0 72.84995594401354,19.047338295299863,0.0 72.84995594401354,19.047428126828272,0.0 72.85004577554196,19.047428126828272,0.0</coordinates>
                        </LinearRing>
                    </outerBoundaryIs>
                </Polygon>
            </Placemark>
            <Placemark id="22">
                <name>Non-Vegetation 3</name>
                <styleUrl>#27</styleUrl>
                <Polygon id="21">
                    <extrude>0</extrude>
                    <tessellate>1</tessellate>
                    <outerBoundaryIs>
                        <LinearRing id="25">
                            <coordinates>72.85022543859877,19.047428126828272,0.0 72.85022543859877,19.047338295299863,0.0 72.85013560707037,19.047338295299863,0.0 72.85013560707037,19.047428126828272,0.0 72.85022543859877,19.047428126828272,0.0</coordinates>
                        </LinearRing>
                    </outerBoundaryIs>
                </Polygon>
            </Placemark>
            <Placemark id="31">
                <name>Non-Vegetation 4</name>
                <styleUrl>#36</styleUrl>
                <Polygon id="30">
                    <extrude>0</extrude>
                    <tessellate>1</tessellate>
                    <outerBoundaryIs>
                        <LinearRing id="34">
                            <coordinates>72.85067459624084,19.04787728447033,0.0 72.85076442776925,19.04787728447033,0.0 72.85076442776925,19.04778745294192,0.0 72.85067459624084,19.04778745294192,0.0 72.85067459624084,19.04787728447033,0.0</coordinates>
                        </LinearRing>
                    </outerBoundaryIs>
                </Polygon>
            </Placemark>
            <Placemark id="40">
                <name>Non-Vegetation 5</name>
                <styleUrl>#45</styleUrl>
                <Polygon id="39">
                    <extrude>0</extrude>
                    <tessellate>1</tessellate>
                    <outerBoundaryIs>
                        <LinearRing id="43">
                            <coordinates>72.85004577554196,19.047967115998745,0.0 72.85004577554196,19.04787728447033,0.0 72.84995594401354,19.04787728447033,0.0 72.84995594401354,19.047967115998745,0.0 72.85004577554196,19.047967115998745,0.0</coordinates>
                        </LinearRing>
                    </outerBoundaryIs>
                </Polygon>
            </Placemark>
            <Placemark id="49">
                <name>Non-Vegetation 6</name>
                <styleUrl>#54</styleUrl>
                <Polygon id="48">
                    <extrude>0</extrude>
                    <tessellate>1</tessellate>
                    <outerBoundaryIs>
                        <LinearRing id="52">
                            <coordinates>72.85094409082608,19.048506105169217,0.0 72.85094409082608,19.048416273640804,0.0 72.85085425929766,19.048416273640804,0.0 72.85085425929766,19.048506105169217,0.0 72.85094409082608,19.048506105169217,0.0</coordinates>
                        </LinearRing>
                    </outerBoundaryIs>
                </Polygon>
            </Placemark>
            <Placemark id="58">
                <name>Non-Vegetation 7</name>
                <styleUrl>#63</styleUrl>
                <Polygon id="57">
                    <extrude>0</extrude>
                    <tessellate>1</tessellate>
                    <outerBoundaryIs>
                        <LinearRing id="61">
                            <coordinates>72.84654234593388,19.048865431282863,0.0 72.84645251440547,19.048865431282863,0.0 72.84645251440547,19.04904509433969,0.0 72.8466321774623,19.04904509433969,0.0 72.8466321774623,19.048955262811276,0.0 72.84654234593388,19.048955262811276,0.0 72.84654234593388,19.048865431282863,0.0</coordinates>
                        </LinearRing>
                    </outerBoundaryIs>
                </Polygon>
            </Placemark>
            <Placemark id="67">
                <name>Non-Vegetation 8</name>
                <styleUrl>#72</styleUrl>
                <Polygon id="66">
                    <extrude>0</extrude>
                    <tessellate>1</tessellate>
                    <outerBoundaryIs>
                        <LinearRing id="70">
                            <coordinates>72.84681184051912,19.0491349258681,0.0 72.84681184051912,19.049314588924926,0.0 72.84690167204754,19.049314588924926,0.0 72.84690167204754,19.049224757396512,0.0 72.84699150357595,19.049224757396512,0.0 72.84699150357595,19.0491349258681,0.0 72.84681184051912,19.0491349258681,0.0</coordinates>
                        </LinearRing>
                    </outerBoundaryIs>
                </Polygon>
            </Placemark>
            <Placemark id="76">
                <name>Non-Vegetation 9</name>
                <styleUrl>#81</styleUrl>
                <Polygon id="75">
                    <extrude>0</extrude>
                    <tessellate>1</tessellate>
                    <outerBoundaryIs>
                        <LinearRing id="79">
                            <coordinates>72.8534593736216,19.049404420453335,0.0 72.8534593736216,19.049314588924926,0.0 72.85336954209319,19.049314588924926,0.0 72.85336954209319,19.0491349258681,0.0 72.85327971056478,19.0491349258681,0.0 72.85327971056478,19.048865431282863,0.0 72.8526508898659,19.048865431282863,0.0 72.8526508898659,19.0491349258681,0.0 72.85274072139431,19.0491349258681,0.0 72.85274072139431,19.049314588924926,0.0 72.85283055292273,19.049314588924926,0.0 72.85283055292273,19.049404420453335,0.0 72.85310004750797,19.049404420453335,0.0 72.85310004750797,19.049224757396512,0.0 72.85318987903636,19.049224757396512,0.0 72.85318987903636,19.049763746566985,0.0 72.85327971056478,19.049763746566985,0.0 72.85327971056478,19.049853578095394,0.0 72.8534593736216,19.049853578095394,0.0 72.8534593736216,19.049584083510158,0.0 72.85354920515002,19.049584083510158,0.0 72.85354920515002,19.049404420453335,0.0 72.8534593736216,19.049404420453335,0.0</coordinates>
                        </LinearRing>
                    </outerBoundaryIs>
                </Polygon>
            </Placemark>
            <Placemark id="85">
                <name>Non-Vegetation 10</name>
                <styleUrl>#90</styleUrl>
                <Polygon id="84">
                    <extrude>0</extrude>
                    <tessellate>1</tessellate>
                    <outerBoundaryIs>
                        <LinearRing id="88">
                            <coordinates>72.84016430741664,19.049763746566985,0.0 72.84016430741664,19.049584083510158,0.0 72.84007447588823,19.049584083510158,0.0 72.84007447588823,19.049763746566985,0.0 72.84016430741664,19.049763746566985,0.0</coordinates>
                        </LinearRing>
                    </outerBoundaryIs>
                </Polygon>
            </Placemark>
            <Placemark id="94">
                <name>Non-Vegetation 11</name>
                <styleUrl>#99</styleUrl>
                <Polygon id="93">
                    <extrude>0</extrude>
                    <tessellate>1</tessellate>
                    <outerBoundaryIs>
                        <LinearRing id="97">
                            <coordinates>72.85381869973526,19.049763746566985,0.0 72.85381869973526,19.04967391503857,0.0 72.85372886820684,19.04967391503857,0.0 72.85372886820684,19.049763746566985,0.0 72.85381869973526,19.049763746566985,0.0</coordinates>
                        </LinearRing>
                    </outerBoundaryIs>
                </Polygon>
            </Placemark>
            <Placemark id="103">
                <name>Non-Vegetation 12</name>
                <styleUrl>#108</styleUrl>
                <Polygon id="102">
                    <extrude>0</extrude>
                    <tessellate>1</tessellate>
                    <outerBoundaryIs>
                        <LinearRing id="106">
                            <coordinates>72.85220173222383,19.050841724907926,0.0 72.85220173222383,19.05057223032269,0.0 72.85229156375225,19.05057223032269,0.0 72.85229156375225,19.05012307268063,0.0 72.85238139528066,19.05012307268063,0.0 72.85238139528066,19.049943409623808,0.0 72.85229156375225,19.049943409623808,0.0 72.85229156375225,19.049853578095394,0.0 72.85238139528066,19.049853578095394,0.0 72.85238139528066,19.049763746566985,0.0 72.85247122680907,19.049763746566985,0.0 72.85247122680907,19.04967391503857,0.0 72.85256105833749,19.04967391503857,0.0 72.85256105833749,19.04949425198175,0.0 72.85247122680907,19.04949425198175,0.0 72.85247122680907,19.049404420453335,0.0 72.85220173222383,19.049404420453335,0.0 72.85220173222383,19.049314588924926,0.0 72.85202206916702,19.049314588924926,0.0 72.85202206916702,19.049224757396512,0.0 72.85157291152495,19.049224757396512,0.0 72.85157291152495,19.0491349258681,0.0 72.85139324846813,19.0491349258681,0.0 72.85139324846813,19.049314588924926,0.0 72.85130341693971,19.049314588924926,0.0 72.85130341693971,19.049404420453335,0.0 72.8512135854113,19.049404420453335,0.0 72.8512135854113,19.04949425198175,0.0 72.8511237538829,19.04949425198175,0.0 72.8511237538829,19.049584083510158,0.0 72.85103392235449,19.049584083510158,0.0 72.85103392235449,19.04967391503857,0.0 72.85094409082608,19.04967391503857,0.0 72.85094409082608,19.049943409623808,0.0 72.85103392235449,19.049943409623808,0.0 72.85103392235449,19.050841724907926,0.0 72.8511237538829,19.050841724907926,0.0 72.8511237538829,19.051021387964752,0.0 72.8512135854113,19.051021387964752,0.0 72.8512135854113,19.051111219493162,0.0 72.85148307999654,19.051111219493162,0.0 72.85148307999654,19.051201051021575,0.0 72.85220173222383,19.051201051021575,0.0 72.85220173222383,19.051111219493162,0.0 72.85229156375225,19.051111219493162,0.0 72.85229156375225,19.050841724907926,0.0 72.85220173222383,19.050841724907926,0.0</coordinates>
                        </LinearRing>
                    </outerBoundaryIs>
                </Polygon>
            </Placemark>
            <Placemark id="112">
                <name>Non-Vegetation 13</name>
                <styleUrl>#117</styleUrl>
                <Polygon id="111">
                    <extrude>0</extrude>
                    <tessellate>1</tessellate>
                    <outerBoundaryIs>
                        <LinearRing id="115">
                            <coordinates>72.84357790549629,19.05093155643634,0.0 72.84357790549629,19.050841724907926,0.0 72.84348807396788,19.050841724907926,0.0 72.84348807396788,19.05093155643634,0.0 72.84357790549629,19.05093155643634,0.0</coordinates>
                        </LinearRing>
                    </outerBoundaryIs>
                </Polygon>
            </Placemark>
            <Placemark id="121">
                <name>Non-Vegetation 14</name>
                <styleUrl>#126</styleUrl>
                <Polygon id="120">
                    <extrude>0</extrude>
                    <tessellate>1</tessellate>
                    <outerBoundaryIs>
                        <LinearRing id="124">
                            <coordinates>72.85426785737731,19.050302735737457,0.0 72.8541780258489,19.050302735737457,0.0 72.8541780258489,19.050212904209044,0.0 72.85381869973526,19.050212904209044,0.0 72.85381869973526,19.05057223032269,0.0 72.8541780258489,19.05057223032269,0.0 72.8541780258489,19.050392567265867,0.0 72.85426785737731,19.050392567265867,0.0 72.85426785737731,19.050302735737457,0.0</coordinates>
                        </LinearRing>
                    </outerBoundaryIs>
                </Polygon>
            </Placemark>
            <Placemark id="130">
                <name>Non-Vegetation 15</name>
                <styleUrl>#135</styleUrl>
                <Polygon id="129">
                    <extrude>0</extrude>
                    <tessellate>1</tessellate>
                    <outerBoundaryIs>
                        <LinearRing id="133">
                            <coordinates>72.8632510102185,19.05236886089093,0.0 72.8632510102185,19.052099366305693,0.0 72.86280185257645,19.052099366305693,0.0 72.86280185257645,19.052009534777284,0.0 72.86271202104804,19.052009534777284,0.0 72.86271202104804,19.052099366305693,0.0 72.86253235799121,19.052099366305693,0.0 72.86253235799121,19.05227902936252,0.0 72.8624425264628,19.05227902936252,0.0 72.8624425264628,19.05236886089093,0.0 72.86253235799121,19.05236886089093,0.0 72.86253235799121,19.052638355476166,0.0 72.86298151563328,19.052638355476166,0.0 72.86298151563328,19.052548523947753,0.0 72.86316117869009,19.052548523947753,0.0 72.86316117869009,19.05236886089093,0.0 72.8632510102185,19.05236886089093,0.0</coordinates>
                        </LinearRing>
                    </outerBoundaryIs>
                </Polygon>
            </Placemark>
            <Placemark id="139">
                <name>Non-Vegetation 16</name>
                <styleUrl>#144</styleUrl>
                <Polygon id="138">
                    <extrude>0</extrude>
                    <tessellate>1</tessellate>
                    <outerBoundaryIs>
                        <LinearRing id="142">
                            <coordinates>72.85588482488873,19.05272818700458,0.0 72.85588482488873,19.052548523947753,0.0 72.85579499336032,19.052548523947753,0.0 72.85579499336032,19.052458692419343,0.0 72.8557051618319,19.052458692419343,0.0 72.8557051618319,19.05236886089093,0.0 72.85552549877508,19.05236886089093,0.0 72.85552549877508,19.05227902936252,0.0 72.85543566724667,19.05227902936252,0.0 72.85543566724667,19.05236886089093,0.0 72.85507634113303,19.05236886089093,0.0 72.85507634113303,19.052458692419343,0.0 72.85498650960461,19.052458692419343,0.0 72.85498650960461,19.05272818700458,0.0 72.85534583571825,19.05272818700458,0.0 72.85534583571825,19.052638355476166,0.0 72.8557051618319,19.052638355476166,0.0 72.8557051618319,19.05272818700458,0.0 72.85588482488873,19.05272818700458,0.0</coordinates>
                        </LinearRing>
                    </outerBoundaryIs>
                </Polygon>
            </Placemark>
            <Placemark id="148">
                <name>Non-Vegetation 17</name>
                <styleUrl>#153</styleUrl>
                <Polygon id="147">
                    <extrude>0</extrude>
                    <tessellate>1</tessellate>
                    <outerBoundaryIs>
                        <LinearRing id="151">
                            <coordinates>72.85516617266143,19.052907850061402,0.0 72.85507634113303,19.052907850061402,0.0 72.85507634113303,19.052997681589815,0.0 72.85525600418984,19.052997681589815,0.0 72.85525600418984,19.05281801853299,0.0 72.85516617266143,19.05281801853299,0.0 72.85516617266143,19.052907850061402,0.0</coordinates>
                        </LinearRing>
                    </outerBoundaryIs>
                </Polygon>
            </Placemark>
            <Placemark id="157">
                <name>Non-Vegetation 18</name>
                <styleUrl>#162</styleUrl>
                <Polygon id="156">
                    <extrude>0</extrude>
                    <tessellate>1</tessellate>
                    <outerBoundaryIs>
                        <LinearRing id="160">
                            <coordinates>72.86352050480374,19.05335700770346,0.0 72.86352050480374,19.052997681589815,0.0 72.86343067327533,19.052997681589815,0.0 72.86343067327533,19.05335700770346,0.0 72.86352050480374,19.05335700770346,0.0</coordinates>
                        </LinearRing>
                    </outerBoundaryIs>
                </Polygon>
            </Placemark>
            <Placemark id="166">
                <name>Non-Vegetation 19</name>
                <styleUrl>#171</styleUrl>
                <Polygon id="165">
                    <extrude>0</extrude>
                    <tessellate>1</tessellate>
                    <outerBoundaryIs>
                        <LinearRing id="169">
                            <coordinates>72.86118488506503,19.053536670760288,0.0 72.86118488506503,19.053446839231874,0.0 72.8609153904798,19.053446839231874,0.0 72.8609153904798,19.053626502288697,0.0 72.86100522200822,19.053626502288697,0.0 72.86100522200822,19.05371633381711,0.0 72.86109505353663,19.05371633381711,0.0 72.86109505353663,19.05380616534552,0.0 72.86118488506503,19.05380616534552,0.0 72.86118488506503,19.053626502288697,0.0 72.86127471659344,19.053626502288697,0.0 72.86127471659344,19.053536670760288,0.0 72.86118488506503,19.053536670760288,0.0</coordinates>
                        </LinearRing>
                    </outerBoundaryIs>
                </Polygon>
            </Placemark>
            <Placemark id="175">
                <name>Non-Vegetation 20</name>
                <styleUrl>#180</styleUrl>
                <Polygon id="174">
                    <extrude>0</extrude>
                    <tessellate>1</tessellate>
                    <outerBoundaryIs>
                        <LinearRing id="178">
                            <coordinates>72.86199336882075,19.05371633381711,0.0 72.86199336882075,19.053626502288697,0.0 72.86181370576392,19.053626502288697,0.0 72.86181370576392,19.05371633381711,0.0 72.86199336882075,19.05371633381711,0.0</coordinates>
                        </LinearRing>
                    </outerBoundaryIs>
                </Polygon>
            </Placemark>
            <Placemark id="184">
                <name>Non-Vegetation 21</name>
                <styleUrl>#189</styleUrl>
                <Polygon id="183">
                    <extrude>0</extrude>
                    <tessellate>1</tessellate>
                    <outerBoundaryIs>
                        <LinearRing id="187">
                            <coordinates>72.86208320034916,19.05380616534552,0.0 72.86208320034916,19.05371633381711,0.0 72.86199336882075,19.05371633381711,0.0 72.86199336882075,19.05380616534552,0.0 72.86208320034916,19.05380616534552,0.0</coordinates>
                        </LinearRing>
                    </outerBoundaryIs>
                </Polygon>
            </Placemark>
            <Placemark id="193">
                <name>Non-Vegetation 22</name>
                <styleUrl>#198</styleUrl>
                <Polygon id="192">
                    <extrude>0</extrude>
                    <tessellate>1</tessellate>
                    <outerBoundaryIs>
                        <LinearRing id="196">
                            <coordinates>72.86064589589456,19.053895996873933,0.0 72.86064589589456,19.05380616534552,0.0 72.86055606436615,19.05380616534552,0.0 72.86055606436615,19.053895996873933,0.0 72.86064589589456,19.053895996873933,0.0</coordinates>
                        </LinearRing>
                    </outerBoundaryIs>
                </Polygon>
            </Placemark>
            <Placemark id="202">
                <name>Non-Vegetation 23</name>
                <styleUrl>#207</styleUrl>
                <Polygon id="201">
                    <extrude>0</extrude>
                    <tessellate>1</tessellate>
                    <outerBoundaryIs>
                        <LinearRing id="205">
                            <coordinates>72.8609153904798,19.05371633381711,0.0 72.8609153904798,19.05380616534552,0.0 72.86082555895139,19.05380616534552,0.0 72.86082555895139,19.053985828402347,0.0 72.8609153904798,19.053985828402347,0.0 72.8609153904798,19.053895996873933,0.0 72.86100522200822,19.053895996873933,0.0 72.86100522200822,19.05371633381711,0.0 72.8609153904798,19.05371633381711,0.0</coordinates>
                        </LinearRing>
                    </outerBoundaryIs>
                </Polygon>
            </Placemark>
            <Placemark id="211">
                <name>Non-Vegetation 24</name>
                <styleUrl>#216</styleUrl>
                <Polygon id="210">
                    <extrude>0</extrude>
                    <tessellate>1</tessellate>
                    <outerBoundaryIs>
                        <LinearRing id="214">
                            <coordinates>72.86226286340597,19.05371633381711,0.0 72.86226286340597,19.05380616534552,0.0 72.86235269493439,19.05380616534552,0.0 72.86235269493439,19.053985828402347,0.0 72.8624425264628,19.053985828402347,0.0 72.8624425264628,19.05380616534552,0.0 72.86253235799121,19.05380616534552,0.0 72.86253235799121,19.05371633381711,0.0 72.86226286340597,19.05371633381711,0.0</coordinates>
                        </LinearRing>
                    </outerBoundaryIs>
                </Polygon>
            </Placemark>
            <Placemark id="220">
                <name>Non-Vegetation 25</name>
                <styleUrl>#225</styleUrl>
                <Polygon id="219">
                    <extrude>0</extrude>
                    <tessellate>1</tessellate>
                    <outerBoundaryIs>
                        <LinearRing id="223">
                            <coordinates>72.8564238140592,19.054075659930756,0.0 72.8564238140592,19.054255322987583,0.0 72.85651364558761,19.054255322987583,0.0 72.85651364558761,19.05416549145917,0.0 72.85669330864444,19.05416549145917,0.0 72.85669330864444,19.054075659930756,0.0 72.8564238140592,19.054075659930756,0.0</coordinates>
                        </LinearRing>
                    </outerBoundaryIs>
                </Polygon>
            </Placemark>
            <Placemark id="229">
                <name>Non-Vegetation 26</name>
                <styleUrl>#442</styleUrl>
                <Polygon id="228">
                    <extrude>0</extrude>
                    <tessellate>1</tessellate>
                    <outerBoundaryIs>
                        <LinearRing id="232">
                            <coordinates>72.87259348917335,19.090367597409188,0.0 72.87268332070177,19.090367597409188,0.0 72.87268332070177,19.09054726046601,0.0 72.87277315223018,19.09054726046601,0.0 72.87277315223018,19.090637091994424,0.0 72.8728629837586,19.090637091994424,0.0 72.8728629837586,19.090816755051247,0.0 72.87295281528701,19.090816755051247,0.0 72.87295281528701,19.09099641810807,0.0 72.8730426468154,19.09099641810807,0.0 72.8730426468154,19.091086249636483,0.0 72.87313247834382,19.091086249636483,0.0 72.87313247834382,19.091265912693306,0.0 72.87322230987223,19.091265912693306,0.0 72.87322230987223,19.09144557575013,0.0 72.87331214140065,19.09144557575013,0.0 72.87331214140065,19.091625238806955,0.0 72.87340197292906,19.091625238806955,0.0 72.87340197292906,19.091715070335365,0.0 72.87349180445747,19.091715070335365,0.0 72.87349180445747,19.091804901863778,0.0 72.87358163598589,19.091804901863778,0.0 72.87358163598589,19.091894733392188,0.0 72.8736714675143,19.091894733392188,0.0 72.8736714675143,19.0919845649206,0.0 72.87376129904271,19.0919845649206,0.0 72.87376129904271,19.092074396449014,0.0 72.87394096209954,19.092074396449014,0.0 72.87394096209954,19.092164227977424,0.0 72.87403079362794,19.092164227977424,0.0 72.87403079362794,19.092254059505837,0.0 72.87412062515635,19.092254059505837,0.0 72.87412062515635,19.09234389103425,0.0 72.87421045668476,19.09234389103425,0.0 72.87421045668476,19.09243372256266,0.0 72.87430028821318,19.09243372256266,0.0 72.87430028821318,19.092523554091073,0.0 72.87439011974159,19.092523554091073,0.0 72.87439011974159,19.092613385619487,0.0 72.87447995127,19.092613385619487,0.0 72.87447995127,19.092703217147896,0.0 72.87456978279842,19.092703217147896,0.0 72.87456978279842,19.09279304867631,0.0 72.87465961432683,19.09279304867631,0.0 72.87465961432683,19.09288288020472,0.0 72.87474944585524,19.09288288020472,0.0 72.87474944585524,19.092972711733132,0.0 72.87492910891207,19.092972711733132,0.0 72.87492910891207,19.093062543261546,0.0 72.87510877196888,19.093062543261546,0.0 72.87510877196888,19.093152374789955,0.0 72.87528843502571,19.093152374789955,0.0 72.87528843502571,19.09324220631837,0.0 72.87546809808254,19.09324220631837,0.0 72.87546809808254,19.093332037846782,0.0 72.87564776113936,19.093332037846782,0.0 72.87564776113936,19.09342186937519,0.0 72.87582742419619,19.09342186937519,0.0 72.87582742419619,19.093511700903605,0.0 72.876007087253,19.093511700903605,0.0 72.876007087253,19.093601532432018,0.0 72.87627658183824,19.093601532432018,0.0 72.87627658183824,19.093691363960428,0.0 72.87645624489507,19.093691363960428,0.0 72.87645624489507,19.09378119548884,0.0 72.87681557100872,19.09378119548884,0.0 72.87681557100872,19.09387102701725,0.0 72.87726472865077,19.09387102701725,0.0 72.87726472865077,19.093960858545664,0.0 72.87780371782125,19.093960858545664,0.0 72.87780371782125,19.094050690074077,0.0 72.8782528754633,19.094050690074077,0.0 72.8782528754633,19.094140521602487,0.0 72.87942068533266,19.094140521602487,0.0 72.87942068533266,19.094050690074077,0.0 72.88022916908837,19.094050690074077,0.0 72.88022916908837,19.093960858545664,0.0 72.88103765284407,19.093960858545664,0.0 72.88103765284407,19.09387102701725,0.0 72.88130714742931,19.09387102701725,0.0 72.88130714742931,19.09378119548884,0.0 72.88148681048614,19.09378119548884,0.0 72.88148681048614,19.093691363960428,0.0 72.88166647354296,19.093691363960428,0.0 72.88166647354296,19.093601532432018,0.0 72.88193596812819,19.093601532432018,0.0 72.88193596812819,19.093511700903605,0.0 72.88211563118502,19.093511700903605,0.0 72.88211563118502,19.09342186937519,0.0 72.88229529424184,19.09342186937519,0.0 72.88229529424184,19.093332037846782,0.0 72.88247495729867,19.093332037846782,0.0 72.88247495729867,19.09324220631837,0.0 72.88274445188391,19.09324220631837,0.0 72.88274445188391,19.093152374789955,0.0 72.88292411494072,19.093152374789955,0.0 72.88292411494072,19.093062543261546,0.0 72.88310377799755,19.093062543261546,0.0 72.88310377799755,19.092972711733132,0.0 72.88319360952596,19.092972711733132,0.0 72.88319360952596,19.09288288020472,0.0 72.88328344105437,19.09288288020472,0.0 72.88328344105437,19.09279304867631,0.0 72.88337327258279,19.09279304867631,0.0 72.88337327258279,19.092703217147896,0.0 72.8834631041112,19.092703217147896,0.0 72.8834631041112,19.092613385619487,0.0 72.88355293563961,19.092613385619487,0.0 72.88355293563961,19.092523554091073,0.0 72.88364276716803,19.092523554091073,0.0 72.88364276716803,19.09243372256266,0.0 72.88373259869644,19.09243372256266,0.0 72.88373259869644,19.09234389103425,0.0 72.88391226175325,19.09234389103425,0.0 72.88391226175325,19.092254059505837,0.0 72.88400209328167,19.092254059505837,0.0 72.88400209328167,19.092164227977424,0.0 72.88409192481008,19.092164227977424,0.0 72.88409192481008,19.092074396449014,0.0 72.88418175633849,19.092074396449014,0.0 72.88418175633849,19.0919845649206,0.0 72.8842715878669,19.0919845649206,0.0 72.8842715878669,19.091894733392188,0.0 72.88436141939532,19.091894733392188,0.0 72.88436141939532,19.091804901863778,0.0 72.88445125092373,19.091804901863778,0.0 72.88445125092373,19.091715070335365,0.0 72.88454108245215,19.091715070335365,0.0 72.88454108245215,19.091625238806955,0.0 72.88463091398056,19.091625238806955,0.0 72.88463091398056,19.091535407278542,0.0 72.88472074550897,19.091535407278542,0.0 72.88472074550897,19.09135574422172,0.0 72.88481057703738,19.09135574422172,0.0 72.88481057703738,19.091176081164893,0.0 72.88490040856578,19.091176081164893,0.0 72.88490040856578,19.09099641810807,0.0 72.8849902400942,19.09099641810807,0.0 72.8849902400942,19.090816755051247,0.0 72.88508007162261,19.090816755051247,0.0 72.88508007162261,19.090726923522833,0.0 72.88516990315102,19.090726923522833,0.0 72.88516990315102,19.09054726046601,0.0 72.88525973467944,19.09054726046601,0.0 72.88525973467944,19.090367597409188,0.0 72.88534956620785,19.090367597409188,0.0 72.88534956620785,19.09018793435236,0.0 72.88543939773626,19.09018793435236,0.0 72.88543939773626,19.090008271295538,0.0 72.88552922926468,19.090008271295538,0.0 72.88552922926468,19.089918439767125,0.0 72.88561906079309,19.089918439767125,0.0 72.88561906079309,19.089469282125066,0.0 72.8857088923215,19.089469282125066,0.0 72.8857088923215,19.088930292954593,0.0 72.88579872384992,19.088930292954593,0.0 72.88579872384992,19.088391303784125,0.0 72.88588855537832,19.088391303784125,0.0 72.88588855537832,19.087942146142062,0.0 72.88597838690673,19.087942146142062,0.0 72.88597838690673,19.087043830857944,0.0 72.88588855537832,19.087043830857944,0.0 72.88588855537832,19.085157368761294,0.0 72.88579872384992,19.085157368761294,0.0 72.88579872384992,19.08461837959082,0.0 72.8857088923215,19.08461837959082,0.0 72.8857088923215,19.084259053477172,0.0 72.88561906079309,19.084259053477172,0.0 72.88561906079309,19.083899727363526,0.0 72.88552922926468,19.083899727363526,0.0 72.88552922926468,19.083450569721467,0.0 72.88543939773626,19.083450569721467,0.0 72.88543939773626,19.08318107513623,0.0 72.88534956620785,19.08318107513623,0.0 72.88534956620785,19.083001412079405,0.0 72.88525973467944,19.083001412079405,0.0 72.88525973467944,19.08273191749417,0.0 72.88534956620785,19.08273191749417,0.0 72.88534956620785,19.082462422908936,0.0 72.88543939773626,19.082462422908936,0.0 72.88543939773626,19.0821929283237,0.0 72.88552922926468,19.0821929283237,0.0 72.88552922926468,19.08183360221005,0.0 72.88561906079309,19.08183360221005,0.0 72.88561906079309,19.081474276096404,0.0 72.8857088923215,19.081474276096404,0.0 72.8857088923215,19.081114949982755,0.0 72.88579872384992,19.081114949982755,0.0 72.88579872384992,19.080665792340696,0.0 72.88588855537832,19.080665792340696,0.0 72.88588855537832,19.07859966718722,0.0 72.88579872384992,19.07859966718722,0.0 72.88579872384992,19.078060678016747,0.0 72.8857088923215,19.078060678016747,0.0 72.8857088923215,19.0777013519031,0.0 72.88561906079309,19.0777013519031,0.0 72.88561906079309,19.07752168884628,0.0 72.88552922926468,19.07752168884628,0.0 72.88552922926468,19.077342025789452,0.0 72.88543939773626,19.077342025789452,0.0 72.88543939773626,19.07716236273263,0.0 72.88534956620785,19.07716236273263,0.0 72.88534956620785,19.076982699675806,0.0 72.88525973467944,19.076982699675806,0.0 72.88525973467944,19.07680303661898,0.0 72.88516990315102,19.07680303661898,0.0 72.88516990315102,19.076533542033747,0.0 72.88508007162261,19.076533542033747,0.0 72.88508007162261,19.07635387897692,0.0 72.8849902400942,19.07635387897692,0.0 72.8849902400942,19.076174215920098,0.0 72.88490040856578,19.076174215920098,0.0 72.88490040856578,19.075994552863275,0.0 72.88481057703738,19.075994552863275,0.0 72.88481057703738,19.07581488980645,0.0 72.88472074550897,19.07581488980645,0.0 72.88472074550897,19.075545395221216,0.0 72.88463091398056,19.075545395221216,0.0 72.88463091398056,19.07536573216439,0.0 72.88454108245215,19.07536573216439,0.0 72.88454108245215,19.07527590063598,0.0 72.88445125092373,19.07527590063598,0.0 72.88445125092373,19.075186069107566,0.0 72.88436141939532,19.075186069107566,0.0 72.88436141939532,19.075006406050743,0.0 72.8842715878669,19.075006406050743,0.0 72.8842715878669,19.07491657452233,0.0 72.88418175633849,19.07491657452233,0.0 72.88418175633849,19.074826742993917,0.0 72.88409192481008,19.074826742993917,0.0 72.88409192481008,19.074736911465507,0.0 72.88400209328167,19.074736911465507,0.0 72.88400209328167,19.074647079937094,0.0 72.88391226175325,19.074647079937094,0.0 72.88391226175325,19.074557248408684,0.0 72.88382243022485,19.074557248408684,0.0 72.88382243022485,19.07446741688027,0.0 72.88373259869644,19.07446741688027,0.0 72.88373259869644,19.074377585351858,0.0 72.88364276716803,19.074377585351858,0.0 72.88364276716803,19.074287753823448,0.0 72.88355293563961,19.074287753823448,0.0 72.88355293563961,19.074197922295035,0.0 72.8834631041112,19.074197922295035,0.0 72.8834631041112,19.07410809076662,0.0 72.88337327258279,19.07410809076662,0.0 72.88337327258279,19.074018259238212,0.0 72.88328344105437,19.074018259238212,0.0 72.88328344105437,19.0739284277098,0.0 72.88319360952596,19.0739284277098,0.0 72.88319360952596,19.073838596181385,0.0 72.88310377799755,19.073838596181385,0.0 72.88310377799755,19.073748764652976,0.0 72.88292411494072,19.073748764652976,0.0 72.88292411494072,19.073658933124563,0.0 72.88283428341232,19.073658933124563,0.0 72.88283428341232,19.073569101596153,0.0 72.88274445188391,19.073569101596153,0.0 72.88274445188391,19.07347927006774,0.0 72.88256478882708,19.07347927006774,0.0 72.88256478882708,19.073389438539326,0.0 72.88247495729867,19.073389438539326,0.0 72.88247495729867,19.073299607010917,0.0 72.88238512577026,19.073299607010917,0.0 72.88238512577026,19.073209775482503,0.0 72.88220546271343,19.073209775482503,0.0 72.88220546271343,19.07311994395409,0.0 72.88211563118502,19.07311994395409,0.0 72.88211563118502,19.07303011242568,0.0 72.88193596812819,19.07303011242568,0.0 72.88193596812819,19.072940280897267,0.0 72.88184613659979,19.072940280897267,0.0 72.88184613659979,19.072850449368854,0.0 72.88166647354296,19.072850449368854,0.0 72.88166647354296,19.072760617840444,0.0 72.88148681048614,19.072760617840444,0.0 72.88148681048614,19.07267078631203,0.0 72.88130714742931,19.07267078631203,0.0 72.88130714742931,19.07258095478362,0.0 72.88103765284407,19.07258095478362,0.0 72.88103765284407,19.072491123255208,0.0 72.88085798978726,19.072491123255208,0.0 72.88085798978726,19.072401291726795,0.0 72.88067832673043,19.072401291726795,0.0 72.88067832673043,19.072311460198385,0.0 72.88040883214519,19.072311460198385,0.0 72.88040883214519,19.07204196561315,0.0 72.8804986636736,19.07204196561315,0.0 72.8804986636736,19.0694368512892,0.0 72.88040883214519,19.0694368512892,0.0 72.88040883214519,19.06844870447667,0.0 72.88031900061678,19.06844870447667,0.0 72.88031900061678,19.068269041419846,0.0 72.88040883214519,19.068269041419846,0.0 72.88040883214519,19.06710123155049,0.0 72.8804986636736,19.06710123155049,0.0 72.8804986636736,19.066292747794783,0.0 72.88040883214519,19.066292747794783,0.0 72.88040883214519,19.065843590152724,0.0 72.88031900061678,19.065843590152724,0.0 72.88031900061678,19.06530460098225,0.0 72.88022916908837,19.06530460098225,0.0 72.88022916908837,19.06476561181178,0.0 72.88013933755995,19.06476561181178,0.0 72.88013933755995,19.064226622641307,0.0 72.88004950603154,19.064226622641307,0.0 72.88004950603154,19.064046959584484,0.0 72.87995967450313,19.064046959584484,0.0 72.87995967450313,19.06386729652766,0.0 72.87986984297473,19.06386729652766,0.0 72.87986984297473,19.063687633470835,0.0 72.87978001144631,19.063687633470835,0.0 72.87978001144631,19.063418138885602,0.0 72.8796901799179,19.063418138885602,0.0 72.8796901799179,19.063058812771953,0.0 72.87960034838949,19.063058812771953,0.0 72.87960034838949,19.062789318186717,0.0 72.87951051686107,19.062789318186717,0.0 72.87951051686107,19.06251982360148,0.0 72.87942068533266,19.06251982360148,0.0 72.87942068533266,19.062340160544657,0.0 72.87933085380425,19.062340160544657,0.0 72.87933085380425,19.062160497487834,0.0 72.87924102227583,19.062160497487834,0.0 72.87924102227583,19.061980834431008,0.0 72.87915119074742,19.061980834431008,0.0 72.87915119074742,19.061801171374185,0.0 72.87906135921901,19.061801171374185,0.0 72.87906135921901,19.061711339845772,0.0 72.8789715276906,19.061711339845772,0.0 72.8789715276906,19.06153167678895,0.0 72.8788816961622,19.06153167678895,0.0 72.8788816961622,19.061352013732126,0.0 72.87879186463378,19.061352013732126,0.0 72.87879186463378,19.061172350675303,0.0 72.87870203310537,19.061172350675303,0.0 72.87870203310537,19.060992687618477,0.0 72.87861220157696,19.060992687618477,0.0 72.87861220157696,19.060813024561654,0.0 72.87852237004854,19.060813024561654,0.0 72.87852237004854,19.06063336150483,0.0 72.87843253852013,19.06063336150483,0.0 72.87843253852013,19.060543529976417,0.0 72.87834270699172,19.060543529976417,0.0 72.87834270699172,19.060453698448008,0.0 72.8782528754633,19.060453698448008,0.0 72.8782528754633,19.06027403539118,0.0 72.87816304393489,19.06027403539118,0.0 72.87816304393489,19.06018420386277,0.0 72.87807321240648,19.06018420386277,0.0 72.87807321240648,19.06009437233436,0.0 72.87798338087806,19.06009437233436,0.0 72.87798338087806,19.059914709277535,0.0 72.87789354934966,19.059914709277535,0.0 72.87789354934966,19.059824877749122,0.0 72.87780371782125,19.059824877749122,0.0 72.87780371782125,19.05973504622071,0.0 72.87771388629284,19.05973504622071,0.0 72.87771388629284,19.059555383163886,0.0 72.87762405476442,19.059555383163886,0.0 72.87762405476442,19.05928588857865,0.0 72.87753422323601,19.05928588857865,0.0 72.87753422323601,19.059106225521827,0.0 72.8774443917076,19.059106225521827,0.0 72.8774443917076,19.05883673093659,0.0 72.87735456017919,19.05883673093659,0.0 72.87735456017919,19.058657067879768,0.0 72.87726472865077,19.058657067879768,0.0 72.87726472865077,19.05838757329453,0.0 72.87717489712236,19.05838757329453,0.0 72.87717489712236,19.058118078709295,0.0 72.87708506559395,19.058118078709295,0.0 72.87708506559395,19.05784858412406,0.0 72.87699523406553,19.05784858412406,0.0 72.87699523406553,19.057668921067236,0.0 72.87690540253713,19.057668921067236,0.0 72.87690540253713,19.057399426482,0.0 72.87681557100872,19.057399426482,0.0 72.87681557100872,19.057129931896764,0.0 72.8767257394803,19.057129931896764,0.0 72.8767257394803,19.05695026883994,0.0 72.8766359079519,19.05695026883994,0.0 72.8766359079519,19.056680774254705,0.0 72.87654607642348,19.056680774254705,0.0 72.87654607642348,19.056501111197882,0.0 72.87645624489507,19.056501111197882,0.0 72.87645624489507,19.056231616612646,0.0 72.87636641336665,19.056231616612646,0.0 72.87636641336665,19.05605195355582,0.0 72.87627658183824,19.05605195355582,0.0 72.87627658183824,19.055782458970583,0.0 72.87618675030983,19.055782458970583,0.0 72.87618675030983,19.05560279591376,0.0 72.87609691878141,19.05560279591376,0.0 72.87609691878141,19.055423132856937,0.0 72.876007087253,19.055423132856937,0.0 72.876007087253,19.055243469800114,0.0 72.8759172557246,19.055243469800114,0.0 72.8759172557246,19.055063806743288,0.0 72.87582742419619,19.055063806743288,0.0 72.87582742419619,19.054884143686465,0.0 72.87573759266778,19.054884143686465,0.0 72.87573759266778,19.054704480629642,0.0 72.87564776113936,19.054704480629642,0.0 72.87564776113936,19.05452481757282,0.0 72.87555792961095,19.05452481757282,0.0 72.87555792961095,19.054345154515993,0.0 72.87546809808254,19.054345154515993,0.0 72.87546809808254,19.05416549145917,0.0 72.87537826655412,19.05416549145917,0.0 72.87537826655412,19.054075659930756,0.0 72.87528843502571,19.054075659930756,0.0 72.87528843502571,19.053895996873933,0.0 72.8751986034973,19.053895996873933,0.0 72.8751986034973,19.05380616534552,0.0 72.87510877196888,19.05380616534552,0.0 72.87510877196888,19.053626502288697,0.0 72.87501894044047,19.053626502288697,0.0 72.87501894044047,19.053536670760288,0.0 72.87492910891207,19.053536670760288,0.0 72.87492910891207,19.053446839231874,0.0 72.87483927738366,19.053446839231874,0.0 72.87483927738366,19.05326717617505,0.0 72.87474944585524,19.05326717617505,0.0 72.87474944585524,19.053177344646638,0.0 72.87465961432683,19.053177344646638,0.0 72.87465961432683,19.052997681589815,0.0 72.87456978279842,19.052997681589815,0.0 72.87456978279842,19.052907850061402,0.0 72.87447995127,19.052907850061402,0.0 72.87447995127,19.05281801853299,0.0 72.87439011974159,19.05281801853299,0.0 72.87439011974159,19.05272818700458,0.0 72.87430028821318,19.05272818700458,0.0 72.87430028821318,19.052638355476166,0.0 72.87421045668476,19.052638355476166,0.0 72.87421045668476,19.052458692419343,0.0 72.87412062515635,19.052458692419343,0.0 72.87412062515635,19.05236886089093,0.0 72.87403079362794,19.05236886089093,0.0 72.87403079362794,19.05227902936252,0.0 72.87394096209954,19.05227902936252,0.0 72.87394096209954,19.052189197834107,0.0 72.87376129904271,19.052189197834107,0.0 72.87376129904271,19.052099366305693,0.0 72.8736714675143,19.052099366305693,0.0 72.8736714675143,19.052009534777284,0.0 72.87358163598589,19.052009534777284,0.0 72.87358163598589,19.05191970324887,0.0 72.87349180445747,19.05191970324887,0.0 72.87349180445747,19.051829871720457,0.0 72.87331214140065,19.051829871720457,0.0 72.87331214140065,19.051740040192048,0.0 72.87322230987223,19.051740040192048,0.0 72.87322230987223,19.051650208663634,0.0 72.87313247834382,19.051650208663634,0.0 72.87313247834382,19.05156037713522,0.0 72.8730426468154,19.05156037713522,0.0 72.8730426468154,19.05147054560681,0.0 72.87295281528701,19.05147054560681,0.0 72.87295281528701,19.051380714078398,0.0 72.8728629837586,19.051380714078398,0.0 72.8728629837586,19.051201051021575,0.0 72.87277315223018,19.051201051021575,0.0 72.87277315223018,19.051111219493162,0.0 72.87268332070177,19.051111219493162,0.0 72.87268332070177,19.051021387964752,0.0 72.87259348917335,19.051021387964752,0.0 72.87259348917335,19.05093155643634,0.0 72.87250365764494,19.05093155643634,0.0 72.87250365764494,19.050841724907926,0.0 72.87241382611653,19.050841724907926,0.0 72.87241382611653,19.050751893379516,0.0 72.87232399458811,19.050751893379516,0.0 72.87232399458811,19.050662061851103,0.0 72.8722341630597,19.050662061851103,0.0 72.8722341630597,19.05057223032269,0.0 72.87214433153129,19.05057223032269,0.0 72.87214433153129,19.05048239879428,0.0 72.87205450000287,19.05048239879428,0.0 72.87205450000287,19.050302735737457,0.0 72.87196466847448,19.050302735737457,0.0 72.87196466847448,19.050212904209044,0.0 72.87187483694606,19.050212904209044,0.0 72.87187483694606,19.05003324115222,0.0 72.87178500541765,19.05003324115222,0.0 72.87178500541765,19.049943409623808,0.0 72.87169517388924,19.049943409623808,0.0 72.87169517388924,19.049853578095394,0.0 72.87160534236082,19.049853578095394,0.0 72.87160534236082,19.04967391503857,0.0 72.87151551083241,19.04967391503857,0.0 72.87151551083241,19.049584083510158,0.0 72.87133584777558,19.049584083510158,0.0 72.87133584777558,19.04949425198175,0.0 72.87124601624717,19.04949425198175,0.0 72.87124601624717,19.049404420453335,0.0 72.87106635319034,19.049404420453335,0.0 72.87106635319034,19.049314588924926,0.0 72.87097652166194,19.049314588924926,0.0 72.87097652166194,19.049224757396512,0.0 72.87079685860512,19.049224757396512,0.0 72.87079685860512,19.0491349258681,0.0 72.8707070270767,19.0491349258681,0.0 72.8707070270767,19.04904509433969,0.0 72.87052736401988,19.04904509433969,0.0 72.87052736401988,19.048955262811276,0.0 72.87043753249147,19.048955262811276,0.0 72.87043753249147,19.048865431282863,0.0 72.87025786943464,19.048865431282863,0.0 72.87025786943464,19.048775599754453,0.0 72.87016803790623,19.048775599754453,0.0 72.87016803790623,19.04868576822604,0.0 72.86998837484941,19.04868576822604,0.0 72.86998837484941,19.048595936697627,0.0 72.869898543321,19.048595936697627,0.0 72.869898543321,19.048506105169217,0.0 72.86971888026417,19.048506105169217,0.0 72.86971888026417,19.048416273640804,0.0 72.86962904873576,19.048416273640804,0.0 72.86962904873576,19.048326442112394,0.0 72.86926972262211,19.048326442112394,0.0 72.86926972262211,19.04823661058398,0.0 72.86891039650847,19.04823661058398,0.0 72.86891039650847,19.048146779055568,0.0 72.86864090192323,19.048146779055568,0.0 72.86864090192323,19.048056947527158,0.0 72.86828157580958,19.048056947527158,0.0 72.86828157580958,19.047967115998745,0.0 72.86801208122435,19.047967115998745,0.0 72.86801208122435,19.04787728447033,0.0 72.8676527551107,19.04787728447033,0.0 72.8676527551107,19.04778745294192,0.0 72.86711376594022,19.04778745294192,0.0 72.86711376594022,19.04787728447033,0.0 72.8669341028834,19.04787728447033,0.0 72.8669341028834,19.04778745294192,0.0 72.86648494524134,19.04778745294192,0.0 72.86648494524134,19.04769762141351,0.0 72.86603578759929,19.04769762141351,0.0 72.86603578759929,19.047607789885095,0.0 72.86567646148563,19.047607789885095,0.0 72.86567646148563,19.047517958356686,0.0 72.86459848314469,19.047517958356686,0.0 72.86459848314469,19.047428126828272,0.0 72.86405949397422,19.047428126828272,0.0 72.86405949397422,19.047338295299863,0.0 72.86361033633216,19.047338295299863,0.0 72.86361033633216,19.04724846377145,0.0 72.86307134716169,19.04724846377145,0.0 72.86307134716169,19.047158632243036,0.0 72.86262218951963,19.047158632243036,0.0 72.86262218951963,19.047068800714626,0.0 72.86217303187756,19.047068800714626,0.0 72.86217303187756,19.046978969186213,0.0 72.86172387423551,19.046978969186213,0.0 72.86172387423551,19.04679930612939,0.0 72.8616340427071,19.04679930612939,0.0 72.8616340427071,19.046619643072564,0.0 72.86154421117868,19.046619643072564,0.0 72.86154421117868,19.04643998001574,0.0 72.86145437965027,19.04643998001574,0.0 72.86145437965027,19.046260316958918,0.0 72.86136454812186,19.046260316958918,0.0 72.86136454812186,19.046170485430505,0.0 72.86127471659344,19.046170485430505,0.0 72.86127471659344,19.045990822373682,0.0 72.86118488506503,19.045990822373682,0.0 72.86118488506503,19.04581115931686,0.0 72.86100522200822,19.04581115931686,0.0 72.86100522200822,19.045721327788446,0.0 72.8609153904798,19.045721327788446,0.0 72.8609153904798,19.045631496260032,0.0 72.86082555895139,19.045631496260032,0.0 72.86082555895139,19.045541664731623,0.0 72.86064589589456,19.045541664731623,0.0 72.86064589589456,19.04545183320321,0.0 72.86055606436615,19.04545183320321,0.0 72.86055606436615,19.0453620016748,0.0 72.86046623283774,19.0453620016748,0.0 72.86046623283774,19.045272170146387,0.0 72.86028656978091,19.045272170146387,0.0 72.86028656978091,19.045182338617973,0.0 72.8601967382525,19.045182338617973,0.0 72.8601967382525,19.045092507089564,0.0 72.86010690672408,19.045092507089564,0.0 72.86010690672408,19.04500267556115,0.0 72.85992724366727,19.04500267556115,0.0 72.85992724366727,19.044912844032737,0.0 72.85983741213886,19.044912844032737,0.0 72.85983741213886,19.044823012504327,0.0 72.85974758061045,19.044823012504327,0.0 72.85974758061045,19.044733180975914,0.0 72.85956791755362,19.044733180975914,0.0 72.85956791755362,19.0446433494475,0.0 72.8594780860252,19.0446433494475,0.0 72.8594780860252,19.04455351791909,0.0 72.85938825449679,19.04455351791909,0.0 72.85938825449679,19.044463686390678,0.0 72.85920859143997,19.044463686390678,0.0 72.85920859143997,19.04437385486227,0.0 72.85911875991155,19.04437385486227,0.0 72.85911875991155,19.044284023333855,0.0 72.85902892838315,19.044284023333855,0.0 72.85902892838315,19.044194191805442,0.0 72.85884926532633,19.044194191805442,0.0 72.85884926532633,19.044104360277032,0.0 72.8586696022695,19.044104360277032,0.0 72.8586696022695,19.04401452874862,0.0 72.85848993921267,19.04401452874862,0.0 72.85848993921267,19.043924697220206,0.0 72.85831027615585,19.043924697220206,0.0 72.85831027615585,19.043834865691796,0.0 72.85813061309902,19.043834865691796,0.0 72.85813061309902,19.043745034163383,0.0 72.85804078157062,19.043745034163383,0.0 72.85804078157062,19.04365520263497,0.0 72.8578611185138,19.04365520263497,0.0 72.8578611185138,19.04356537110656,0.0 72.85768145545697,19.04356537110656,0.0 72.85768145545697,19.043475539578147,0.0 72.85759162392856,19.043475539578147,0.0 72.85759162392856,19.043385708049737,0.0 72.85741196087173,19.043385708049737,0.0 72.85741196087173,19.043295876521324,0.0 72.85732212934332,19.043295876521324,0.0 72.85732212934332,19.04320604499291,0.0 72.85714246628649,19.04320604499291,0.0 72.85714246628649,19.0431162134645,0.0 72.85705263475809,19.0431162134645,0.0 72.85705263475809,19.043026381936087,0.0 72.85696280322968,19.043026381936087,0.0 72.85696280322968,19.042936550407674,0.0 72.85687297170126,19.042936550407674,0.0 72.85687297170126,19.042846718879265,0.0 72.85669330864444,19.042846718879265,0.0 72.85669330864444,19.04275688735085,0.0 72.85660347711602,19.04275688735085,0.0 72.85660347711602,19.042667055822438,0.0 72.8564238140592,19.042667055822438,0.0 72.8564238140592,19.04257722429403,0.0 72.85633398253078,19.04257722429403,0.0 72.85633398253078,19.042487392765615,0.0 72.85624415100237,19.042487392765615,0.0 72.85624415100237,19.042397561237205,0.0 72.85606448794556,19.042397561237205,0.0 72.85606448794556,19.042307729708792,0.0 72.85597465641715,19.042307729708792,0.0 72.85597465641715,19.04221789818038,0.0 72.85579499336032,19.04221789818038,0.0 72.85579499336032,19.04212806665197,0.0 72.8556153303035,19.04212806665197,0.0 72.8556153303035,19.042038235123556,0.0 72.85543566724667,19.042038235123556,0.0 72.85543566724667,19.041948403595143,0.0 72.85525600418984,19.041948403595143,0.0 72.85525600418984,19.041858572066733,0.0 72.85516617266143,19.041858572066733,0.0 72.85516617266143,19.04176874053832,0.0 72.85507634113303,19.04176874053832,0.0 72.85507634113303,19.041678909009907,0.0 72.85498650960461,19.041678909009907,0.0 72.85498650960461,19.041589077481497,0.0 72.85480684654779,19.041589077481497,0.0 72.85480684654779,19.041499245953084,0.0 72.85462718349096,19.041499245953084,0.0 72.85462718349096,19.041409414424674,0.0 72.85435768890572,19.041409414424674,0.0 72.85435768890572,19.04131958289626,0.0 72.8541780258489,19.04131958289626,0.0 72.8541780258489,19.041229751367847,0.0 72.85399836279208,19.041229751367847,0.0 72.85399836279208,19.041139919839438,0.0 72.85381869973526,19.041139919839438,0.0 72.85381869973526,19.041050088311025,0.0 72.85354920515002,19.041050088311025,0.0 72.85354920515002,19.04096025678261,0.0 72.85336954209319,19.04096025678261,0.0 72.85336954209319,19.0408704252542,0.0 72.85310004750797,19.0408704252542,0.0 72.85310004750797,19.04078059372579,0.0 72.85283055292273,19.04078059372579,0.0 72.85283055292273,19.040690762197375,0.0 72.85247122680907,19.040690762197375,0.0 72.85247122680907,19.040600930668965,0.0 72.85220173222383,19.040600930668965,0.0 72.85220173222383,19.040511099140552,0.0 72.85175257458178,19.040511099140552,0.0 72.85175257458178,19.040421267612142,0.0 72.85139324846813,19.040421267612142,0.0 72.85139324846813,19.04033143608373,0.0 72.85103392235449,19.04033143608373,0.0 72.85103392235449,19.040241604555316,0.0 72.85058476471242,19.040241604555316,0.0 72.85058476471242,19.040151773026906,0.0 72.85022543859877,19.040151773026906,0.0 72.85022543859877,19.040061941498493,0.0 72.84986611248513,19.040061941498493,0.0 72.84986611248513,19.03997210997008,0.0 72.84950678637148,19.03997210997008,0.0 72.84950678637148,19.03988227844167,0.0 72.84914746025784,19.03988227844167,0.0 72.84914746025784,19.039792446913257,0.0 72.8488779656726,19.039792446913257,0.0 72.8488779656726,19.039702615384844,0.0 72.84860847108736,19.039702615384844,0.0 72.84860847108736,19.039612783856434,0.0 72.84833897650212,19.039612783856434,0.0 72.84833897650212,19.03952295232802,0.0 72.8480694819169,19.03952295232802,0.0 72.8480694819169,19.03943312079961,0.0 72.84779998733165,19.03943312079961,0.0 72.84779998733165,19.039343289271198,0.0 72.84762032427483,19.039343289271198,0.0 72.84762032427483,19.039253457742785,0.0 72.84726099816118,19.039253457742785,0.0 72.84726099816118,19.039163626214375,0.0 72.84681184051912,19.039163626214375,0.0 72.84681184051912,19.03907379468596,0.0 72.84636268287706,19.03907379468596,0.0 72.84636268287706,19.03898396315755,0.0 72.845913525235,19.03898396315755,0.0 72.845913525235,19.03889413162914,0.0 72.84546436759294,19.03889413162914,0.0 72.84546436759294,19.038804300100725,0.0 72.84519487300771,19.038804300100725,0.0 72.84519487300771,19.03889413162914,0.0 72.844386389252,19.03889413162914,0.0 72.844386389252,19.03898396315755,0.0 72.84348807396788,19.03898396315755,0.0 72.84348807396788,19.03907379468596,0.0 72.84312874785424,19.03907379468596,0.0 72.84312874785424,19.039163626214375,0.0 72.84294908479741,19.039163626214375,0.0 72.84294908479741,19.039253457742785,0.0 72.84276942174058,19.039253457742785,0.0 72.84276942174058,19.039343289271198,0.0 72.84249992715534,19.039343289271198,0.0 72.84249992715534,19.03943312079961,0.0 72.84232026409852,19.03943312079961,0.0 72.84232026409852,19.03952295232802,0.0 72.84205076951329,19.03952295232802,0.0 72.84205076951329,19.039612783856434,0.0 72.84187110645647,19.039612783856434,0.0 72.84187110645647,19.039702615384844,0.0 72.84169144339964,19.039702615384844,0.0 72.84169144339964,19.039792446913257,0.0 72.8414219488144,19.039792446913257,0.0 72.8414219488144,19.03988227844167,0.0 72.84133211728599,19.03988227844167,0.0 72.84133211728599,19.03997210997008,0.0 72.84124228575759,19.03997210997008,0.0 72.84124228575759,19.040061941498493,0.0 72.84115245422917,19.040061941498493,0.0 72.84115245422917,19.040151773026906,0.0 72.84106262270076,19.040151773026906,0.0 72.84106262270076,19.040241604555316,0.0 72.84097279117235,19.040241604555316,0.0 72.84097279117235,19.04033143608373,0.0 72.84079312811552,19.04033143608373,0.0 72.84079312811552,19.040421267612142,0.0 72.84070329658711,19.040421267612142,0.0 72.84070329658711,19.040511099140552,0.0 72.8406134650587,19.040511099140552,0.0 72.8406134650587,19.040600930668965,0.0 72.84052363353028,19.040600930668965,0.0 72.84052363353028,19.040690762197375,0.0 72.84043380200187,19.040690762197375,0.0 72.84043380200187,19.04078059372579,0.0 72.84025413894506,19.04078059372579,0.0 72.84025413894506,19.0408704252542,0.0 72.84016430741664,19.0408704252542,0.0 72.84016430741664,19.04096025678261,0.0 72.84007447588823,19.04096025678261,0.0 72.84007447588823,19.041050088311025,0.0 72.83998464435982,19.041050088311025,0.0 72.83998464435982,19.041139919839438,0.0 72.8398948128314,19.041139919839438,0.0 72.8398948128314,19.041229751367847,0.0 72.83980498130299,19.041229751367847,0.0 72.83980498130299,19.04131958289626,0.0 72.83872700296205,19.04131958289626,0.0 72.83872700296205,19.041409414424674,0.0 72.83576256252445,19.041409414424674,0.0 72.83576256252445,19.04131958289626,0.0 72.83558289946762,19.04131958289626,0.0 72.83558289946762,19.041409414424674,0.0 72.8353134048824,19.041409414424674,0.0 72.8353134048824,19.041499245953084,0.0 72.83495407876875,19.041499245953084,0.0 72.83495407876875,19.041589077481497,0.0 72.8346845841835,19.041589077481497,0.0 72.8346845841835,19.041678909009907,0.0 72.83432525806987,19.041678909009907,0.0 72.83432525806987,19.04176874053832,0.0 72.83405576348463,19.04176874053832,0.0 72.83405576348463,19.041858572066733,0.0 72.83369643737097,19.041858572066733,0.0 72.83369643737097,19.041948403595143,0.0 72.83351677431415,19.041948403595143,0.0 72.83351677431415,19.042038235123556,0.0 72.83342694278574,19.042038235123556,0.0 72.83342694278574,19.04212806665197,0.0 72.83324727972892,19.04212806665197,0.0 72.83324727972892,19.04221789818038,0.0 72.83315744820051,19.04221789818038,0.0 72.83315744820051,19.042307729708792,0.0 72.83297778514368,19.042307729708792,0.0 72.83297778514368,19.042397561237205,0.0 72.83288795361527,19.042397561237205,0.0 72.83288795361527,19.042487392765615,0.0 72.83270829055844,19.042487392765615,0.0 72.83270829055844,19.04257722429403,0.0 72.83261845903003,19.04257722429403,0.0 72.83261845903003,19.042667055822438,0.0 72.8324387959732,19.042667055822438,0.0 72.8324387959732,19.04275688735085,0.0 72.8323489644448,19.04275688735085,0.0 72.8323489644448,19.042846718879265,0.0 72.83216930138798,19.042846718879265,0.0 72.83216930138798,19.042936550407674,0.0 72.83198963833115,19.042936550407674,0.0 72.83198963833115,19.043026381936087,0.0 72.83189980680274,19.043026381936087,0.0 72.83189980680274,19.0431162134645,0.0 72.83180997527433,19.0431162134645,0.0 72.83180997527433,19.04320604499291,0.0 72.83172014374591,19.04320604499291,0.0 72.83172014374591,19.043295876521324,0.0 72.8316303122175,19.043295876521324,0.0 72.8316303122175,19.043385708049737,0.0 72.83154048068909,19.043385708049737,0.0 72.83154048068909,19.043475539578147,0.0 72.83145064916067,19.043475539578147,0.0 72.83145064916067,19.04356537110656,0.0 72.83127098610386,19.04356537110656,0.0 72.83127098610386,19.04365520263497,0.0 72.83118115457545,19.04365520263497,0.0 72.83118115457545,19.043745034163383,0.0 72.83109132304703,19.043745034163383,0.0 72.83109132304703,19.043834865691796,0.0 72.83100149151862,19.043834865691796,0.0 72.83100149151862,19.043924697220206,0.0 72.8309116599902,19.043924697220206,0.0 72.8309116599902,19.04401452874862,0.0 72.8308218284618,19.04401452874862,0.0 72.8308218284618,19.044104360277032,0.0 72.83073199693338,19.044104360277032,0.0 72.83073199693338,19.044194191805442,0.0 72.83064216540497,19.044194191805442,0.0 72.83064216540497,19.044284023333855,0.0 72.83046250234814,19.044284023333855,0.0 72.83046250234814,19.04437385486227,0.0 72.83037267081974,19.04437385486227,0.0 72.83037267081974,19.044463686390678,0.0 72.83028283929133,19.044463686390678,0.0 72.83028283929133,19.04455351791909,0.0 72.83019300776292,19.04455351791909,0.0 72.83019300776292,19.0446433494475,0.0 72.8301031762345,19.0446433494475,0.0 72.8301031762345,19.044733180975914,0.0 72.83001334470609,19.044733180975914,0.0 72.83001334470609,19.044823012504327,0.0 72.82992351317768,19.044823012504327,0.0 72.82992351317768,19.044912844032737,0.0 72.82983368164926,19.044912844032737,0.0 72.82983368164926,19.04500267556115,0.0 72.82974385012085,19.04500267556115,0.0 72.82974385012085,19.045182338617973,0.0 72.82965401859244,19.045182338617973,0.0 72.82965401859244,19.045272170146387,0.0 72.82956418706402,19.045272170146387,0.0 72.82956418706402,19.0453620016748,0.0 72.82947435553561,19.0453620016748,0.0 72.82947435553561,19.04545183320321,0.0 72.82938452400721,19.04545183320321,0.0 72.82938452400721,19.045631496260032,0.0 72.8292946924788,19.045631496260032,0.0 72.8292946924788,19.045721327788446,0.0 72.82920486095038,19.045721327788446,0.0 72.82920486095038,19.04581115931686,0.0 72.82911502942197,19.04581115931686,0.0 72.82911502942197,19.04590099084527,0.0 72.82902519789356,19.04590099084527,0.0 72.82902519789356,19.046080653902095,0.0 72.82893536636514,19.046080653902095,0.0 72.82893536636514,19.046170485430505,0.0 72.82884553483673,19.046170485430505,0.0 72.82884553483673,19.046260316958918,0.0 72.82875570330832,19.046260316958918,0.0 72.82875570330832,19.04635014848733,0.0 72.8286658717799,19.04635014848733,0.0 72.8286658717799,19.046619643072564,0.0 72.82857604025149,19.046619643072564,0.0 72.82857604025149,19.0468891376578,0.0 72.82848620872308,19.0468891376578,0.0 72.82848620872308,19.047158632243036,0.0 72.82839637719468,19.047158632243036,0.0 72.82839637719468,19.047338295299863,0.0 72.82830654566627,19.047338295299863,0.0 72.82830654566627,19.047607789885095,0.0 72.82821671413785,19.047607789885095,0.0 72.82821671413785,19.04787728447033,0.0 72.82812688260944,19.04787728447033,0.0 72.82812688260944,19.048146779055568,0.0 72.82803705108103,19.048146779055568,0.0 72.82803705108103,19.050662061851103,0.0 72.82812688260944,19.050662061851103,0.0 72.82812688260944,19.05093155643634,0.0 72.82821671413785,19.05093155643634,0.0 72.82821671413785,19.051111219493162,0.0 72.82830654566627,19.051111219493162,0.0 72.82830654566627,19.051380714078398,0.0 72.82839637719468,19.051380714078398,0.0 72.82839637719468,19.051650208663634,0.0 72.82848620872308,19.051650208663634,0.0 72.82848620872308,19.051829871720457,0.0 72.82857604025149,19.051829871720457,0.0 72.82857604025149,19.052099366305693,0.0 72.8286658717799,19.052099366305693,0.0 72.8286658717799,19.05236886089093,0.0 72.82875570330832,19.05236886089093,0.0 72.82875570330832,19.052548523947753,0.0 72.82884553483673,19.052548523947753,0.0 72.82884553483673,19.052638355476166,0.0 72.82893536636514,19.052638355476166,0.0 72.82893536636514,19.05272818700458,0.0 72.82902519789356,19.05272818700458,0.0 72.82902519789356,19.05281801853299,0.0 72.82911502942197,19.05281801853299,0.0 72.82911502942197,19.052907850061402,0.0 72.82920486095038,19.052907850061402,0.0 72.82920486095038,19.053087513118225,0.0 72.8292946924788,19.053087513118225,0.0 72.8292946924788,19.053177344646638,0.0 72.82938452400721,19.053177344646638,0.0 72.82938452400721,19.05326717617505,0.0 72.82947435553561,19.05326717617505,0.0 72.82947435553561,19.05335700770346,0.0 72.82956418706402,19.05335700770346,0.0 72.82956418706402,19.053446839231874,0.0 72.82965401859244,19.053446839231874,0.0 72.82965401859244,19.053626502288697,0.0 72.82974385012085,19.053626502288697,0.0 72.82974385012085,19.05371633381711,0.0 72.82983368164926,19.05371633381711,0.0 72.82983368164926,19.05380616534552,0.0 72.82992351317768,19.05380616534552,0.0 72.82992351317768,19.053895996873933,0.0 72.83001334470609,19.053895996873933,0.0 72.83001334470609,19.053985828402347,0.0 72.8301031762345,19.053985828402347,0.0 72.8301031762345,19.054075659930756,0.0 72.83019300776292,19.054075659930756,0.0 72.83019300776292,19.05416549145917,0.0 72.83037267081974,19.05416549145917,0.0 72.83037267081974,19.054255322987583,0.0 72.83046250234814,19.054255322987583,0.0 72.83046250234814,19.054345154515993,0.0 72.83064216540497,19.054345154515993,0.0 72.83064216540497,19.054434986044406,0.0 72.8308218284618,19.054434986044406,0.0 72.8308218284618,19.05452481757282,0.0 72.8309116599902,19.05452481757282,0.0 72.8309116599902,19.05461464910123,0.0 72.83109132304703,19.05461464910123,0.0 72.83109132304703,19.054704480629642,0.0 72.83118115457545,19.054704480629642,0.0 72.83118115457545,19.05479431215805,0.0 72.83136081763227,19.05479431215805,0.0 72.83136081763227,19.054884143686465,0.0 72.83154048068909,19.054884143686465,0.0 72.83154048068909,19.054973975214878,0.0 72.8316303122175,19.054973975214878,0.0 72.8316303122175,19.055063806743288,0.0 72.83180997527433,19.055063806743288,0.0 72.83180997527433,19.0551536382717,0.0 72.83198963833115,19.0551536382717,0.0 72.83198963833115,19.055243469800114,0.0 72.8324387959732,19.055243469800114,0.0 72.8324387959732,19.055333301328524,0.0 72.83288795361527,19.055333301328524,0.0 72.83288795361527,19.055423132856937,0.0 72.83333711125734,19.055423132856937,0.0 72.83333711125734,19.05551296438535,0.0 72.8338761004278,19.05551296438535,0.0 72.8338761004278,19.05560279591376,0.0 72.83432525806987,19.05560279591376,0.0 72.83432525806987,19.055692627442173,0.0 72.83495407876875,19.055692627442173,0.0 72.83495407876875,19.055782458970583,0.0 72.83675070933698,19.055782458970583,0.0 72.83675070933698,19.055692627442173,0.0 72.8368405408654,19.055692627442173,0.0 72.8368405408654,19.055782458970583,0.0 72.83702020392222,19.055782458970583,0.0 72.83702020392222,19.055872290498996,0.0 72.83719986697905,19.055872290498996,0.0 72.83719986697905,19.05596212202741,0.0 72.83737953003586,19.05596212202741,0.0 72.83737953003586,19.05605195355582,0.0 72.83746936156427,19.05605195355582,0.0 72.83746936156427,19.056141785084233,0.0 72.8376490246211,19.056141785084233,0.0 72.8376490246211,19.056231616612646,0.0 72.83782868767793,19.056231616612646,0.0 72.83782868767793,19.056321448141055,0.0 72.83800835073475,19.056321448141055,0.0 72.83800835073475,19.05641127966947,0.0 72.83818801379158,19.05641127966947,0.0 72.83818801379158,19.056501111197882,0.0 72.83836767684839,19.056501111197882,0.0 72.83836767684839,19.05659094272629,0.0 72.83854733990522,19.05659094272629,0.0 72.83854733990522,19.056680774254705,0.0 72.83872700296205,19.056680774254705,0.0 72.83872700296205,19.056770605783115,0.0 72.83899649754729,19.056770605783115,0.0 72.83899649754729,19.056860437311528,0.0 72.83917616060411,19.056860437311528,0.0 72.83917616060411,19.05695026883994,0.0 72.83935582366092,19.05695026883994,0.0 72.83935582366092,19.05704010036835,0.0 72.83953548671775,19.05704010036835,0.0 72.83953548671775,19.057129931896764,0.0 72.83980498130299,19.057129931896764,0.0 72.83980498130299,19.057219763425177,0.0 72.83998464435982,19.057219763425177,0.0 72.83998464435982,19.057309594953587,0.0 72.84025413894506,19.057309594953587,0.0 72.84025413894506,19.057399426482,0.0 72.84043380200187,19.057399426482,0.0 72.84043380200187,19.057489258010413,0.0 72.84070329658711,19.057489258010413,0.0 72.84070329658711,19.057579089538823,0.0 72.84088295964393,19.057579089538823,0.0 72.84088295964393,19.057668921067236,0.0 72.84106262270076,19.057668921067236,0.0 72.84106262270076,19.057758752595646,0.0 72.84133211728599,19.057758752595646,0.0 72.84133211728599,19.05784858412406,0.0 72.84160161187123,19.05784858412406,0.0 72.84160161187123,19.057938415652472,0.0 72.84187110645647,19.057938415652472,0.0 72.84187110645647,19.058028247180882,0.0 72.8421406010417,19.058028247180882,0.0 72.8421406010417,19.058118078709295,0.0 72.84241009562693,19.058118078709295,0.0 72.84241009562693,19.05820791023771,0.0 72.842859253269,19.05820791023771,0.0 72.842859253269,19.05829774176612,0.0 72.84321857938265,19.05829774176612,0.0 72.84321857938265,19.05838757329453,0.0 72.8436677370247,19.05838757329453,0.0 72.8436677370247,19.058477404822945,0.0 72.84429655772358,19.058477404822945,0.0 72.84429655772358,19.058567236351355,0.0 72.84519487300771,19.058567236351355,0.0 72.84519487300771,19.058657067879768,0.0 72.84636268287706,19.058657067879768,0.0 72.84636268287706,19.058567236351355,0.0 72.84735082968959,19.058567236351355,0.0 72.84735082968959,19.058657067879768,0.0 72.8480694819169,19.058657067879768,0.0 72.8480694819169,19.058746899408177,0.0 72.84896779720101,19.058746899408177,0.0 72.84896779720101,19.05883673093659,0.0 72.84905762872943,19.05883673093659,0.0 72.84905762872943,19.058926562465004,0.0 72.84923729178624,19.058926562465004,0.0 72.84923729178624,19.059016393993414,0.0 72.84932712331465,19.059016393993414,0.0 72.84932712331465,19.059106225521827,0.0 72.84941695484306,19.059106225521827,0.0 72.84941695484306,19.05919605705024,0.0 72.84950678637148,19.05919605705024,0.0 72.84950678637148,19.05928588857865,0.0 72.84959661789989,19.05928588857865,0.0 72.84959661789989,19.059375720107063,0.0 72.8496864494283,19.059375720107063,0.0 72.8496864494283,19.059465551635476,0.0 72.84977628095672,19.059465551635476,0.0 72.84977628095672,19.059555383163886,0.0 72.8496864494283,19.059555383163886,0.0 72.8496864494283,19.05973504622071,0.0 72.84959661789989,19.05973504622071,0.0 72.84959661789989,19.059914709277535,0.0 72.84950678637148,19.059914709277535,0.0 72.84950678637148,19.06018420386277,0.0 72.84941695484306,19.06018420386277,0.0 72.84941695484306,19.060363866919594,0.0 72.84932712331465,19.060363866919594,0.0 72.84932712331465,19.06144184526054,0.0 72.84923729178624,19.06144184526054,0.0 72.84923729178624,19.062789318186717,0.0 72.84932712331465,19.062789318186717,0.0 72.84932712331465,19.063058812771953,0.0 72.84941695484306,19.063058812771953,0.0 72.84941695484306,19.06332830735719,0.0 72.84950678637148,19.06332830735719,0.0 72.84950678637148,19.063687633470835,0.0 72.84959661789989,19.063687633470835,0.0 72.84959661789989,19.06395712805607,0.0 72.8496864494283,19.06395712805607,0.0 72.8496864494283,19.064226622641307,0.0 72.84977628095672,19.064226622641307,0.0 72.84977628095672,19.064496117226543,0.0 72.84986611248513,19.064496117226543,0.0 72.84986611248513,19.064675780283366,0.0 72.84995594401354,19.064675780283366,0.0 72.84995594401354,19.064855443340193,0.0 72.85004577554196,19.064855443340193,0.0 72.85004577554196,19.064945274868602,0.0 72.85013560707037,19.064945274868602,0.0 72.85013560707037,19.065035106397016,0.0 72.85022543859877,19.065035106397016,0.0 72.85022543859877,19.06521476945384,0.0 72.85031527012718,19.06521476945384,0.0 72.85031527012718,19.06530460098225,0.0 72.8504051016556,19.06530460098225,0.0 72.8504051016556,19.065394432510665,0.0 72.85049493318401,19.065394432510665,0.0 72.85049493318401,19.065484264039075,0.0 72.85058476471242,19.065484264039075,0.0 72.85058476471242,19.065663927095898,0.0 72.85067459624084,19.065663927095898,0.0 72.85067459624084,19.06575375862431,0.0 72.85076442776925,19.06575375862431,0.0 72.85076442776925,19.065843590152724,0.0 72.85085425929766,19.065843590152724,0.0 72.85085425929766,19.066023253209547,0.0 72.85094409082608,19.066023253209547,0.0 72.85094409082608,19.06611308473796,0.0 72.85103392235449,19.06611308473796,0.0 72.85103392235449,19.06620291626637,0.0 72.8511237538829,19.06620291626637,0.0 72.8511237538829,19.066382579323196,0.0 72.85130341693971,19.066382579323196,0.0 72.85130341693971,19.066472410851606,0.0 72.85139324846813,19.066472410851606,0.0 72.85139324846813,19.06656224238002,0.0 72.85157291152495,19.06656224238002,0.0 72.85157291152495,19.06665207390843,0.0 72.85166274305337,19.06665207390843,0.0 72.85166274305337,19.066741905436842,0.0 72.8518424061102,19.066741905436842,0.0 72.8518424061102,19.066831736965256,0.0 72.85193223763861,19.066831736965256,0.0 72.85193223763861,19.066921568493665,0.0 72.85211190069543,19.066921568493665,0.0 72.85211190069543,19.06701140002208,0.0 72.85220173222383,19.06701140002208,0.0 72.85220173222383,19.06710123155049,0.0 72.85238139528066,19.06710123155049,0.0 72.85238139528066,19.0671910630789,0.0 72.85256105833749,19.0671910630789,0.0 72.85256105833749,19.067280894607315,0.0 72.8526508898659,19.067280894607315,0.0 72.8526508898659,19.067370726135728,0.0 72.85283055292273,19.067370726135728,0.0 72.85283055292273,19.067460557664138,0.0 72.85292038445114,19.067460557664138,0.0 72.85292038445114,19.06755038919255,0.0 72.85310004750797,19.06755038919255,0.0 72.85310004750797,19.06764022072096,0.0 72.85327971056478,19.06764022072096,0.0 72.85327971056478,19.067730052249374,0.0 72.8534593736216,19.067730052249374,0.0 72.8534593736216,19.067819883777787,0.0 72.85372886820684,19.067819883777787,0.0 72.85372886820684,19.067909715306197,0.0 72.8540881943205,19.067909715306197,0.0 72.8540881943205,19.06799954683461,0.0 72.85435768890572,19.06799954683461,0.0 72.85435768890572,19.068089378363023,0.0 72.85471701501938,19.068089378363023,0.0 72.85471701501938,19.068179209891433,0.0 72.85507634113303,19.068179209891433,0.0 72.85507634113303,19.068269041419846,0.0 72.85534583571825,19.068269041419846,0.0 72.85534583571825,19.06835887294826,0.0 72.85615431947396,19.06835887294826,0.0 72.85615431947396,19.068269041419846,0.0 72.85606448794556,19.068269041419846,0.0 72.85606448794556,19.068179209891433,0.0 72.85615431947396,19.068179209891433,0.0 72.85615431947396,19.068089378363023,0.0 72.85606448794556,19.068089378363023,0.0 72.85606448794556,19.06799954683461,0.0 72.85597465641715,19.06799954683461,0.0 72.85597465641715,19.067819883777787,0.0 72.85615431947396,19.067819883777787,0.0 72.85615431947396,19.067730052249374,0.0 72.8564238140592,19.067730052249374,0.0 72.8564238140592,19.067819883777787,0.0 72.85660347711602,19.067819883777787,0.0 72.85660347711602,19.067909715306197,0.0 72.85669330864444,19.067909715306197,0.0 72.85669330864444,19.06835887294826,0.0 72.85750179240014,19.06835887294826,0.0 72.85750179240014,19.068269041419846,0.0 72.85777128698538,19.068269041419846,0.0 72.85777128698538,19.068179209891433,0.0 72.85804078157062,19.068179209891433,0.0 72.85804078157062,19.068089378363023,0.0 72.85840010768426,19.068089378363023,0.0 72.85840010768426,19.06799954683461,0.0 72.8586696022695,19.06799954683461,0.0 72.8586696022695,19.067909715306197,0.0 72.85902892838315,19.067909715306197,0.0 72.85902892838315,19.067819883777787,0.0 72.85929842296838,19.067819883777787,0.0 72.85929842296838,19.067730052249374,0.0 72.85938825449679,19.067730052249374,0.0 72.85938825449679,19.06764022072096,0.0 72.85956791755362,19.06764022072096,0.0 72.85956791755362,19.06755038919255,0.0 72.85965774908203,19.06755038919255,0.0 72.85965774908203,19.067460557664138,0.0 72.85983741213886,19.067460557664138,0.0 72.85983741213886,19.067370726135728,0.0 72.86001707519569,19.067370726135728,0.0 72.86001707519569,19.067280894607315,0.0 72.86010690672408,19.067280894607315,0.0 72.86010690672408,19.0671910630789,0.0 72.86028656978091,19.0671910630789,0.0 72.86028656978091,19.06710123155049,0.0 72.86037640130932,19.06710123155049,0.0 72.86037640130932,19.06701140002208,0.0 72.86055606436615,19.06701140002208,0.0 72.86055606436615,19.066921568493665,0.0 72.86064589589456,19.066921568493665,0.0 72.86064589589456,19.066831736965256,0.0 72.86082555895139,19.066831736965256,0.0 72.86082555895139,19.066741905436842,0.0 72.8609153904798,19.066741905436842,0.0 72.8609153904798,19.06665207390843,0.0 72.86100522200822,19.06665207390843,0.0 72.86100522200822,19.06656224238002,0.0 72.86109505353663,19.06656224238002,0.0 72.86109505353663,19.066472410851606,0.0 72.86118488506503,19.066472410851606,0.0 72.86118488506503,19.066292747794783,0.0 72.86127471659344,19.066292747794783,0.0 72.86127471659344,19.06620291626637,0.0 72.86136454812186,19.06620291626637,0.0 72.86136454812186,19.06611308473796,0.0 72.86145437965027,19.06611308473796,0.0 72.86145437965027,19.066023253209547,0.0 72.86154421117868,19.066023253209547,0.0 72.86154421117868,19.065933421681134,0.0 72.8616340427071,19.065933421681134,0.0 72.8616340427071,19.065843590152724,0.0 72.86172387423551,19.065843590152724,0.0 72.86172387423551,19.06575375862431,0.0 72.86181370576392,19.06575375862431,0.0 72.86181370576392,19.065574095567488,0.0 72.86190353729233,19.065574095567488,0.0 72.86190353729233,19.065484264039075,0.0 72.86199336882075,19.065484264039075,0.0 72.86199336882075,19.065394432510665,0.0 72.86208320034916,19.065394432510665,0.0 72.86208320034916,19.06530460098225,0.0 72.86217303187756,19.06530460098225,0.0 72.86217303187756,19.06512493792543,0.0 72.86226286340597,19.06512493792543,0.0 72.86226286340597,19.065035106397016,0.0 72.86235269493439,19.065035106397016,0.0 72.86235269493439,19.064855443340193,0.0 72.8624425264628,19.064855443340193,0.0 72.8624425264628,19.064675780283366,0.0 72.86253235799121,19.064675780283366,0.0 72.86253235799121,19.064585948754956,0.0 72.86262218951963,19.064585948754956,0.0 72.86262218951963,19.064496117226543,0.0 72.86271202104804,19.064496117226543,0.0 72.86271202104804,19.064406285698134,0.0 72.86280185257645,19.064406285698134,0.0 72.86280185257645,19.06431645416972,0.0 72.86289168410487,19.06431645416972,0.0 72.86289168410487,19.064226622641307,0.0 72.86298151563328,19.064226622641307,0.0 72.86298151563328,19.064046959584484,0.0 72.86307134716169,19.064046959584484,0.0 72.86307134716169,19.06395712805607,0.0 72.86316117869009,19.06395712805607,0.0 72.86316117869009,19.06386729652766,0.0 72.8632510102185,19.06386729652766,0.0 72.8632510102185,19.063687633470835,0.0 72.86334084174692,19.063687633470835,0.0 72.86334084174692,19.063597801942425,0.0 72.86343067327533,19.063597801942425,0.0 72.86343067327533,19.063507970414012,0.0 72.86352050480374,19.063507970414012,0.0 72.86352050480374,19.063777464999248,0.0 72.86361033633216,19.063777464999248,0.0 72.86361033633216,19.064046959584484,0.0 72.86370016786057,19.064046959584484,0.0 72.86370016786057,19.06431645416972,0.0 72.86378999938898,19.06431645416972,0.0 72.86378999938898,19.064496117226543,0.0 72.8638798309174,19.064496117226543,0.0 72.8638798309174,19.064675780283366,0.0 72.86396966244581,19.064675780283366,0.0 72.86396966244581,19.064945274868602,0.0 72.86405949397422,19.064945274868602,0.0 72.86405949397422,19.06512493792543,0.0 72.86414932550262,19.06512493792543,0.0 72.86414932550262,19.065394432510665,0.0 72.86423915703104,19.065394432510665,0.0 72.86423915703104,19.065574095567488,0.0 72.86432898855945,19.065574095567488,0.0 72.86432898855945,19.065843590152724,0.0 72.86441882008786,19.065843590152724,0.0 72.86441882008786,19.066023253209547,0.0 72.86450865161628,19.066023253209547,0.0 72.86450865161628,19.06620291626637,0.0 72.86459848314469,19.06620291626637,0.0 72.86459848314469,19.066472410851606,0.0 72.8646883146731,19.066472410851606,0.0 72.8646883146731,19.06665207390843,0.0 72.86477814620152,19.06665207390843,0.0 72.86477814620152,19.066831736965256,0.0 72.86486797772993,19.066831736965256,0.0 72.86486797772993,19.06710123155049,0.0 72.86495780925834,19.06710123155049,0.0 72.86495780925834,19.067370726135728,0.0 72.86504764078676,19.067370726135728,0.0 72.86504764078676,19.067819883777787,0.0 72.86513747231515,19.067819883777787,0.0 72.86513747231515,19.06844870447667,0.0 72.86522730384357,19.06844870447667,0.0 72.86522730384357,19.06880803059032,0.0 72.86531713537198,19.06880803059032,0.0 72.86531713537198,19.069167356703964,0.0 72.8654069669004,19.069167356703964,0.0 72.8654069669004,19.0694368512892,0.0 72.86549679842881,19.0694368512892,0.0 72.86549679842881,19.06979617740285,0.0 72.86558662995722,19.06979617740285,0.0 72.86558662995722,19.070065671988086,0.0 72.86567646148563,19.070065671988086,0.0 72.86567646148563,19.07078432421538,0.0 72.86558662995722,19.07078432421538,0.0 72.86558662995722,19.071053818800618,0.0 72.86549679842881,19.071053818800618,0.0 72.86549679842881,19.071323313385854,0.0 72.8654069669004,19.071323313385854,0.0 72.8654069669004,19.07159280797109,0.0 72.86531713537198,19.07159280797109,0.0 72.86531713537198,19.072221628669972,0.0 72.86522730384357,19.072221628669972,0.0 72.86522730384357,19.07267078631203,0.0 72.86513747231515,19.07267078631203,0.0 72.86513747231515,19.072850449368854,0.0 72.86504764078676,19.072850449368854,0.0 72.86504764078676,19.07311994395409,0.0 72.86495780925834,19.07311994395409,0.0 72.86495780925834,19.07347927006774,0.0 72.86486797772993,19.07347927006774,0.0 72.86486797772993,19.073748764652976,0.0 72.86477814620152,19.073748764652976,0.0 72.86477814620152,19.074197922295035,0.0 72.8646883146731,19.074197922295035,0.0 72.8646883146731,19.074736911465507,0.0 72.86459848314469,19.074736911465507,0.0 72.86459848314469,19.074826742993917,0.0 72.8646883146731,19.074826742993917,0.0 72.8646883146731,19.075096237579153,0.0 72.86459848314469,19.075096237579153,0.0 72.86459848314469,19.07635387897692,0.0 72.8646883146731,19.07635387897692,0.0 72.8646883146731,19.076892868147393,0.0 72.86477814620152,19.076892868147393,0.0 72.86477814620152,19.077431857317865,0.0 72.86486797772993,19.077431857317865,0.0 72.86486797772993,19.07761152037469,0.0 72.86495780925834,19.07761152037469,0.0 72.86495780925834,19.07779118343151,0.0 72.86504764078676,19.07779118343151,0.0 72.86504764078676,19.077970846488338,0.0 72.86513747231515,19.077970846488338,0.0 72.86513747231515,19.07815050954516,0.0 72.86522730384357,19.07815050954516,0.0 72.86522730384357,19.078330172601984,0.0 72.86531713537198,19.078330172601984,0.0 72.86531713537198,19.078420004130397,0.0 72.8654069669004,19.078420004130397,0.0 72.8654069669004,19.07859966718722,0.0 72.86549679842881,19.07859966718722,0.0 72.86549679842881,19.078779330244043,0.0 72.86558662995722,19.078779330244043,0.0 72.86558662995722,19.07895899330087,0.0 72.86567646148563,19.07895899330087,0.0 72.86567646148563,19.07904882482928,0.0 72.86576629301405,19.07904882482928,0.0 72.86576629301405,19.079228487886105,0.0 72.86585612454246,19.079228487886105,0.0 72.86585612454246,19.07940815094293,0.0 72.86594595607087,19.07940815094293,0.0 72.86594595607087,19.07958781399975,0.0 72.86603578759929,19.07958781399975,0.0 72.86603578759929,19.079767477056574,0.0 72.86612561912769,19.079767477056574,0.0 72.86612561912769,19.079857308584987,0.0 72.8662154506561,19.079857308584987,0.0 72.8662154506561,19.08003697164181,0.0 72.86630528218451,19.08003697164181,0.0 72.86630528218451,19.080126803170224,0.0 72.86648494524134,19.080126803170224,0.0 72.86648494524134,19.080216634698637,0.0 72.86657477676975,19.080216634698637,0.0 72.86657477676975,19.080306466227047,0.0 72.86666460829817,19.080306466227047,0.0 72.86666460829817,19.08039629775546,0.0 72.86675443982658,19.08039629775546,0.0 72.86675443982658,19.080486129283873,0.0 72.86684427135499,19.080486129283873,0.0 72.86684427135499,19.080575960812283,0.0 72.8669341028834,19.080575960812283,0.0 72.8669341028834,19.080665792340696,0.0 72.86702393441182,19.080665792340696,0.0 72.86702393441182,19.080755623869106,0.0 72.86720359746863,19.080755623869106,0.0 72.86720359746863,19.08084545539752,0.0 72.86729342899704,19.08084545539752,0.0 72.86729342899704,19.080935286925932,0.0 72.86738326052546,19.080935286925932,0.0 72.86738326052546,19.081025118454342,0.0 72.86747309205387,19.081025118454342,0.0 72.86747309205387,19.081114949982755,0.0 72.86756292358228,19.081114949982755,0.0 72.86756292358228,19.08120478151117,0.0 72.86774258663911,19.08120478151117,0.0 72.86774258663911,19.081294613039578,0.0 72.86783241816752,19.081294613039578,0.0 72.86783241816752,19.08138444456799,0.0 72.86801208122435,19.08138444456799,0.0 72.86801208122435,19.081474276096404,0.0 72.86810191275275,19.081474276096404,0.0 72.86810191275275,19.081564107624814,0.0 72.86828157580958,19.081564107624814,0.0 72.86828157580958,19.081653939153227,0.0 72.8684612388664,19.081653939153227,0.0 72.8684612388664,19.081743770681637,0.0 72.86855107039482,19.081743770681637,0.0 72.86855107039482,19.08183360221005,0.0 72.86873073345164,19.08183360221005,0.0 72.86873073345164,19.081923433738464,0.0 72.86891039650847,19.081923433738464,0.0 72.86891039650847,19.082013265266873,0.0 72.86909005956528,19.082013265266873,0.0 72.86909005956528,19.082103096795286,0.0 72.8691798910937,19.082103096795286,0.0 72.8691798910937,19.0821929283237,0.0 72.86926972262211,19.0821929283237,0.0 72.86926972262211,19.082103096795286,0.0 72.86935955415052,19.082103096795286,0.0 72.86935955415052,19.082013265266873,0.0 72.86953921720735,19.082013265266873,0.0 72.86953921720735,19.082103096795286,0.0 72.86971888026417,19.082103096795286,0.0 72.86971888026417,19.082013265266873,0.0 72.86980871179259,19.082013265266873,0.0 72.86980871179259,19.081923433738464,0.0 72.87016803790623,19.081923433738464,0.0 72.87016803790623,19.08183360221005,0.0 72.87052736401988,19.08183360221005,0.0 72.87052736401988,19.081923433738464,0.0 72.87061719554829,19.081923433738464,0.0 72.87061719554829,19.082013265266873,0.0 72.8707070270767,19.082013265266873,0.0 72.8707070270767,19.082462422908936,0.0 72.87052736401988,19.082462422908936,0.0 72.87052736401988,19.082372591380523,0.0 72.87034770096305,19.082372591380523,0.0 72.87034770096305,19.082462422908936,0.0 72.87025786943464,19.082462422908936,0.0 72.87025786943464,19.082552254437346,0.0 72.87016803790623,19.082552254437346,0.0 72.87016803790623,19.08264208596576,0.0 72.87034770096305,19.08264208596576,0.0 72.87034770096305,19.084348885005586,0.0 72.87043753249147,19.084348885005586,0.0 72.87043753249147,19.08470821111923,0.0 72.87052736401988,19.08470821111923,0.0 72.87052736401988,19.084977705704468,0.0 72.87061719554829,19.084977705704468,0.0 72.87061719554829,19.085337031818117,0.0 72.8707070270767,19.085337031818117,0.0 72.8707070270767,19.085696357931763,0.0 72.87079685860512,19.085696357931763,0.0 72.87079685860512,19.08587602098859,0.0 72.87088669013353,19.08587602098859,0.0 72.87088669013353,19.086145515573826,0.0 72.87097652166194,19.086145515573826,0.0 72.87097652166194,19.08632517863065,0.0 72.87106635319034,19.08632517863065,0.0 72.87106635319034,19.08650484168747,0.0 72.87115618471876,19.08650484168747,0.0 72.87115618471876,19.086594673215885,0.0 72.87124601624717,19.086594673215885,0.0 72.87124601624717,19.086774336272708,0.0 72.87133584777558,19.086774336272708,0.0 72.87133584777558,19.08695399932953,0.0 72.871425679304,19.08695399932953,0.0 72.871425679304,19.087133662386357,0.0 72.87151551083241,19.087133662386357,0.0 72.87151551083241,19.087223493914767,0.0 72.87160534236082,19.087223493914767,0.0 72.87160534236082,19.087403156971593,0.0 72.87169517388924,19.087403156971593,0.0 72.87169517388924,19.08767265155683,0.0 72.87178500541765,19.08767265155683,0.0 72.87178500541765,19.088211640727298,0.0 72.87187483694606,19.088211640727298,0.0 72.87187483694606,19.08875062989777,0.0 72.87196466847448,19.08875062989777,0.0 72.87196466847448,19.089020124483007,0.0 72.87205450000287,19.089020124483007,0.0 72.87205450000287,19.08919978753983,0.0 72.87214433153129,19.08919978753983,0.0 72.87214433153129,19.089379450596656,0.0 72.8722341630597,19.089379450596656,0.0 72.8722341630597,19.089648945181892,0.0 72.87232399458811,19.089648945181892,0.0 72.87232399458811,19.089828608238715,0.0 72.87241382611653,19.089828608238715,0.0 72.87241382611653,19.09009810282395,0.0 72.87250365764494,19.09009810282395,0.0 72.87250365764494,19.09018793435236,0.0 72.87259348917335,19.09018793435236,0.0 72.87259348917335,19.090367597409188,0.0</coordinates>
                        </LinearRing>
                    </outerBoundaryIs>
                    <innerBoundaryIs>
                        <LinearRing id="234">
                            <coordinates>72.87241382611653,19.089738776710302,0.0 72.87250365764494,19.089738776710302,0.0 72.87250365764494,19.089648945181892,0.0 72.87259348917335,19.089648945181892,0.0 72.87259348917335,19.089738776710302,0.0 72.87268332070177,19.089738776710302,0.0 72.87268332070177,19.089828608238715,0.0 72.87241382611653,19.089828608238715,0.0 72.87241382611653,19.089738776710302,0.0</coordinates>
                        </LinearRing>
                        <LinearRing id="238">
                            <coordinates>72.8812173159009,19.09279304867631,0.0 72.88139697895772,19.09279304867631,0.0 72.88139697895772,19.092972711733132,0.0 72.8812173159009,19.092972711733132,0.0 72.8812173159009,19.09279304867631,0.0</coordinates>
                        </LinearRing>
                        <LinearRing id="242">
                            <coordinates>72.87358163598589,19.089738776710302,0.0 72.8736714675143,19.089738776710302,0.0 72.8736714675143,19.089828608238715,0.0 72.87331214140065,19.089828608238715,0.0 72.87331214140065,19.089738776710302,0.0 72.87340197292906,19.089738776710302,0.0 72.87340197292906,19.089648945181892,0.0 72.87358163598589,19.089648945181892,0.0 72.87358163598589,19.089738776710302,0.0</coordinates>
                        </LinearRing>
                        <LinearRing id="246">
                            <coordinates>72.87358163598589,19.089289619068243,0.0 72.8736714675143,19.089289619068243,0.0 72.8736714675143,19.089469282125066,0.0 72.87358163598589,19.089469282125066,0.0 72.87358163598589,19.089289619068243,0.0</coordinates>
                        </LinearRing>
                        <LinearRing id="250">
                            <coordinates>72.87268332070177,19.088211640727298,0.0 72.87277315223018,19.088211640727298,0.0 72.87277315223018,19.08830147225571,0.0 72.87268332070177,19.08830147225571,0.0 72.87268332070177,19.088211640727298,0.0</coordinates>
                        </LinearRing>
                        <LinearRing id="254">
                            <coordinates>72.87268332070177,19.087852314613652,0.0 72.87277315223018,19.087852314613652,0.0 72.87277315223018,19.087942146142062,0.0 72.87268332070177,19.087942146142062,0.0 72.87268332070177,19.087852314613652,0.0</coordinates>
                        </LinearRing>
                        <LinearRing id="258">
                            <coordinates>72.87340197292906,19.08776248308524,0.0 72.87349180445747,19.08776248308524,0.0 72.87349180445747,19.087852314613652,0.0 72.87340197292906,19.087852314613652,0.0 72.87340197292906,19.08776248308524,0.0</coordinates>
                        </LinearRing>
                        <LinearRing id="262">
                            <coordinates>72.87349180445747,19.087582820028416,0.0 72.87358163598589,19.087582820028416,0.0 72.87358163598589,19.08767265155683,0.0 72.87349180445747,19.08767265155683,0.0 72.87349180445747,19.087582820028416,0.0</coordinates>
                        </LinearRing>
                        <LinearRing id="266">
                            <coordinates>72.8730426468154,19.087582820028416,0.0 72.8728629837586,19.087582820028416,0.0 72.8728629837586,19.087043830857944,0.0 72.87295281528701,19.087043830857944,0.0 72.87295281528701,19.087133662386357,0.0 72.8730426468154,19.087133662386357,0.0 72.8730426468154,19.087582820028416,0.0</coordinates>
                        </LinearRing>
                        <LinearRing id="270">
                            <coordinates>72.87322230987223,19.08686416780112,0.0 72.87331214140065,19.08686416780112,0.0 72.87331214140065,19.087133662386357,0.0 72.87322230987223,19.087133662386357,0.0 72.87322230987223,19.087043830857944,0.0 72.87313247834382,19.087043830857944,0.0 72.87313247834382,19.08695399932953,0.0 72.87322230987223,19.08695399932953,0.0 72.87322230987223,19.08686416780112,0.0</coordinates>
                        </LinearRing>
                        <LinearRing id="274">
                            <coordinates>72.87277315223018,19.08003697164181,0.0 72.8728629837586,19.08003697164181,0.0 72.8728629837586,19.0799471401134,0.0 72.87322230987223,19.0799471401134,0.0 72.87322230987223,19.08003697164181,0.0 72.87331214140065,19.08003697164181,0.0 72.87331214140065,19.0799471401134,0.0 72.87358163598589,19.0799471401134,0.0 72.87358163598589,19.080216634698637,0.0 72.87340197292906,19.080216634698637,0.0 72.87340197292906,19.080306466227047,0.0 72.87313247834382,19.080306466227047,0.0 72.87313247834382,19.08039629775546,0.0 72.87295281528701,19.08039629775546,0.0 72.87295281528701,19.080486129283873,0.0 72.87259348917335,19.080486129283873,0.0 72.87259348917335,19.080216634698637,0.0 72.87268332070177,19.080216634698637,0.0 72.87268332070177,19.080126803170224,0.0 72.87277315223018,19.080126803170224,0.0 72.87277315223018,19.08003697164181,0.0</coordinates>
                        </LinearRing>
                        <LinearRing id="278">
                            <coordinates>72.85633398253078,19.060813024561654,0.0 72.85624415100237,19.060813024561654,0.0 72.85624415100237,19.060902856090067,0.0 72.85615431947396,19.060902856090067,0.0 72.85615431947396,19.060992687618477,0.0 72.85606448794556,19.060992687618477,0.0 72.85606448794556,19.061172350675303,0.0 72.85597465641715,19.061172350675303,0.0 72.85597465641715,19.061262182203713,0.0 72.85588482488873,19.061262182203713,0.0 72.85588482488873,19.06144184526054,0.0 72.85579499336032,19.06144184526054,0.0 72.85579499336032,19.06153167678895,0.0 72.8557051618319,19.06153167678895,0.0 72.8557051618319,19.061621508317362,0.0 72.8556153303035,19.061621508317362,0.0 72.8556153303035,19.061711339845772,0.0 72.85552549877508,19.061711339845772,0.0 72.85552549877508,19.0618910029026,0.0 72.85534583571825,19.0618910029026,0.0 72.85534583571825,19.061980834431008,0.0 72.85525600418984,19.061980834431008,0.0 72.85525600418984,19.06207066595942,0.0 72.8548966780762,19.06207066595942,0.0 72.8548966780762,19.061980834431008,0.0 72.85480684654779,19.061980834431008,0.0 72.85480684654779,19.0618910029026,0.0 72.85471701501938,19.0618910029026,0.0 72.85471701501938,19.06144184526054,0.0 72.85480684654779,19.06144184526054,0.0 72.85480684654779,19.061172350675303,0.0 72.8548966780762,19.061172350675303,0.0 72.8548966780762,19.060992687618477,0.0 72.85498650960461,19.060992687618477,0.0 72.85498650960461,19.060902856090067,0.0 72.85507634113303,19.060902856090067,0.0 72.85507634113303,19.06072319303324,0.0 72.85516617266143,19.06072319303324,0.0 72.85516617266143,19.060543529976417,0.0 72.85534583571825,19.060543529976417,0.0 72.85534583571825,19.060453698448008,0.0 72.85543566724667,19.060453698448008,0.0 72.85543566724667,19.060363866919594,0.0 72.85552549877508,19.060363866919594,0.0 72.85552549877508,19.060453698448008,0.0 72.85615431947396,19.060453698448008,0.0 72.85615431947396,19.060543529976417,0.0 72.85633398253078,19.060543529976417,0.0 72.85633398253078,19.060813024561654,0.0</coordinates>
                        </LinearRing>
                        <LinearRing id="282">
                            <coordinates>72.85552549877508,19.06027403539118,0.0 72.85579499336032,19.06027403539118,0.0 72.85579499336032,19.060363866919594,0.0 72.85552549877508,19.060363866919594,0.0 72.85552549877508,19.06027403539118,0.0</coordinates>
                        </LinearRing>
                        <LinearRing id="286">
                            <coordinates>72.86612561912769,19.061352013732126,0.0 72.86603578759929,19.061352013732126,0.0 72.86603578759929,19.06108251914689,0.0 72.86612561912769,19.06108251914689,0.0 72.86612561912769,19.060992687618477,0.0 72.8662154506561,19.060992687618477,0.0 72.8662154506561,19.060902856090067,0.0 72.86630528218451,19.060902856090067,0.0 72.86630528218451,19.060813024561654,0.0 72.86657477676975,19.060813024561654,0.0 72.86657477676975,19.06072319303324,0.0 72.86684427135499,19.06072319303324,0.0 72.86684427135499,19.060902856090067,0.0 72.8669341028834,19.060902856090067,0.0 72.8669341028834,19.060992687618477,0.0 72.86702393441182,19.060992687618477,0.0 72.86702393441182,19.06144184526054,0.0 72.8669341028834,19.06144184526054,0.0 72.8669341028834,19.06153167678895,0.0 72.86684427135499,19.06153167678895,0.0 72.86684427135499,19.061621508317362,0.0 72.86666460829817,19.061621508317362,0.0 72.86666460829817,19.061711339845772,0.0 72.86630528218451,19.061711339845772,0.0 72.86630528218451,19.061621508317362,0.0 72.8662154506561,19.061621508317362,0.0 72.8662154506561,19.06153167678895,0.0 72.86612561912769,19.06153167678895,0.0 72.86612561912769,19.061352013732126,0.0</coordinates>
                        </LinearRing>
                        <LinearRing id="290">
                            <coordinates>72.87492910891207,19.060004540805945,0.0 72.87483927738366,19.060004540805945,0.0 72.87483927738366,19.059824877749122,0.0 72.87465961432683,19.059824877749122,0.0 72.87465961432683,19.05973504622071,0.0 72.87439011974159,19.05973504622071,0.0 72.87439011974159,19.059824877749122,0.0 72.87385113057113,19.059824877749122,0.0 72.87385113057113,19.05973504622071,0.0 72.87376129904271,19.05973504622071,0.0 72.87376129904271,19.0596452146923,0.0 72.8736714675143,19.0596452146923,0.0 72.8736714675143,19.059375720107063,0.0 72.87376129904271,19.059375720107063,0.0 72.87376129904271,19.05928588857865,0.0 72.87385113057113,19.05928588857865,0.0 72.87385113057113,19.059106225521827,0.0 72.87421045668476,19.059106225521827,0.0 72.87421045668476,19.058926562465004,0.0 72.87456978279842,19.058926562465004,0.0 72.87456978279842,19.058746899408177,0.0 72.87465961432683,19.058746899408177,0.0 72.87465961432683,19.058657067879768,0.0 72.87474944585524,19.058657067879768,0.0 72.87474944585524,19.058567236351355,0.0 72.87501894044047,19.058567236351355,0.0 72.87501894044047,19.058657067879768,0.0 72.87546809808254,19.058657067879768,0.0 72.87546809808254,19.058746899408177,0.0 72.87564776113936,19.058746899408177,0.0 72.87564776113936,19.05883673093659,0.0 72.87573759266778,19.05883673093659,0.0 72.87573759266778,19.059106225521827,0.0 72.87582742419619,19.059106225521827,0.0 72.87582742419619,19.059375720107063,0.0 72.87573759266778,19.059375720107063,0.0 72.87573759266778,19.05973504622071,0.0 72.87564776113936,19.05973504622071,0.0 72.87564776113936,19.06009437233436,0.0 72.87555792961095,19.06009437233436,0.0 72.87555792961095,19.06027403539118,0.0 72.87528843502571,19.06027403539118,0.0 72.87528843502571,19.06018420386277,0.0 72.87510877196888,19.06018420386277,0.0 72.87510877196888,19.06009437233436,0.0 72.87492910891207,19.06009437233436,0.0 72.87492910891207,19.060004540805945,0.0</coordinates>
                        </LinearRing>
                        <LinearRing id="294">
                            <coordinates>72.85777128698538,19.059914709277535,0.0 72.8578611185138,19.059914709277535,0.0 72.8578611185138,19.0596452146923,0.0 72.85795095004221,19.0596452146923,0.0 72.85795095004221,19.059375720107063,0.0 72.85804078157062,19.059375720107063,0.0 72.85804078157062,19.059016393993414,0.0 72.85813061309902,19.059016393993414,0.0 72.85813061309902,19.05883673093659,0.0 72.85831027615585,19.05883673093659,0.0 72.85831027615585,19.058746899408177,0.0 72.85848993921267,19.058746899408177,0.0 72.85848993921267,19.058657067879768,0.0 72.85857977074109,19.058657067879768,0.0 72.85857977074109,19.058477404822945,0.0 72.8586696022695,19.058477404822945,0.0 72.8586696022695,19.05838757329453,0.0 72.85875943379791,19.05838757329453,0.0 72.85875943379791,19.05829774176612,0.0 72.85893909685474,19.05829774176612,0.0 72.85893909685474,19.05820791023771,0.0 72.85902892838315,19.05820791023771,0.0 72.85902892838315,19.058118078709295,0.0 72.85911875991155,19.058118078709295,0.0 72.85911875991155,19.058028247180882,0.0 72.85929842296838,19.058028247180882,0.0 72.85929842296838,19.057938415652472,0.0 72.8594780860252,19.057938415652472,0.0 72.8594780860252,19.05784858412406,0.0 72.85974758061045,19.05784858412406,0.0 72.85974758061045,19.057758752595646,0.0 72.86001707519569,19.057758752595646,0.0 72.86001707519569,19.057668921067236,0.0 72.86037640130932,19.057668921067236,0.0 72.86037640130932,19.057579089538823,0.0 72.86073572742298,19.057579089538823,0.0 72.86073572742298,19.057489258010413,0.0 72.8609153904798,19.057489258010413,0.0 72.8609153904798,19.057399426482,0.0 72.86118488506503,19.057399426482,0.0 72.86118488506503,19.057309594953587,0.0 72.86145437965027,19.057309594953587,0.0 72.86145437965027,19.057219763425177,0.0 72.86190353729233,19.057219763425177,0.0 72.86190353729233,19.057129931896764,0.0 72.86217303187756,19.057129931896764,0.0 72.86217303187756,19.05704010036835,0.0 72.8624425264628,19.05704010036835,0.0 72.8624425264628,19.05695026883994,0.0 72.8632510102185,19.05695026883994,0.0 72.8632510102185,19.056860437311528,0.0 72.86361033633216,19.056860437311528,0.0 72.86361033633216,19.05704010036835,0.0 72.86352050480374,19.05704010036835,0.0 72.86352050480374,19.057219763425177,0.0 72.86343067327533,19.057219763425177,0.0 72.86343067327533,19.057309594953587,0.0 72.8632510102185,19.057309594953587,0.0 72.8632510102185,19.057399426482,0.0 72.86316117869009,19.057399426482,0.0 72.86316117869009,19.057489258010413,0.0 72.86307134716169,19.057489258010413,0.0 72.86307134716169,19.057579089538823,0.0 72.86289168410487,19.057579089538823,0.0 72.86289168410487,19.057668921067236,0.0 72.86271202104804,19.057668921067236,0.0 72.86271202104804,19.057758752595646,0.0 72.86253235799121,19.057758752595646,0.0 72.86253235799121,19.05784858412406,0.0 72.86235269493439,19.05784858412406,0.0 72.86235269493439,19.057938415652472,0.0 72.86217303187756,19.057938415652472,0.0 72.86217303187756,19.058028247180882,0.0 72.86208320034916,19.058028247180882,0.0 72.86208320034916,19.058118078709295,0.0 72.86190353729233,19.058118078709295,0.0 72.86190353729233,19.05820791023771,0.0 72.8616340427071,19.05820791023771,0.0 72.8616340427071,19.05829774176612,0.0 72.86136454812186,19.05829774176612,0.0 72.86136454812186,19.05838757329453,0.0 72.86118488506503,19.05838757329453,0.0 72.86118488506503,19.058477404822945,0.0 72.86109505353663,19.058477404822945,0.0 72.86109505353663,19.058567236351355,0.0 72.86100522200822,19.058567236351355,0.0 72.86100522200822,19.058657067879768,0.0 72.8609153904798,19.058657067879768,0.0 72.8609153904798,19.058746899408177,0.0 72.86073572742298,19.058746899408177,0.0 72.86073572742298,19.05883673093659,0.0 72.86064589589456,19.05883673093659,0.0 72.86064589589456,19.058926562465004,0.0 72.86046623283774,19.058926562465004,0.0 72.86046623283774,19.059016393993414,0.0 72.86028656978091,19.059016393993414,0.0 72.86028656978091,19.059106225521827,0.0 72.8601967382525,19.059106225521827,0.0 72.8601967382525,19.05919605705024,0.0 72.86001707519569,19.05919605705024,0.0 72.86001707519569,19.05928588857865,0.0 72.85983741213886,19.05928588857865,0.0 72.85983741213886,19.059375720107063,0.0 72.85974758061045,19.059375720107063,0.0 72.85974758061045,19.059465551635476,0.0 72.85956791755362,19.059465551635476,0.0 72.85956791755362,19.059555383163886,0.0 72.85938825449679,19.059555383163886,0.0 72.85938825449679,19.0596452146923,0.0 72.85920859143997,19.0596452146923,0.0 72.85920859143997,19.05973504622071,0.0 72.85902892838315,19.05973504622071,0.0 72.85902892838315,19.059824877749122,0.0 72.85884926532633,19.059824877749122,0.0 72.85884926532633,19.059914709277535,0.0 72.85875943379791,19.059914709277535,0.0 72.85875943379791,19.060004540805945,0.0 72.85857977074109,19.060004540805945,0.0 72.85857977074109,19.06009437233436,0.0 72.85840010768426,19.06009437233436,0.0 72.85840010768426,19.06018420386277,0.0 72.85795095004221,19.06018420386277,0.0 72.85795095004221,19.06009437233436,0.0 72.8578611185138,19.06009437233436,0.0 72.8578611185138,19.060004540805945,0.0 72.85777128698538,19.060004540805945,0.0 72.85777128698538,19.059914709277535,0.0</coordinates>
                        </LinearRing>
                        <LinearRing id="298">
                            <coordinates>72.85615431947396,19.05919605705024,0.0 72.85624415100237,19.05919605705024,0.0 72.85624415100237,19.059016393993414,0.0 72.85633398253078,19.059016393993414,0.0 72.85633398253078,19.058746899408177,0.0 72.8564238140592,19.058746899408177,0.0 72.8564238140592,19.058477404822945,0.0 72.85669330864444,19.058477404822945,0.0 72.85669330864444,19.058567236351355,0.0 72.85678314017285,19.058567236351355,0.0 72.85678314017285,19.058657067879768,0.0 72.85687297170126,19.058657067879768,0.0 72.85687297170126,19.05883673093659,0.0 72.85696280322968,19.05883673093659,0.0 72.85696280322968,19.058926562465004,0.0 72.85705263475809,19.058926562465004,0.0 72.85705263475809,19.05928588857865,0.0 72.85714246628649,19.05928588857865,0.0 72.85714246628649,19.059465551635476,0.0 72.85705263475809,19.059465551635476,0.0 72.85705263475809,19.0596452146923,0.0 72.85651364558761,19.0596452146923,0.0 72.85651364558761,19.059555383163886,0.0 72.85624415100237,19.059555383163886,0.0 72.85624415100237,19.059465551635476,0.0 72.85615431947396,19.059465551635476,0.0 72.85615431947396,19.05919605705024,0.0</coordinates>
                        </LinearRing>
                        <LinearRing id="302">
                            <coordinates>72.87268332070177,19.058657067879768,0.0 72.87268332070177,19.058567236351355,0.0 72.87259348917335,19.058567236351355,0.0 72.87259348917335,19.058477404822945,0.0 72.87277315223018,19.058477404822945,0.0 72.87277315223018,19.058567236351355,0.0 72.8728629837586,19.058567236351355,0.0 72.8728629837586,19.058657067879768,0.0 72.87268332070177,19.058657067879768,0.0</coordinates>
                        </LinearRing>
                        <LinearRing id="306">
                            <coordinates>72.87241382611653,19.058477404822945,0.0 72.87241382611653,19.05838757329453,0.0 72.87232399458811,19.05838757329453,0.0 72.87232399458811,19.05829774176612,0.0 72.87250365764494,19.05829774176612,0.0 72.87250365764494,19.05838757329453,0.0 72.87259348917335,19.05838757329453,0.0 72.87259348917335,19.058477404822945,0.0 72.87241382611653,19.058477404822945,0.0</coordinates>
                        </LinearRing>
                        <LinearRing id="310">
                            <coordinates>72.8722341630597,19.05829774176612,0.0 72.8722341630597,19.05820791023771,0.0 72.87214433153129,19.05820791023771,0.0 72.87214433153129,19.058118078709295,0.0 72.87196466847448,19.058118078709295,0.0 72.87196466847448,19.058028247180882,0.0 72.87187483694606,19.058028247180882,0.0 72.87187483694606,19.057938415652472,0.0 72.87169517388924,19.057938415652472,0.0 72.87169517388924,19.057668921067236,0.0 72.87178500541765,19.057668921067236,0.0 72.87178500541765,19.057489258010413,0.0 72.87187483694606,19.057489258010413,0.0 72.87187483694606,19.057309594953587,0.0 72.87196466847448,19.057309594953587,0.0 72.87196466847448,19.057399426482,0.0 72.87241382611653,19.057399426482,0.0 72.87241382611653,19.057489258010413,0.0 72.87250365764494,19.057489258010413,0.0 72.87250365764494,19.057758752595646,0.0 72.87196466847448,19.057758752595646,0.0 72.87196466847448,19.057938415652472,0.0 72.87214433153129,19.057938415652472,0.0 72.87214433153129,19.058028247180882,0.0 72.8722341630597,19.058028247180882,0.0 72.8722341630597,19.058118078709295,0.0 72.87232399458811,19.058118078709295,0.0 72.87232399458811,19.05829774176612,0.0 72.8722341630597,19.05829774176612,0.0</coordinates>
                        </LinearRing>
                        <LinearRing id="314">
                            <coordinates>72.87358163598589,19.058567236351355,0.0 72.8736714675143,19.058567236351355,0.0 72.8736714675143,19.058657067879768,0.0 72.87358163598589,19.058657067879768,0.0 72.87358163598589,19.058567236351355,0.0</coordinates>
                        </LinearRing>
                        <LinearRing id="318">
                            <coordinates>72.87439011974159,19.058477404822945,0.0 72.87447995127,19.058477404822945,0.0 72.87447995127,19.058567236351355,0.0 72.87439011974159,19.058567236351355,0.0 72.87439011974159,19.058477404822945,0.0</coordinates>
                        </LinearRing>
                        <LinearRing id="322">
                            <coordinates>72.87349180445747,19.05838757329453,0.0 72.87349180445747,19.058477404822945,0.0 72.87331214140065,19.058477404822945,0.0 72.87331214140065,19.05838757329453,0.0 72.87349180445747,19.05838757329453,0.0</coordinates>
                        </LinearRing>
                        <LinearRing id="326">
                            <coordinates>72.87322230987223,19.05838757329453,0.0 72.87322230987223,19.05829774176612,0.0 72.87331214140065,19.05829774176612,0.0 72.87331214140065,19.05838757329453,0.0 72.87322230987223,19.05838757329453,0.0</coordinates>
                        </LinearRing>
                        <LinearRing id="330">
                            <coordinates>72.87313247834382,19.05829774176612,0.0 72.87313247834382,19.05820791023771,0.0 72.87295281528701,19.05820791023771,0.0 72.87295281528701,19.058028247180882,0.0 72.8728629837586,19.058028247180882,0.0 72.8728629837586,19.05784858412406,0.0 72.87295281528701,19.05784858412406,0.0 72.87295281528701,19.057938415652472,0.0 72.8730426468154,19.057938415652472,0.0 72.8730426468154,19.058028247180882,0.0 72.87313247834382,19.058028247180882,0.0 72.87313247834382,19.058118078709295,0.0 72.87322230987223,19.058118078709295,0.0 72.87322230987223,19.05829774176612,0.0 72.87313247834382,19.05829774176612,0.0</coordinates>
                        </LinearRing>
                        <LinearRing id="334">
                            <coordinates>72.87492910891207,19.05784858412406,0.0 72.87510877196888,19.05784858412406,0.0 72.87510877196888,19.057938415652472,0.0 72.8751986034973,19.057938415652472,0.0 72.8751986034973,19.058118078709295,0.0 72.87528843502571,19.058118078709295,0.0 72.87528843502571,19.05820791023771,0.0 72.87439011974159,19.05820791023771,0.0 72.87439011974159,19.05784858412406,0.0 72.87483927738366,19.05784858412406,0.0 72.87483927738366,19.057758752595646,0.0 72.87492910891207,19.057758752595646,0.0 72.87492910891207,19.05784858412406,0.0</coordinates>
                        </LinearRing>
                        <LinearRing id="338">
                            <coordinates>72.85606448794556,19.05784858412406,0.0 72.85624415100237,19.05784858412406,0.0 72.85624415100237,19.058028247180882,0.0 72.85606448794556,19.058028247180882,0.0 72.85606448794556,19.05784858412406,0.0</coordinates>
                        </LinearRing>
                        <LinearRing id="342">
                            <coordinates>72.8728629837586,19.057668921067236,0.0 72.8728629837586,19.057758752595646,0.0 72.87277315223018,19.057758752595646,0.0 72.87277315223018,19.057668921067236,0.0 72.8728629837586,19.057668921067236,0.0</coordinates>
                        </LinearRing>
                        <LinearRing id="346">
                            <coordinates>72.87268332070177,19.057668921067236,0.0 72.87268332070177,19.057489258010413,0.0 72.87277315223018,19.057489258010413,0.0 72.87277315223018,19.057668921067236,0.0 72.87268332070177,19.057668921067236,0.0</coordinates>
                        </LinearRing>
                        <LinearRing id="350">
                            <coordinates>72.85813061309902,19.05695026883994,0.0 72.85804078157062,19.05695026883994,0.0 72.85804078157062,19.056860437311528,0.0 72.85777128698538,19.056860437311528,0.0 72.85777128698538,19.056770605783115,0.0 72.85759162392856,19.056770605783115,0.0 72.85759162392856,19.056680774254705,0.0 72.85741196087173,19.056680774254705,0.0 72.85741196087173,19.05659094272629,0.0 72.8572322978149,19.05659094272629,0.0 72.8572322978149,19.056501111197882,0.0 72.85705263475809,19.056501111197882,0.0 72.85705263475809,19.05641127966947,0.0 72.85696280322968,19.05641127966947,0.0 72.85696280322968,19.056321448141055,0.0 72.85678314017285,19.056321448141055,0.0 72.85678314017285,19.056231616612646,0.0 72.85669330864444,19.056231616612646,0.0 72.85669330864444,19.056141785084233,0.0 72.85651364558761,19.056141785084233,0.0 72.85651364558761,19.05605195355582,0.0 72.85633398253078,19.05605195355582,0.0 72.85633398253078,19.05596212202741,0.0 72.85624415100237,19.05596212202741,0.0 72.85624415100237,19.055872290498996,0.0 72.85615431947396,19.055872290498996,0.0 72.85615431947396,19.055782458970583,0.0 72.85606448794556,19.055782458970583,0.0 72.85606448794556,19.055692627442173,0.0 72.85588482488873,19.055692627442173,0.0 72.85588482488873,19.05560279591376,0.0 72.85579499336032,19.05560279591376,0.0 72.85579499336032,19.05551296438535,0.0 72.8557051618319,19.05551296438535,0.0 72.8557051618319,19.055423132856937,0.0 72.8556153303035,19.055423132856937,0.0 72.8556153303035,19.055333301328524,0.0 72.85552549877508,19.055333301328524,0.0 72.85552549877508,19.055243469800114,0.0 72.85543566724667,19.055243469800114,0.0 72.85543566724667,19.0551536382717,0.0 72.85534583571825,19.0551536382717,0.0 72.85534583571825,19.055063806743288,0.0 72.85525600418984,19.055063806743288,0.0 72.85525600418984,19.054973975214878,0.0 72.85507634113303,19.054973975214878,0.0 72.85507634113303,19.054884143686465,0.0 72.85498650960461,19.054884143686465,0.0 72.85498650960461,19.05479431215805,0.0 72.8548966780762,19.05479431215805,0.0 72.8548966780762,19.054704480629642,0.0 72.85480684654779,19.054704480629642,0.0 72.85480684654779,19.05461464910123,0.0 72.85471701501938,19.05461464910123,0.0 72.85471701501938,19.05452481757282,0.0 72.85462718349096,19.05452481757282,0.0 72.85462718349096,19.054434986044406,0.0 72.85453735196255,19.054434986044406,0.0 72.85453735196255,19.054345154515993,0.0 72.85444752043414,19.054345154515993,0.0 72.85444752043414,19.054255322987583,0.0 72.85435768890572,19.054255322987583,0.0 72.85435768890572,19.05416549145917,0.0 72.85426785737731,19.05416549145917,0.0 72.85426785737731,19.054075659930756,0.0 72.8541780258489,19.054075659930756,0.0 72.8541780258489,19.053985828402347,0.0 72.85399836279208,19.053985828402347,0.0 72.85399836279208,19.053895996873933,0.0 72.85381869973526,19.053895996873933,0.0 72.85381869973526,19.05380616534552,0.0 72.85372886820684,19.05380616534552,0.0 72.85372886820684,19.05371633381711,0.0 72.85363903667843,19.05371633381711,0.0 72.85363903667843,19.053626502288697,0.0 72.85354920515002,19.053626502288697,0.0 72.85354920515002,19.053536670760288,0.0 72.85336954209319,19.053536670760288,0.0 72.85336954209319,19.053446839231874,0.0 72.85327971056478,19.053446839231874,0.0 72.85327971056478,19.05335700770346,0.0 72.85318987903636,19.05335700770346,0.0 72.85318987903636,19.053177344646638,0.0 72.85310004750797,19.053177344646638,0.0 72.85310004750797,19.053087513118225,0.0 72.85301021597955,19.053087513118225,0.0 72.85301021597955,19.052997681589815,0.0 72.85292038445114,19.052997681589815,0.0 72.85292038445114,19.05281801853299,0.0 72.85283055292273,19.05281801853299,0.0 72.85283055292273,19.05272818700458,0.0 72.85256105833749,19.05272818700458,0.0 72.85256105833749,19.052548523947753,0.0 72.85247122680907,19.052548523947753,0.0 72.85247122680907,19.05227902936252,0.0 72.85238139528066,19.05227902936252,0.0 72.85238139528066,19.052099366305693,0.0 72.85229156375225,19.052099366305693,0.0 72.85229156375225,19.051650208663634,0.0 72.85220173222383,19.051650208663634,0.0 72.85220173222383,19.05156037713522,0.0 72.85211190069543,19.05156037713522,0.0 72.85211190069543,19.051650208663634,0.0 72.85193223763861,19.051650208663634,0.0 72.85193223763861,19.051740040192048,0.0 72.85103392235449,19.051740040192048,0.0 72.85103392235449,19.051650208663634,0.0 72.85094409082608,19.051650208663634,0.0 72.85094409082608,19.05156037713522,0.0 72.85022543859877,19.05156037713522,0.0 72.85022543859877,19.05147054560681,0.0 72.8496864494283,19.05147054560681,0.0 72.8496864494283,19.05156037713522,0.0 72.8488779656726,19.05156037713522,0.0 72.8488779656726,19.05147054560681,0.0 72.84878813414419,19.05147054560681,0.0 72.84878813414419,19.051380714078398,0.0 72.8488779656726,19.051380714078398,0.0 72.8488779656726,19.05129088254999,0.0 72.84878813414419,19.05129088254999,0.0 72.84878813414419,19.051201051021575,0.0 72.8488779656726,19.051201051021575,0.0 72.8488779656726,19.051111219493162,0.0 72.84896779720101,19.051111219493162,0.0 72.84896779720101,19.051021387964752,0.0 72.84905762872943,19.051021387964752,0.0 72.84905762872943,19.050841724907926,0.0 72.84914746025784,19.050841724907926,0.0 72.84914746025784,19.050662061851103,0.0 72.84923729178624,19.050662061851103,0.0 72.84923729178624,19.05048239879428,0.0 72.84932712331465,19.05048239879428,0.0 72.84932712331465,19.050392567265867,0.0 72.84941695484306,19.050392567265867,0.0 72.84941695484306,19.050302735737457,0.0 72.84950678637148,19.050302735737457,0.0 72.84950678637148,19.050212904209044,0.0 72.84959661789989,19.050212904209044,0.0 72.84959661789989,19.05012307268063,0.0 72.8496864494283,19.05012307268063,0.0 72.8496864494283,19.049943409623808,0.0 72.84977628095672,19.049943409623808,0.0 72.84977628095672,19.049853578095394,0.0 72.84986611248513,19.049853578095394,0.0 72.84986611248513,19.049763746566985,0.0 72.84995594401354,19.049763746566985,0.0 72.84995594401354,19.04967391503857,0.0 72.85004577554196,19.04967391503857,0.0 72.85004577554196,19.049584083510158,0.0 72.85013560707037,19.049584083510158,0.0 72.85013560707037,19.049404420453335,0.0 72.85022543859877,19.049404420453335,0.0 72.85022543859877,19.0491349258681,0.0 72.85031527012718,19.0491349258681,0.0 72.85031527012718,19.04904509433969,0.0 72.85049493318401,19.04904509433969,0.0 72.85049493318401,19.048955262811276,0.0 72.85058476471242,19.048955262811276,0.0 72.85058476471242,19.04868576822604,0.0 72.85067459624084,19.04868576822604,0.0 72.85067459624084,19.048416273640804,0.0 72.85085425929766,19.048416273640804,0.0 72.85085425929766,19.04823661058398,0.0 72.85103392235449,19.04823661058398,0.0 72.85103392235449,19.048056947527158,0.0 72.8511237538829,19.048056947527158,0.0 72.8511237538829,19.047967115998745,0.0 72.8512135854113,19.047967115998745,0.0 72.8512135854113,19.04778745294192,0.0 72.85130341693971,19.04778745294192,0.0 72.85130341693971,19.04769762141351,0.0 72.85157291152495,19.04769762141351,0.0 72.85157291152495,19.047607789885095,0.0 72.85166274305337,19.047607789885095,0.0 72.85166274305337,19.047517958356686,0.0 72.85220173222383,19.047517958356686,0.0 72.85220173222383,19.047607789885095,0.0 72.85238139528066,19.047607789885095,0.0 72.85238139528066,19.04769762141351,0.0 72.85256105833749,19.04769762141351,0.0 72.85256105833749,19.04778745294192,0.0 72.8526508898659,19.04778745294192,0.0 72.8526508898659,19.04787728447033,0.0 72.85274072139431,19.04787728447033,0.0 72.85274072139431,19.048056947527158,0.0 72.85283055292273,19.048056947527158,0.0 72.85283055292273,19.048146779055568,0.0 72.85301021597955,19.048146779055568,0.0 72.85301021597955,19.048326442112394,0.0 72.85310004750797,19.048326442112394,0.0 72.85310004750797,19.048506105169217,0.0 72.85318987903636,19.048506105169217,0.0 72.85318987903636,19.048595936697627,0.0 72.85327971056478,19.048595936697627,0.0 72.85327971056478,19.04868576822604,0.0 72.85336954209319,19.04868576822604,0.0 72.85336954209319,19.048775599754453,0.0 72.85354920515002,19.048775599754453,0.0 72.85354920515002,19.048955262811276,0.0 72.85363903667843,19.048955262811276,0.0 72.85363903667843,19.0491349258681,0.0 72.85372886820684,19.0491349258681,0.0 72.85372886820684,19.049224757396512,0.0 72.85381869973526,19.049224757396512,0.0 72.85381869973526,19.0491349258681,0.0 72.85390853126367,19.0491349258681,0.0 72.85390853126367,19.049224757396512,0.0 72.85399836279208,19.049224757396512,0.0 72.85399836279208,19.049584083510158,0.0 72.85381869973526,19.049584083510158,0.0 72.85381869973526,19.04967391503857,0.0 72.85399836279208,19.04967391503857,0.0 72.85399836279208,19.049853578095394,0.0 72.8541780258489,19.049853578095394,0.0 72.8541780258489,19.049943409623808,0.0 72.85435768890572,19.049943409623808,0.0 72.85435768890572,19.05012307268063,0.0 72.85444752043414,19.05012307268063,0.0 72.85444752043414,19.050212904209044,0.0 72.85471701501938,19.050212904209044,0.0 72.85471701501938,19.050302735737457,0.0 72.85453735196255,19.050302735737457,0.0 72.85453735196255,19.050392567265867,0.0 72.85435768890572,19.050392567265867,0.0 72.85435768890572,19.050751893379516,0.0 72.8540881943205,19.050751893379516,0.0 72.8540881943205,19.05093155643634,0.0 72.85381869973526,19.05093155643634,0.0 72.85381869973526,19.050841724907926,0.0 72.8534593736216,19.050841724907926,0.0 72.8534593736216,19.05012307268063,0.0 72.85327971056478,19.05012307268063,0.0 72.85327971056478,19.050302735737457,0.0 72.85301021597955,19.050302735737457,0.0 72.85301021597955,19.050212904209044,0.0 72.85274072139431,19.050212904209044,0.0 72.85274072139431,19.05048239879428,0.0 72.85283055292273,19.05048239879428,0.0 72.85283055292273,19.050662061851103,0.0 72.85274072139431,19.050662061851103,0.0 72.85274072139431,19.050841724907926,0.0 72.8526508898659,19.050841724907926,0.0 72.8526508898659,19.051021387964752,0.0 72.85256105833749,19.051021387964752,0.0 72.85256105833749,19.05156037713522,0.0 72.85247122680907,19.05156037713522,0.0 72.85247122680907,19.051650208663634,0.0 72.8526508898659,19.051650208663634,0.0 72.8526508898659,19.051740040192048,0.0 72.85310004750797,19.051740040192048,0.0 72.85310004750797,19.051650208663634,0.0 72.85336954209319,19.051650208663634,0.0 72.85336954209319,19.051740040192048,0.0 72.8534593736216,19.051740040192048,0.0 72.8534593736216,19.051829871720457,0.0 72.85363903667843,19.051829871720457,0.0 72.85363903667843,19.05191970324887,0.0 72.85381869973526,19.05191970324887,0.0 72.85381869973526,19.052009534777284,0.0 72.8540881943205,19.052009534777284,0.0 72.8540881943205,19.052099366305693,0.0 72.85462718349096,19.052099366305693,0.0 72.85462718349096,19.052009534777284,0.0 72.85471701501938,19.052009534777284,0.0 72.85471701501938,19.05191970324887,0.0 72.85480684654779,19.05191970324887,0.0 72.85480684654779,19.051829871720457,0.0 72.85516617266143,19.051829871720457,0.0 72.85516617266143,19.051650208663634,0.0 72.85525600418984,19.051650208663634,0.0 72.85525600418984,19.05156037713522,0.0 72.85534583571825,19.05156037713522,0.0 72.85534583571825,19.051021387964752,0.0 72.85525600418984,19.051021387964752,0.0 72.85525600418984,19.050841724907926,0.0 72.85534583571825,19.050841724907926,0.0 72.85534583571825,19.050751893379516,0.0 72.8557051618319,19.050751893379516,0.0 72.8557051618319,19.05093155643634,0.0 72.85579499336032,19.05093155643634,0.0 72.85579499336032,19.051021387964752,0.0 72.85588482488873,19.051021387964752,0.0 72.85588482488873,19.051201051021575,0.0 72.85597465641715,19.051201051021575,0.0 72.85597465641715,19.05129088254999,0.0 72.85606448794556,19.05129088254999,0.0 72.85606448794556,19.05147054560681,0.0 72.85615431947396,19.05147054560681,0.0 72.85615431947396,19.051650208663634,0.0 72.85624415100237,19.051650208663634,0.0 72.85624415100237,19.051829871720457,0.0 72.85633398253078,19.051829871720457,0.0 72.85633398253078,19.052009534777284,0.0 72.8564238140592,19.052009534777284,0.0 72.8564238140592,19.05227902936252,0.0 72.85633398253078,19.05227902936252,0.0 72.85633398253078,19.052458692419343,0.0 72.85624415100237,19.052458692419343,0.0 72.85624415100237,19.052548523947753,0.0 72.85597465641715,19.052548523947753,0.0 72.85597465641715,19.05272818700458,0.0 72.85588482488873,19.05272818700458,0.0 72.85588482488873,19.05281801853299,0.0 72.85597465641715,19.05281801853299,0.0 72.85597465641715,19.052907850061402,0.0 72.85615431947396,19.052907850061402,0.0 72.85615431947396,19.052997681589815,0.0 72.85624415100237,19.052997681589815,0.0 72.85624415100237,19.052907850061402,0.0 72.85678314017285,19.052907850061402,0.0 72.85678314017285,19.05281801853299,0.0 72.85714246628649,19.05281801853299,0.0 72.85714246628649,19.052907850061402,0.0 72.8572322978149,19.052907850061402,0.0 72.8572322978149,19.052997681589815,0.0 72.85732212934332,19.052997681589815,0.0 72.85732212934332,19.05326717617505,0.0 72.85741196087173,19.05326717617505,0.0 72.85741196087173,19.05335700770346,0.0 72.85750179240014,19.05335700770346,0.0 72.85750179240014,19.053536670760288,0.0 72.85759162392856,19.053536670760288,0.0 72.85759162392856,19.053895996873933,0.0 72.85768145545697,19.053895996873933,0.0 72.85768145545697,19.054075659930756,0.0 72.85777128698538,19.054075659930756,0.0 72.85777128698538,19.05461464910123,0.0 72.8578611185138,19.05461464910123,0.0 72.8578611185138,19.054704480629642,0.0 72.85777128698538,19.054704480629642,0.0 72.85777128698538,19.05479431215805,0.0 72.8578611185138,19.05479431215805,0.0 72.8578611185138,19.054973975214878,0.0 72.85795095004221,19.054973975214878,0.0 72.85795095004221,19.055423132856937,0.0 72.85804078157062,19.055423132856937,0.0 72.85804078157062,19.055782458970583,0.0 72.85813061309902,19.055782458970583,0.0 72.85813061309902,19.055872290498996,0.0 72.85822044462743,19.055872290498996,0.0 72.85822044462743,19.05596212202741,0.0 72.85831027615585,19.05596212202741,0.0 72.85831027615585,19.05605195355582,0.0 72.85848993921267,19.05605195355582,0.0 72.85848993921267,19.056141785084233,0.0 72.8586696022695,19.056141785084233,0.0 72.8586696022695,19.056231616612646,0.0 72.85875943379791,19.056231616612646,0.0 72.85875943379791,19.056321448141055,0.0 72.85884926532633,19.056321448141055,0.0 72.85884926532633,19.05641127966947,0.0 72.85893909685474,19.05641127966947,0.0 72.85893909685474,19.056501111197882,0.0 72.85902892838315,19.056501111197882,0.0 72.85902892838315,19.05659094272629,0.0 72.85911875991155,19.05659094272629,0.0 72.85911875991155,19.056680774254705,0.0 72.85920859143997,19.056680774254705,0.0 72.85920859143997,19.056770605783115,0.0 72.85929842296838,19.056770605783115,0.0 72.85929842296838,19.056860437311528,0.0 72.85938825449679,19.056860437311528,0.0 72.85938825449679,19.05704010036835,0.0 72.85929842296838,19.05704010036835,0.0 72.85929842296838,19.057129931896764,0.0 72.85911875991155,19.057129931896764,0.0 72.85911875991155,19.057219763425177,0.0 72.85875943379791,19.057219763425177,0.0 72.85875943379791,19.057129931896764,0.0 72.85840010768426,19.057129931896764,0.0 72.85840010768426,19.05704010036835,0.0 72.85813061309902,19.05704010036835,0.0 72.85813061309902,19.05695026883994,0.0</coordinates>
                        </LinearRing>
                        <LinearRing id="354">
                            <coordinates>72.86001707519569,19.05596212202741,0.0 72.85992724366727,19.05596212202741,0.0 72.85992724366727,19.055872290498996,0.0 72.85974758061045,19.055872290498996,0.0 72.85974758061045,19.05560279591376,0.0 72.85965774908203,19.05560279591376,0.0 72.85965774908203,19.05551296438535,0.0 72.85974758061045,19.05551296438535,0.0 72.85974758061045,19.055423132856937,0.0 72.85983741213886,19.055423132856937,0.0 72.85983741213886,19.055333301328524,0.0 72.85992724366727,19.055333301328524,0.0 72.85992724366727,19.055063806743288,0.0 72.85974758061045,19.055063806743288,0.0 72.85974758061045,19.054884143686465,0.0 72.85965774908203,19.054884143686465,0.0 72.85965774908203,19.054704480629642,0.0 72.85974758061045,19.054704480629642,0.0 72.85974758061045,19.05461464910123,0.0 72.85983741213886,19.05461464910123,0.0 72.85983741213886,19.054434986044406,0.0 72.86028656978091,19.054434986044406,0.0 72.86028656978091,19.054255322987583,0.0 72.86037640130932,19.054255322987583,0.0 72.86037640130932,19.05371633381711,0.0 72.86028656978091,19.05371633381711,0.0 72.86028656978091,19.053626502288697,0.0 72.8601967382525,19.053626502288697,0.0 72.8601967382525,19.05371633381711,0.0 72.86010690672408,19.05371633381711,0.0 72.86010690672408,19.053626502288697,0.0 72.86001707519569,19.053626502288697,0.0 72.86001707519569,19.053536670760288,0.0 72.85974758061045,19.053536670760288,0.0 72.85974758061045,19.053446839231874,0.0 72.85965774908203,19.053446839231874,0.0 72.85965774908203,19.05335700770346,0.0 72.85956791755362,19.05335700770346,0.0 72.85956791755362,19.05326717617505,0.0 72.8594780860252,19.05326717617505,0.0 72.8594780860252,19.053087513118225,0.0 72.85929842296838,19.053087513118225,0.0 72.85929842296838,19.052997681589815,0.0 72.85902892838315,19.052997681589815,0.0 72.85902892838315,19.052907850061402,0.0 72.85848993921267,19.052907850061402,0.0 72.85848993921267,19.05281801853299,0.0 72.85813061309902,19.05281801853299,0.0 72.85813061309902,19.05272818700458,0.0 72.85804078157062,19.05272818700458,0.0 72.85804078157062,19.052638355476166,0.0 72.85795095004221,19.052638355476166,0.0 72.85795095004221,19.052548523947753,0.0 72.85777128698538,19.052548523947753,0.0 72.85777128698538,19.052458692419343,0.0 72.85768145545697,19.052458692419343,0.0 72.85768145545697,19.05227902936252,0.0 72.85759162392856,19.05227902936252,0.0 72.85759162392856,19.052099366305693,0.0 72.85750179240014,19.052099366305693,0.0 72.85750179240014,19.05191970324887,0.0 72.85741196087173,19.05191970324887,0.0 72.85741196087173,19.051740040192048,0.0 72.85732212934332,19.051740040192048,0.0 72.85732212934332,19.051650208663634,0.0 72.8572322978149,19.051650208663634,0.0 72.8572322978149,19.05147054560681,0.0 72.85714246628649,19.05147054560681,0.0 72.85714246628649,19.05129088254999,0.0 72.85705263475809,19.05129088254999,0.0 72.85705263475809,19.051201051021575,0.0 72.85714246628649,19.051201051021575,0.0 72.85714246628649,19.051021387964752,0.0 72.8572322978149,19.051021387964752,0.0 72.8572322978149,19.05093155643634,0.0 72.85732212934332,19.05093155643634,0.0 72.85732212934332,19.050841724907926,0.0 72.85759162392856,19.050841724907926,0.0 72.85759162392856,19.05093155643634,0.0 72.85768145545697,19.05093155643634,0.0 72.85768145545697,19.051021387964752,0.0 72.8578611185138,19.051021387964752,0.0 72.8578611185138,19.051111219493162,0.0 72.85795095004221,19.051111219493162,0.0 72.85795095004221,19.051201051021575,0.0 72.85813061309902,19.051201051021575,0.0 72.85813061309902,19.05129088254999,0.0 72.85822044462743,19.05129088254999,0.0 72.85822044462743,19.051380714078398,0.0 72.85848993921267,19.051380714078398,0.0 72.85848993921267,19.05147054560681,0.0 72.8586696022695,19.05147054560681,0.0 72.8586696022695,19.05156037713522,0.0 72.85875943379791,19.05156037713522,0.0 72.85875943379791,19.051650208663634,0.0 72.85884926532633,19.051650208663634,0.0 72.85884926532633,19.051740040192048,0.0 72.85902892838315,19.051740040192048,0.0 72.85902892838315,19.051829871720457,0.0 72.85929842296838,19.051829871720457,0.0 72.85929842296838,19.05191970324887,0.0 72.8601967382525,19.05191970324887,0.0 72.8601967382525,19.052009534777284,0.0 72.86037640130932,19.052009534777284,0.0 72.86037640130932,19.052099366305693,0.0 72.86109505353663,19.052099366305693,0.0 72.86109505353663,19.052009534777284,0.0 72.86127471659344,19.052009534777284,0.0 72.86127471659344,19.05191970324887,0.0 72.86145437965027,19.05191970324887,0.0 72.86145437965027,19.051829871720457,0.0 72.86199336882075,19.051829871720457,0.0 72.86199336882075,19.051740040192048,0.0 72.8624425264628,19.051740040192048,0.0 72.8624425264628,19.051829871720457,0.0 72.86307134716169,19.051829871720457,0.0 72.86307134716169,19.051740040192048,0.0 72.86343067327533,19.051740040192048,0.0 72.86343067327533,19.051650208663634,0.0 72.86450865161628,19.051650208663634,0.0 72.86450865161628,19.051740040192048,0.0 72.86459848314469,19.051740040192048,0.0 72.86459848314469,19.05191970324887,0.0 72.8646883146731,19.05191970324887,0.0 72.8646883146731,19.05227902936252,0.0 72.86477814620152,19.05227902936252,0.0 72.86477814620152,19.052548523947753,0.0 72.86486797772993,19.052548523947753,0.0 72.86486797772993,19.05272818700458,0.0 72.86495780925834,19.05272818700458,0.0 72.86495780925834,19.053087513118225,0.0 72.86504764078676,19.053087513118225,0.0 72.86504764078676,19.053536670760288,0.0 72.86513747231515,19.053536670760288,0.0 72.86513747231515,19.053626502288697,0.0 72.86504764078676,19.053626502288697,0.0 72.86504764078676,19.05380616534552,0.0 72.86495780925834,19.05380616534552,0.0 72.86495780925834,19.053895996873933,0.0 72.86414932550262,19.053895996873933,0.0 72.86414932550262,19.053985828402347,0.0 72.86361033633216,19.053985828402347,0.0 72.86361033633216,19.053895996873933,0.0 72.86307134716169,19.053895996873933,0.0 72.86307134716169,19.054075659930756,0.0 72.86298151563328,19.054075659930756,0.0 72.86298151563328,19.05416549145917,0.0 72.86271202104804,19.05416549145917,0.0 72.86271202104804,19.054075659930756,0.0 72.86199336882075,19.054075659930756,0.0 72.86199336882075,19.053985828402347,0.0 72.86190353729233,19.053985828402347,0.0 72.86190353729233,19.054704480629642,0.0 72.86181370576392,19.054704480629642,0.0 72.86181370576392,19.054884143686465,0.0 72.86172387423551,19.054884143686465,0.0 72.86172387423551,19.0551536382717,0.0 72.86145437965027,19.0551536382717,0.0 72.86145437965027,19.055243469800114,0.0 72.86136454812186,19.055243469800114,0.0 72.86136454812186,19.055333301328524,0.0 72.86118488506503,19.055333301328524,0.0 72.86118488506503,19.05551296438535,0.0 72.86109505353663,19.05551296438535,0.0 72.86109505353663,19.055692627442173,0.0 72.86100522200822,19.055692627442173,0.0 72.86100522200822,19.055782458970583,0.0 72.8609153904798,19.055782458970583,0.0 72.8609153904798,19.055872290498996,0.0 72.86082555895139,19.055872290498996,0.0 72.86082555895139,19.05605195355582,0.0 72.86073572742298,19.05605195355582,0.0 72.86073572742298,19.056141785084233,0.0 72.86064589589456,19.056141785084233,0.0 72.86064589589456,19.056231616612646,0.0 72.86037640130932,19.056231616612646,0.0 72.86037640130932,19.056321448141055,0.0 72.86028656978091,19.056321448141055,0.0 72.86028656978091,19.056231616612646,0.0 72.86010690672408,19.056231616612646,0.0 72.86010690672408,19.056141785084233,0.0 72.86001707519569,19.056141785084233,0.0 72.86001707519569,19.05596212202741,0.0</coordinates>
                        </LinearRing>
                        <LinearRing id="358">
                            <coordinates>72.85911875991155,19.055063806743288,0.0 72.85911875991155,19.054884143686465,0.0 72.85929842296838,19.054884143686465,0.0 72.85929842296838,19.05479431215805,0.0 72.8594780860252,19.05479431215805,0.0 72.8594780860252,19.054973975214878,0.0 72.85956791755362,19.054973975214878,0.0 72.85956791755362,19.0551536382717,0.0 72.8594780860252,19.0551536382717,0.0 72.8594780860252,19.055333301328524,0.0 72.85884926532633,19.055333301328524,0.0 72.85884926532633,19.055243469800114,0.0 72.85875943379791,19.055243469800114,0.0 72.85875943379791,19.055063806743288,0.0 72.85884926532633,19.055063806743288,0.0 72.85884926532633,19.0551536382717,0.0 72.85902892838315,19.0551536382717,0.0 72.85902892838315,19.055063806743288,0.0 72.85911875991155,19.055063806743288,0.0</coordinates>
                        </LinearRing>
                        <LinearRing id="362">
                            <coordinates>72.8586696022695,19.055063806743288,0.0 72.8586696022695,19.054973975214878,0.0 72.85875943379791,19.054973975214878,0.0 72.85875943379791,19.055063806743288,0.0 72.8586696022695,19.055063806743288,0.0</coordinates>
                        </LinearRing>
                        <LinearRing id="366">
                            <coordinates>72.85974758061045,19.0551536382717,0.0 72.85983741213886,19.0551536382717,0.0 72.85983741213886,19.055243469800114,0.0 72.85974758061045,19.055243469800114,0.0 72.85974758061045,19.0551536382717,0.0</coordinates>
                        </LinearRing>
                        <LinearRing id="370">
                            <coordinates>72.86405949397422,19.054973975214878,0.0 72.86405949397422,19.05479431215805,0.0 72.86414932550262,19.05479431215805,0.0 72.86414932550262,19.054884143686465,0.0 72.86423915703104,19.054884143686465,0.0 72.86423915703104,19.054973975214878,0.0 72.86405949397422,19.054973975214878,0.0</coordinates>
                        </LinearRing>
                        <LinearRing id="374">
                            <coordinates>72.86396966244581,19.05479431215805,0.0 72.86396966244581,19.054704480629642,0.0 72.86405949397422,19.054704480629642,0.0 72.86405949397422,19.05479431215805,0.0 72.86396966244581,19.05479431215805,0.0</coordinates>
                        </LinearRing>
                        <LinearRing id="378">
                            <coordinates>72.8586696022695,19.05479431215805,0.0 72.85875943379791,19.05479431215805,0.0 72.85875943379791,19.054884143686465,0.0 72.8586696022695,19.054884143686465,0.0 72.8586696022695,19.05479431215805,0.0</coordinates>
                        </LinearRing>
                        <LinearRing id="382">
                            <coordinates>72.86298151563328,19.054704480629642,0.0 72.8632510102185,19.054704480629642,0.0 72.8632510102185,19.054884143686465,0.0 72.86316117869009,19.054884143686465,0.0 72.86316117869009,19.05479431215805,0.0 72.86307134716169,19.05479431215805,0.0 72.86307134716169,19.054884143686465,0.0 72.86298151563328,19.054884143686465,0.0 72.86298151563328,19.05479431215805,0.0 72.86271202104804,19.05479431215805,0.0 72.86271202104804,19.05461464910123,0.0 72.86298151563328,19.05461464910123,0.0 72.86298151563328,19.054704480629642,0.0</coordinates>
                        </LinearRing>
                        <LinearRing id="386">
                            <coordinates>72.85902892838315,19.05479431215805,0.0 72.85893909685474,19.05479431215805,0.0 72.85893909685474,19.05461464910123,0.0 72.85911875991155,19.05461464910123,0.0 72.85911875991155,19.054704480629642,0.0 72.85902892838315,19.054704480629642,0.0 72.85902892838315,19.05479431215805,0.0</coordinates>
                        </LinearRing>
                        <LinearRing id="390">
                            <coordinates>72.86370016786057,19.05461464910123,0.0 72.8638798309174,19.05461464910123,0.0 72.8638798309174,19.054704480629642,0.0 72.86370016786057,19.054704480629642,0.0 72.86370016786057,19.05461464910123,0.0</coordinates>
                        </LinearRing>
                        <LinearRing id="394">
                            <coordinates>72.84178127492805,19.05272818700458,0.0 72.84187110645647,19.05272818700458,0.0 72.84187110645647,19.052638355476166,0.0 72.84196093798488,19.052638355476166,0.0 72.84196093798488,19.052548523947753,0.0 72.8421406010417,19.052548523947753,0.0 72.8421406010417,19.052638355476166,0.0 72.84223043257012,19.052638355476166,0.0 72.84223043257012,19.05272818700458,0.0 72.8421406010417,19.05272818700458,0.0 72.8421406010417,19.05281801853299,0.0 72.84205076951329,19.05281801853299,0.0 72.84205076951329,19.05326717617505,0.0 72.84196093798488,19.05326717617505,0.0 72.84196093798488,19.053087513118225,0.0 72.84187110645647,19.053087513118225,0.0 72.84187110645647,19.052997681589815,0.0 72.84178127492805,19.052997681589815,0.0 72.84178127492805,19.05272818700458,0.0</coordinates>
                        </LinearRing>
                        <LinearRing id="398">
                            <coordinates>72.85759162392856,19.052548523947753,0.0 72.85768145545697,19.052548523947753,0.0 72.85768145545697,19.052638355476166,0.0 72.85777128698538,19.052638355476166,0.0 72.85777128698538,19.05272818700458,0.0 72.8578611185138,19.05272818700458,0.0 72.8578611185138,19.052907850061402,0.0 72.85777128698538,19.052907850061402,0.0 72.85777128698538,19.052997681589815,0.0 72.85750179240014,19.052997681589815,0.0 72.85750179240014,19.053087513118225,0.0 72.85741196087173,19.053087513118225,0.0 72.85741196087173,19.05272818700458,0.0 72.85750179240014,19.05272818700458,0.0 72.85750179240014,19.052638355476166,0.0 72.85759162392856,19.052638355476166,0.0 72.85759162392856,19.052548523947753,0.0</coordinates>
                        </LinearRing>
                        <LinearRing id="402">
                            <coordinates>72.8564238140592,19.05236886089093,0.0 72.85669330864444,19.05236886089093,0.0 72.85669330864444,19.052548523947753,0.0 72.85678314017285,19.052548523947753,0.0 72.85678314017285,19.05227902936252,0.0 72.85669330864444,19.05227902936252,0.0 72.85669330864444,19.052189197834107,0.0 72.85687297170126,19.052189197834107,0.0 72.85687297170126,19.05227902936252,0.0 72.85714246628649,19.05227902936252,0.0 72.85714246628649,19.05236886089093,0.0 72.8572322978149,19.05236886089093,0.0 72.8572322978149,19.052458692419343,0.0 72.85732212934332,19.052458692419343,0.0 72.85732212934332,19.052638355476166,0.0 72.8572322978149,19.052638355476166,0.0 72.8572322978149,19.05272818700458,0.0 72.85669330864444,19.05272818700458,0.0 72.85669330864444,19.052638355476166,0.0 72.85651364558761,19.052638355476166,0.0 72.85651364558761,19.052548523947753,0.0 72.8564238140592,19.052548523947753,0.0 72.8564238140592,19.05236886089093,0.0</coordinates>
                        </LinearRing>
                        <LinearRing id="406">
                            <coordinates>72.84654234593388,19.05236886089093,0.0 72.84681184051912,19.05236886089093,0.0 72.84681184051912,19.052458692419343,0.0 72.84654234593388,19.052458692419343,0.0 72.84654234593388,19.05236886089093,0.0</coordinates>
                        </LinearRing>
                        <LinearRing id="410">
                            <coordinates>72.84986611248513,19.052099366305693,0.0 72.84995594401354,19.052099366305693,0.0 72.84995594401354,19.052189197834107,0.0 72.84986611248513,19.052189197834107,0.0 72.84986611248513,19.052099366305693,0.0</coordinates>
                        </LinearRing>
                        <LinearRing id="414">
                            <coordinates>72.84609318829183,19.05129088254999,0.0 72.84420672619518,19.05129088254999,0.0 72.84420672619518,19.051201051021575,0.0 72.84384740008153,19.051201051021575,0.0 72.84384740008153,19.051111219493162,0.0 72.84348807396788,19.051111219493162,0.0 72.84348807396788,19.051021387964752,0.0 72.84294908479741,19.051021387964752,0.0 72.84294908479741,19.05093155643634,0.0 72.84276942174058,19.05093155643634,0.0 72.84276942174058,19.050841724907926,0.0 72.84267959021217,19.050841724907926,0.0 72.84267959021217,19.050212904209044,0.0 72.84276942174058,19.050212904209044,0.0 72.84276942174058,19.05003324115222,0.0 72.842859253269,19.05003324115222,0.0 72.842859253269,19.049763746566985,0.0 72.84294908479741,19.049763746566985,0.0 72.84294908479741,19.049584083510158,0.0 72.84303891632582,19.049584083510158,0.0 72.84303891632582,19.049404420453335,0.0 72.84312874785424,19.049404420453335,0.0 72.84312874785424,19.049224757396512,0.0 72.84321857938265,19.049224757396512,0.0 72.84321857938265,19.04904509433969,0.0 72.84330841091105,19.04904509433969,0.0 72.84330841091105,19.048775599754453,0.0 72.84339824243946,19.048775599754453,0.0 72.84339824243946,19.048595936697627,0.0 72.84348807396788,19.048595936697627,0.0 72.84348807396788,19.048326442112394,0.0 72.84357790549629,19.048326442112394,0.0 72.84357790549629,19.048146779055568,0.0 72.8436677370247,19.048146779055568,0.0 72.8436677370247,19.047967115998745,0.0 72.84375756855312,19.047967115998745,0.0 72.84375756855312,19.04778745294192,0.0 72.84384740008153,19.04778745294192,0.0 72.84384740008153,19.047517958356686,0.0 72.84393723160994,19.047517958356686,0.0 72.84393723160994,19.047338295299863,0.0 72.84402706313836,19.047338295299863,0.0 72.84402706313836,19.047158632243036,0.0 72.84411689466677,19.047158632243036,0.0 72.84411689466677,19.047068800714626,0.0 72.84420672619518,19.047068800714626,0.0 72.84420672619518,19.0468891376578,0.0 72.84429655772358,19.0468891376578,0.0 72.84429655772358,19.04679930612939,0.0 72.844386389252,19.04679930612939,0.0 72.844386389252,19.046709474600977,0.0 72.84447622078041,19.046709474600977,0.0 72.84447622078041,19.046619643072564,0.0 72.84456605230882,19.046619643072564,0.0 72.84456605230882,19.04643998001574,0.0 72.84465588383723,19.04643998001574,0.0 72.84465588383723,19.046260316958918,0.0 72.84474571536565,19.046260316958918,0.0 72.84474571536565,19.046170485430505,0.0 72.84483554689406,19.046170485430505,0.0 72.84483554689406,19.045990822373682,0.0 72.84492537842247,19.045990822373682,0.0 72.84492537842247,19.045721327788446,0.0 72.84501520995089,19.045721327788446,0.0 72.84501520995089,19.045541664731623,0.0 72.84519487300771,19.045541664731623,0.0 72.84519487300771,19.04545183320321,0.0 72.84537453606453,19.04545183320321,0.0 72.84537453606453,19.045541664731623,0.0 72.84582369370659,19.045541664731623,0.0 72.84582369370659,19.045631496260032,0.0 72.84609318829183,19.045631496260032,0.0 72.84609318829183,19.045721327788446,0.0 72.84618301982024,19.045721327788446,0.0 72.84618301982024,19.04590099084527,0.0 72.84627285134864,19.04590099084527,0.0 72.84627285134864,19.045990822373682,0.0 72.84672200899071,19.045990822373682,0.0 72.84672200899071,19.046080653902095,0.0 72.84708133510436,19.046080653902095,0.0 72.84708133510436,19.046170485430505,0.0 72.84735082968959,19.046170485430505,0.0 72.84735082968959,19.046260316958918,0.0 72.84753049274642,19.046260316958918,0.0 72.84753049274642,19.04635014848733,0.0 72.84833897650212,19.04635014848733,0.0 72.84833897650212,19.04643998001574,0.0 72.84869830261577,19.04643998001574,0.0 72.84869830261577,19.046529811544154,0.0 72.84932712331465,19.046529811544154,0.0 72.84932712331465,19.046619643072564,0.0 72.84950678637148,19.046619643072564,0.0 72.84950678637148,19.046709474600977,0.0 72.84977628095672,19.046709474600977,0.0 72.84977628095672,19.04679930612939,0.0 72.84995594401354,19.04679930612939,0.0 72.84995594401354,19.0468891376578,0.0 72.85085425929766,19.0468891376578,0.0 72.85085425929766,19.046978969186213,0.0 72.85094409082608,19.046978969186213,0.0 72.85094409082608,19.047068800714626,0.0 72.85103392235449,19.047068800714626,0.0 72.85103392235449,19.047428126828272,0.0 72.85094409082608,19.047428126828272,0.0 72.85094409082608,19.04769762141351,0.0 72.85085425929766,19.04769762141351,0.0 72.85085425929766,19.047607789885095,0.0 72.85076442776925,19.047607789885095,0.0 72.85076442776925,19.04778745294192,0.0 72.85085425929766,19.04778745294192,0.0 72.85085425929766,19.047967115998745,0.0 72.85076442776925,19.047967115998745,0.0 72.85076442776925,19.048146779055568,0.0 72.85067459624084,19.048146779055568,0.0 72.85067459624084,19.04823661058398,0.0 72.85058476471242,19.04823661058398,0.0 72.85058476471242,19.048416273640804,0.0 72.85049493318401,19.048416273640804,0.0 72.85049493318401,19.048595936697627,0.0 72.85031527012718,19.048595936697627,0.0 72.85031527012718,19.048775599754453,0.0 72.85022543859877,19.048775599754453,0.0 72.85022543859877,19.048955262811276,0.0 72.85013560707037,19.048955262811276,0.0 72.85013560707037,19.04904509433969,0.0 72.85004577554196,19.04904509433969,0.0 72.85004577554196,19.0491349258681,0.0 72.84995594401354,19.0491349258681,0.0 72.84995594401354,19.049314588924926,0.0 72.84986611248513,19.049314588924926,0.0 72.84986611248513,19.049404420453335,0.0 72.84977628095672,19.049404420453335,0.0 72.84977628095672,19.04949425198175,0.0 72.8496864494283,19.04949425198175,0.0 72.8496864494283,19.049584083510158,0.0 72.84959661789989,19.049584083510158,0.0 72.84959661789989,19.049763746566985,0.0 72.84950678637148,19.049763746566985,0.0 72.84950678637148,19.049853578095394,0.0 72.84941695484306,19.049853578095394,0.0 72.84941695484306,19.049943409623808,0.0 72.84932712331465,19.049943409623808,0.0 72.84932712331465,19.05003324115222,0.0 72.84923729178624,19.05003324115222,0.0 72.84923729178624,19.050212904209044,0.0 72.84914746025784,19.050212904209044,0.0 72.84914746025784,19.050302735737457,0.0 72.84905762872943,19.050302735737457,0.0 72.84905762872943,19.050392567265867,0.0 72.8488779656726,19.050392567265867,0.0 72.8488779656726,19.05048239879428,0.0 72.84878813414419,19.05048239879428,0.0 72.84878813414419,19.050662061851103,0.0 72.84869830261577,19.050662061851103,0.0 72.84869830261577,19.050751893379516,0.0 72.84860847108736,19.050751893379516,0.0 72.84860847108736,19.050841724907926,0.0 72.84833897650212,19.050841724907926,0.0 72.84833897650212,19.050662061851103,0.0 72.84815931344531,19.050662061851103,0.0 72.84815931344531,19.050841724907926,0.0 72.8482491449737,19.050841724907926,0.0 72.8482491449737,19.05093155643634,0.0 72.84842880803053,19.05093155643634,0.0 72.84842880803053,19.051021387964752,0.0 72.8482491449737,19.051021387964752,0.0 72.8482491449737,19.051201051021575,0.0 72.84815931344531,19.051201051021575,0.0 72.84815931344531,19.05129088254999,0.0 72.8480694819169,19.05129088254999,0.0 72.8480694819169,19.051380714078398,0.0 72.84762032427483,19.051380714078398,0.0 72.84762032427483,19.05129088254999,0.0 72.84735082968959,19.05129088254999,0.0 72.84735082968959,19.051201051021575,0.0 72.84609318829183,19.051201051021575,0.0 72.84609318829183,19.05129088254999,0.0</coordinates>
                        </LinearRing>
                        <LinearRing id="418">
                            <coordinates>72.85310004750797,19.050392567265867,0.0 72.85327971056478,19.050392567265867,0.0 72.85327971056478,19.050751893379516,0.0 72.85310004750797,19.050751893379516,0.0 72.85310004750797,19.050392567265867,0.0</coordinates>
                        </LinearRing>
                        <LinearRing id="422">
                            <coordinates>72.86675443982658,19.05048239879428,0.0 72.86684427135499,19.05048239879428,0.0 72.86684427135499,19.050751893379516,0.0 72.86675443982658,19.050751893379516,0.0 72.86675443982658,19.05048239879428,0.0</coordinates>
                        </LinearRing>
                        <LinearRing id="426">
                            <coordinates>72.84025413894506,19.049763746566985,0.0 72.84016430741664,19.049763746566985,0.0 72.84016430741664,19.049853578095394,0.0 72.84007447588823,19.049853578095394,0.0 72.84007447588823,19.049763746566985,0.0 72.83998464435982,19.049763746566985,0.0 72.83998464435982,19.04967391503857,0.0 72.8398948128314,19.04967391503857,0.0 72.8398948128314,19.049584083510158,0.0 72.83980498130299,19.049584083510158,0.0 72.83980498130299,19.049404420453335,0.0 72.83971514977458,19.049404420453335,0.0 72.83971514977458,19.048955262811276,0.0 72.8398948128314,19.048955262811276,0.0 72.8398948128314,19.048865431282863,0.0 72.83998464435982,19.048865431282863,0.0 72.83998464435982,19.048955262811276,0.0 72.84007447588823,19.048955262811276,0.0 72.84007447588823,19.048775599754453,0.0 72.84016430741664,19.048775599754453,0.0 72.84016430741664,19.04868576822604,0.0 72.84052363353028,19.04868576822604,0.0 72.84052363353028,19.048775599754453,0.0 72.84070329658711,19.048775599754453,0.0 72.84070329658711,19.048865431282863,0.0 72.84079312811552,19.048865431282863,0.0 72.84079312811552,19.048955262811276,0.0 72.84088295964393,19.048955262811276,0.0 72.84088295964393,19.04904509433969,0.0 72.84097279117235,19.04904509433969,0.0 72.84097279117235,19.049224757396512,0.0 72.84106262270076,19.049224757396512,0.0 72.84106262270076,19.049943409623808,0.0 72.84097279117235,19.049943409623808,0.0 72.84097279117235,19.05003324115222,0.0 72.8406134650587,19.05003324115222,0.0 72.8406134650587,19.049943409623808,0.0 72.84043380200187,19.049943409623808,0.0 72.84043380200187,19.049853578095394,0.0 72.84025413894506,19.049853578095394,0.0 72.84025413894506,19.049763746566985,0.0</coordinates>
                        </LinearRing>
                        <LinearRing id="430">
                            <coordinates>72.85453735196255,19.049584083510158,0.0 72.85453735196255,19.049763746566985,0.0 72.85444752043414,19.049763746566985,0.0 72.85444752043414,19.049584083510158,0.0 72.85453735196255,19.049584083510158,0.0</coordinates>
                        </LinearRing>
                        <LinearRing id="434">
                            <coordinates>72.85435768890572,19.049584083510158,0.0 72.85435768890572,19.04949425198175,0.0 72.85444752043414,19.04949425198175,0.0 72.85444752043414,19.049584083510158,0.0 72.85435768890572,19.049584083510158,0.0</coordinates>
                        </LinearRing>
                        <LinearRing id="438">
                            <coordinates>72.8662154506561,19.049224757396512,0.0 72.86657477676975,19.049224757396512,0.0 72.86657477676975,19.049314588924926,0.0 72.86666460829817,19.049314588924926,0.0 72.86666460829817,19.049404420453335,0.0 72.86684427135499,19.049404420453335,0.0 72.86684427135499,19.04949425198175,0.0 72.8669341028834,19.04949425198175,0.0 72.8669341028834,19.049584083510158,0.0 72.86639511371293,19.049584083510158,0.0 72.86639511371293,19.04949425198175,0.0 72.86630528218451,19.04949425198175,0.0 72.86630528218451,19.049404420453335,0.0 72.8662154506561,19.049404420453335,0.0 72.8662154506561,19.049224757396512,0.0</coordinates>
                        </LinearRing>
                    </innerBoundaryIs>
                </Polygon>
            </Placemark>
        </Folder>
        <Folder id="445">
            <Style id="452">
                <LineStyle id="454">
                    <color>ff3c3c3c</color>
                    <colorMode>normal</colorMode>
                    <width>1</width>
                </LineStyle>
                <PolyStyle id="453">
                    <color>c8228b22</color>
                    <colorMode>normal</colorMode>
                    <fill>1</fill>
                    <outline>1</outline>
                </PolyStyle>
            </Style>
            <Style id="485">
                <LineStyle id="487">
                    <color>ff3c3c3c</color>
                    <colorMode>normal</colorMode>
                    <width>1</width>
                </LineStyle>
                <PolyStyle id="486">
                    <color>c8228b22</color>
                    <colorMode>normal</colorMode>
                    <fill>1</fill>
                    <outline>1</outline>
                </PolyStyle>
            </Style>
            <Style id="494">
                <LineStyle id="496">
                    <color>ff3c3c3c</color>
                    <colorMode>normal</colorMode>
                    <width>1</width>
                </LineStyle>
                <PolyStyle id="495">
                    <color>c8228b22</color>
                    <colorMode>normal</colorMode>
                    <fill>1</fill>
                    <outline>1</outline>
                </PolyStyle>
            </Style>
            <Style id="503">
                <LineStyle id="505">
                    <color>ff3c3c3c</color>
                    <colorMode>normal</colorMode>
                    <width>1</width>
                </LineStyle>
                <PolyStyle id="504">
                    <color>c8228b22</color>
                    <colorMode>normal</colorMode>
                    <fill>1</fill>
                    <outline>1</outline>
                </PolyStyle>
            </Style>
            <Style id="512">
                <LineStyle id="514">
                    <color>ff3c3c3c</color>
                    <colorMode>normal</colorMode>
                    <width>1</width>
                </LineStyle>
                <PolyStyle id="513">
                    <color>c8228b22</color>
                    <colorMode>normal</colorMode>
                    <fill>1</fill>
                    <outline>1</outline>
                </PolyStyle>
            </Style>
            <Style id="521">
                <LineStyle id="523">
                    <color>ff3c3c3c</color>
                    <colorMode>normal</colorMode>
                    <width>1</width>
                </LineStyle>
                <PolyStyle id="522">
                    <color>c8228b22</color>
                    <colorMode>normal</colorMode>
                    <fill>1</fill>
                    <outline>1</outline>
                </PolyStyle>
            </Style>
            <Style id="530">
                <LineStyle id="532">
                    <color>ff3c3c3c</color>
                    <colorMode>normal</colorMode>
                    <width>1</width>
                </LineStyle>
                <PolyStyle id="531">
                    <color>c8228b22</color>
                    <colorMode>normal</colorMode>
                    <fill>1</fill>
                    <outline>1</outline>
                </PolyStyle>
            </Style>
            <Style id="539">
                <LineStyle id="541">
                    <color>ff3c3c3c</color>
                    <colorMode>normal</colorMode>
                    <width>1</width>
                </LineStyle>
                <PolyStyle id="540">
                    <color>c8228b22</color>
                    <colorMode>normal</colorMode>
                    <fill>1</fill>
                    <outline>1</outline>
                </PolyStyle>
            </Style>
            <Style id="580">
                <LineStyle id="582">
                    <color>ff3c3c3c</color>
                    <colorMode>normal</colorMode>
                    <width>1</width>
                </LineStyle>
                <PolyStyle id="581">
                    <color>c8228b22</color>
                    <colorMode>normal</colorMode>
                    <fill>1</fill>
                    <outline>1</outline>
                </PolyStyle>
            </Style>
            <Style id="589">
                <LineStyle id="591">
                    <color>ff3c3c3c</color>
                    <colorMode>normal</colorMode>
                    <width>1</width>
                </LineStyle>
                <PolyStyle id="590">
                    <color>c8228b22</color>
                    <colorMode>normal</colorMode>
                    <fill>1</fill>
                    <outline>1</outline>
                </PolyStyle>
            </Style>
            <Style id="598">
                <LineStyle id="600">
                    <color>ff3c3c3c</color>
                    <colorMode>normal</colorMode>
                    <width>1</width>
                </LineStyle>
                <PolyStyle id="599">
                    <color>c8228b22</color>
                    <colorMode>normal</colorMode>
                    <fill>1</fill>
                    <outline>1</outline>
                </PolyStyle>
            </Style>
            <Style id="607">
                <LineStyle id="609">
                    <color>ff3c3c3c</color>
                    <colorMode>normal</colorMode>
                    <width>1</width>
                </LineStyle>
                <PolyStyle id="608">
                    <color>c8228b22</color>
                    <colorMode>normal</colorMode>
                    <fill>1</fill>
                    <outline>1</outline>
                </PolyStyle>
            </Style>
            <Style id="616">
                <LineStyle id="618">
                    <color>ff3c3c3c</color>
                    <colorMode>normal</colorMode>
                    <width>1</width>
                </LineStyle>
                <PolyStyle id="617">
                    <color>c8228b22</color>
                    <colorMode>normal</colorMode>
                    <fill>1</fill>
                    <outline>1</outline>
                </PolyStyle>
            </Style>
            <Style id="625">
                <LineStyle id="627">
                    <color>ff3c3c3c</color>
                    <colorMode>normal</colorMode>
                    <width>1</width>
                </LineStyle>
                <PolyStyle id="626">
                    <color>c8228b22</color>
                    <colorMode>normal</colorMode>
                    <fill>1</fill>
                    <outline>1</outline>
                </PolyStyle>
            </Style>
            <Style id="634">
                <LineStyle id="636">
                    <color>ff3c3c3c</color>
                    <colorMode>normal</colorMode>
                    <width>1</width>
                </LineStyle>
                <PolyStyle id="635">
                    <color>c8228b22</color>
                    <colorMode>normal</colorMode>
                    <fill>1</fill>
                    <outline>1</outline>
                </PolyStyle>
            </Style>
            <Style id="643">
                <LineStyle id="645">
                    <color>ff3c3c3c</color>
                    <colorMode>normal</colorMode>
                    <width>1</width>
                </LineStyle>
                <PolyStyle id="644">
                    <color>c8228b22</color>
                    <colorMode>normal</colorMode>
                    <fill>1</fill>
                    <outline>1</outline>
                </PolyStyle>
            </Style>
            <Style id="652">
                <LineStyle id="654">
                    <color>ff3c3c3c</color>
                    <colorMode>normal</colorMode>
                    <width>1</width>
                </LineStyle>
                <PolyStyle id="653">
                    <color>c8228b22</color>
                    <colorMode>normal</colorMode>
                    <fill>1</fill>
                    <outline>1</outline>
                </PolyStyle>
            </Style>
            <Style id="661">
                <LineStyle id="663">
                    <color>ff3c3c3c</color>
                    <colorMode>normal</colorMode>
                    <width>1</width>
                </LineStyle>
                <PolyStyle id="662">
                    <color>c8228b22</color>
                    <colorMode>normal</colorMode>
                    <fill>1</fill>
                    <outline>1</outline>
                </PolyStyle>
            </Style>
            <Style id="670">
                <LineStyle id="672">
                    <color>ff3c3c3c</color>
                    <colorMode>normal</colorMode>
                    <width>1</width>
                </LineStyle>
                <PolyStyle id="671">
                    <color>c8228b22</color>
                    <colorMode>normal</colorMode>
                    <fill>1</fill>
                    <outline>1</outline>
                </PolyStyle>
            </Style>
            <Style id="679">
                <LineStyle id="681">
                    <color>ff3c3c3c</color>
                    <colorMode>normal</colorMode>
                    <width>1</width>
                </LineStyle>
                <PolyStyle id="680">
                    <color>c8228b22</color>
                    <colorMode>normal</colorMode>
                    <fill>1</fill>
                    <outline>1</outline>
                </PolyStyle>
            </Style>
            <Style id="720">
                <LineStyle id="722">
                    <color>ff3c3c3c</color>
                    <colorMode>normal</colorMode>
                    <width>1</width>
                </LineStyle>
                <PolyStyle id="721">
                    <color>c8228b22</color>
                    <colorMode>normal</colorMode>
                    <fill>1</fill>
                    <outline>1</outline>
                </PolyStyle>
            </Style>
            <Style id="729">
                <LineStyle id="731">
                    <color>ff3c3c3c</color>
                    <colorMode>normal</colorMode>
                    <width>1</width>
                </LineStyle>
                <PolyStyle id="730">
                    <color>c8228b22</color>
                    <colorMode>normal</colorMode>
                    <fill>1</fill>
                    <outline>1</outline>
                </PolyStyle>
            </Style>
            <Style id="738">
                <LineStyle id="740">
                    <color>ff3c3c3c</color>
                    <colorMode>normal</colorMode>
                    <width>1</width>
                </LineStyle>
                <PolyStyle id="739">
                    <color>c8228b22</color>
                    <colorMode>normal</colorMode>
                    <fill>1</fill>
                    <outline>1</outline>
                </PolyStyle>
            </Style>
            <Style id="747">
                <LineStyle id="749">
                    <color>ff3c3c3c</color>
                    <colorMode>normal</colorMode>
                    <width>1</width>
                </LineStyle>
                <PolyStyle id="748">
                    <color>c8228b22</color>
                    <colorMode>normal</colorMode>
                    <fill>1</fill>
                    <outline>1</outline>
                </PolyStyle>
            </Style>
            <Style id="756">
                <LineStyle id="758">
                    <color>ff3c3c3c</color>
                    <colorMode>normal</colorMode>
                    <width>1</width>
                </LineStyle>
                <PolyStyle id="757">
                    <color>c8228b22</color>
                    <colorMode>normal</colorMode>
                    <fill>1</fill>
                    <outline>1</outline>
                </PolyStyle>
            </Style>
            <Style id="765">
                <LineStyle id="767">
                    <color>ff3c3c3c</color>
                    <colorMode>normal</colorMode>
                    <width>1</width>
                </LineStyle>
                <PolyStyle id="766">
                    <color>c8228b22</color>
                    <colorMode>normal</colorMode>
                    <fill>1</fill>
                    <outline>1</outline>
                </PolyStyle>
            </Style>
            <Style id="774">
                <LineStyle id="776">
                    <color>ff3c3c3c</color>
                    <colorMode>normal</colorMode>
                    <width>1</width>
                </LineStyle>
                <PolyStyle id="775">
                    <color>c8228b22</color>
                    <colorMode>normal</colorMode>
                    <fill>1</fill>
                    <outline>1</outline>
                </PolyStyle>
            </Style>
            <Style id="783">
                <LineStyle id="785">
                    <color>ff3c3c3c</color>
                    <colorMode>normal</colorMode>
                    <width>1</width>
                </LineStyle>
                <PolyStyle id="784">
                    <color>c8228b22</color>
                    <colorMode>normal</colorMode>
                    <fill>1</fill>
                    <outline>1</outline>
                </PolyStyle>
            </Style>
            <Style id="792">
                <LineStyle id="794">
                    <color>ff3c3c3c</color>
                    <colorMode>normal</colorMode>
                    <width>1</width>
                </LineStyle>
                <PolyStyle id="793">
                    <color>c8228b22</color>
                    <colorMode>normal</colorMode>
                    <fill>1</fill>
                    <outline>1</outline>
                </PolyStyle>
            </Style>
            <Style id="801">
                <LineStyle id="803">
                    <color>ff3c3c3c</color>
                    <colorMode>normal</colorMode>
                    <width>1</width>
                </LineStyle>
                <PolyStyle id="802">
                    <color>c8228b22</color>
                    <colorMode>normal</colorMode>
                    <fill>1</fill>
                    <outline>1</outline>
                </PolyStyle>
            </Style>
            <Style id="810">
                <LineStyle id="812">
                    <color>ff3c3c3c</color>
                    <colorMode>normal</colorMode>
                    <width>1</width>
                </LineStyle>
                <PolyStyle id="811">
                    <color>c8228b22</color>
                    <colorMode>normal</colorMode>
                    <fill>1</fill>
                    <outline>1</outline>
                </PolyStyle>
            </Style>
            <Style id="819">
                <LineStyle id="821">
                    <color>ff3c3c3c</color>
                    <colorMode>normal</colorMode>
                    <width>1</width>
                </LineStyle>
                <PolyStyle id="820">
                    <color>c8228b22</color>
                    <colorMode>normal</colorMode>
                    <fill>1</fill>
                    <outline>1</outline>
                </PolyStyle>
            </Style>
            <Style id="828">
                <LineStyle id="830">
                    <color>ff3c3c3c</color>
                    <colorMode>normal</colorMode>
                    <width>1</width>
                </LineStyle>
                <PolyStyle id="829">
                    <color>c8228b22</color>
                    <colorMode>normal</colorMode>
                    <fill>1</fill>
                    <outline>1</outline>
                </PolyStyle>
            </Style>
            <Style id="837">
                <LineStyle id="839">
                    <color>ff3c3c3c</color>
                    <colorMode>normal</colorMode>
                    <width>1</width>
                </LineStyle>
                <PolyStyle id="838">
                    <color>c8228b22</color>
                    <colorMode>normal</colorMode>
                    <fill>1</fill>
                    <outline>1</outline>
                </PolyStyle>
            </Style>
            <Style id="846">
                <LineStyle id="848">
                    <color>ff3c3c3c</color>
                    <colorMode>normal</colorMode>
                    <width>1</width>
                </LineStyle>
                <PolyStyle id="847">
                    <color>c8228b22</color>
                    <colorMode>normal</colorMode>
                    <fill>1</fill>
                    <outline>1</outline>
                </PolyStyle>
            </Style>
            <name>🌳 Trees</name>
            <Placemark id="447">
                <name>Trees 1</name>
                <styleUrl>#452</styleUrl>
                <Polygon id="446">
                    <extrude>0</extrude>
                    <tessellate>1</tessellate>
                    <outerBoundaryIs>
                        <LinearRing id="450">
                            <coordinates>72.85004577554196,19.04724846377145,0.0 72.84995594401354,19.04724846377145,0.0 72.84995594401354,19.047338295299863,0.0 72.85004577554196,19.047338295299863,0.0 72.85004577554196,19.04724846377145,0.0</coordinates>
                        </LinearRing>
                    </outerBoundaryIs>
                </Polygon>
            </Placemark>
            <Placemark id="456">
                <name>Trees 2</name>
                <styleUrl>#485</styleUrl>
                <Polygon id="455">
                    <extrude>0</extrude>
                    <tessellate>1</tessellate>
                    <outerBoundaryIs>
                        <LinearRing id="459">
                            <coordinates>72.85094409082608,19.047428126828272,0.0 72.85103392235449,19.047428126828272,0.0 72.85103392235449,19.047068800714626,0.0 72.85094409082608,19.047068800714626,0.0 72.85094409082608,19.046978969186213,0.0 72.85085425929766,19.046978969186213,0.0 72.85085425929766,19.0468891376578,0.0 72.84995594401354,19.0468891376578,0.0 72.84995594401354,19.04679930612939,0.0 72.84977628095672,19.04679930612939,0.0 72.84977628095672,19.046709474600977,0.0 72.84950678637148,19.046709474600977,0.0 72.84950678637148,19.046619643072564,0.0 72.84932712331465,19.046619643072564,0.0 72.84932712331465,19.046529811544154,0.0 72.84869830261577,19.046529811544154,0.0 72.84869830261577,19.04643998001574,0.0 72.84833897650212,19.04643998001574,0.0 72.84833897650212,19.04635014848733,0.0 72.84753049274642,19.04635014848733,0.0 72.84753049274642,19.046260316958918,0.0 72.84735082968959,19.046260316958918,0.0 72.84735082968959,19.046170485430505,0.0 72.84708133510436,19.046170485430505,0.0 72.84708133510436,19.046080653902095,0.0 72.84672200899071,19.046080653902095,0.0 72.84672200899071,19.045990822373682,0.0 72.84627285134864,19.045990822373682,0.0 72.84627285134864,19.04590099084527,0.0 72.84618301982024,19.04590099084527,0.0 72.84618301982024,19.045721327788446,0.0 72.84609318829183,19.045721327788446,0.0 72.84609318829183,19.045631496260032,0.0 72.84582369370659,19.045631496260032,0.0 72.84582369370659,19.045541664731623,0.0 72.84537453606453,19.045541664731623,0.0 72.84537453606453,19.04545183320321,0.0 72.84519487300771,19.04545183320321,0.0 72.84519487300771,19.045541664731623,0.0 72.84501520995089,19.045541664731623,0.0 72.84501520995089,19.045721327788446,0.0 72.84492537842247,19.045721327788446,0.0 72.84492537842247,19.045990822373682,0.0 72.84483554689406,19.045990822373682,0.0 72.84483554689406,19.046170485430505,0.0 72.84474571536565,19.046170485430505,0.0 72.84474571536565,19.046260316958918,0.0 72.84465588383723,19.046260316958918,0.0 72.84465588383723,19.04643998001574,0.0 72.84456605230882,19.04643998001574,0.0 72.84456605230882,19.046619643072564,0.0 72.84447622078041,19.046619643072564,0.0 72.84447622078041,19.046709474600977,0.0 72.844386389252,19.046709474600977,0.0 72.844386389252,19.04679930612939,0.0 72.84429655772358,19.04679930612939,0.0 72.84429655772358,19.0468891376578,0.0 72.84420672619518,19.0468891376578,0.0 72.84420672619518,19.047068800714626,0.0 72.84411689466677,19.047068800714626,0.0 72.84411689466677,19.047158632243036,0.0 72.84402706313836,19.047158632243036,0.0 72.84402706313836,19.047338295299863,0.0 72.84393723160994,19.047338295299863,0.0 72.84393723160994,19.047517958356686,0.0 72.84384740008153,19.047517958356686,0.0 72.84384740008153,19.04778745294192,0.0 72.84375756855312,19.04778745294192,0.0 72.84375756855312,19.047967115998745,0.0 72.8436677370247,19.047967115998745,0.0 72.8436677370247,19.048146779055568,0.0 72.84357790549629,19.048146779055568,0.0 72.84357790549629,19.048326442112394,0.0 72.84348807396788,19.048326442112394,0.0 72.84348807396788,19.048595936697627,0.0 72.84339824243946,19.048595936697627,0.0 72.84339824243946,19.048775599754453,0.0 72.84330841091105,19.048775599754453,0.0 72.84330841091105,19.04904509433969,0.0 72.84321857938265,19.04904509433969,0.0 72.84321857938265,19.049224757396512,0.0 72.84312874785424,19.049224757396512,0.0 72.84312874785424,19.049404420453335,0.0 72.84303891632582,19.049404420453335,0.0 72.84303891632582,19.049584083510158,0.0 72.84294908479741,19.049584083510158,0.0 72.84294908479741,19.049763746566985,0.0 72.842859253269,19.049763746566985,0.0 72.842859253269,19.05003324115222,0.0 72.84276942174058,19.05003324115222,0.0 72.84276942174058,19.050212904209044,0.0 72.84267959021217,19.050212904209044,0.0 72.84267959021217,19.050841724907926,0.0 72.84276942174058,19.050841724907926,0.0 72.84276942174058,19.05093155643634,0.0 72.84294908479741,19.05093155643634,0.0 72.84294908479741,19.051021387964752,0.0 72.84348807396788,19.051021387964752,0.0 72.84348807396788,19.051111219493162,0.0 72.84384740008153,19.051111219493162,0.0 72.84384740008153,19.051201051021575,0.0 72.84420672619518,19.051201051021575,0.0 72.84420672619518,19.05129088254999,0.0 72.84609318829183,19.05129088254999,0.0 72.84609318829183,19.051201051021575,0.0 72.84735082968959,19.051201051021575,0.0 72.84735082968959,19.05129088254999,0.0 72.84762032427483,19.05129088254999,0.0 72.84762032427483,19.051380714078398,0.0 72.8480694819169,19.051380714078398,0.0 72.8480694819169,19.05129088254999,0.0 72.84815931344531,19.05129088254999,0.0 72.84815931344531,19.051201051021575,0.0 72.8482491449737,19.051201051021575,0.0 72.8482491449737,19.051021387964752,0.0 72.84842880803053,19.051021387964752,0.0 72.84842880803053,19.05093155643634,0.0 72.8482491449737,19.05093155643634,0.0 72.8482491449737,19.050841724907926,0.0 72.84815931344531,19.050841724907926,0.0 72.84815931344531,19.050662061851103,0.0 72.84833897650212,19.050662061851103,0.0 72.84833897650212,19.050841724907926,0.0 72.84860847108736,19.050841724907926,0.0 72.84860847108736,19.050751893379516,0.0 72.84869830261577,19.050751893379516,0.0 72.84869830261577,19.050662061851103,0.0 72.84878813414419,19.050662061851103,0.0 72.84878813414419,19.05048239879428,0.0 72.8488779656726,19.05048239879428,0.0 72.8488779656726,19.050392567265867,0.0 72.84905762872943,19.050392567265867,0.0 72.84905762872943,19.050302735737457,0.0 72.84914746025784,19.050302735737457,0.0 72.84914746025784,19.050212904209044,0.0 72.84923729178624,19.050212904209044,0.0 72.84923729178624,19.05003324115222,0.0 72.84932712331465,19.05003324115222,0.0 72.84932712331465,19.049943409623808,0.0 72.84941695484306,19.049943409623808,0.0 72.84941695484306,19.049853578095394,0.0 72.84950678637148,19.049853578095394,0.0 72.84950678637148,19.049763746566985,0.0 72.84959661789989,19.049763746566985,0.0 72.84959661789989,19.049584083510158,0.0 72.8496864494283,19.049584083510158,0.0 72.8496864494283,19.04949425198175,0.0 72.84977628095672,19.04949425198175,0.0 72.84977628095672,19.049404420453335,0.0 72.84986611248513,19.049404420453335,0.0 72.84986611248513,19.049314588924926,0.0 72.84995594401354,19.049314588924926,0.0 72.84995594401354,19.0491349258681,0.0 72.85004577554196,19.0491349258681,0.0 72.85004577554196,19.04904509433969,0.0 72.85013560707037,19.04904509433969,0.0 72.85013560707037,19.048955262811276,0.0 72.85022543859877,19.048955262811276,0.0 72.85022543859877,19.048775599754453,0.0 72.85031527012718,19.048775599754453,0.0 72.85031527012718,19.048595936697627,0.0 72.85049493318401,19.048595936697627,0.0 72.85049493318401,19.048416273640804,0.0 72.85058476471242,19.048416273640804,0.0 72.85058476471242,19.04823661058398,0.0 72.85067459624084,19.04823661058398,0.0 72.85067459624084,19.048146779055568,0.0 72.85076442776925,19.048146779055568,0.0 72.85076442776925,19.047967115998745,0.0 72.85085425929766,19.047967115998745,0.0 72.85085425929766,19.04778745294192,0.0 72.85076442776925,19.04778745294192,0.0 72.85076442776925,19.047607789885095,0.0 72.85085425929766,19.047607789885095,0.0 72.85085425929766,19.04769762141351,0.0 72.85094409082608,19.04769762141351,0.0 72.85094409082608,19.047428126828272,0.0</coordinates>
                        </LinearRing>
                    </outerBoundaryIs>
                    <innerBoundaryIs>
                        <LinearRing id="461">
                            <coordinates>72.85076442776925,19.04787728447033,0.0 72.85067459624084,19.04787728447033,0.0 72.85067459624084,19.04778745294192,0.0 72.85076442776925,19.04778745294192,0.0 72.85076442776925,19.04787728447033,0.0</coordinates>
                        </LinearRing>
                        <LinearRing id="465">
                            <coordinates>72.84348807396788,19.050841724907926,0.0 72.84357790549629,19.050841724907926,0.0 72.84357790549629,19.05093155643634,0.0 72.84348807396788,19.05093155643634,0.0 72.84348807396788,19.050841724907926,0.0</coordinates>
                        </LinearRing>
                        <LinearRing id="469">
                            <coordinates>72.84636268287706,19.048865431282863,0.0 72.84654234593388,19.048865431282863,0.0 72.84654234593388,19.048775599754453,0.0 72.84690167204754,19.048775599754453,0.0 72.84690167204754,19.048865431282863,0.0 72.84699150357595,19.048865431282863,0.0 72.84699150357595,19.049224757396512,0.0 72.84690167204754,19.049224757396512,0.0 72.84690167204754,19.049314588924926,0.0 72.84681184051912,19.049314588924926,0.0 72.84681184051912,19.049404420453335,0.0 72.84654234593388,19.049404420453335,0.0 72.84654234593388,19.049314588924926,0.0 72.84627285134864,19.049314588924926,0.0 72.84627285134864,19.048955262811276,0.0 72.84636268287706,19.048955262811276,0.0 72.84636268287706,19.048865431282863,0.0</coordinates>
                        </LinearRing>
                        <LinearRing id="473">
                            <coordinates>72.84995594401354,19.04787728447033,0.0 72.85004577554196,19.04787728447033,0.0 72.85004577554196,19.047967115998745,0.0 72.84995594401354,19.047967115998745,0.0 72.84995594401354,19.04787728447033,0.0</coordinates>
                        </LinearRing>
                        <LinearRing id="477">
                            <coordinates>72.84986611248513,19.04724846377145,0.0 72.84977628095672,19.04724846377145,0.0 72.84977628095672,19.047158632243036,0.0 72.85013560707037,19.047158632243036,0.0 72.85013560707037,19.047338295299863,0.0 72.85004577554196,19.047338295299863,0.0 72.85004577554196,19.047428126828272,0.0 72.84995594401354,19.047428126828272,0.0 72.84995594401354,19.047338295299863,0.0 72.84986611248513,19.047338295299863,0.0 72.84986611248513,19.04724846377145,0.0</coordinates>
                        </LinearRing>
                        <LinearRing id="481">
                            <coordinates>72.85022543859877,19.047338295299863,0.0 72.85022543859877,19.047428126828272,0.0 72.85013560707037,19.047428126828272,0.0 72.85013560707037,19.047338295299863,0.0 72.85022543859877,19.047338295299863,0.0</coordinates>
                        </LinearRing>
                    </innerBoundaryIs>
                </Polygon>
            </Placemark>
            <Placemark id="489">
                <name>Trees 3</name>
                <styleUrl>#494</styleUrl>
                <Polygon id="488">
                    <extrude>0</extrude>
                    <tessellate>1</tessellate>
                    <outerBoundaryIs>
                        <LinearRing id="492">
                            <coordinates>72.84097279117235,19.049224757396512,0.0 72.84097279117235,19.04904509433969,0.0 72.84088295964393,19.04904509433969,0.0 72.84088295964393,19.048955262811276,0.0 72.84079312811552,19.048955262811276,0.0 72.84079312811552,19.048865431282863,0.0 72.84070329658711,19.048865431282863,0.0 72.84070329658711,19.048775599754453,0.0 72.84052363353028,19.048775599754453,0.0 72.84052363353028,19.04868576822604,0.0 72.84016430741664,19.04868576822604,0.0 72.84016430741664,19.048775599754453,0.0 72.84007447588823,19.048775599754453,0.0 72.84007447588823,19.048955262811276,0.0 72.83998464435982,19.048955262811276,0.0 72.83998464435982,19.048865431282863,0.0 72.8398948128314,19.048865431282863,0.0 72.8398948128314,19.048955262811276,0.0 72.83971514977458,19.048955262811276,0.0 72.83971514977458,19.049404420453335,0.0 72.83980498130299,19.049404420453335,0.0 72.83980498130299,19.049584083510158,0.0 72.8398948128314,19.049584083510158,0.0 72.8398948128314,19.04967391503857,0.0 72.83998464435982,19.04967391503857,0.0 72.83998464435982,19.049763746566985,0.0 72.84007447588823,19.049763746566985,0.0 72.84007447588823,19.049584083510158,0.0 72.84016430741664,19.049584083510158,0.0 72.84016430741664,19.049763746566985,0.0 72.84025413894506,19.049763746566985,0.0 72.84025413894506,19.049853578095394,0.0 72.84043380200187,19.049853578095394,0.0 72.84043380200187,19.049943409623808,0.0 72.8406134650587,19.049943409623808,0.0 72.8406134650587,19.05003324115222,0.0 72.84097279117235,19.05003324115222,0.0 72.84097279117235,19.049943409623808,0.0 72.84106262270076,19.049943409623808,0.0 72.84106262270076,19.049224757396512,0.0 72.84097279117235,19.049224757396512,0.0</coordinates>
                        </LinearRing>
                    </outerBoundaryIs>
                </Polygon>
            </Placemark>
            <Placemark id="498">
                <name>Trees 4</name>
                <styleUrl>#503</styleUrl>
                <Polygon id="497">
                    <extrude>0</extrude>
                    <tessellate>1</tessellate>
                    <outerBoundaryIs>
                        <LinearRing id="501">
                            <coordinates>72.85444752043414,19.049584083510158,0.0 72.85444752043414,19.04949425198175,0.0 72.85435768890572,19.04949425198175,0.0 72.85435768890572,19.049584083510158,0.0 72.85444752043414,19.049584083510158,0.0</coordinates>
                        </LinearRing>
                    </outerBoundaryIs>
                </Polygon>
            </Placemark>
            <Placemark id="507">
                <name>Trees 5</name>
                <styleUrl>#512</styleUrl>
                <Polygon id="506">
                    <extrude>0</extrude>
                    <tessellate>1</tessellate>
                    <outerBoundaryIs>
                        <LinearRing id="510">
                            <coordinates>72.85453735196255,19.049763746566985,0.0 72.85453735196255,19.049584083510158,0.0 72.85444752043414,19.049584083510158,0.0 72.85444752043414,19.049763746566985,0.0 72.85453735196255,19.049763746566985,0.0</coordinates>
                        </LinearRing>
                    </outerBoundaryIs>
                </Polygon>
            </Placemark>
            <Placemark id="516">
                <name>Trees 6</name>
                <styleUrl>#521</styleUrl>
                <Polygon id="515">
                    <extrude>0</extrude>
                    <tessellate>1</tessellate>
                    <outerBoundaryIs>
                        <LinearRing id="519">
                            <coordinates>72.84016430741664,19.049853578095394,0.0 72.84016430741664,19.049763746566985,0.0 72.84007447588823,19.049763746566985,0.0 72.84007447588823,19.049853578095394,0.0 72.84016430741664,19.049853578095394,0.0</coordinates>
                        </LinearRing>
                    </outerBoundaryIs>
                </Polygon>
            </Placemark>
            <Placemark id="525">
                <name>Trees 7</name>
                <styleUrl>#530</styleUrl>
                <Polygon id="524">
                    <extrude>0</extrude>
                    <tessellate>1</tessellate>
                    <outerBoundaryIs>
                        <LinearRing id="528">
                            <coordinates>72.85327971056478,19.050751893379516,0.0 72.85327971056478,19.050392567265867,0.0 72.85310004750797,19.050392567265867,0.0 72.85310004750797,19.050751893379516,0.0 72.85327971056478,19.050751893379516,0.0</coordinates>
                        </LinearRing>
                    </outerBoundaryIs>
                </Polygon>
            </Placemark>
            <Placemark id="534">
                <name>Trees 8</name>
                <styleUrl>#539</styleUrl>
                <Polygon id="533">
                    <extrude>0</extrude>
                    <tessellate>1</tessellate>
                    <outerBoundaryIs>
                        <LinearRing id="537">
                            <coordinates>72.84995594401354,19.052189197834107,0.0 72.84995594401354,19.052099366305693,0.0 72.84986611248513,19.052099366305693,0.0 72.84986611248513,19.052189197834107,0.0 72.84995594401354,19.052189197834107,0.0</coordinates>
                        </LinearRing>
                    </outerBoundaryIs>
                </Polygon>
            </Placemark>
            <Placemark id="543">
                <name>Trees 9</name>
                <styleUrl>#580</styleUrl>
                <Polygon id="542">
                    <extrude>0</extrude>
                    <tessellate>1</tessellate>
                    <outerBoundaryIs>
                        <LinearRing id="546">
                            <coordinates>72.85049493318401,19.048955262811276,0.0 72.85049493318401,19.04904509433969,0.0 72.85031527012718,19.04904509433969,0.0 72.85031527012718,19.0491349258681,0.0 72.85022543859877,19.0491349258681,0.0 72.85022543859877,19.049404420453335,0.0 72.85013560707037,19.049404420453335,0.0 72.85013560707037,19.049584083510158,0.0 72.85004577554196,19.049584083510158,0.0 72.85004577554196,19.04967391503857,0.0 72.84995594401354,19.04967391503857,0.0 72.84995594401354,19.049763746566985,0.0 72.84986611248513,19.049763746566985,0.0 72.84986611248513,19.049853578095394,0.0 72.84977628095672,19.049853578095394,0.0 72.84977628095672,19.049943409623808,0.0 72.8496864494283,19.049943409623808,0.0 72.8496864494283,19.05012307268063,0.0 72.84959661789989,19.05012307268063,0.0 72.84959661789989,19.050212904209044,0.0 72.84950678637148,19.050212904209044,0.0 72.84950678637148,19.050302735737457,0.0 72.84941695484306,19.050302735737457,0.0 72.84941695484306,19.050392567265867,0.0 72.84932712331465,19.050392567265867,0.0 72.84932712331465,19.05048239879428,0.0 72.84923729178624,19.05048239879428,0.0 72.84923729178624,19.050662061851103,0.0 72.84914746025784,19.050662061851103,0.0 72.84914746025784,19.050841724907926,0.0 72.84905762872943,19.050841724907926,0.0 72.84905762872943,19.051021387964752,0.0 72.84896779720101,19.051021387964752,0.0 72.84896779720101,19.051111219493162,0.0 72.8488779656726,19.051111219493162,0.0 72.8488779656726,19.051201051021575,0.0 72.84878813414419,19.051201051021575,0.0 72.84878813414419,19.05129088254999,0.0 72.8488779656726,19.05129088254999,0.0 72.8488779656726,19.051380714078398,0.0 72.84878813414419,19.051380714078398,0.0 72.84878813414419,19.05147054560681,0.0 72.8488779656726,19.05147054560681,0.0 72.8488779656726,19.05156037713522,0.0 72.8496864494283,19.05156037713522,0.0 72.8496864494283,19.05147054560681,0.0 72.85022543859877,19.05147054560681,0.0 72.85022543859877,19.05156037713522,0.0 72.85094409082608,19.05156037713522,0.0 72.85094409082608,19.051650208663634,0.0 72.85103392235449,19.051650208663634,0.0 72.85103392235449,19.051740040192048,0.0 72.85193223763861,19.051740040192048,0.0 72.85193223763861,19.051650208663634,0.0 72.85211190069543,19.051650208663634,0.0 72.85211190069543,19.05156037713522,0.0 72.85220173222383,19.05156037713522,0.0 72.85220173222383,19.051650208663634,0.0 72.85229156375225,19.051650208663634,0.0 72.85229156375225,19.052099366305693,0.0 72.85238139528066,19.052099366305693,0.0 72.85238139528066,19.05227902936252,0.0 72.85247122680907,19.05227902936252,0.0 72.85247122680907,19.052548523947753,0.0 72.85256105833749,19.052548523947753,0.0 72.85256105833749,19.05272818700458,0.0 72.85283055292273,19.05272818700458,0.0 72.85283055292273,19.05281801853299,0.0 72.85292038445114,19.05281801853299,0.0 72.85292038445114,19.052997681589815,0.0 72.85301021597955,19.052997681589815,0.0 72.85301021597955,19.053087513118225,0.0 72.85310004750797,19.053087513118225,0.0 72.85310004750797,19.053177344646638,0.0 72.85318987903636,19.053177344646638,0.0 72.85318987903636,19.05335700770346,0.0 72.85327971056478,19.05335700770346,0.0 72.85327971056478,19.053446839231874,0.0 72.85336954209319,19.053446839231874,0.0 72.85336954209319,19.053536670760288,0.0 72.85354920515002,19.053536670760288,0.0 72.85354920515002,19.053626502288697,0.0 72.85363903667843,19.053626502288697,0.0 72.85363903667843,19.05371633381711,0.0 72.85372886820684,19.05371633381711,0.0 72.85372886820684,19.05380616534552,0.0 72.85381869973526,19.05380616534552,0.0 72.85381869973526,19.053895996873933,0.0 72.85399836279208,19.053895996873933,0.0 72.85399836279208,19.053985828402347,0.0 72.8541780258489,19.053985828402347,0.0 72.8541780258489,19.054075659930756,0.0 72.85426785737731,19.054075659930756,0.0 72.85426785737731,19.05416549145917,0.0 72.85435768890572,19.05416549145917,0.0 72.85435768890572,19.054255322987583,0.0 72.85444752043414,19.054255322987583,0.0 72.85444752043414,19.054345154515993,0.0 72.85453735196255,19.054345154515993,0.0 72.85453735196255,19.054434986044406,0.0 72.85462718349096,19.054434986044406,0.0 72.85462718349096,19.05452481757282,0.0 72.85471701501938,19.05452481757282,0.0 72.85471701501938,19.05461464910123,0.0 72.85480684654779,19.05461464910123,0.0 72.85480684654779,19.054704480629642,0.0 72.8548966780762,19.054704480629642,0.0 72.8548966780762,19.05479431215805,0.0 72.85498650960461,19.05479431215805,0.0 72.85498650960461,19.054884143686465,0.0 72.85507634113303,19.054884143686465,0.0 72.85507634113303,19.054973975214878,0.0 72.85525600418984,19.054973975214878,0.0 72.85525600418984,19.055063806743288,0.0 72.85534583571825,19.055063806743288,0.0 72.85534583571825,19.0551536382717,0.0 72.85543566724667,19.0551536382717,0.0 72.85543566724667,19.055243469800114,0.0 72.85552549877508,19.055243469800114,0.0 72.85552549877508,19.055333301328524,0.0 72.8556153303035,19.055333301328524,0.0 72.8556153303035,19.055423132856937,0.0 72.8557051618319,19.055423132856937,0.0 72.8557051618319,19.05551296438535,0.0 72.85579499336032,19.05551296438535,0.0 72.85579499336032,19.05560279591376,0.0 72.85588482488873,19.05560279591376,0.0 72.85588482488873,19.055692627442173,0.0 72.85606448794556,19.055692627442173,0.0 72.85606448794556,19.055782458970583,0.0 72.85615431947396,19.055782458970583,0.0 72.85615431947396,19.055872290498996,0.0 72.85624415100237,19.055872290498996,0.0 72.85624415100237,19.05596212202741,0.0 72.85633398253078,19.05596212202741,0.0 72.85633398253078,19.05605195355582,0.0 72.85651364558761,19.05605195355582,0.0 72.85651364558761,19.056141785084233,0.0 72.85669330864444,19.056141785084233,0.0 72.85669330864444,19.056231616612646,0.0 72.85678314017285,19.056231616612646,0.0 72.85678314017285,19.056321448141055,0.0 72.85696280322968,19.056321448141055,0.0 72.85696280322968,19.05641127966947,0.0 72.85705263475809,19.05641127966947,0.0 72.85705263475809,19.056501111197882,0.0 72.8572322978149,19.056501111197882,0.0 72.8572322978149,19.05659094272629,0.0 72.85741196087173,19.05659094272629,0.0 72.85741196087173,19.056680774254705,0.0 72.85759162392856,19.056680774254705,0.0 72.85759162392856,19.056770605783115,0.0 72.85777128698538,19.056770605783115,0.0 72.85777128698538,19.056860437311528,0.0 72.85804078157062,19.056860437311528,0.0 72.85804078157062,19.05695026883994,0.0 72.85813061309902,19.05695026883994,0.0 72.85813061309902,19.05704010036835,0.0 72.85840010768426,19.05704010036835,0.0 72.85840010768426,19.057129931896764,0.0 72.85875943379791,19.057129931896764,0.0 72.85875943379791,19.057219763425177,0.0 72.85911875991155,19.057219763425177,0.0 72.85911875991155,19.057129931896764,0.0 72.85929842296838,19.057129931896764,0.0 72.85929842296838,19.05704010036835,0.0 72.85938825449679,19.05704010036835,0.0 72.85938825449679,19.056860437311528,0.0 72.85929842296838,19.056860437311528,0.0 72.85929842296838,19.056770605783115,0.0 72.85920859143997,19.056770605783115,0.0 72.85920859143997,19.056680774254705,0.0 72.85911875991155,19.056680774254705,0.0 72.85911875991155,19.05659094272629,0.0 72.85902892838315,19.05659094272629,0.0 72.85902892838315,19.056501111197882,0.0 72.85893909685474,19.056501111197882,0.0 72.85893909685474,19.05641127966947,0.0 72.85884926532633,19.05641127966947,0.0 72.85884926532633,19.056321448141055,0.0 72.85875943379791,19.056321448141055,0.0 72.85875943379791,19.056231616612646,0.0 72.8586696022695,19.056231616612646,0.0 72.8586696022695,19.056141785084233,0.0 72.85848993921267,19.056141785084233,0.0 72.85848993921267,19.05605195355582,0.0 72.85831027615585,19.05605195355582,0.0 72.85831027615585,19.05596212202741,0.0 72.85822044462743,19.05596212202741,0.0 72.85822044462743,19.055872290498996,0.0 72.85813061309902,19.055872290498996,0.0 72.85813061309902,19.055782458970583,0.0 72.85804078157062,19.055782458970583,0.0 72.85804078157062,19.055423132856937,0.0 72.85795095004221,19.055423132856937,0.0 72.85795095004221,19.054973975214878,0.0 72.8578611185138,19.054973975214878,0.0 72.8578611185138,19.05479431215805,0.0 72.85777128698538,19.05479431215805,0.0 72.85777128698538,19.054704480629642,0.0 72.8578611185138,19.054704480629642,0.0 72.8578611185138,19.05461464910123,0.0 72.85777128698538,19.05461464910123,0.0 72.85777128698538,19.054075659930756,0.0 72.85768145545697,19.054075659930756,0.0 72.85768145545697,19.053895996873933,0.0 72.85759162392856,19.053895996873933,0.0 72.85759162392856,19.053536670760288,0.0 72.85750179240014,19.053536670760288,0.0 72.85750179240014,19.05335700770346,0.0 72.85741196087173,19.05335700770346,0.0 72.85741196087173,19.05326717617505,0.0 72.85732212934332,19.05326717617505,0.0 72.85732212934332,19.052997681589815,0.0 72.8572322978149,19.052997681589815,0.0 72.8572322978149,19.052907850061402,0.0 72.85714246628649,19.052907850061402,0.0 72.85714246628649,19.05281801853299,0.0 72.85678314017285,19.05281801853299,0.0 72.85678314017285,19.052907850061402,0.0 72.85624415100237,19.052907850061402,0.0 72.85624415100237,19.052997681589815,0.0 72.85615431947396,19.052997681589815,0.0 72.85615431947396,19.052907850061402,0.0 72.85597465641715,19.052907850061402,0.0 72.85597465641715,19.05281801853299,0.0 72.85588482488873,19.05281801853299,0.0 72.85588482488873,19.05272818700458,0.0 72.85597465641715,19.05272818700458,0.0 72.85597465641715,19.052548523947753,0.0 72.85624415100237,19.052548523947753,0.0 72.85624415100237,19.052458692419343,0.0 72.85633398253078,19.052458692419343,0.0 72.85633398253078,19.05227902936252,0.0 72.8564238140592,19.05227902936252,0.0 72.8564238140592,19.052009534777284,0.0 72.85633398253078,19.052009534777284,0.0 72.85633398253078,19.051829871720457,0.0 72.85624415100237,19.051829871720457,0.0 72.85624415100237,19.051650208663634,0.0 72.85615431947396,19.051650208663634,0.0 72.85615431947396,19.05147054560681,0.0 72.85606448794556,19.05147054560681,0.0 72.85606448794556,19.05129088254999,0.0 72.85597465641715,19.05129088254999,0.0 72.85597465641715,19.051201051021575,0.0 72.85588482488873,19.051201051021575,0.0 72.85588482488873,19.051021387964752,0.0 72.85579499336032,19.051021387964752,0.0 72.85579499336032,19.05093155643634,0.0 72.8557051618319,19.05093155643634,0.0 72.8557051618319,19.050751893379516,0.0 72.85534583571825,19.050751893379516,0.0 72.85534583571825,19.050841724907926,0.0 72.85525600418984,19.050841724907926,0.0 72.85525600418984,19.051021387964752,0.0 72.85534583571825,19.051021387964752,0.0 72.85534583571825,19.05156037713522,0.0 72.85525600418984,19.05156037713522,0.0 72.85525600418984,19.051650208663634,0.0 72.85516617266143,19.051650208663634,0.0 72.85516617266143,19.051829871720457,0.0 72.85480684654779,19.051829871720457,0.0 72.85480684654779,19.05191970324887,0.0 72.85471701501938,19.05191970324887,0.0 72.85471701501938,19.052009534777284,0.0 72.85462718349096,19.052009534777284,0.0 72.85462718349096,19.052099366305693,0.0 72.8540881943205,19.052099366305693,0.0 72.8540881943205,19.052009534777284,0.0 72.85381869973526,19.052009534777284,0.0 72.85381869973526,19.05191970324887,0.0 72.85363903667843,19.05191970324887,0.0 72.85363903667843,19.051829871720457,0.0 72.8534593736216,19.051829871720457,0.0 72.8534593736216,19.051740040192048,0.0 72.85336954209319,19.051740040192048,0.0 72.85336954209319,19.051650208663634,0.0 72.85310004750797,19.051650208663634,0.0 72.85310004750797,19.051740040192048,0.0 72.8526508898659,19.051740040192048,0.0 72.8526508898659,19.051650208663634,0.0 72.85247122680907,19.051650208663634,0.0 72.85247122680907,19.05156037713522,0.0 72.85256105833749,19.05156037713522,0.0 72.85256105833749,19.051021387964752,0.0 72.8526508898659,19.051021387964752,0.0 72.8526508898659,19.050841724907926,0.0 72.85274072139431,19.050841724907926,0.0 72.85274072139431,19.050662061851103,0.0 72.85283055292273,19.050662061851103,0.0 72.85283055292273,19.05048239879428,0.0 72.85274072139431,19.05048239879428,0.0 72.85274072139431,19.050212904209044,0.0 72.85301021597955,19.050212904209044,0.0 72.85301021597955,19.050302735737457,0.0 72.85327971056478,19.050302735737457,0.0 72.85327971056478,19.05012307268063,0.0 72.8534593736216,19.05012307268063,0.0 72.8534593736216,19.050841724907926,0.0 72.85381869973526,19.050841724907926,0.0 72.85381869973526,19.05093155643634,0.0 72.8540881943205,19.05093155643634,0.0 72.8540881943205,19.050751893379516,0.0 72.85435768890572,19.050751893379516,0.0 72.85435768890572,19.050392567265867,0.0 72.85453735196255,19.050392567265867,0.0 72.85453735196255,19.050302735737457,0.0 72.85471701501938,19.050302735737457,0.0 72.85471701501938,19.050212904209044,0.0 72.85444752043414,19.050212904209044,0.0 72.85444752043414,19.05012307268063,0.0 72.85435768890572,19.05012307268063,0.0 72.85435768890572,19.049943409623808,0.0 72.8541780258489,19.049943409623808,0.0 72.8541780258489,19.049853578095394,0.0 72.85399836279208,19.049853578095394,0.0 72.85399836279208,19.04967391503857,0.0 72.85381869973526,19.04967391503857,0.0 72.85381869973526,19.049584083510158,0.0 72.85399836279208,19.049584083510158,0.0 72.85399836279208,19.049224757396512,0.0 72.85390853126367,19.049224757396512,0.0 72.85390853126367,19.0491349258681,0.0 72.85381869973526,19.0491349258681,0.0 72.85381869973526,19.049224757396512,0.0 72.85372886820684,19.049224757396512,0.0 72.85372886820684,19.0491349258681,0.0 72.85363903667843,19.0491349258681,0.0 72.85363903667843,19.048955262811276,0.0 72.85354920515002,19.048955262811276,0.0 72.85354920515002,19.048775599754453,0.0 72.85336954209319,19.048775599754453,0.0 72.85336954209319,19.04868576822604,0.0 72.85327971056478,19.04868576822604,0.0 72.85327971056478,19.048595936697627,0.0 72.85318987903636,19.048595936697627,0.0 72.85318987903636,19.048506105169217,0.0 72.85310004750797,19.048506105169217,0.0 72.85310004750797,19.048326442112394,0.0 72.85301021597955,19.048326442112394,0.0 72.85301021597955,19.048146779055568,0.0 72.85283055292273,19.048146779055568,0.0 72.85283055292273,19.048056947527158,0.0 72.85274072139431,19.048056947527158,0.0 72.85274072139431,19.04787728447033,0.0 72.8526508898659,19.04787728447033,0.0 72.8526508898659,19.04778745294192,0.0 72.85256105833749,19.04778745294192,0.0 72.85256105833749,19.04769762141351,0.0 72.85238139528066,19.04769762141351,0.0 72.85238139528066,19.047607789885095,0.0 72.85220173222383,19.047607789885095,0.0 72.85220173222383,19.047517958356686,0.0 72.85166274305337,19.047517958356686,0.0 72.85166274305337,19.047607789885095,0.0 72.85157291152495,19.047607789885095,0.0 72.85157291152495,19.04769762141351,0.0 72.85130341693971,19.04769762141351,0.0 72.85130341693971,19.04778745294192,0.0 72.8512135854113,19.04778745294192,0.0 72.8512135854113,19.047967115998745,0.0 72.8511237538829,19.047967115998745,0.0 72.8511237538829,19.048056947527158,0.0 72.85103392235449,19.048056947527158,0.0 72.85103392235449,19.04823661058398,0.0 72.85085425929766,19.04823661058398,0.0 72.85085425929766,19.048416273640804,0.0 72.85067459624084,19.048416273640804,0.0 72.85067459624084,19.04868576822604,0.0 72.85058476471242,19.04868576822604,0.0 72.85058476471242,19.048955262811276,0.0 72.85049493318401,19.048955262811276,0.0</coordinates>
                        </LinearRing>
                    </outerBoundaryIs>
                    <innerBoundaryIs>
                        <LinearRing id="548">
                            <coordinates>72.8557051618319,19.05272818700458,0.0 72.8557051618319,19.052638355476166,0.0 72.85534583571825,19.052638355476166,0.0 72.85534583571825,19.05272818700458,0.0 72.85498650960461,19.05272818700458,0.0 72.85498650960461,19.052458692419343,0.0 72.85507634113303,19.052458692419343,0.0 72.85507634113303,19.05236886089093,0.0 72.85543566724667,19.05236886089093,0.0 72.85543566724667,19.05227902936252,0.0 72.85552549877508,19.05227902936252,0.0 72.85552549877508,19.05236886089093,0.0 72.8557051618319,19.05236886089093,0.0 72.8557051618319,19.052458692419343,0.0 72.85579499336032,19.052458692419343,0.0 72.85579499336032,19.052548523947753,0.0 72.85588482488873,19.052548523947753,0.0 72.85588482488873,19.05272818700458,0.0 72.8557051618319,19.05272818700458,0.0</coordinates>
                        </LinearRing>
                        <LinearRing id="552">
                            <coordinates>72.85381869973526,19.049763746566985,0.0 72.85372886820684,19.049763746566985,0.0 72.85372886820684,19.04967391503857,0.0 72.85381869973526,19.04967391503857,0.0 72.85381869973526,19.049763746566985,0.0</coordinates>
                        </LinearRing>
                        <LinearRing id="556">
                            <coordinates>72.85094409082608,19.048416273640804,0.0 72.85094409082608,19.048506105169217,0.0 72.85085425929766,19.048506105169217,0.0 72.85085425929766,19.048416273640804,0.0 72.85094409082608,19.048416273640804,0.0</coordinates>
                        </LinearRing>
                        <LinearRing id="560">
                            <coordinates>72.85651364558761,19.054255322987583,0.0 72.8564238140592,19.054255322987583,0.0 72.8564238140592,19.054075659930756,0.0 72.85669330864444,19.054075659930756,0.0 72.85669330864444,19.05416549145917,0.0 72.85651364558761,19.05416549145917,0.0 72.85651364558761,19.054255322987583,0.0</coordinates>
                        </LinearRing>
                        <LinearRing id="564">
                            <coordinates>72.85525600418984,19.052997681589815,0.0 72.85507634113303,19.052997681589815,0.0 72.85507634113303,19.052907850061402,0.0 72.85516617266143,19.052907850061402,0.0 72.85516617266143,19.05281801853299,0.0 72.85525600418984,19.05281801853299,0.0 72.85525600418984,19.052997681589815,0.0</coordinates>
                        </LinearRing>
                        <LinearRing id="568">
                            <coordinates>72.8511237538829,19.050841724907926,0.0 72.85103392235449,19.050841724907926,0.0 72.85103392235449,19.049943409623808,0.0 72.85094409082608,19.049943409623808,0.0 72.85094409082608,19.04967391503857,0.0 72.85103392235449,19.04967391503857,0.0 72.85103392235449,19.049584083510158,0.0 72.8511237538829,19.049584083510158,0.0 72.8511237538829,19.04949425198175,0.0 72.8512135854113,19.04949425198175,0.0 72.8512135854113,19.049404420453335,0.0 72.85130341693971,19.049404420453335,0.0 72.85130341693971,19.049314588924926,0.0 72.85139324846813,19.049314588924926,0.0 72.85139324846813,19.0491349258681,0.0 72.85157291152495,19.0491349258681,0.0 72.85157291152495,19.049224757396512,0.0 72.85202206916702,19.049224757396512,0.0 72.85202206916702,19.049314588924926,0.0 72.85220173222383,19.049314588924926,0.0 72.85220173222383,19.049404420453335,0.0 72.85247122680907,19.049404420453335,0.0 72.85247122680907,19.04949425198175,0.0 72.85256105833749,19.04949425198175,0.0 72.85256105833749,19.04967391503857,0.0 72.85247122680907,19.04967391503857,0.0 72.85247122680907,19.049763746566985,0.0 72.85238139528066,19.049763746566985,0.0 72.85238139528066,19.049853578095394,0.0 72.85229156375225,19.049853578095394,0.0 72.85229156375225,19.049943409623808,0.0 72.85238139528066,19.049943409623808,0.0 72.85238139528066,19.05012307268063,0.0 72.85229156375225,19.05012307268063,0.0 72.85229156375225,19.05057223032269,0.0 72.85220173222383,19.05057223032269,0.0 72.85220173222383,19.050841724907926,0.0 72.85229156375225,19.050841724907926,0.0 72.85229156375225,19.051111219493162,0.0 72.85220173222383,19.051111219493162,0.0 72.85220173222383,19.051201051021575,0.0 72.85148307999654,19.051201051021575,0.0 72.85148307999654,19.051111219493162,0.0 72.8512135854113,19.051111219493162,0.0 72.8512135854113,19.051021387964752,0.0 72.8511237538829,19.051021387964752,0.0 72.8511237538829,19.050841724907926,0.0</coordinates>
                        </LinearRing>
                        <LinearRing id="572">
                            <coordinates>72.85426785737731,19.050392567265867,0.0 72.8541780258489,19.050392567265867,0.0 72.8541780258489,19.05057223032269,0.0 72.85381869973526,19.05057223032269,0.0 72.85381869973526,19.050212904209044,0.0 72.8541780258489,19.050212904209044,0.0 72.8541780258489,19.050302735737457,0.0 72.85426785737731,19.050302735737457,0.0 72.85426785737731,19.050392567265867,0.0</coordinates>
                        </LinearRing>
                        <LinearRing id="576">
                            <coordinates>72.85310004750797,19.049404420453335,0.0 72.85283055292273,19.049404420453335,0.0 72.85283055292273,19.049314588924926,0.0 72.85274072139431,19.049314588924926,0.0 72.85274072139431,19.0491349258681,0.0 72.8526508898659,19.0491349258681,0.0 72.8526508898659,19.048865431282863,0.0 72.85327971056478,19.048865431282863,0.0 72.85327971056478,19.0491349258681,0.0 72.85336954209319,19.0491349258681,0.0 72.85336954209319,19.049314588924926,0.0 72.8534593736216,19.049314588924926,0.0 72.8534593736216,19.049404420453335,0.0 72.85354920515002,19.049404420453335,0.0 72.85354920515002,19.049584083510158,0.0 72.8534593736216,19.049584083510158,0.0 72.8534593736216,19.049853578095394,0.0 72.85327971056478,19.049853578095394,0.0 72.85327971056478,19.049763746566985,0.0 72.85318987903636,19.049763746566985,0.0 72.85318987903636,19.049224757396512,0.0 72.85310004750797,19.049224757396512,0.0 72.85310004750797,19.049404420453335,0.0</coordinates>
                        </LinearRing>
                    </innerBoundaryIs>
                </Polygon>
            </Placemark>
            <Placemark id="584">
                <name>Trees 10</name>
                <styleUrl>#589</styleUrl>
                <Polygon id="583">
                    <extrude>0</extrude>
                    <tessellate>1</tessellate>
                    <outerBoundaryIs>
                        <LinearRing id="587">
                            <coordinates>72.84681184051912,19.052458692419343,0.0 72.84681184051912,19.05236886089093,0.0 72.84654234593388,19.05236886089093,0.0 72.84654234593388,19.052458692419343,0.0 72.84681184051912,19.052458692419343,0.0</coordinates>
                        </LinearRing>
                    </outerBoundaryIs>
                </Polygon>
            </Placemark>
            <Placemark id="593">
                <name>Trees 11</name>
                <styleUrl>#598</styleUrl>
                <Polygon id="592">
                    <extrude>0</extrude>
                    <tessellate>1</tessellate>
                    <outerBoundaryIs>
                        <LinearRing id="596">
                            <coordinates>72.8578611185138,19.052907850061402,0.0 72.8578611185138,19.05272818700458,0.0 72.85777128698538,19.05272818700458,0.0 72.85777128698538,19.052638355476166,0.0 72.85768145545697,19.052638355476166,0.0 72.85768145545697,19.052548523947753,0.0 72.85759162392856,19.052548523947753,0.0 72.85759162392856,19.052638355476166,0.0 72.85750179240014,19.052638355476166,0.0 72.85750179240014,19.05272818700458,0.0 72.85741196087173,19.05272818700458,0.0 72.85741196087173,19.053087513118225,0.0 72.85750179240014,19.053087513118225,0.0 72.85750179240014,19.052997681589815,0.0 72.85777128698538,19.052997681589815,0.0 72.85777128698538,19.052907850061402,0.0 72.8578611185138,19.052907850061402,0.0</coordinates>
                        </LinearRing>
                    </outerBoundaryIs>
                </Polygon>
            </Placemark>
            <Placemark id="602">
                <name>Trees 12</name>
                <styleUrl>#607</styleUrl>
                <Polygon id="601">
                    <extrude>0</extrude>
                    <tessellate>1</tessellate>
                    <outerBoundaryIs>
                        <LinearRing id="605">
                            <coordinates>72.85983741213886,19.055243469800114,0.0 72.85983741213886,19.0551536382717,0.0 72.85974758061045,19.0551536382717,0.0 72.85974758061045,19.055243469800114,0.0 72.85983741213886,19.055243469800114,0.0</coordinates>
                        </LinearRing>
                    </outerBoundaryIs>
                </Polygon>
            </Placemark>
            <Placemark id="611">
                <name>Trees 13</name>
                <styleUrl>#616</styleUrl>
                <Polygon id="610">
                    <extrude>0</extrude>
                    <tessellate>1</tessellate>
                    <outerBoundaryIs>
                        <LinearRing id="614">
                            <coordinates>72.85624415100237,19.058028247180882,0.0 72.85624415100237,19.05784858412406,0.0 72.85606448794556,19.05784858412406,0.0 72.85606448794556,19.058028247180882,0.0 72.85624415100237,19.058028247180882,0.0</coordinates>
                        </LinearRing>
                    </outerBoundaryIs>
                </Polygon>
            </Placemark>
            <Placemark id="620">
                <name>Trees 14</name>
                <styleUrl>#625</styleUrl>
                <Polygon id="619">
                    <extrude>0</extrude>
                    <tessellate>1</tessellate>
                    <outerBoundaryIs>
                        <LinearRing id="623">
                            <coordinates>72.85875943379791,19.060004540805945,0.0 72.85875943379791,19.059914709277535,0.0 72.85884926532633,19.059914709277535,0.0 72.85884926532633,19.059824877749122,0.0 72.85902892838315,19.059824877749122,0.0 72.85902892838315,19.05973504622071,0.0 72.85920859143997,19.05973504622071,0.0 72.85920859143997,19.0596452146923,0.0 72.85938825449679,19.0596452146923,0.0 72.85938825449679,19.059555383163886,0.0 72.85956791755362,19.059555383163886,0.0 72.85956791755362,19.059465551635476,0.0 72.85974758061045,19.059465551635476,0.0 72.85974758061045,19.059375720107063,0.0 72.85983741213886,19.059375720107063,0.0 72.85983741213886,19.05928588857865,0.0 72.86001707519569,19.05928588857865,0.0 72.86001707519569,19.05919605705024,0.0 72.8601967382525,19.05919605705024,0.0 72.8601967382525,19.059106225521827,0.0 72.86028656978091,19.059106225521827,0.0 72.86028656978091,19.059016393993414,0.0 72.86046623283774,19.059016393993414,0.0 72.86046623283774,19.058926562465004,0.0 72.86064589589456,19.058926562465004,0.0 72.86064589589456,19.05883673093659,0.0 72.86073572742298,19.05883673093659,0.0 72.86073572742298,19.058746899408177,0.0 72.8609153904798,19.058746899408177,0.0 72.8609153904798,19.058657067879768,0.0 72.86100522200822,19.058657067879768,0.0 72.86100522200822,19.058567236351355,0.0 72.86109505353663,19.058567236351355,0.0 72.86109505353663,19.058477404822945,0.0 72.86118488506503,19.058477404822945,0.0 72.86118488506503,19.05838757329453,0.0 72.86136454812186,19.05838757329453,0.0 72.86136454812186,19.05829774176612,0.0 72.8616340427071,19.05829774176612,0.0 72.8616340427071,19.05820791023771,0.0 72.86190353729233,19.05820791023771,0.0 72.86190353729233,19.058118078709295,0.0 72.86208320034916,19.058118078709295,0.0 72.86208320034916,19.058028247180882,0.0 72.86217303187756,19.058028247180882,0.0 72.86217303187756,19.057938415652472,0.0 72.86235269493439,19.057938415652472,0.0 72.86235269493439,19.05784858412406,0.0 72.86253235799121,19.05784858412406,0.0 72.86253235799121,19.057758752595646,0.0 72.86271202104804,19.057758752595646,0.0 72.86271202104804,19.057668921067236,0.0 72.86289168410487,19.057668921067236,0.0 72.86289168410487,19.057579089538823,0.0 72.86307134716169,19.057579089538823,0.0 72.86307134716169,19.057489258010413,0.0 72.86316117869009,19.057489258010413,0.0 72.86316117869009,19.057399426482,0.0 72.8632510102185,19.057399426482,0.0 72.8632510102185,19.057309594953587,0.0 72.86343067327533,19.057309594953587,0.0 72.86343067327533,19.057219763425177,0.0 72.86352050480374,19.057219763425177,0.0 72.86352050480374,19.05704010036835,0.0 72.86361033633216,19.05704010036835,0.0 72.86361033633216,19.056860437311528,0.0 72.8632510102185,19.056860437311528,0.0 72.8632510102185,19.05695026883994,0.0 72.8624425264628,19.05695026883994,0.0 72.8624425264628,19.05704010036835,0.0 72.86217303187756,19.05704010036835,0.0 72.86217303187756,19.057129931896764,0.0 72.86190353729233,19.057129931896764,0.0 72.86190353729233,19.057219763425177,0.0 72.86145437965027,19.057219763425177,0.0 72.86145437965027,19.057309594953587,0.0 72.86118488506503,19.057309594953587,0.0 72.86118488506503,19.057399426482,0.0 72.8609153904798,19.057399426482,0.0 72.8609153904798,19.057489258010413,0.0 72.86073572742298,19.057489258010413,0.0 72.86073572742298,19.057579089538823,0.0 72.86037640130932,19.057579089538823,0.0 72.86037640130932,19.057668921067236,0.0 72.86001707519569,19.057668921067236,0.0 72.86001707519569,19.057758752595646,0.0 72.85974758061045,19.057758752595646,0.0 72.85974758061045,19.05784858412406,0.0 72.8594780860252,19.05784858412406,0.0 72.8594780860252,19.057938415652472,0.0 72.85929842296838,19.057938415652472,0.0 72.85929842296838,19.058028247180882,0.0 72.85911875991155,19.058028247180882,0.0 72.85911875991155,19.058118078709295,0.0 72.85902892838315,19.058118078709295,0.0 72.85902892838315,19.05820791023771,0.0 72.85893909685474,19.05820791023771,0.0 72.85893909685474,19.05829774176612,0.0 72.85875943379791,19.05829774176612,0.0 72.85875943379791,19.05838757329453,0.0 72.8586696022695,19.05838757329453,0.0 72.8586696022695,19.058477404822945,0.0 72.85857977074109,19.058477404822945,0.0 72.85857977074109,19.058657067879768,0.0 72.85848993921267,19.058657067879768,0.0 72.85848993921267,19.058746899408177,0.0 72.85831027615585,19.058746899408177,0.0 72.85831027615585,19.05883673093659,0.0 72.85813061309902,19.05883673093659,0.0 72.85813061309902,19.059016393993414,0.0 72.85804078157062,19.059016393993414,0.0 72.85804078157062,19.059375720107063,0.0 72.85795095004221,19.059375720107063,0.0 72.85795095004221,19.0596452146923,0.0 72.8578611185138,19.0596452146923,0.0 72.8578611185138,19.059914709277535,0.0 72.85777128698538,19.059914709277535,0.0 72.85777128698538,19.060004540805945,0.0 72.8578611185138,19.060004540805945,0.0 72.8578611185138,19.06009437233436,0.0 72.85795095004221,19.06009437233436,0.0 72.85795095004221,19.06018420386277,0.0 72.85840010768426,19.06018420386277,0.0 72.85840010768426,19.06009437233436,0.0 72.85857977074109,19.06009437233436,0.0 72.85857977074109,19.060004540805945,0.0 72.85875943379791,19.060004540805945,0.0</coordinates>
                        </LinearRing>
                    </outerBoundaryIs>
                </Polygon>
            </Placemark>
            <Placemark id="629">
                <name>Trees 15</name>
                <styleUrl>#634</styleUrl>
                <Polygon id="628">
                    <extrude>0</extrude>
                    <tessellate>1</tessellate>
                    <outerBoundaryIs>
                        <LinearRing id="632">
                            <coordinates>72.85705263475809,19.05928588857865,0.0 72.85705263475809,19.058926562465004,0.0 72.85696280322968,19.058926562465004,0.0 72.85696280322968,19.05883673093659,0.0 72.85687297170126,19.05883673093659,0.0 72.85687297170126,19.058657067879768,0.0 72.85678314017285,19.058657067879768,0.0 72.85678314017285,19.058567236351355,0.0 72.85669330864444,19.058567236351355,0.0 72.85669330864444,19.058477404822945,0.0 72.8564238140592,19.058477404822945,0.0 72.8564238140592,19.058746899408177,0.0 72.85633398253078,19.058746899408177,0.0 72.85633398253078,19.059016393993414,0.0 72.85624415100237,19.059016393993414,0.0 72.85624415100237,19.05919605705024,0.0 72.85615431947396,19.05919605705024,0.0 72.85615431947396,19.059465551635476,0.0 72.85624415100237,19.059465551635476,0.0 72.85624415100237,19.059555383163886,0.0 72.85651364558761,19.059555383163886,0.0 72.85651364558761,19.0596452146923,0.0 72.85705263475809,19.0596452146923,0.0 72.85705263475809,19.059465551635476,0.0 72.85714246628649,19.059465551635476,0.0 72.85714246628649,19.05928588857865,0.0 72.85705263475809,19.05928588857865,0.0</coordinates>
                        </LinearRing>
                    </outerBoundaryIs>
                </Polygon>
            </Placemark>
            <Placemark id="638">
                <name>Trees 16</name>
                <styleUrl>#643</styleUrl>
                <Polygon id="637">
                    <extrude>0</extrude>
                    <tessellate>1</tessellate>
                    <outerBoundaryIs>
                        <LinearRing id="641">
                            <coordinates>72.85579499336032,19.06027403539118,0.0 72.85552549877508,19.06027403539118,0.0 72.85552549877508,19.060363866919594,0.0 72.85579499336032,19.060363866919594,0.0 72.85579499336032,19.06027403539118,0.0</coordinates>
                        </LinearRing>
                    </outerBoundaryIs>
                </Polygon>
            </Placemark>
            <Placemark id="647">
                <name>Trees 17</name>
                <styleUrl>#652</styleUrl>
                <Polygon id="646">
                    <extrude>0</extrude>
                    <tessellate>1</tessellate>
                    <outerBoundaryIs>
                        <LinearRing id="650">
                            <coordinates>72.85516617266143,19.06072319303324,0.0 72.85507634113303,19.06072319303324,0.0 72.85507634113303,19.060902856090067,0.0 72.85498650960461,19.060902856090067,0.0 72.85498650960461,19.060992687618477,0.0 72.8548966780762,19.060992687618477,0.0 72.8548966780762,19.061172350675303,0.0 72.85480684654779,19.061172350675303,0.0 72.85480684654779,19.06144184526054,0.0 72.85471701501938,19.06144184526054,0.0 72.85471701501938,19.0618910029026,0.0 72.85480684654779,19.0618910029026,0.0 72.85480684654779,19.061980834431008,0.0 72.8548966780762,19.061980834431008,0.0 72.8548966780762,19.06207066595942,0.0 72.85525600418984,19.06207066595942,0.0 72.85525600418984,19.061980834431008,0.0 72.85534583571825,19.061980834431008,0.0 72.85534583571825,19.0618910029026,0.0 72.85552549877508,19.0618910029026,0.0 72.85552549877508,19.061711339845772,0.0 72.8556153303035,19.061711339845772,0.0 72.8556153303035,19.061621508317362,0.0 72.8557051618319,19.061621508317362,0.0 72.8557051618319,19.06153167678895,0.0 72.85579499336032,19.06153167678895,0.0 72.85579499336032,19.06144184526054,0.0 72.85588482488873,19.06144184526054,0.0 72.85588482488873,19.061262182203713,0.0 72.85597465641715,19.061262182203713,0.0 72.85597465641715,19.061172350675303,0.0 72.85606448794556,19.061172350675303,0.0 72.85606448794556,19.060992687618477,0.0 72.85615431947396,19.060992687618477,0.0 72.85615431947396,19.060902856090067,0.0 72.85624415100237,19.060902856090067,0.0 72.85624415100237,19.060813024561654,0.0 72.85633398253078,19.060813024561654,0.0 72.85633398253078,19.060543529976417,0.0 72.85615431947396,19.060543529976417,0.0 72.85615431947396,19.060453698448008,0.0 72.85552549877508,19.060453698448008,0.0 72.85552549877508,19.060363866919594,0.0 72.85543566724667,19.060363866919594,0.0 72.85543566724667,19.060453698448008,0.0 72.85534583571825,19.060453698448008,0.0 72.85534583571825,19.060543529976417,0.0 72.85516617266143,19.060543529976417,0.0 72.85516617266143,19.06072319303324,0.0</coordinates>
                        </LinearRing>
                    </outerBoundaryIs>
                </Polygon>
            </Placemark>
            <Placemark id="656">
                <name>Trees 18</name>
                <styleUrl>#661</styleUrl>
                <Polygon id="655">
                    <extrude>0</extrude>
                    <tessellate>1</tessellate>
                    <outerBoundaryIs>
                        <LinearRing id="659">
                            <coordinates>72.8564238140592,19.067819883777787,0.0 72.8564238140592,19.067730052249374,0.0 72.85615431947396,19.067730052249374,0.0 72.85615431947396,19.067819883777787,0.0 72.85597465641715,19.067819883777787,0.0 72.85597465641715,19.06799954683461,0.0 72.85606448794556,19.06799954683461,0.0 72.85606448794556,19.068089378363023,0.0 72.85615431947396,19.068089378363023,0.0 72.85615431947396,19.068179209891433,0.0 72.85606448794556,19.068179209891433,0.0 72.85606448794556,19.068269041419846,0.0 72.85615431947396,19.068269041419846,0.0 72.85615431947396,19.06835887294826,0.0 72.85669330864444,19.06835887294826,0.0 72.85669330864444,19.067909715306197,0.0 72.85660347711602,19.067909715306197,0.0 72.85660347711602,19.067819883777787,0.0 72.8564238140592,19.067819883777787,0.0</coordinates>
                        </LinearRing>
                    </outerBoundaryIs>
                </Polygon>
            </Placemark>
            <Placemark id="665">
                <name>Trees 19</name>
                <styleUrl>#670</styleUrl>
                <Polygon id="664">
                    <extrude>0</extrude>
                    <tessellate>1</tessellate>
                    <outerBoundaryIs>
                        <LinearRing id="668">
                            <coordinates>72.86666460829817,19.049404420453335,0.0 72.86666460829817,19.049314588924926,0.0 72.86657477676975,19.049314588924926,0.0 72.86657477676975,19.049224757396512,0.0 72.8662154506561,19.049224757396512,0.0 72.8662154506561,19.049404420453335,0.0 72.86630528218451,19.049404420453335,0.0 72.86630528218451,19.04949425198175,0.0 72.86639511371293,19.04949425198175,0.0 72.86639511371293,19.049584083510158,0.0 72.8669341028834,19.049584083510158,0.0 72.8669341028834,19.04949425198175,0.0 72.86684427135499,19.04949425198175,0.0 72.86684427135499,19.049404420453335,0.0 72.86666460829817,19.049404420453335,0.0</coordinates>
                        </LinearRing>
                    </outerBoundaryIs>
                </Polygon>
            </Placemark>
            <Placemark id="674">
                <name>Trees 20</name>
                <styleUrl>#679</styleUrl>
                <Polygon id="673">
                    <extrude>0</extrude>
                    <tessellate>1</tessellate>
                    <outerBoundaryIs>
                        <LinearRing id="677">
                            <coordinates>72.86684427135499,19.050751893379516,0.0 72.86684427135499,19.05048239879428,0.0 72.86675443982658,19.05048239879428,0.0 72.86675443982658,19.050751893379516,0.0 72.86684427135499,19.050751893379516,0.0</coordinates>
                        </LinearRing>
                    </outerBoundaryIs>
                </Polygon>
            </Placemark>
            <Placemark id="683">
                <name>Trees 21</name>
                <styleUrl>#720</styleUrl>
                <Polygon id="682">
                    <extrude>0</extrude>
                    <tessellate>1</tessellate>
                    <outerBoundaryIs>
                        <LinearRing id="686">
                            <coordinates>72.86073572742298,19.056141785084233,0.0 72.86073572742298,19.05605195355582,0.0 72.86082555895139,19.05605195355582,0.0 72.86082555895139,19.055872290498996,0.0 72.8609153904798,19.055872290498996,0.0 72.8609153904798,19.055782458970583,0.0 72.86100522200822,19.055782458970583,0.0 72.86100522200822,19.055692627442173,0.0 72.86109505353663,19.055692627442173,0.0 72.86109505353663,19.05551296438535,0.0 72.86118488506503,19.05551296438535,0.0 72.86118488506503,19.055333301328524,0.0 72.86136454812186,19.055333301328524,0.0 72.86136454812186,19.055243469800114,0.0 72.86145437965027,19.055243469800114,0.0 72.86145437965027,19.0551536382717,0.0 72.86172387423551,19.0551536382717,0.0 72.86172387423551,19.054884143686465,0.0 72.86181370576392,19.054884143686465,0.0 72.86181370576392,19.054704480629642,0.0 72.86190353729233,19.054704480629642,0.0 72.86190353729233,19.053985828402347,0.0 72.86199336882075,19.053985828402347,0.0 72.86199336882075,19.054075659930756,0.0 72.86271202104804,19.054075659930756,0.0 72.86271202104804,19.05416549145917,0.0 72.86298151563328,19.05416549145917,0.0 72.86298151563328,19.054075659930756,0.0 72.86307134716169,19.054075659930756,0.0 72.86307134716169,19.053895996873933,0.0 72.86361033633216,19.053895996873933,0.0 72.86361033633216,19.053985828402347,0.0 72.86414932550262,19.053985828402347,0.0 72.86414932550262,19.053895996873933,0.0 72.86495780925834,19.053895996873933,0.0 72.86495780925834,19.05380616534552,0.0 72.86504764078676,19.05380616534552,0.0 72.86504764078676,19.053626502288697,0.0 72.86513747231515,19.053626502288697,0.0 72.86513747231515,19.053536670760288,0.0 72.86504764078676,19.053536670760288,0.0 72.86504764078676,19.053087513118225,0.0 72.86495780925834,19.053087513118225,0.0 72.86495780925834,19.05272818700458,0.0 72.86486797772993,19.05272818700458,0.0 72.86486797772993,19.052548523947753,0.0 72.86477814620152,19.052548523947753,0.0 72.86477814620152,19.05227902936252,0.0 72.8646883146731,19.05227902936252,0.0 72.8646883146731,19.05191970324887,0.0 72.86459848314469,19.05191970324887,0.0 72.86459848314469,19.051740040192048,0.0 72.86450865161628,19.051740040192048,0.0 72.86450865161628,19.051650208663634,0.0 72.86343067327533,19.051650208663634,0.0 72.86343067327533,19.051740040192048,0.0 72.86307134716169,19.051740040192048,0.0 72.86307134716169,19.051829871720457,0.0 72.8624425264628,19.051829871720457,0.0 72.8624425264628,19.051740040192048,0.0 72.86199336882075,19.051740040192048,0.0 72.86199336882075,19.051829871720457,0.0 72.86145437965027,19.051829871720457,0.0 72.86145437965027,19.05191970324887,0.0 72.86127471659344,19.05191970324887,0.0 72.86127471659344,19.052009534777284,0.0 72.86109505353663,19.052009534777284,0.0 72.86109505353663,19.052099366305693,0.0 72.86037640130932,19.052099366305693,0.0 72.86037640130932,19.052009534777284,0.0 72.8601967382525,19.052009534777284,0.0 72.8601967382525,19.05191970324887,0.0 72.85929842296838,19.05191970324887,0.0 72.85929842296838,19.051829871720457,0.0 72.85902892838315,19.051829871720457,0.0 72.85902892838315,19.051740040192048,0.0 72.85884926532633,19.051740040192048,0.0 72.85884926532633,19.051650208663634,0.0 72.85875943379791,19.051650208663634,0.0 72.85875943379791,19.05156037713522,0.0 72.8586696022695,19.05156037713522,0.0 72.8586696022695,19.05147054560681,0.0 72.85848993921267,19.05147054560681,0.0 72.85848993921267,19.051380714078398,0.0 72.85822044462743,19.051380714078398,0.0 72.85822044462743,19.05129088254999,0.0 72.85813061309902,19.05129088254999,0.0 72.85813061309902,19.051201051021575,0.0 72.85795095004221,19.051201051021575,0.0 72.85795095004221,19.051111219493162,0.0 72.8578611185138,19.051111219493162,0.0 72.8578611185138,19.051021387964752,0.0 72.85768145545697,19.051021387964752,0.0 72.85768145545697,19.05093155643634,0.0 72.85759162392856,19.05093155643634,0.0 72.85759162392856,19.050841724907926,0.0 72.85732212934332,19.050841724907926,0.0 72.85732212934332,19.05093155643634,0.0 72.8572322978149,19.05093155643634,0.0 72.8572322978149,19.051021387964752,0.0 72.85714246628649,19.051021387964752,0.0 72.85714246628649,19.051201051021575,0.0 72.85705263475809,19.051201051021575,0.0 72.85705263475809,19.05129088254999,0.0 72.85714246628649,19.05129088254999,0.0 72.85714246628649,19.05147054560681,0.0 72.8572322978149,19.05147054560681,0.0 72.8572322978149,19.051650208663634,0.0 72.85732212934332,19.051650208663634,0.0 72.85732212934332,19.051740040192048,0.0 72.85741196087173,19.051740040192048,0.0 72.85741196087173,19.05191970324887,0.0 72.85750179240014,19.05191970324887,0.0 72.85750179240014,19.052099366305693,0.0 72.85759162392856,19.052099366305693,0.0 72.85759162392856,19.05227902936252,0.0 72.85768145545697,19.05227902936252,0.0 72.85768145545697,19.052458692419343,0.0 72.85777128698538,19.052458692419343,0.0 72.85777128698538,19.052548523947753,0.0 72.85795095004221,19.052548523947753,0.0 72.85795095004221,19.052638355476166,0.0 72.85804078157062,19.052638355476166,0.0 72.85804078157062,19.05272818700458,0.0 72.85813061309902,19.05272818700458,0.0 72.85813061309902,19.05281801853299,0.0 72.85848993921267,19.05281801853299,0.0 72.85848993921267,19.052907850061402,0.0 72.85902892838315,19.052907850061402,0.0 72.85902892838315,19.052997681589815,0.0 72.85929842296838,19.052997681589815,0.0 72.85929842296838,19.053087513118225,0.0 72.8594780860252,19.053087513118225,0.0 72.8594780860252,19.05326717617505,0.0 72.85956791755362,19.05326717617505,0.0 72.85956791755362,19.05335700770346,0.0 72.85965774908203,19.05335700770346,0.0 72.85965774908203,19.053446839231874,0.0 72.85974758061045,19.053446839231874,0.0 72.85974758061045,19.053536670760288,0.0 72.86001707519569,19.053536670760288,0.0 72.86001707519569,19.053626502288697,0.0 72.86010690672408,19.053626502288697,0.0 72.86010690672408,19.05371633381711,0.0 72.8601967382525,19.05371633381711,0.0 72.8601967382525,19.053626502288697,0.0 72.86028656978091,19.053626502288697,0.0 72.86028656978091,19.05371633381711,0.0 72.86037640130932,19.05371633381711,0.0 72.86037640130932,19.054255322987583,0.0 72.86028656978091,19.054255322987583,0.0 72.86028656978091,19.054434986044406,0.0 72.85983741213886,19.054434986044406,0.0 72.85983741213886,19.05461464910123,0.0 72.85974758061045,19.05461464910123,0.0 72.85974758061045,19.054704480629642,0.0 72.85965774908203,19.054704480629642,0.0 72.85965774908203,19.054884143686465,0.0 72.85974758061045,19.054884143686465,0.0 72.85974758061045,19.055063806743288,0.0 72.85992724366727,19.055063806743288,0.0 72.85992724366727,19.055333301328524,0.0 72.85983741213886,19.055333301328524,0.0 72.85983741213886,19.055423132856937,0.0 72.85974758061045,19.055423132856937,0.0 72.85974758061045,19.05551296438535,0.0 72.85965774908203,19.05551296438535,0.0 72.85965774908203,19.05560279591376,0.0 72.85974758061045,19.05560279591376,0.0 72.85974758061045,19.055872290498996,0.0 72.85992724366727,19.055872290498996,0.0 72.85992724366727,19.05596212202741,0.0 72.86001707519569,19.05596212202741,0.0 72.86001707519569,19.056141785084233,0.0 72.86010690672408,19.056141785084233,0.0 72.86010690672408,19.056231616612646,0.0 72.86028656978091,19.056231616612646,0.0 72.86028656978091,19.056321448141055,0.0 72.86037640130932,19.056321448141055,0.0 72.86037640130932,19.056231616612646,0.0 72.86064589589456,19.056231616612646,0.0 72.86064589589456,19.056141785084233,0.0 72.86073572742298,19.056141785084233,0.0</coordinates>
                        </LinearRing>
                    </outerBoundaryIs>
                    <innerBoundaryIs>
                        <LinearRing id="688">
                            <coordinates>72.86082555895139,19.05380616534552,0.0 72.8609153904798,19.05380616534552,0.0 72.8609153904798,19.05371633381711,0.0 72.86100522200822,19.05371633381711,0.0 72.86100522200822,19.053895996873933,0.0 72.8609153904798,19.053895996873933,0.0 72.8609153904798,19.053985828402347,0.0 72.86082555895139,19.053985828402347,0.0 72.86082555895139,19.05380616534552,0.0</coordinates>
                        </LinearRing>
                        <LinearRing id="692">
                            <coordinates>72.86100522200822,19.053626502288697,0.0 72.8609153904798,19.053626502288697,0.0 72.8609153904798,19.053446839231874,0.0 72.86118488506503,19.053446839231874,0.0 72.86118488506503,19.053536670760288,0.0 72.86127471659344,19.053536670760288,0.0 72.86127471659344,19.053626502288697,0.0 72.86118488506503,19.053626502288697,0.0 72.86118488506503,19.05380616534552,0.0 72.86109505353663,19.05380616534552,0.0 72.86109505353663,19.05371633381711,0.0 72.86100522200822,19.05371633381711,0.0 72.86100522200822,19.053626502288697,0.0</coordinates>
                        </LinearRing>
                        <LinearRing id="696">
                            <coordinates>72.86253235799121,19.05380616534552,0.0 72.8624425264628,19.05380616534552,0.0 72.8624425264628,19.053985828402347,0.0 72.86235269493439,19.053985828402347,0.0 72.86235269493439,19.05380616534552,0.0 72.86226286340597,19.05380616534552,0.0 72.86226286340597,19.05371633381711,0.0 72.86253235799121,19.05371633381711,0.0 72.86253235799121,19.05380616534552,0.0</coordinates>
                        </LinearRing>
                        <LinearRing id="700">
                            <coordinates>72.86055606436615,19.05380616534552,0.0 72.86064589589456,19.05380616534552,0.0 72.86064589589456,19.053895996873933,0.0 72.86055606436615,19.053895996873933,0.0 72.86055606436615,19.05380616534552,0.0</coordinates>
                        </LinearRing>
                        <LinearRing id="704">
                            <coordinates>72.86208320034916,19.05371633381711,0.0 72.86208320034916,19.05380616534552,0.0 72.86199336882075,19.05380616534552,0.0 72.86199336882075,19.05371633381711,0.0 72.86208320034916,19.05371633381711,0.0</coordinates>
                        </LinearRing>
                        <LinearRing id="708">
                            <coordinates>72.86181370576392,19.05371633381711,0.0 72.86181370576392,19.053626502288697,0.0 72.86199336882075,19.053626502288697,0.0 72.86199336882075,19.05371633381711,0.0 72.86181370576392,19.05371633381711,0.0</coordinates>
                        </LinearRing>
                        <LinearRing id="712">
                            <coordinates>72.86343067327533,19.052997681589815,0.0 72.86352050480374,19.052997681589815,0.0 72.86352050480374,19.05335700770346,0.0 72.86343067327533,19.05335700770346,0.0 72.86343067327533,19.052997681589815,0.0</coordinates>
                        </LinearRing>
                        <LinearRing id="716">
                            <coordinates>72.86253235799121,19.052099366305693,0.0 72.86271202104804,19.052099366305693,0.0 72.86271202104804,19.052009534777284,0.0 72.86280185257645,19.052009534777284,0.0 72.86280185257645,19.052099366305693,0.0 72.8632510102185,19.052099366305693,0.0 72.8632510102185,19.05236886089093,0.0 72.86316117869009,19.05236886089093,0.0 72.86316117869009,19.052548523947753,0.0 72.86298151563328,19.052548523947753,0.0 72.86298151563328,19.052638355476166,0.0 72.86253235799121,19.052638355476166,0.0 72.86253235799121,19.05236886089093,0.0 72.8624425264628,19.05236886089093,0.0 72.8624425264628,19.05227902936252,0.0 72.86253235799121,19.05227902936252,0.0 72.86253235799121,19.052099366305693,0.0</coordinates>
                        </LinearRing>
                    </innerBoundaryIs>
                </Polygon>
            </Placemark>
            <Placemark id="724">
                <name>Trees 22</name>
                <styleUrl>#729</styleUrl>
                <Polygon id="723">
                    <extrude>0</extrude>
                    <tessellate>1</tessellate>
                    <outerBoundaryIs>
                        <LinearRing id="727">
                            <coordinates>72.87277315223018,19.057489258010413,0.0 72.87268332070177,19.057489258010413,0.0 72.87268332070177,19.057668921067236,0.0 72.87277315223018,19.057668921067236,0.0 72.87277315223018,19.057489258010413,0.0</coordinates>
                        </LinearRing>
                    </outerBoundaryIs>
                </Polygon>
            </Placemark>
            <Placemark id="733">
                <name>Trees 23</name>
                <styleUrl>#738</styleUrl>
                <Polygon id="732">
                    <extrude>0</extrude>
                    <tessellate>1</tessellate>
                    <outerBoundaryIs>
                        <LinearRing id="736">
                            <coordinates>72.87277315223018,19.057758752595646,0.0 72.8728629837586,19.057758752595646,0.0 72.8728629837586,19.057668921067236,0.0 72.87277315223018,19.057668921067236,0.0 72.87277315223018,19.057758752595646,0.0</coordinates>
                        </LinearRing>
                    </outerBoundaryIs>
                </Polygon>
            </Placemark>
            <Placemark id="742">
                <name>Trees 24</name>
                <styleUrl>#747</styleUrl>
                <Polygon id="741">
                    <extrude>0</extrude>
                    <tessellate>1</tessellate>
                    <outerBoundaryIs>
                        <LinearRing id="745">
                            <coordinates>72.87214433153129,19.058028247180882,0.0 72.87214433153129,19.057938415652472,0.0 72.87196466847448,19.057938415652472,0.0 72.87196466847448,19.057758752595646,0.0 72.87250365764494,19.057758752595646,0.0 72.87250365764494,19.057489258010413,0.0 72.87241382611653,19.057489258010413,0.0 72.87241382611653,19.057399426482,0.0 72.87196466847448,19.057399426482,0.0 72.87196466847448,19.057309594953587,0.0 72.87187483694606,19.057309594953587,0.0 72.87187483694606,19.057489258010413,0.0 72.87178500541765,19.057489258010413,0.0 72.87178500541765,19.057668921067236,0.0 72.87169517388924,19.057668921067236,0.0 72.87169517388924,19.057938415652472,0.0 72.87187483694606,19.057938415652472,0.0 72.87187483694606,19.058028247180882,0.0 72.87196466847448,19.058028247180882,0.0 72.87196466847448,19.058118078709295,0.0 72.87214433153129,19.058118078709295,0.0 72.87214433153129,19.05820791023771,0.0 72.8722341630597,19.05820791023771,0.0 72.8722341630597,19.05829774176612,0.0 72.87232399458811,19.05829774176612,0.0 72.87232399458811,19.058118078709295,0.0 72.8722341630597,19.058118078709295,0.0 72.8722341630597,19.058028247180882,0.0 72.87214433153129,19.058028247180882,0.0</coordinates>
                        </LinearRing>
                    </outerBoundaryIs>
                </Polygon>
            </Placemark>
            <Placemark id="751">
                <name>Trees 25</name>
                <styleUrl>#756</styleUrl>
                <Polygon id="750">
                    <extrude>0</extrude>
                    <tessellate>1</tessellate>
                    <outerBoundaryIs>
                        <LinearRing id="754">
                            <coordinates>72.87510877196888,19.05784858412406,0.0 72.87492910891207,19.05784858412406,0.0 72.87492910891207,19.057758752595646,0.0 72.87483927738366,19.057758752595646,0.0 72.87483927738366,19.05784858412406,0.0 72.87439011974159,19.05784858412406,0.0 72.87439011974159,19.05820791023771,0.0 72.87528843502571,19.05820791023771,0.0 72.87528843502571,19.058118078709295,0.0 72.8751986034973,19.058118078709295,0.0 72.8751986034973,19.057938415652472,0.0 72.87510877196888,19.057938415652472,0.0 72.87510877196888,19.05784858412406,0.0</coordinates>
                        </LinearRing>
                    </outerBoundaryIs>
                </Polygon>
            </Placemark>
            <Placemark id="760">
                <name>Trees 26</name>
                <styleUrl>#765</styleUrl>
                <Polygon id="759">
                    <extrude>0</extrude>
                    <tessellate>1</tessellate>
                    <outerBoundaryIs>
                        <LinearRing id="763">
                            <coordinates>72.8730426468154,19.057938415652472,0.0 72.87295281528701,19.057938415652472,0.0 72.87295281528701,19.05784858412406,0.0 72.8728629837586,19.05784858412406,0.0 72.8728629837586,19.058028247180882,0.0 72.87295281528701,19.058028247180882,0.0 72.87295281528701,19.05820791023771,0.0 72.87313247834382,19.05820791023771,0.0 72.87313247834382,19.05829774176612,0.0 72.87322230987223,19.05829774176612,0.0 72.87322230987223,19.058118078709295,0.0 72.87313247834382,19.058118078709295,0.0 72.87313247834382,19.058028247180882,0.0 72.8730426468154,19.058028247180882,0.0 72.8730426468154,19.057938415652472,0.0</coordinates>
                        </LinearRing>
                    </outerBoundaryIs>
                </Polygon>
            </Placemark>
            <Placemark id="769">
                <name>Trees 27</name>
                <styleUrl>#774</styleUrl>
                <Polygon id="768">
                    <extrude>0</extrude>
                    <tessellate>1</tessellate>
                    <outerBoundaryIs>
                        <LinearRing id="772">
                            <coordinates>72.87331214140065,19.05838757329453,0.0 72.87331214140065,19.05829774176612,0.0 72.87322230987223,19.05829774176612,0.0 72.87322230987223,19.05838757329453,0.0 72.87331214140065,19.05838757329453,0.0</coordinates>
                        </LinearRing>
                    </outerBoundaryIs>
                </Polygon>
            </Placemark>
            <Placemark id="778">
                <name>Trees 28</name>
                <styleUrl>#783</styleUrl>
                <Polygon id="777">
                    <extrude>0</extrude>
                    <tessellate>1</tessellate>
                    <outerBoundaryIs>
                        <LinearRing id="781">
                            <coordinates>72.87232399458811,19.05829774176612,0.0 72.87232399458811,19.05838757329453,0.0 72.87241382611653,19.05838757329453,0.0 72.87241382611653,19.058477404822945,0.0 72.87259348917335,19.058477404822945,0.0 72.87259348917335,19.05838757329453,0.0 72.87250365764494,19.05838757329453,0.0 72.87250365764494,19.05829774176612,0.0 72.87232399458811,19.05829774176612,0.0</coordinates>
                        </LinearRing>
                    </outerBoundaryIs>
                </Polygon>
            </Placemark>
            <Placemark id="787">
                <name>Trees 29</name>
                <styleUrl>#792</styleUrl>
                <Polygon id="786">
                    <extrude>0</extrude>
                    <tessellate>1</tessellate>
                    <outerBoundaryIs>
                        <LinearRing id="790">
                            <coordinates>72.87349180445747,19.058477404822945,0.0 72.87349180445747,19.05838757329453,0.0 72.87331214140065,19.05838757329453,0.0 72.87331214140065,19.058477404822945,0.0 72.87349180445747,19.058477404822945,0.0</coordinates>
                        </LinearRing>
                    </outerBoundaryIs>
                </Polygon>
            </Placemark>
            <Placemark id="796">
                <name>Trees 30</name>
                <styleUrl>#801</styleUrl>
                <Polygon id="795">
                    <extrude>0</extrude>
                    <tessellate>1</tessellate>
                    <outerBoundaryIs>
                        <LinearRing id="799">
                            <coordinates>72.87447995127,19.058567236351355,0.0 72.87447995127,19.058477404822945,0.0 72.87439011974159,19.058477404822945,0.0 72.87439011974159,19.058567236351355,0.0 72.87447995127,19.058567236351355,0.0</coordinates>
                        </LinearRing>
                    </outerBoundaryIs>
                </Polygon>
            </Placemark>
            <Placemark id="805">
                <name>Trees 31</name>
                <styleUrl>#810</styleUrl>
                <Polygon id="804">
                    <extrude>0</extrude>
                    <tessellate>1</tessellate>
                    <outerBoundaryIs>
                        <LinearRing id="808">
                            <coordinates>72.87259348917335,19.058477404822945,0.0 72.87259348917335,19.058567236351355,0.0 72.87268332070177,19.058567236351355,0.0 72.87268332070177,19.058657067879768,0.0 72.8728629837586,19.058657067879768,0.0 72.8728629837586,19.058567236351355,0.0 72.87277315223018,19.058567236351355,0.0 72.87277315223018,19.058477404822945,0.0 72.87259348917335,19.058477404822945,0.0</coordinates>
                        </LinearRing>
                    </outerBoundaryIs>
                </Polygon>
            </Placemark>
            <Placemark id="814">
                <name>Trees 32</name>
                <styleUrl>#819</styleUrl>
                <Polygon id="813">
                    <extrude>0</extrude>
                    <tessellate>1</tessellate>
                    <outerBoundaryIs>
                        <LinearRing id="817">
                            <coordinates>72.8736714675143,19.058657067879768,0.0 72.8736714675143,19.058567236351355,0.0 72.87358163598589,19.058567236351355,0.0 72.87358163598589,19.058657067879768,0.0 72.8736714675143,19.058657067879768,0.0</coordinates>
                        </LinearRing>
                    </outerBoundaryIs>
                </Polygon>
            </Placemark>
            <Placemark id="823">
                <name>Trees 33</name>
                <styleUrl>#828</styleUrl>
                <Polygon id="822">
                    <extrude>0</extrude>
                    <tessellate>1</tessellate>
                    <outerBoundaryIs>
                        <LinearRing id="826">
                            <coordinates>72.87573759266778,19.05973504622071,0.0 72.87573759266778,19.059375720107063,0.0 72.87582742419619,19.059375720107063,0.0 72.87582742419619,19.059106225521827,0.0 72.87573759266778,19.059106225521827,0.0 72.87573759266778,19.05883673093659,0.0 72.87564776113936,19.05883673093659,0.0 72.87564776113936,19.058746899408177,0.0 72.87546809808254,19.058746899408177,0.0 72.87546809808254,19.058657067879768,0.0 72.87501894044047,19.058657067879768,0.0 72.87501894044047,19.058567236351355,0.0 72.87474944585524,19.058567236351355,0.0 72.87474944585524,19.058657067879768,0.0 72.87465961432683,19.058657067879768,0.0 72.87465961432683,19.058746899408177,0.0 72.87456978279842,19.058746899408177,0.0 72.87456978279842,19.058926562465004,0.0 72.87421045668476,19.058926562465004,0.0 72.87421045668476,19.059106225521827,0.0 72.87385113057113,19.059106225521827,0.0 72.87385113057113,19.05928588857865,0.0 72.87376129904271,19.05928588857865,0.0 72.87376129904271,19.059375720107063,0.0 72.8736714675143,19.059375720107063,0.0 72.8736714675143,19.0596452146923,0.0 72.87376129904271,19.0596452146923,0.0 72.87376129904271,19.05973504622071,0.0 72.87385113057113,19.05973504622071,0.0 72.87385113057113,19.059824877749122,0.0 72.87439011974159,19.059824877749122,0.0 72.87439011974159,19.05973504622071,0.0 72.87465961432683,19.05973504622071,0.0 72.87465961432683,19.059824877749122,0.0 72.87483927738366,19.059824877749122,0.0 72.87483927738366,19.060004540805945,0.0 72.87492910891207,19.060004540805945,0.0 72.87492910891207,19.06009437233436,0.0 72.87510877196888,19.06009437233436,0.0 72.87510877196888,19.06018420386277,0.0 72.87528843502571,19.06018420386277,0.0 72.87528843502571,19.06027403539118,0.0 72.87555792961095,19.06027403539118,0.0 72.87555792961095,19.06009437233436,0.0 72.87564776113936,19.06009437233436,0.0 72.87564776113936,19.05973504622071,0.0 72.87573759266778,19.05973504622071,0.0</coordinates>
                        </LinearRing>
                    </outerBoundaryIs>
                </Polygon>
            </Placemark>
            <Placemark id="832">
                <name>Trees 34</name>
                <styleUrl>#837</styleUrl>
                <Polygon id="831">
                    <extrude>0</extrude>
                    <tessellate>1</tessellate>
                    <outerBoundaryIs>
                        <LinearRing id="835">
                            <coordinates>72.87340197292906,19.080216634698637,0.0 72.87358163598589,19.080216634698637,0.0 72.87358163598589,19.0799471401134,0.0 72.87331214140065,19.0799471401134,0.0 72.87331214140065,19.08003697164181,0.0 72.87322230987223,19.08003697164181,0.0 72.87322230987223,19.0799471401134,0.0 72.8728629837586,19.0799471401134,0.0 72.8728629837586,19.08003697164181,0.0 72.87277315223018,19.08003697164181,0.0 72.87277315223018,19.080126803170224,0.0 72.87268332070177,19.080126803170224,0.0 72.87268332070177,19.080216634698637,0.0 72.87259348917335,19.080216634698637,0.0 72.87259348917335,19.080486129283873,0.0 72.87295281528701,19.080486129283873,0.0 72.87295281528701,19.08039629775546,0.0 72.87313247834382,19.08039629775546,0.0 72.87313247834382,19.080306466227047,0.0 72.87340197292906,19.080306466227047,0.0 72.87340197292906,19.080216634698637,0.0</coordinates>
                        </LinearRing>
                    </outerBoundaryIs>
                </Polygon>
            </Placemark>
            <Placemark id="841">
                <name>Trees 35</name>
                <styleUrl>#846</styleUrl>
                <Polygon id="840">
                    <extrude>0</extrude>
                    <tessellate>1</tessellate>
                    <outerBoundaryIs>
                        <LinearRing id="844">
                            <coordinates>72.87034770096305,19.082372591380523,0.0 72.87052736401988,19.082372591380523,0.0 72.87052736401988,19.082462422908936,0.0 72.8707070270767,19.082462422908936,0.0 72.8707070270767,19.082013265266873,0.0 72.87061719554829,19.082013265266873,0.0 72.87061719554829,19.081923433738464,0.0 72.87052736401988,19.081923433738464,0.0 72.87052736401988,19.08183360221005,0.0 72.87016803790623,19.08183360221005,0.0 72.87016803790623,19.081923433738464,0.0 72.86980871179259,19.081923433738464,0.0 72.86980871179259,19.082013265266873,0.0 72.86971888026417,19.082013265266873,0.0 72.86971888026417,19.082103096795286,0.0 72.86953921720735,19.082103096795286,0.0 72.86953921720735,19.082013265266873,0.0 72.86935955415052,19.082013265266873,0.0 72.86935955415052,19.082103096795286,0.0 72.86926972262211,19.082103096795286,0.0 72.86926972262211,19.0821929283237,0.0 72.86935955415052,19.0821929283237,0.0 72.86935955415052,19.08228275985211,0.0 72.86953921720735,19.08228275985211,0.0 72.86953921720735,19.082372591380523,0.0 72.86971888026417,19.082372591380523,0.0 72.86971888026417,19.082462422908936,0.0 72.869898543321,19.082462422908936,0.0 72.869898543321,19.082552254437346,0.0 72.87007820637781,19.082552254437346,0.0 72.87007820637781,19.08264208596576,0.0 72.87016803790623,19.08264208596576,0.0 72.87016803790623,19.082552254437346,0.0 72.87025786943464,19.082552254437346,0.0 72.87025786943464,19.082462422908936,0.0 72.87034770096305,19.082462422908936,0.0 72.87034770096305,19.082372591380523,0.0</coordinates>
                        </LinearRing>
                    </outerBoundaryIs>
                </Polygon>
            </Placemark>
        </Folder>
        <Folder id="849">
            <Style id="856">
                <LineStyle id="858">
                    <color>ff3c3c3c</color>
                    <colorMode>normal</colorMode>
                    <width>1</width>
                </LineStyle>
                <PolyStyle id="857">
                    <color>c832cd9a</color>
                    <colorMode>normal</colorMode>
                    <fill>1</fill>
                    <outline>1</outline>
                </PolyStyle>
            </Style>
            <Style id="865">
                <LineStyle id="867">
                    <color>ff3c3c3c</color>
                    <colorMode>normal</colorMode>
                    <width>1</width>
                </LineStyle>
                <PolyStyle id="866">
                    <color>c832cd9a</color>
                    <colorMode>normal</colorMode>
                    <fill>1</fill>
                    <outline>1</outline>
                </PolyStyle>
            </Style>
            <Style id="874">
                <LineStyle id="876">
                    <color>ff3c3c3c</color>
                    <colorMode>normal</colorMode>
                    <width>1</width>
                </LineStyle>
                <PolyStyle id="875">
                    <color>c832cd9a</color>
                    <colorMode>normal</colorMode>
                    <fill>1</fill>
                    <outline>1</outline>
                </PolyStyle>
            </Style>
            <Style id="883">
                <LineStyle id="885">
                    <color>ff3c3c3c</color>
                    <colorMode>normal</colorMode>
                    <width>1</width>
                </LineStyle>
                <PolyStyle id="884">
                    <color>c832cd9a</color>
                    <colorMode>normal</colorMode>
                    <fill>1</fill>
                    <outline>1</outline>
                </PolyStyle>
            </Style>
            <Style id="892">
                <LineStyle id="894">
                    <color>ff3c3c3c</color>
                    <colorMode>normal</colorMode>
                    <width>1</width>
                </LineStyle>
                <PolyStyle id="893">
                    <color>c832cd9a</color>
                    <colorMode>normal</colorMode>
                    <fill>1</fill>
                    <outline>1</outline>
                </PolyStyle>
            </Style>
            <Style id="901">
                <LineStyle id="903">
                    <color>ff3c3c3c</color>
                    <colorMode>normal</colorMode>
                    <width>1</width>
                </LineStyle>
                <PolyStyle id="902">
                    <color>c832cd9a</color>
                    <colorMode>normal</colorMode>
                    <fill>1</fill>
                    <outline>1</outline>
                </PolyStyle>
            </Style>
            <Style id="910">
                <LineStyle id="912">
                    <color>ff3c3c3c</color>
                    <colorMode>normal</colorMode>
                    <width>1</width>
                </LineStyle>
                <PolyStyle id="911">
                    <color>c832cd9a</color>
                    <colorMode>normal</colorMode>
                    <fill>1</fill>
                    <outline>1</outline>
                </PolyStyle>
            </Style>
            <Style id="919">
                <LineStyle id="921">
                    <color>ff3c3c3c</color>
                    <colorMode>normal</colorMode>
                    <width>1</width>
                </LineStyle>
                <PolyStyle id="920">
                    <color>c832cd9a</color>
                    <colorMode>normal</colorMode>
                    <fill>1</fill>
                    <outline>1</outline>
                </PolyStyle>
            </Style>
            <Style id="928">
                <LineStyle id="930">
                    <color>ff3c3c3c</color>
                    <colorMode>normal</colorMode>
                    <width>1</width>
                </LineStyle>
                <PolyStyle id="929">
                    <color>c832cd9a</color>
                    <colorMode>normal</colorMode>
                    <fill>1</fill>
                    <outline>1</outline>
                </PolyStyle>
            </Style>
            <Style id="937">
                <LineStyle id="939">
                    <color>ff3c3c3c</color>
                    <colorMode>normal</colorMode>
                    <width>1</width>
                </LineStyle>
                <PolyStyle id="938">
                    <color>c832cd9a</color>
                    <colorMode>normal</colorMode>
                    <fill>1</fill>
                    <outline>1</outline>
                </PolyStyle>
            </Style>
            <Style id="946">
                <LineStyle id="948">
                    <color>ff3c3c3c</color>
                    <colorMode>normal</colorMode>
                    <width>1</width>
                </LineStyle>
                <PolyStyle id="947">
                    <color>c832cd9a</color>
                    <colorMode>normal</colorMode>
                    <fill>1</fill>
                    <outline>1</outline>
                </PolyStyle>
            </Style>
            <Style id="955">
                <LineStyle id="957">
                    <color>ff3c3c3c</color>
                    <colorMode>normal</colorMode>
                    <width>1</width>
                </LineStyle>
                <PolyStyle id="956">
                    <color>c832cd9a</color>
                    <colorMode>normal</colorMode>
                    <fill>1</fill>
                    <outline>1</outline>
                </PolyStyle>
            </Style>
            <Style id="964">
                <LineStyle id="966">
                    <color>ff3c3c3c</color>
                    <colorMode>normal</colorMode>
                    <width>1</width>
                </LineStyle>
                <PolyStyle id="965">
                    <color>c832cd9a</color>
                    <colorMode>normal</colorMode>
                    <fill>1</fill>
                    <outline>1</outline>
                </PolyStyle>
            </Style>
            <Style id="973">
                <LineStyle id="975">
                    <color>ff3c3c3c</color>
                    <colorMode>normal</colorMode>
                    <width>1</width>
                </LineStyle>
                <PolyStyle id="974">
                    <color>c832cd9a</color>
                    <colorMode>normal</colorMode>
                    <fill>1</fill>
                    <outline>1</outline>
                </PolyStyle>
            </Style>
            <Style id="982">
                <LineStyle id="984">
                    <color>ff3c3c3c</color>
                    <colorMode>normal</colorMode>
                    <width>1</width>
                </LineStyle>
                <PolyStyle id="983">
                    <color>c832cd9a</color>
                    <colorMode>normal</colorMode>
                    <fill>1</fill>
                    <outline>1</outline>
                </PolyStyle>
            </Style>
            <Style id="991">
                <LineStyle id="993">
                    <color>ff3c3c3c</color>
                    <colorMode>normal</colorMode>
                    <width>1</width>
                </LineStyle>
                <PolyStyle id="992">
                    <color>c832cd9a</color>
                    <colorMode>normal</colorMode>
                    <fill>1</fill>
                    <outline>1</outline>
                </PolyStyle>
            </Style>
            <Style id="1000">
                <LineStyle id="1002">
                    <color>ff3c3c3c</color>
                    <colorMode>normal</colorMode>
                    <width>1</width>
                </LineStyle>
                <PolyStyle id="1001">
                    <color>c832cd9a</color>
                    <colorMode>normal</colorMode>
                    <fill>1</fill>
                    <outline>1</outline>
                </PolyStyle>
            </Style>
            <Style id="1009">
                <LineStyle id="1011">
                    <color>ff3c3c3c</color>
                    <colorMode>normal</colorMode>
                    <width>1</width>
                </LineStyle>
                <PolyStyle id="1010">
                    <color>c832cd9a</color>
                    <colorMode>normal</colorMode>
                    <fill>1</fill>
                    <outline>1</outline>
                </PolyStyle>
            </Style>
            <Style id="1018">
                <LineStyle id="1020">
                    <color>ff3c3c3c</color>
                    <colorMode>normal</colorMode>
                    <width>1</width>
                </LineStyle>
                <PolyStyle id="1019">
                    <color>c832cd9a</color>
                    <colorMode>normal</colorMode>
                    <fill>1</fill>
                    <outline>1</outline>
                </PolyStyle>
            </Style>
            <Style id="1027">
                <LineStyle id="1029">
                    <color>ff3c3c3c</color>
                    <colorMode>normal</colorMode>
                    <width>1</width>
                </LineStyle>
                <PolyStyle id="1028">
                    <color>c832cd9a</color>
                    <colorMode>normal</colorMode>
                    <fill>1</fill>
                    <outline>1</outline>
                </PolyStyle>
            </Style>
            <name>🌿 Shrub / Scrub</name>
            <Placemark id="851">
                <name>Shrub / Scrub 1</name>
                <styleUrl>#856</styleUrl>
                <Polygon id="850">
                    <extrude>0</extrude>
                    <tessellate>1</tessellate>
                    <outerBoundaryIs>
                        <LinearRing id="854">
                            <coordinates>72.84699150357595,19.048865431282863,0.0 72.84690167204754,19.048865431282863,0.0 72.84690167204754,19.048775599754453,0.0 72.84654234593388,19.048775599754453,0.0 72.84654234593388,19.048955262811276,0.0 72.8466321774623,19.048955262811276,0.0 72.8466321774623,19.04904509433969,0.0 72.84645251440547,19.04904509433969,0.0 72.84645251440547,19.048865431282863,0.0 72.84636268287706,19.048865431282863,0.0 72.84636268287706,19.048955262811276,0.0 72.84627285134864,19.048955262811276,0.0 72.84627285134864,19.049224757396512,0.0 72.84645251440547,19.049224757396512,0.0 72.84645251440547,19.049314588924926,0.0 72.84681184051912,19.049314588924926,0.0 72.84681184051912,19.0491349258681,0.0 72.84699150357595,19.0491349258681,0.0 72.84699150357595,19.048865431282863,0.0</coordinates>
                        </LinearRing>
                    </outerBoundaryIs>
                </Polygon>
            </Placemark>
            <Placemark id="860">
                <name>Shrub / Scrub 2</name>
                <styleUrl>#865</styleUrl>
                <Polygon id="859">
                    <extrude>0</extrude>
                    <tessellate>1</tessellate>
                    <outerBoundaryIs>
                        <LinearRing id="863">
                            <coordinates>72.85732212934332,19.052458692419343,0.0 72.8572322978149,19.052458692419343,0.0 72.8572322978149,19.05236886089093,0.0 72.85714246628649,19.05236886089093,0.0 72.85714246628649,19.05227902936252,0.0 72.85687297170126,19.05227902936252,0.0 72.85687297170126,19.052189197834107,0.0 72.85669330864444,19.052189197834107,0.0 72.85669330864444,19.05227902936252,0.0 72.85678314017285,19.05227902936252,0.0 72.85678314017285,19.052548523947753,0.0 72.85669330864444,19.052548523947753,0.0 72.85669330864444,19.05236886089093,0.0 72.8564238140592,19.05236886089093,0.0 72.8564238140592,19.052548523947753,0.0 72.85651364558761,19.052548523947753,0.0 72.85651364558761,19.052638355476166,0.0 72.85669330864444,19.052638355476166,0.0 72.85669330864444,19.05272818700458,0.0 72.8572322978149,19.05272818700458,0.0 72.8572322978149,19.052638355476166,0.0 72.85732212934332,19.052638355476166,0.0 72.85732212934332,19.052458692419343,0.0</coordinates>
                        </LinearRing>
                    </outerBoundaryIs>
                </Polygon>
            </Placemark>
            <Placemark id="869">
                <name>Shrub / Scrub 3</name>
                <styleUrl>#874</styleUrl>
                <Polygon id="868">
                    <extrude>0</extrude>
                    <tessellate>1</tessellate>
                    <outerBoundaryIs>
                        <LinearRing id="872">
                            <coordinates>72.86370016786057,19.054704480629642,0.0 72.8638798309174,19.054704480629642,0.0 72.8638798309174,19.05461464910123,0.0 72.86370016786057,19.05461464910123,0.0 72.86370016786057,19.054704480629642,0.0</coordinates>
                        </LinearRing>
                    </outerBoundaryIs>
                </Polygon>
            </Placemark>
            <Placemark id="878">
                <name>Shrub / Scrub 4</name>
                <styleUrl>#883</styleUrl>
                <Polygon id="877">
                    <extrude>0</extrude>
                    <tessellate>1</tessellate>
                    <outerBoundaryIs>
                        <LinearRing id="881">
                            <coordinates>72.85893909685474,19.05461464910123,0.0 72.85893909685474,19.05479431215805,0.0 72.85902892838315,19.05479431215805,0.0 72.85902892838315,19.054704480629642,0.0 72.85911875991155,19.054704480629642,0.0 72.85911875991155,19.05461464910123,0.0 72.85893909685474,19.05461464910123,0.0</coordinates>
                        </LinearRing>
                    </outerBoundaryIs>
                </Polygon>
            </Placemark>
            <Placemark id="887">
                <name>Shrub / Scrub 5</name>
                <styleUrl>#892</styleUrl>
                <Polygon id="886">
                    <extrude>0</extrude>
                    <tessellate>1</tessellate>
                    <outerBoundaryIs>
                        <LinearRing id="890">
                            <coordinates>72.8632510102185,19.054884143686465,0.0 72.8632510102185,19.054704480629642,0.0 72.86298151563328,19.054704480629642,0.0 72.86298151563328,19.05461464910123,0.0 72.86271202104804,19.05461464910123,0.0 72.86271202104804,19.05479431215805,0.0 72.86298151563328,19.05479431215805,0.0 72.86298151563328,19.054884143686465,0.0 72.86307134716169,19.054884143686465,0.0 72.86307134716169,19.05479431215805,0.0 72.86316117869009,19.05479431215805,0.0 72.86316117869009,19.054884143686465,0.0 72.8632510102185,19.054884143686465,0.0</coordinates>
                        </LinearRing>
                    </outerBoundaryIs>
                </Polygon>
            </Placemark>
            <Placemark id="896">
                <name>Shrub / Scrub 6</name>
                <styleUrl>#901</styleUrl>
                <Polygon id="895">
                    <extrude>0</extrude>
                    <tessellate>1</tessellate>
                    <outerBoundaryIs>
                        <LinearRing id="899">
                            <coordinates>72.86396966244581,19.05479431215805,0.0 72.86405949397422,19.05479431215805,0.0 72.86405949397422,19.054704480629642,0.0 72.86396966244581,19.054704480629642,0.0 72.86396966244581,19.05479431215805,0.0</coordinates>
                        </LinearRing>
                    </outerBoundaryIs>
                </Polygon>
            </Placemark>
            <Placemark id="905">
                <name>Shrub / Scrub 7</name>
                <styleUrl>#910</styleUrl>
                <Polygon id="904">
                    <extrude>0</extrude>
                    <tessellate>1</tessellate>
                    <outerBoundaryIs>
                        <LinearRing id="908">
                            <coordinates>72.8586696022695,19.054884143686465,0.0 72.85875943379791,19.054884143686465,0.0 72.85875943379791,19.05479431215805,0.0 72.8586696022695,19.05479431215805,0.0 72.8586696022695,19.054884143686465,0.0</coordinates>
                        </LinearRing>
                    </outerBoundaryIs>
                </Polygon>
            </Placemark>
            <Placemark id="914">
                <name>Shrub / Scrub 8</name>
                <styleUrl>#919</styleUrl>
                <Polygon id="913">
                    <extrude>0</extrude>
                    <tessellate>1</tessellate>
                    <outerBoundaryIs>
                        <LinearRing id="917">
                            <coordinates>72.86414932550262,19.05479431215805,0.0 72.86405949397422,19.05479431215805,0.0 72.86405949397422,19.054973975214878,0.0 72.86423915703104,19.054973975214878,0.0 72.86423915703104,19.054884143686465,0.0 72.86414932550262,19.054884143686465,0.0 72.86414932550262,19.05479431215805,0.0</coordinates>
                        </LinearRing>
                    </outerBoundaryIs>
                </Polygon>
            </Placemark>
            <Placemark id="923">
                <name>Shrub / Scrub 9</name>
                <styleUrl>#928</styleUrl>
                <Polygon id="922">
                    <extrude>0</extrude>
                    <tessellate>1</tessellate>
                    <outerBoundaryIs>
                        <LinearRing id="926">
                            <coordinates>72.85875943379791,19.054973975214878,0.0 72.8586696022695,19.054973975214878,0.0 72.8586696022695,19.055063806743288,0.0 72.85875943379791,19.055063806743288,0.0 72.85875943379791,19.054973975214878,0.0</coordinates>
                        </LinearRing>
                    </outerBoundaryIs>
                </Polygon>
            </Placemark>
            <Placemark id="932">
                <name>Shrub / Scrub 10</name>
                <styleUrl>#937</styleUrl>
                <Polygon id="931">
                    <extrude>0</extrude>
                    <tessellate>1</tessellate>
                    <outerBoundaryIs>
                        <LinearRing id="935">
                            <coordinates>72.8594780860252,19.0551536382717,0.0 72.85956791755362,19.0551536382717,0.0 72.85956791755362,19.054973975214878,0.0 72.8594780860252,19.054973975214878,0.0 72.8594780860252,19.05479431215805,0.0 72.85929842296838,19.05479431215805,0.0 72.85929842296838,19.054884143686465,0.0 72.85911875991155,19.054884143686465,0.0 72.85911875991155,19.055063806743288,0.0 72.85902892838315,19.055063806743288,0.0 72.85902892838315,19.0551536382717,0.0 72.85884926532633,19.0551536382717,0.0 72.85884926532633,19.055063806743288,0.0 72.85875943379791,19.055063806743288,0.0 72.85875943379791,19.055243469800114,0.0 72.85884926532633,19.055243469800114,0.0 72.85884926532633,19.055333301328524,0.0 72.8594780860252,19.055333301328524,0.0 72.8594780860252,19.0551536382717,0.0</coordinates>
                        </LinearRing>
                    </outerBoundaryIs>
                </Polygon>
            </Placemark>
            <Placemark id="941">
                <name>Shrub / Scrub 11</name>
                <styleUrl>#946</styleUrl>
                <Polygon id="940">
                    <extrude>0</extrude>
                    <tessellate>1</tessellate>
                    <outerBoundaryIs>
                        <LinearRing id="944">
                            <coordinates>72.87322230987223,19.08695399932953,0.0 72.87313247834382,19.08695399932953,0.0 72.87313247834382,19.087043830857944,0.0 72.87322230987223,19.087043830857944,0.0 72.87322230987223,19.087133662386357,0.0 72.87331214140065,19.087133662386357,0.0 72.87331214140065,19.08686416780112,0.0 72.87322230987223,19.08686416780112,0.0 72.87322230987223,19.08695399932953,0.0</coordinates>
                        </LinearRing>
                    </outerBoundaryIs>
                </Polygon>
            </Placemark>
            <Placemark id="950">
                <name>Shrub / Scrub 12</name>
                <styleUrl>#955</styleUrl>
                <Polygon id="949">
                    <extrude>0</extrude>
                    <tessellate>1</tessellate>
                    <outerBoundaryIs>
                        <LinearRing id="953">
                            <coordinates>72.87295281528701,19.087043830857944,0.0 72.8728629837586,19.087043830857944,0.0 72.8728629837586,19.087582820028416,0.0 72.8730426468154,19.087582820028416,0.0 72.8730426468154,19.087133662386357,0.0 72.87295281528701,19.087133662386357,0.0 72.87295281528701,19.087043830857944,0.0</coordinates>
                        </LinearRing>
                    </outerBoundaryIs>
                </Polygon>
            </Placemark>
            <Placemark id="959">
                <name>Shrub / Scrub 13</name>
                <styleUrl>#964</styleUrl>
                <Polygon id="958">
                    <extrude>0</extrude>
                    <tessellate>1</tessellate>
                    <outerBoundaryIs>
                        <LinearRing id="962">
                            <coordinates>72.87349180445747,19.08767265155683,0.0 72.87358163598589,19.08767265155683,0.0 72.87358163598589,19.087582820028416,0.0 72.87349180445747,19.087582820028416,0.0 72.87349180445747,19.08767265155683,0.0</coordinates>
                        </LinearRing>
                    </outerBoundaryIs>
                </Polygon>
            </Placemark>
            <Placemark id="968">
                <name>Shrub / Scrub 14</name>
                <styleUrl>#973</styleUrl>
                <Polygon id="967">
                    <extrude>0</extrude>
                    <tessellate>1</tessellate>
                    <outerBoundaryIs>
                        <LinearRing id="971">
                            <coordinates>72.87349180445747,19.087852314613652,0.0 72.87349180445747,19.08776248308524,0.0 72.87340197292906,19.08776248308524,0.0 72.87340197292906,19.087852314613652,0.0 72.87349180445747,19.087852314613652,0.0</coordinates>
                        </LinearRing>
                    </outerBoundaryIs>
                </Polygon>
            </Placemark>
            <Placemark id="977">
                <name>Shrub / Scrub 15</name>
                <styleUrl>#982</styleUrl>
                <Polygon id="976">
                    <extrude>0</extrude>
                    <tessellate>1</tessellate>
                    <outerBoundaryIs>
                        <LinearRing id="980">
                            <coordinates>72.87277315223018,19.087942146142062,0.0 72.87277315223018,19.087852314613652,0.0 72.87268332070177,19.087852314613652,0.0 72.87268332070177,19.087942146142062,0.0 72.87277315223018,19.087942146142062,0.0</coordinates>
                        </LinearRing>
                    </outerBoundaryIs>
                </Polygon>
            </Placemark>
            <Placemark id="986">
                <name>Shrub / Scrub 16</name>
                <styleUrl>#991</styleUrl>
                <Polygon id="985">
                    <extrude>0</extrude>
                    <tessellate>1</tessellate>
                    <outerBoundaryIs>
                        <LinearRing id="989">
                            <coordinates>72.87268332070177,19.08830147225571,0.0 72.87277315223018,19.08830147225571,0.0 72.87277315223018,19.088211640727298,0.0 72.87268332070177,19.088211640727298,0.0 72.87268332070177,19.08830147225571,0.0</coordinates>
                        </LinearRing>
                    </outerBoundaryIs>
                </Polygon>
            </Placemark>
            <Placemark id="995">
                <name>Shrub / Scrub 17</name>
                <styleUrl>#1000</styleUrl>
                <Polygon id="994">
                    <extrude>0</extrude>
                    <tessellate>1</tessellate>
                    <outerBoundaryIs>
                        <LinearRing id="998">
                            <coordinates>72.87358163598589,19.089469282125066,0.0 72.8736714675143,19.089469282125066,0.0 72.8736714675143,19.089289619068243,0.0 72.87358163598589,19.089289619068243,0.0 72.87358163598589,19.089469282125066,0.0</coordinates>
                        </LinearRing>
                    </outerBoundaryIs>
                </Polygon>
            </Placemark>
            <Placemark id="1004">
                <name>Shrub / Scrub 18</name>
                <styleUrl>#1009</styleUrl>
                <Polygon id="1003">
                    <extrude>0</extrude>
                    <tessellate>1</tessellate>
                    <outerBoundaryIs>
                        <LinearRing id="1007">
                            <coordinates>72.87259348917335,19.089648945181892,0.0 72.87250365764494,19.089648945181892,0.0 72.87250365764494,19.089738776710302,0.0 72.87241382611653,19.089738776710302,0.0 72.87241382611653,19.089828608238715,0.0 72.87268332070177,19.089828608238715,0.0 72.87268332070177,19.089738776710302,0.0 72.87259348917335,19.089738776710302,0.0 72.87259348917335,19.089648945181892,0.0</coordinates>
                        </LinearRing>
                    </outerBoundaryIs>
                </Polygon>
            </Placemark>
            <Placemark id="1013">
                <name>Shrub / Scrub 19</name>
                <styleUrl>#1018</styleUrl>
                <Polygon id="1012">
                    <extrude>0</extrude>
                    <tessellate>1</tessellate>
                    <outerBoundaryIs>
                        <LinearRing id="1016">
                            <coordinates>72.87340197292906,19.089648945181892,0.0 72.87340197292906,19.089738776710302,0.0 72.87331214140065,19.089738776710302,0.0 72.87331214140065,19.089828608238715,0.0 72.8736714675143,19.089828608238715,0.0 72.8736714675143,19.089738776710302,0.0 72.87358163598589,19.089738776710302,0.0 72.87358163598589,19.089648945181892,0.0 72.87340197292906,19.089648945181892,0.0</coordinates>
                        </LinearRing>
                    </outerBoundaryIs>
                </Polygon>
            </Placemark>
            <Placemark id="1022">
                <name>Shrub / Scrub 20</name>
                <styleUrl>#1027</styleUrl>
                <Polygon id="1021">
                    <extrude>0</extrude>
                    <tessellate>1</tessellate>
                    <outerBoundaryIs>
                        <LinearRing id="1025">
                            <coordinates>72.88139697895772,19.092972711733132,0.0 72.88139697895772,19.09279304867631,0.0 72.8812173159009,19.09279304867631,0.0 72.8812173159009,19.092972711733132,0.0 72.88139697895772,19.092972711733132,0.0</coordinates>
                        </LinearRing>
                    </outerBoundaryIs>
                </Polygon>
            </Placemark>
        </Folder>
        <Folder id="1030">
            <Style id="1037">
                <LineStyle id="1039">
                    <color>ff3c3c3c</color>
                    <colorMode>normal</colorMode>
                    <width>1</width>
                </LineStyle>
                <PolyStyle id="1038">
                    <color>c890ee90</color>
                    <colorMode>normal</colorMode>
                    <fill>1</fill>
                    <outline>1</outline>
                </PolyStyle>
            </Style>
            <Style id="1046">
                <LineStyle id="1048">
                    <color>ff3c3c3c</color>
                    <colorMode>normal</colorMode>
                    <width>1</width>
                </LineStyle>
                <PolyStyle id="1047">
                    <color>c890ee90</color>
                    <colorMode>normal</colorMode>
                    <fill>1</fill>
                    <outline>1</outline>
                </PolyStyle>
            </Style>
            <name>🌾 Grass / Herbaceous</name>
            <Placemark id="1032">
                <name>Grass / Herbaceous 1</name>
                <styleUrl>#1037</styleUrl>
                <Polygon id="1031">
                    <extrude>0</extrude>
                    <tessellate>1</tessellate>
                    <outerBoundaryIs>
                        <LinearRing id="1035">
                            <coordinates>72.84205076951329,19.05326717617505,0.0 72.84205076951329,19.05281801853299,0.0 72.8421406010417,19.05281801853299,0.0 72.8421406010417,19.05272818700458,0.0 72.84223043257012,19.05272818700458,0.0 72.84223043257012,19.052638355476166,0.0 72.8421406010417,19.052638355476166,0.0 72.8421406010417,19.052548523947753,0.0 72.84196093798488,19.052548523947753,0.0 72.84196093798488,19.052638355476166,0.0 72.84187110645647,19.052638355476166,0.0 72.84187110645647,19.05272818700458,0.0 72.84178127492805,19.05272818700458,0.0 72.84178127492805,19.052997681589815,0.0 72.84187110645647,19.052997681589815,0.0 72.84187110645647,19.053087513118225,0.0 72.84196093798488,19.053087513118225,0.0 72.84196093798488,19.05326717617505,0.0 72.84205076951329,19.05326717617505,0.0</coordinates>
                        </LinearRing>
                    </outerBoundaryIs>
                </Polygon>
            </Placemark>
            <Placemark id="1041">
                <name>Grass / Herbaceous 2</name>
                <styleUrl>#1046</styleUrl>
                <Polygon id="1040">
                    <extrude>0</extrude>
                    <tessellate>1</tessellate>
                    <outerBoundaryIs>
                        <LinearRing id="1044">
                            <coordinates>72.86666460829817,19.061711339845772,0.0 72.86666460829817,19.061621508317362,0.0 72.86684427135499,19.061621508317362,0.0 72.86684427135499,19.06153167678895,0.0 72.8669341028834,19.06153167678895,0.0 72.8669341028834,19.06144184526054,0.0 72.86702393441182,19.06144184526054,0.0 72.86702393441182,19.060992687618477,0.0 72.8669341028834,19.060992687618477,0.0 72.8669341028834,19.060902856090067,0.0 72.86684427135499,19.060902856090067,0.0 72.86684427135499,19.06072319303324,0.0 72.86657477676975,19.06072319303324,0.0 72.86657477676975,19.060813024561654,0.0 72.86630528218451,19.060813024561654,0.0 72.86630528218451,19.060902856090067,0.0 72.8662154506561,19.060902856090067,0.0 72.8662154506561,19.060992687618477,0.0 72.86612561912769,19.060992687618477,0.0 72.86612561912769,19.06108251914689,0.0 72.86603578759929,19.06108251914689,0.0 72.86603578759929,19.061352013732126,0.0 72.86612561912769,19.061352013732126,0.0 72.86612561912769,19.06153167678895,0.0 72.8662154506561,19.06153167678895,0.0 72.8662154506561,19.061621508317362,0.0 72.86630528218451,19.061621508317362,0.0 72.86630528218451,19.061711339845772,0.0 72.86666460829817,19.061711339845772,0.0</coordinates>
                        </LinearRing>
                    </outerBoundaryIs>
                </Polygon>
            </Placemark>
        </Folder>
        <Folder id="1049">
            <Style id="1056">
                <LineStyle id="1058">
                    <color>ff3c3c3c</color>
                    <colorMode>normal</colorMode>
                    <width>1</width>
                </LineStyle>
                <PolyStyle id="1057">
                    <color>c8e22b8a</color>
                    <colorMode>normal</colorMode>
                    <fill>1</fill>
                    <outline>1</outline>
                </PolyStyle>
            </Style>
            <Style id="1065">
                <LineStyle id="1067">
                    <color>ff3c3c3c</color>
                    <colorMode>normal</colorMode>
                    <width>1</width>
                </LineStyle>
                <PolyStyle id="1066">
                    <color>c8e22b8a</color>
                    <colorMode>normal</colorMode>
                    <fill>1</fill>
                    <outline>1</outline>
                </PolyStyle>
            </Style>
            <name>🍃 Mixed / Diverse</name>
            <Placemark id="1051">
                <name>Mixed / Diverse 1</name>
                <styleUrl>#1056</styleUrl>
                <Polygon id="1050">
                    <extrude>0</extrude>
                    <tessellate>1</tessellate>
                    <outerBoundaryIs>
                        <LinearRing id="1054">
                            <coordinates>72.84645251440547,19.049314588924926,0.0 72.84645251440547,19.049224757396512,0.0 72.84627285134864,19.049224757396512,0.0 72.84627285134864,19.049314588924926,0.0 72.84645251440547,19.049314588924926,0.0</coordinates>
                        </LinearRing>
                    </outerBoundaryIs>
                </Polygon>
            </Placemark>
            <Placemark id="1060">
                <name>Mixed / Diverse 2</name>
                <styleUrl>#1065</styleUrl>
                <Polygon id="1059">
                    <extrude>0</extrude>
                    <tessellate>1</tessellate>
                    <outerBoundaryIs>
                        <LinearRing id="1063">
                            <coordinates>72.84681184051912,19.049404420453335,0.0 72.84681184051912,19.049314588924926,0.0 72.84654234593388,19.049314588924926,0.0 72.84654234593388,19.049404420453335,0.0 72.84681184051912,19.049404420453335,0.0</coordinates>
                        </LinearRing>
                    </outerBoundaryIs>
                </Polygon>
            </Placemark>
        </Folder>
    </Document>
</kml>
