<?xml version="1.0" encoding="UTF-8"?>
<kml xmlns="http://www.opengis.net/kml/2.2" xmlns:gx="http://www.google.com/kml/ext/2.2">
    <Document id="1104">
        <name>1786697404249_NDCI_Class_2026-05-01_2026-05-31</name>
        <Folder id="1105">
            <Style id="1112">
                <LineStyle id="1114">
                    <color>80ceefc6</color>
                    <colorMode>normal</colorMode>
                    <width>1.5</width>
                </LineStyle>
                <PolyStyle id="1113">
                    <color>80ceefc6</color>
                    <colorMode>normal</colorMode>
                    <fill>1</fill>
                    <outline>1</outline>
                </PolyStyle>
            </Style>
            <Style id="1121">
                <LineStyle id="1123">
                    <color>80a0c397</color>
                    <colorMode>normal</colorMode>
                    <width>1.5</width>
                </LineStyle>
                <PolyStyle id="1122">
                    <color>80a0c397</color>
                    <colorMode>normal</colorMode>
                    <fill>1</fill>
                    <outline>1</outline>
                </PolyStyle>
            </Style>
            <Style id="1130">
                <LineStyle id="1132">
                    <color>80729868</color>
                    <colorMode>normal</colorMode>
                    <width>1.5</width>
                </LineStyle>
                <PolyStyle id="1131">
                    <color>80729868</color>
                    <colorMode>normal</colorMode>
                    <fill>1</fill>
                    <outline>1</outline>
                </PolyStyle>
            </Style>
            <Style id="1139">
                <LineStyle id="1141">
                    <color>80456c39</color>
                    <colorMode>normal</colorMode>
                    <width>1.5</width>
                </LineStyle>
                <PolyStyle id="1140">
                    <color>80456c39</color>
                    <colorMode>normal</colorMode>
                    <fill>1</fill>
                    <outline>1</outline>
                </PolyStyle>
            </Style>
            <Style id="1148">
                <LineStyle id="1150">
                    <color>8017400a</color>
                    <colorMode>normal</colorMode>
                    <width>1.5</width>
                </LineStyle>
                <PolyStyle id="1149">
                    <color>8017400a</color>
                    <colorMode>normal</colorMode>
                    <fill>1</fill>
                    <outline>1</outline>
                </PolyStyle>
            </Style>
            <name>Class 1</name>
            <description>NDCI Class 1 - 5 polygons in light-to-dark green shades</description>
            <Placemark id="1107">
                <name>Class 1 - 1</name>
                <styleUrl>#1112</styleUrl>
                <Polygon id="1106">
                    <outerBoundaryIs>
                        <LinearRing id="1110">
                            <coordinates>73.907542528007,18.540840685598,0.0 73.907542528007,18.540805759100,0.0 73.907542959199,18.540788511446,0.0 73.907544252773,18.540771694984,0.0 73.907545977538,18.540760915201,0.0 73.907549858260,18.540745392313,0.0 73.907552876600,18.540737199677,0.0 73.907558050896,18.540728144659,0.0 73.907563656383,18.540721245598,0.0 73.907575298549,18.540709603432,0.0 73.907582197610,18.540703997945,0.0 73.907591252628,18.540698823649,0.0 73.907599445264,18.540695805309,0.0 73.907614968152,18.540691924587,0.0 73.907625747935,18.540690199822,0.0 73.907642564398,18.540688906248,0.0 73.907659812051,18.540688475056,0.0 73.907694738549,18.540688475056,0.0 73.907711986203,18.540688906248,0.0 73.907728802665,18.540690199822,0.0 73.907739582448,18.540691924587,0.0 73.907755105336,18.540695805309,0.0 73.907763297972,18.540698823649,0.0 73.907772352990,18.540703997945,0.0 73.907779252051,18.540709603432,0.0 73.907790894217,18.540721245598,0.0 73.907796499705,18.540728144659,0.0 73.907801674001,18.540737199677,0.0 73.907804692340,18.540745392313,0.0 73.907808573062,18.540760915201,0.0 73.907810297827,18.540771694984,0.0 73.907811591401,18.540788511446,0.0 73.907812022593,18.540805759100,0.0 73.907812022593,18.540840685598,0.0 73.907811591401,18.540857933252,0.0 73.907810297827,18.540874749714,0.0 73.907808573062,18.540885529497,0.0 73.907804692340,18.540901052385,0.0 73.907801674001,18.540909245021,0.0 73.907796499705,18.540918300039,0.0 73.907790894217,18.540925199100,0.0 73.907779252051,18.540936841266,0.0 73.907772352990,18.540942446754,0.0 73.907763297972,18.540947621050,0.0 73.907755105336,18.540950639389,0.0 73.907739582448,18.540954520111,0.0 73.907728802665,18.540956244876,0.0 73.907711986203,18.540957538450,0.0 73.907694738549,18.540957969642,0.0 73.907659812051,18.540957969642,0.0 73.907642564398,18.540957538450,0.0 73.907625747935,18.540956244876,0.0 73.907614968152,18.540954520111,0.0 73.907599445264,18.540950639389,0.0 73.907591252628,18.540947621050,0.0 73.907582197610,18.540942446754,0.0 73.907575298549,18.540936841266,0.0 73.907563656383,18.540925199100,0.0 73.907558050896,18.540918300039,0.0 73.907552876600,18.540909245021,0.0 73.907549858260,18.540901052385,0.0 73.907545977538,18.540885529497,0.0 73.907544252773,18.540874749714,0.0 73.907542959199,18.540857933252,0.0 73.907542528007,18.540840685598,0.0</coordinates>
                        </LinearRing>
                    </outerBoundaryIs>
                </Polygon>
            </Placemark>
            <Placemark id="1116">
                <name>Class 1 - 2</name>
                <styleUrl>#1121</styleUrl>
                <Polygon id="1115">
                    <outerBoundaryIs>
                        <LinearRing id="1119">
                            <coordinates>73.873316715683,18.540571191013,0.0 73.873316715683,18.540536264515,0.0 73.873317146874,18.540519016861,0.0 73.873318440448,18.540502200399,0.0 73.873320165213,18.540491420616,0.0 73.873324045935,18.540475897728,0.0 73.873327064275,18.540467705092,0.0 73.873332238571,18.540458650074,0.0 73.873337844058,18.540451751013,0.0 73.873349486224,18.540440108847,0.0 73.873356385285,18.540434503359,0.0 73.873365440304,18.540429329063,0.0 73.873373632939,18.540426310724,0.0 73.873389155827,18.540422430002,0.0 73.873399935610,18.540420705237,0.0 73.873416752073,18.540419411663,0.0 73.873433999726,18.540418980471,0.0 73.873468926224,18.540418980471,0.0 73.873486173878,18.540419411663,0.0 73.873502990340,18.540420705237,0.0 73.873513770123,18.540422430002,0.0 73.873529293011,18.540426310724,0.0 73.873537485647,18.540429329063,0.0 73.873546540665,18.540434503359,0.0 73.873553439726,18.540440108847,0.0 73.873565081892,18.540451751013,0.0 73.873570687380,18.540458650074,0.0 73.873575861676,18.540467705092,0.0 73.873578880015,18.540475897728,0.0 73.873582760737,18.540491420616,0.0 73.873584485502,18.540502200399,0.0 73.873585779076,18.540519016861,0.0 73.873586210268,18.540536264515,0.0 73.873586210268,18.540571191013,0.0 73.873585779076,18.540588438666,0.0 73.873584485502,18.540605255129,0.0 73.873582760737,18.540616034912,0.0 73.873578880015,18.540631557800,0.0 73.873575861676,18.540639750435,0.0 73.873570687380,18.540648805454,0.0 73.873565081892,18.540655704515,0.0 73.873553439726,18.540667346681,0.0 73.873546540665,18.540672952168,0.0 73.873537485647,18.540678126464,0.0 73.873529293011,18.540681144804,0.0 73.873513770123,18.540685025526,0.0 73.873502990340,18.540686750291,0.0 73.873486173878,18.540688043865,0.0 73.873468926224,18.540688475056,0.0 73.873433999726,18.540688475056,0.0 73.873416752073,18.540688043865,0.0 73.873399935610,18.540686750291,0.0 73.873389155827,18.540685025526,0.0 73.873373632939,18.540681144804,0.0 73.873365440304,18.540678126464,0.0 73.873356385285,18.540672952168,0.0 73.873349486224,18.540667346681,0.0 73.873337844058,18.540655704515,0.0 73.873332238571,18.540648805454,0.0 73.873327064275,18.540639750435,0.0 73.873324045935,18.540631557800,0.0 73.873320165213,18.540616034912,0.0 73.873318440448,18.540605255129,0.0 73.873317146874,18.540588438666,0.0 73.873316715683,18.540571191013,0.0</coordinates>
                        </LinearRing>
                    </outerBoundaryIs>
                </Polygon>
            </Placemark>
            <Placemark id="1125">
                <name>Class 1 - 3</name>
                <styleUrl>#1130</styleUrl>
                <Polygon id="1124">
                    <outerBoundaryIs>
                        <LinearRing id="1128">
                            <coordinates>73.872508231927,18.540301696428,0.0 73.872508231927,18.540266769929,0.0 73.872508663118,18.540249522276,0.0 73.872509956692,18.540232705814,0.0 73.872511681457,18.540221926030,0.0 73.872515562180,18.540206403142,0.0 73.872518580519,18.540198210507,0.0 73.872523754815,18.540189155489,0.0 73.872529360302,18.540182256428,0.0 73.872541002468,18.540170614261,0.0 73.872547901530,18.540165008774,0.0 73.872556956548,18.540159834478,0.0 73.872565149183,18.540156816139,0.0 73.872580672071,18.540152935417,0.0 73.872591451855,18.540151210651,0.0 73.872608268317,18.540149917077,0.0 73.872625515970,18.540149485886,0.0 73.872660442469,18.540149485886,0.0 73.872677690122,18.540149917077,0.0 73.872694506584,18.540151210651,0.0 73.872705286368,18.540152935417,0.0 73.872720809256,18.540156816139,0.0 73.872729001891,18.540159834478,0.0 73.872738056909,18.540165008774,0.0 73.872744955970,18.540170614261,0.0 73.872756598137,18.540182256428,0.0 73.872762203624,18.540189155489,0.0 73.872767377920,18.540198210507,0.0 73.872770396259,18.540206403142,0.0 73.872774276981,18.540221926030,0.0 73.872776001747,18.540232705814,0.0 73.872777295321,18.540249522276,0.0 73.872777726512,18.540266769929,0.0 73.872777726512,18.540301696428,0.0 73.872777295321,18.540318944081,0.0 73.872776001747,18.540335760543,0.0 73.872774276981,18.540346540327,0.0 73.872770396259,18.540362063215,0.0 73.872767377920,18.540370255850,0.0 73.872762203624,18.540379310868,0.0 73.872756598137,18.540386209930,0.0 73.872744955970,18.540397852096,0.0 73.872738056909,18.540403457583,0.0 73.872729001891,18.540408631879,0.0 73.872720809256,18.540411650218,0.0 73.872705286368,18.540415530941,0.0 73.872694506584,18.540417255706,0.0 73.872677690122,18.540418549280,0.0 73.872660442469,18.540418980471,0.0 73.872625515970,18.540418980471,0.0 73.872608268317,18.540418549280,0.0 73.872591451855,18.540417255706,0.0 73.872580672071,18.540415530941,0.0 73.872565149183,18.540411650218,0.0 73.872556956548,18.540408631879,0.0 73.872547901530,18.540403457583,0.0 73.872541002468,18.540397852096,0.0 73.872529360302,18.540386209930,0.0 73.872523754815,18.540379310868,0.0 73.872518580519,18.540370255850,0.0 73.872515562180,18.540362063215,0.0 73.872511681457,18.540346540327,0.0 73.872509956692,18.540335760543,0.0 73.872508663118,18.540318944081,0.0 73.872508231927,18.540301696428,0.0</coordinates>
                        </LinearRing>
                    </outerBoundaryIs>
                </Polygon>
            </Placemark>
            <Placemark id="1134">
                <name>Class 1 - 4</name>
                <styleUrl>#1139</styleUrl>
                <Polygon id="1133">
                    <outerBoundaryIs>
                        <LinearRing id="1137">
                            <coordinates>73.862536932273,18.533564331797,0.0 73.862536932273,18.533529405299,0.0 73.862537363464,18.533512157645,0.0 73.862538657038,18.533495341183,0.0 73.862540381804,18.533484561400,0.0 73.862544262526,18.533469038511,0.0 73.862547280865,18.533460845876,0.0 73.862552455161,18.533451790858,0.0 73.862558060649,18.533444891797,0.0 73.862569702815,18.533433249631,0.0 73.862576601876,18.533427644143,0.0 73.862585656894,18.533422469847,0.0 73.862593849529,18.533419451508,0.0 73.862609372418,18.533415570786,0.0 73.862620152201,18.533413846020,0.0 73.862636968663,18.533412552446,0.0 73.862654216317,18.533412121255,0.0 73.862689142815,18.533412121255,0.0 73.862706390468,18.533412552446,0.0 73.862723206930,18.533413846020,0.0 73.862733986714,18.533415570786,0.0 73.862749509602,18.533419451508,0.0 73.862757702237,18.533422469847,0.0 73.862766757255,18.533427644143,0.0 73.862773656317,18.533433249631,0.0 73.862785298483,18.533444891797,0.0 73.862790903970,18.533451790858,0.0 73.862796078266,18.533460845876,0.0 73.862799096606,18.533469038511,0.0 73.862802977328,18.533484561400,0.0 73.862804702093,18.533495341183,0.0 73.862805995667,18.533512157645,0.0 73.862806426858,18.533529405299,0.0 73.862806426858,18.533564331797,0.0 73.862805995667,18.533581579450,0.0 73.862804702093,18.533598395912,0.0 73.862802977328,18.533609175696,0.0 73.862799096606,18.533624698584,0.0 73.862796078266,18.533632891219,0.0 73.862790903970,18.533641946237,0.0 73.862785298483,18.533648845299,0.0 73.862773656317,18.533660487465,0.0 73.862766757255,18.533666092952,0.0 73.862757702237,18.533671267248,0.0 73.862749509602,18.533674285588,0.0 73.862733986714,18.533678166310,0.0 73.862723206930,18.533679891075,0.0 73.862706390468,18.533681184649,0.0 73.862689142815,18.533681615840,0.0 73.862654216317,18.533681615840,0.0 73.862636968663,18.533681184649,0.0 73.862620152201,18.533679891075,0.0 73.862609372418,18.533678166310,0.0 73.862593849529,18.533674285588,0.0 73.862585656894,18.533671267248,0.0 73.862576601876,18.533666092952,0.0 73.862569702815,18.533660487465,0.0 73.862558060649,18.533648845299,0.0 73.862552455161,18.533641946237,0.0 73.862547280865,18.533632891219,0.0 73.862544262526,18.533624698584,0.0 73.862540381804,18.533609175696,0.0 73.862538657038,18.533598395912,0.0 73.862537363464,18.533581579450,0.0 73.862536932273,18.533564331797,0.0</coordinates>
                        </LinearRing>
                    </outerBoundaryIs>
                </Polygon>
            </Placemark>
            <Placemark id="1143">
                <name>Class 1 - 5</name>
                <styleUrl>#1148</styleUrl>
                <Polygon id="1142">
                    <outerBoundaryIs>
                        <LinearRing id="1146">
                            <coordinates>73.860650470176,18.530869385944,0.0 73.860650470176,18.530834459446,0.0 73.860650901368,18.530817211793,0.0 73.860652194942,18.530800395331,0.0 73.860653919707,18.530789615547,0.0 73.860657800429,18.530774092659,0.0 73.860660818768,18.530765900024,0.0 73.860665993065,18.530756845006,0.0 73.860671598552,18.530749945944,0.0 73.860683240718,18.530738303778,0.0 73.860690139779,18.530732698291,0.0 73.860699194797,18.530727523995,0.0 73.860707387433,18.530724505655,0.0 73.860722910321,18.530720624933,0.0 73.860733690104,18.530718900168,0.0 73.860750506566,18.530717606594,0.0 73.860767754220,18.530717175403,0.0 73.860802680718,18.530717175403,0.0 73.860819928372,18.530717606594,0.0 73.860836744834,18.530718900168,0.0 73.860847524617,18.530720624933,0.0 73.860863047505,18.530724505655,0.0 73.860871240141,18.530727523995,0.0 73.860880295159,18.530732698291,0.0 73.860887194220,18.530738303778,0.0 73.860898836386,18.530749945944,0.0 73.860904441874,18.530756845006,0.0 73.860909616170,18.530765900024,0.0 73.860912634509,18.530774092659,0.0 73.860916515231,18.530789615547,0.0 73.860918239996,18.530800395331,0.0 73.860919533570,18.530817211793,0.0 73.860919964762,18.530834459446,0.0 73.860919964762,18.530869385944,0.0 73.860919533570,18.530886633598,0.0 73.860918239996,18.530903450060,0.0 73.860916515231,18.530914229843,0.0 73.860912634509,18.530929752732,0.0 73.860909616170,18.530937945367,0.0 73.860904441874,18.530947000385,0.0 73.860898836386,18.530953899446,0.0 73.860887194220,18.530965541612,0.0 73.860880295159,18.530971147100,0.0 73.860871240141,18.530976321396,0.0 73.860863047505,18.530979339735,0.0 73.860847524617,18.530983220457,0.0 73.860836744834,18.530984945223,0.0 73.860819928372,18.530986238797,0.0 73.860802680718,18.530986669988,0.0 73.860767754220,18.530986669988,0.0 73.860750506566,18.530986238797,0.0 73.860733690104,18.530984945223,0.0 73.860722910321,18.530983220457,0.0 73.860707387433,18.530979339735,0.0 73.860699194797,18.530976321396,0.0 73.860690139779,18.530971147100,0.0 73.860683240718,18.530965541612,0.0 73.860671598552,18.530953899446,0.0 73.860665993065,18.530947000385,0.0 73.860660818768,18.530937945367,0.0 73.860657800429,18.530929752732,0.0 73.860653919707,18.530914229843,0.0 73.860652194942,18.530903450060,0.0 73.860650901368,18.530886633598,0.0 73.860650470176,18.530869385944,0.0</coordinates>
                        </LinearRing>
                    </outerBoundaryIs>
                </Polygon>
            </Placemark>
        </Folder>
        <Folder id="1151">
            <Style id="1158">
                <LineStyle id="1160">
                    <color>8000afd4</color>
                    <colorMode>normal</colorMode>
                    <width>1.5</width>
                </LineStyle>
                <PolyStyle id="1159">
                    <color>8000afd4</color>
                    <colorMode>normal</colorMode>
                    <fill>1</fill>
                    <outline>1</outline>
                </PolyStyle>
            </Style>
            <Style id="1167">
                <LineStyle id="1169">
                    <color>8000a9cd</color>
                    <colorMode>normal</colorMode>
                    <width>1.5</width>
                </LineStyle>
                <PolyStyle id="1168">
                    <color>8000a9cd</color>
                    <colorMode>normal</colorMode>
                    <fill>1</fill>
                    <outline>1</outline>
                </PolyStyle>
            </Style>
            <Style id="1176">
                <LineStyle id="1178">
                    <color>8000a4c7</color>
                    <colorMode>normal</colorMode>
                    <width>1.5</width>
                </LineStyle>
                <PolyStyle id="1177">
                    <color>8000a4c7</color>
                    <colorMode>normal</colorMode>
                    <fill>1</fill>
                    <outline>1</outline>
                </PolyStyle>
            </Style>
            <Style id="1185">
                <LineStyle id="1187">
                    <color>80009ec0</color>
                    <colorMode>normal</colorMode>
                    <width>1.5</width>
                </LineStyle>
                <PolyStyle id="1186">
                    <color>80009ec0</color>
                    <colorMode>normal</colorMode>
                    <fill>1</fill>
                    <outline>1</outline>
                </PolyStyle>
            </Style>
            <Style id="1194">
                <LineStyle id="1196">
                    <color>800099b9</color>
                    <colorMode>normal</colorMode>
                    <width>1.5</width>
                </LineStyle>
                <PolyStyle id="1195">
                    <color>800099b9</color>
                    <colorMode>normal</colorMode>
                    <fill>1</fill>
                    <outline>1</outline>
                </PolyStyle>
            </Style>
            <Style id="1203">
                <LineStyle id="1205">
                    <color>800093b3</color>
                    <colorMode>normal</colorMode>
                    <width>1.5</width>
                </LineStyle>
                <PolyStyle id="1204">
                    <color>800093b3</color>
                    <colorMode>normal</colorMode>
                    <fill>1</fill>
                    <outline>1</outline>
                </PolyStyle>
            </Style>
            <Style id="1212">
                <LineStyle id="1214">
                    <color>80008dac</color>
                    <colorMode>normal</colorMode>
                    <width>1.5</width>
                </LineStyle>
                <PolyStyle id="1213">
                    <color>80008dac</color>
                    <colorMode>normal</colorMode>
                    <fill>1</fill>
                    <outline>1</outline>
                </PolyStyle>
            </Style>
            <Style id="1221">
                <LineStyle id="1223">
                    <color>800088a5</color>
                    <colorMode>normal</colorMode>
                    <width>1.5</width>
                </LineStyle>
                <PolyStyle id="1222">
                    <color>800088a5</color>
                    <colorMode>normal</colorMode>
                    <fill>1</fill>
                    <outline>1</outline>
                </PolyStyle>
            </Style>
            <Style id="1230">
                <LineStyle id="1232">
                    <color>8000829f</color>
                    <colorMode>normal</colorMode>
                    <width>1.5</width>
                </LineStyle>
                <PolyStyle id="1231">
                    <color>8000829f</color>
                    <colorMode>normal</colorMode>
                    <fill>1</fill>
                    <outline>1</outline>
                </PolyStyle>
            </Style>
            <Style id="1239">
                <LineStyle id="1241">
                    <color>80007c98</color>
                    <colorMode>normal</colorMode>
                    <width>1.5</width>
                </LineStyle>
                <PolyStyle id="1240">
                    <color>80007c98</color>
                    <colorMode>normal</colorMode>
                    <fill>1</fill>
                    <outline>1</outline>
                </PolyStyle>
            </Style>
            <Style id="1248">
                <LineStyle id="1250">
                    <color>80007791</color>
                    <colorMode>normal</colorMode>
                    <width>1.5</width>
                </LineStyle>
                <PolyStyle id="1249">
                    <color>80007791</color>
                    <colorMode>normal</colorMode>
                    <fill>1</fill>
                    <outline>1</outline>
                </PolyStyle>
            </Style>
            <Style id="1257">
                <LineStyle id="1259">
                    <color>8000718b</color>
                    <colorMode>normal</colorMode>
                    <width>1.5</width>
                </LineStyle>
                <PolyStyle id="1258">
                    <color>8000718b</color>
                    <colorMode>normal</colorMode>
                    <fill>1</fill>
                    <outline>1</outline>
                </PolyStyle>
            </Style>
            <Style id="1266">
                <LineStyle id="1268">
                    <color>80006c84</color>
                    <colorMode>normal</colorMode>
                    <width>1.5</width>
                </LineStyle>
                <PolyStyle id="1267">
                    <color>80006c84</color>
                    <colorMode>normal</colorMode>
                    <fill>1</fill>
                    <outline>1</outline>
                </PolyStyle>
            </Style>
            <Style id="1275">
                <LineStyle id="1277">
                    <color>8000667d</color>
                    <colorMode>normal</colorMode>
                    <width>1.5</width>
                </LineStyle>
                <PolyStyle id="1276">
                    <color>8000667d</color>
                    <colorMode>normal</colorMode>
                    <fill>1</fill>
                    <outline>1</outline>
                </PolyStyle>
            </Style>
            <Style id="1284">
                <LineStyle id="1286">
                    <color>80006077</color>
                    <colorMode>normal</colorMode>
                    <width>1.5</width>
                </LineStyle>
                <PolyStyle id="1285">
                    <color>80006077</color>
                    <colorMode>normal</colorMode>
                    <fill>1</fill>
                    <outline>1</outline>
                </PolyStyle>
            </Style>
            <Style id="1293">
                <LineStyle id="1295">
                    <color>80005b70</color>
                    <colorMode>normal</colorMode>
                    <width>1.5</width>
                </LineStyle>
                <PolyStyle id="1294">
                    <color>80005b70</color>
                    <colorMode>normal</colorMode>
                    <fill>1</fill>
                    <outline>1</outline>
                </PolyStyle>
            </Style>
            <Style id="1302">
                <LineStyle id="1304">
                    <color>80005569</color>
                    <colorMode>normal</colorMode>
                    <width>1.5</width>
                </LineStyle>
                <PolyStyle id="1303">
                    <color>80005569</color>
                    <colorMode>normal</colorMode>
                    <fill>1</fill>
                    <outline>1</outline>
                </PolyStyle>
            </Style>
            <Style id="1311">
                <LineStyle id="1313">
                    <color>80005063</color>
                    <colorMode>normal</colorMode>
                    <width>1.5</width>
                </LineStyle>
                <PolyStyle id="1312">
                    <color>80005063</color>
                    <colorMode>normal</colorMode>
                    <fill>1</fill>
                    <outline>1</outline>
                </PolyStyle>
            </Style>
            <Style id="1320">
                <LineStyle id="1322">
                    <color>80004a5c</color>
                    <colorMode>normal</colorMode>
                    <width>1.5</width>
                </LineStyle>
                <PolyStyle id="1321">
                    <color>80004a5c</color>
                    <colorMode>normal</colorMode>
                    <fill>1</fill>
                    <outline>1</outline>
                </PolyStyle>
            </Style>
            <name>Class 2</name>
            <description>NDCI Class 2 - 19 polygons in dark yellow (gold-to-mustard) shades</description>
            <Placemark id="1153">
                <name>Class 2 - 1</name>
                <styleUrl>#1158</styleUrl>
                <Polygon id="1152">
                    <outerBoundaryIs>
                        <LinearRing id="1156">
                            <coordinates>73.890294874552,18.544074620621,0.0 73.890294874552,18.544039694123,0.0 73.890295305744,18.544022446469,0.0 73.890296599318,18.544005630007,0.0 73.890298324083,18.543994850224,0.0 73.890302204805,18.543979327336,0.0 73.890305223144,18.543971134700,0.0 73.890310397440,18.543962079682,0.0 73.890316002928,18.543955180621,0.0 73.890327645094,18.543943538455,0.0 73.890334544155,18.543937932967,0.0 73.890343599173,18.543932758671,0.0 73.890351791809,18.543929740332,0.0 73.890367314697,18.543925859610,0.0 73.890378094480,18.543924134845,0.0 73.890394910942,18.543922841271,0.0 73.890412158596,18.543922410079,0.0 73.890447085094,18.543922410079,0.0 73.890464332748,18.543922841271,0.0 73.890481149210,18.543924134845,0.0 73.890491928993,18.543925859610,0.0 73.890507451881,18.543929740332,0.0 73.890515644517,18.543932758671,0.0 73.890524699535,18.543937932967,0.0 73.890531598596,18.543943538455,0.0 73.890543240762,18.543955180621,0.0 73.890548846249,18.543962079682,0.0 73.890554020546,18.543971134700,0.0 73.890557038885,18.543979327336,0.0 73.890560919607,18.543994850224,0.0 73.890562644372,18.544005630007,0.0 73.890563937946,18.544022446469,0.0 73.890564369138,18.544039694123,0.0 73.890564369138,18.544074620621,0.0 73.890563937946,18.544091868274,0.0 73.890562644372,18.544108684737,0.0 73.890560919607,18.544119464520,0.0 73.890557038885,18.544134987408,0.0 73.890554020546,18.544143180044,0.0 73.890548846249,18.544152235062,0.0 73.890543240762,18.544159134123,0.0 73.890531598596,18.544170776289,0.0 73.890524699535,18.544176381776,0.0 73.890515644517,18.544181556072,0.0 73.890507451881,18.544184574412,0.0 73.890491928993,18.544188455134,0.0 73.890481149210,18.544190179899,0.0 73.890464332748,18.544191473473,0.0 73.890447085094,18.544191904665,0.0 73.890412158596,18.544191904665,0.0 73.890394910942,18.544191473473,0.0 73.890378094480,18.544190179899,0.0 73.890367314697,18.544188455134,0.0 73.890351791809,18.544184574412,0.0 73.890343599173,18.544181556072,0.0 73.890334544155,18.544176381776,0.0 73.890327645094,18.544170776289,0.0 73.890316002928,18.544159134123,0.0 73.890310397440,18.544152235062,0.0 73.890305223144,18.544143180044,0.0 73.890302204805,18.544134987408,0.0 73.890298324083,18.544119464520,0.0 73.890296599318,18.544108684737,0.0 73.890295305744,18.544091868274,0.0 73.890294874552,18.544074620621,0.0</coordinates>
                        </LinearRing>
                    </outerBoundaryIs>
                </Polygon>
            </Placemark>
            <Placemark id="1162">
                <name>Class 2 - 2</name>
                <styleUrl>#1167</styleUrl>
                <Polygon id="1161">
                    <outerBoundaryIs>
                        <LinearRing id="1165">
                            <coordinates>73.949583683304,18.545961082718,0.0 73.949583683304,18.545926156219,0.0 73.949577646626,18.545908908566,0.0 73.949559536589,18.545892092104,0.0 73.949535389875,18.545881312320,0.0 73.949481059766,18.545865789432,0.0 73.949438803015,18.545857596797,0.0 73.949366362871,18.545848541779,0.0 73.949287886048,18.545841642718,0.0 73.949124895722,18.545830000551,0.0 73.949028308863,18.545824395064,0.0 73.948901538610,18.545819220768,0.0 73.948786841715,18.545816202429,0.0 73.948569521281,18.545812321707,0.0 73.948418604313,18.545810596941,0.0 73.948183173844,18.545809303367,0.0 73.947941706695,18.545808872176,0.0 73.947452735720,18.545808872176,0.0 73.947211268572,18.545808440985,0.0 73.946975838102,18.545807147411,0.0 73.946824921134,18.545805422645,0.0 73.946607600701,18.545801541923,0.0 73.946492903805,18.545798523584,0.0 73.946366133552,18.545793349288,0.0 73.946269546693,18.545787743800,0.0 73.946106556368,18.545776101634,0.0 73.946028079544,18.545769202573,0.0 73.945955639400,18.545760147555,0.0 73.945913382649,18.545751954920,0.0 73.945859052541,18.545736432031,0.0 73.945834905826,18.545725652248,0.0 73.945816795790,18.545708835786,0.0 73.945810759111,18.545691588132,0.0 73.945810759111,18.545656661634,0.0 73.945809896728,18.545639413981,0.0 73.945807309580,18.545622597519,0.0 73.945803860050,18.545611817735,0.0 73.945796098606,18.545596294847,0.0 73.945790061927,18.545588102212,0.0 73.945779713335,18.545579047194,0.0 73.945768502360,18.545572148132,0.0 73.945745218028,18.545560505966,0.0 73.945731419905,18.545554900479,0.0 73.945713309869,18.545549726183,0.0 73.945696924598,18.545546707843,0.0 73.945665878822,18.545542827121,0.0 73.945644319255,18.545541102356,0.0 73.945610686331,18.545539808782,0.0 73.945576191024,18.545539377591,0.0 73.945506338027,18.545539377591,0.0 73.945471842721,18.545538946399,0.0 73.945438209796,18.545537652825,0.0 73.945416650229,18.545535928060,0.0 73.945385604453,18.545532047338,0.0 73.945369219182,18.545529028999,0.0 73.945351109146,18.545523854703,0.0 73.945337311024,18.545518249215,0.0 73.945314026691,18.545506607049,0.0 73.945302815717,18.545499707988,0.0 73.945292467125,18.545490652970,0.0 73.945286430446,18.545482460334,0.0 73.945278669002,18.545466937446,0.0 73.945275219471,18.545456157663,0.0 73.945272632323,18.545439341201,0.0 73.945271769940,18.545422093547,0.0 73.945271769940,18.545387167049,0.0 73.945270907558,18.545369919396,0.0 73.945268320410,18.545353102933,0.0 73.945264870879,18.545342323150,0.0 73.945257109435,18.545326800262,0.0 73.945251072756,18.545318607626,0.0 73.945240724164,18.545309552608,0.0 73.945229513190,18.545302653547,0.0 73.945206228857,18.545291011381,0.0 73.945192430735,18.545285405894,0.0 73.945174320698,18.545280231598,0.0 73.945157935428,18.545277213258,0.0 73.945126889651,18.545273332536,0.0 73.945105330085,18.545271607771,0.0 73.945071697160,18.545270314197,0.0 73.945037201853,18.545269883005,0.0 73.944967348857,18.545269883005,0.0 73.944932853550,18.545269451814,0.0 73.944899220626,18.545268158240,0.0 73.944877661059,18.545266433475,0.0 73.944846615283,18.545262552753,0.0 73.944830230012,18.545259534413,0.0 73.944812119976,18.545254360117,0.0 73.944798321853,18.545248754630,0.0 73.944775037521,18.545237112464,0.0 73.944763826546,18.545230213403,0.0 73.944753477954,18.545221158384,0.0 73.944747441275,18.545212965749,0.0 73.944739679831,18.545197442861,0.0 73.944736230301,18.545186663078,0.0 73.944733643153,18.545169846615,0.0 73.944732780770,18.545152598962,0.0 73.944732780770,18.545117672464,0.0 73.944732349579,18.545100424810,0.0 73.944731056005,18.545083608348,0.0 73.944729331239,18.545072828565,0.0 73.944725450517,18.545057305677,0.0 73.944722432178,18.545049113041,0.0 73.944717257882,18.545040058023,0.0 73.944711652395,18.545033158962,0.0 73.944700010228,18.545021516796,0.0 73.944693111167,18.545015911308,0.0 73.944684056149,18.545010737012,0.0 73.944675863514,18.545007718673,0.0 73.944660340626,18.545003837951,0.0 73.944649560842,18.545002113186,0.0 73.944632744380,18.545000819612,0.0 73.944615496727,18.545000388420,0.0 73.944580570228,18.545000388420,0.0 73.944563322575,18.544999957229,0.0 73.944546506113,18.544998663655,0.0 73.944535726329,18.544996938890,0.0 73.944520203441,18.544993058168,0.0 73.944512010806,18.544990039828,0.0 73.944502955788,18.544984865532,0.0 73.944496056726,18.544979260045,0.0 73.944484414560,18.544967617879,0.0 73.944478809073,18.544960718817,0.0 73.944473634777,18.544951663799,0.0 73.944470616437,18.544943471164,0.0 73.944466735715,18.544927948276,0.0 73.944465010950,18.544917168492,0.0 73.944463717376,18.544900352030,0.0 73.944463286185,18.544883104377,0.0 73.944463286185,18.544848177878,0.0 73.944462854993,18.544830930225,0.0 73.944461561419,18.544814113763,0.0 73.944459836654,18.544803333980,0.0 73.944455955932,18.544787811091,0.0 73.944452937593,18.544779618456,0.0 73.944447763297,18.544770563438,0.0 73.944442157809,18.544763664377,0.0 73.944430515643,18.544752022210,0.0 73.944423616582,18.544746416723,0.0 73.944414561564,18.544741242427,0.0 73.944406368928,18.544738224088,0.0 73.944390846040,18.544734343366,0.0 73.944380066257,18.544732618600,0.0 73.944363249795,18.544731325026,0.0 73.944346002141,18.544730893835,0.0 73.944311075643,18.544730893835,0.0 73.944293827990,18.544730031452,0.0 73.944277011527,18.544727444304,0.0 73.944266231744,18.544723994774,0.0 73.944250708856,18.544716233330,0.0 73.944242516221,18.544710196651,0.0 73.944233461202,18.544699848059,0.0 73.944226562141,18.544688637084,0.0 73.944214919975,18.544665352752,0.0 73.944209314488,18.544651554629,0.0 73.944204140192,18.544633444593,0.0 73.944201121852,18.544617059322,0.0 73.944197241130,18.544586013546,0.0 73.944195516365,18.544564453979,0.0 73.944194222791,18.544530821055,0.0 73.944193791600,18.544496325748,0.0 73.944193791600,18.544426472752,0.0 73.944193360408,18.544391977445,0.0 73.944192066834,18.544358344520,0.0 73.944190342069,18.544336784954,0.0 73.944186461347,18.544305739177,0.0 73.944183443007,18.544289353907,0.0 73.944178268711,18.544271243870,0.0 73.944172663224,18.544257445748,0.0 73.944161021058,18.544234161415,0.0 73.944154121997,18.544222950441,0.0 73.944145066979,18.544212601849,0.0 73.944136874343,18.544206565170,0.0 73.944121351455,18.544198803726,0.0 73.944110571672,18.544195354195,0.0 73.944093755210,18.544192767047,0.0 73.944076507556,18.544191904665,0.0 73.944041581058,18.544191904665,0.0 73.944024333404,18.544191473473,0.0 73.944007516942,18.544190179899,0.0 73.943996737159,18.544188455134,0.0 73.943981214271,18.544184574412,0.0 73.943973021635,18.544181556072,0.0 73.943963966617,18.544176381776,0.0 73.943957067556,18.544170776289,0.0 73.943945425390,18.544159134123,0.0 73.943939819902,18.544152235062,0.0 73.943934645606,18.544143180044,0.0 73.943931627267,18.544134987408,0.0 73.943927746545,18.544119464520,0.0 73.943926021780,18.544108684737,0.0 73.943924728206,18.544091868274,0.0 73.943924297014,18.544074620621,0.0 73.943924297014,18.544039694123,0.0 73.943926021780,18.544022446469,0.0 73.943931196076,18.544005630007,0.0 73.943938095137,18.543994850224,0.0 73.943953618025,18.543979327336,0.0 73.943965691383,18.543971134700,0.0 73.943986388567,18.543962079682,0.0 73.944008810516,18.543955180621,0.0 73.944055379181,18.543943538455,0.0 73.944082975426,18.543937932967,0.0 73.944119195498,18.543932758671,0.0 73.944151966040,18.543929740332,0.0 73.944214057592,18.543925859610,0.0 73.944257176726,18.543924134845,0.0 73.944324442574,18.543922841271,0.0 73.944393433188,18.543922410079,0.0 73.944533139181,18.543922410079,0.0 73.944602129795,18.543922841271,0.0 73.944669395644,18.543924134845,0.0 73.944712514777,18.543925859610,0.0 73.944774606330,18.543929740332,0.0 73.944807376871,18.543932758671,0.0 73.944843596943,18.543937932967,0.0 73.944871193189,18.543943538455,0.0 73.944917761853,18.543955180621,0.0 73.944940183803,18.543962079682,0.0 73.944960880987,18.543971134700,0.0 73.944972954344,18.543979327336,0.0 73.944988477232,18.543994850224,0.0 73.944995376294,18.544005630007,0.0 73.945000550590,18.544022446469,0.0 73.945002275355,18.544039694123,0.0 73.945002275355,18.544074620621,0.0 73.945003137738,18.544091868274,0.0 73.945005724886,18.544108684737,0.0 73.945009174417,18.544119464520,0.0 73.945016935861,18.544134987408,0.0 73.945022972539,18.544143180044,0.0 73.945033321131,18.544152235062,0.0 73.945044532106,18.544159134123,0.0 73.945067816438,18.544170776289,0.0 73.945081614561,18.544176381776,0.0 73.945099724597,18.544181556072,0.0 73.945116109868,18.544184574412,0.0 73.945147155644,18.544188455134,0.0 73.945168715211,18.544190179899,0.0 73.945202348135,18.544191473473,0.0 73.945236843442,18.544191904665,0.0 73.945306696439,18.544191904665,0.0 73.945341191746,18.544192335856,0.0 73.945374824670,18.544193629430,0.0 73.945396384237,18.544195354195,0.0 73.945427430013,18.544199234917,0.0 73.945443815284,18.544202253257,0.0 73.945461925320,18.544207427553,0.0 73.945475723443,18.544213033040,0.0 73.945499007775,18.544224675206,0.0 73.945510218750,18.544231574267,0.0 73.945520567342,18.544240629286,0.0 73.945526604020,18.544248821921,0.0 73.945534365464,18.544264344809,0.0 73.945537814995,18.544275124592,0.0 73.945540402143,18.544291941055,0.0 73.945541264526,18.544309188708,0.0 73.945541264526,18.544344115206,0.0 73.945541695717,18.544361362860,0.0 73.945542989291,18.544378179322,0.0 73.945544714056,18.544388959105,0.0 73.945548594778,18.544404481993,0.0 73.945551613118,18.544412674629,0.0 73.945556787414,18.544421729647,0.0 73.945562392901,18.544428628708,0.0 73.945574035067,18.544440270874,0.0 73.945580934129,18.544445876362,0.0 73.945589989147,18.544451050658,0.0 73.945598181782,18.544454068997,0.0 73.945613704670,18.544457949719,0.0 73.945624484454,18.544459674484,0.0 73.945641300916,18.544460968058,0.0 73.945658548569,18.544461399250,0.0 73.945693475067,18.544461399250,0.0 73.945710722721,18.544461830441,0.0 73.945727539183,18.544463124015,0.0 73.945738318966,18.544464848780,0.0 73.945753841855,18.544468729502,0.0 73.945762034490,18.544471747842,0.0 73.945771089508,18.544476922138,0.0 73.945777988569,18.544482527625,0.0 73.945789630735,18.544494169791,0.0 73.945795236223,18.544501068853,0.0 73.945800410519,18.544510123871,0.0 73.945803428858,18.544518316506,0.0 73.945807309580,18.544533839394,0.0 73.945809034346,18.544544619178,0.0 73.945810327920,18.544561435640,0.0 73.945810759111,18.544578683293,0.0 73.945810759111,18.544613609791,0.0 73.945812052685,18.544630857445,0.0 73.945815933407,18.544647673907,0.0 73.945821107703,18.544658453690,0.0 73.945832749869,18.544673976579,0.0 73.945841804887,18.544682169214,0.0 73.945857327775,18.544691224232,0.0 73.945874144237,18.544698123293,0.0 73.945909070736,18.544709765460,0.0 73.945929767920,18.544715370947,0.0 73.945956932974,18.544720545243,0.0 73.945981510880,18.544723563582,0.0 73.946028079544,18.544727444304,0.0 73.946060418895,18.544729169070,0.0 73.946110868281,18.544730462644,0.0 73.946162611241,18.544730893835,0.0 73.946267390736,18.544730893835,0.0 73.946319133697,18.544731325026,0.0 73.946369583083,18.544732618600,0.0 73.946401922433,18.544734343366,0.0 73.946448491097,18.544738224088,0.0 73.946473069004,18.544741242427,0.0 73.946500234058,18.544746416723,0.0 73.946520931242,18.544752022210,0.0 73.946555857740,18.544763664377,0.0 73.946572674202,18.544770563438,0.0 73.946588197090,18.544779618456,0.0 73.946597252109,18.544787811091,0.0 73.946608894275,18.544803333980,0.0 73.946614068571,18.544814113763,0.0 73.946617949293,18.544830930225,0.0 73.946619242867,18.544848177878,0.0 73.946619242867,18.544883104377,0.0 73.946619674058,18.544900352030,0.0 73.946620967632,18.544917168492,0.0 73.946622692397,18.544927948276,0.0 73.946626573119,18.544943471164,0.0 73.946629591459,18.544951663799,0.0 73.946634765755,18.544960718817,0.0 73.946640371242,18.544967617879,0.0 73.946652013408,18.544979260045,0.0 73.946658912470,18.544984865532,0.0 73.946667967488,18.544990039828,0.0 73.946676160123,18.544993058168,0.0 73.946691683011,18.544996938890,0.0 73.946702462795,18.544998663655,0.0 73.946719279257,18.544999957229,0.0 73.946736526910,18.545000388420,0.0 73.946771453408,18.545000388420,0.0 73.946788701062,18.544999957229,0.0 73.946805517524,18.544998663655,0.0 73.946816297307,18.544996938890,0.0 73.946831820195,18.544993058168,0.0 73.946840012831,18.544990039828,0.0 73.946849067849,18.544984865532,0.0 73.946855966910,18.544979260045,0.0 73.946867609076,18.544967617879,0.0 73.946873214564,18.544960718817,0.0 73.946878388860,18.544951663799,0.0 73.946881407199,18.544943471164,0.0 73.946885287921,18.544927948276,0.0 73.946887012687,18.544917168492,0.0 73.946888306261,18.544900352030,0.0 73.946888737452,18.544883104377,0.0 73.946888737452,18.544848177878,0.0 73.946889599835,18.544830930225,0.0 73.946892186983,18.544814113763,0.0 73.946895636513,18.544803333980,0.0 73.946903397957,18.544787811091,0.0 73.946909434636,18.544779618456,0.0 73.946919783228,18.544770563438,0.0 73.946930994203,18.544763664377,0.0 73.946954278535,18.544752022210,0.0 73.946968076658,18.544746416723,0.0 73.946986186694,18.544741242427,0.0 73.947002571965,18.544738224088,0.0 73.947033617741,18.544734343366,0.0 73.947055177308,18.544732618600,0.0 73.947088810232,18.544731325026,0.0 73.947123305539,18.544730893835,0.0 73.947193158535,18.544730893835,0.0 73.947227653842,18.544731325026,0.0 73.947261286767,18.544732618600,0.0 73.947282846333,18.544734343366,0.0 73.947313892110,18.544738224088,0.0 73.947330277380,18.544741242427,0.0 73.947348387416,18.544746416723,0.0 73.947362185539,18.544752022210,0.0 73.947385469871,18.544763664377,0.0 73.947396680846,18.544770563438,0.0 73.947407029438,18.544779618456,0.0 73.947413066117,18.544787811091,0.0 73.947420827561,18.544803333980,0.0 73.947424277092,18.544814113763,0.0 73.947426864240,18.544830930225,0.0 73.947427726622,18.544848177878,0.0 73.947427726622,18.544883104377,0.0 73.947428157814,18.544900352030,0.0 73.947429451388,18.544917168492,0.0 73.947431176153,18.544927948276,0.0 73.947435056875,18.544943471164,0.0 73.947438075214,18.544951663799,0.0 73.947443249510,18.544960718817,0.0 73.947448854998,18.544967617879,0.0 73.947460497164,18.544979260045,0.0 73.947467396225,18.544984865532,0.0 73.947476451243,18.544990039828,0.0 73.947484643879,18.544993058168,0.0 73.947500166767,18.544996938890,0.0 73.947510946550,18.544998663655,0.0 73.947527763012,18.544999957229,0.0 73.947545010666,18.545000388420,0.0 73.947579937164,18.545000388420,0.0 73.947597184818,18.544999957229,0.0 73.947614001280,18.544998663655,0.0 73.947624781063,18.544996938890,0.0 73.947640303951,18.544993058168,0.0 73.947648496587,18.544990039828,0.0 73.947657551605,18.544984865532,0.0 73.947664450666,18.544979260045,0.0 73.947676092832,18.544967617879,0.0 73.947681698319,18.544960718817,0.0 73.947686872616,18.544951663799,0.0 73.947689890955,18.544943471164,0.0 73.947693771677,18.544927948276,0.0 73.947695496442,18.544917168492,0.0 73.947696790016,18.544900352030,0.0 73.947697221208,18.544883104377,0.0 73.947697221208,18.544848177878,0.0 73.947702395504,18.544830930225,0.0 73.947717918392,18.544814113763,0.0 73.947738615576,18.544803333980,0.0 73.947785184240,18.544787811091,0.0 73.947821404312,18.544779618456,0.0 73.947883495865,18.544770563438,0.0 73.947950761713,18.544763664377,0.0 73.948090467706,18.544752022210,0.0 73.948173256443,18.544746416723,0.0 73.948281916660,18.544741242427,0.0 73.948380228284,18.544738224088,0.0 73.948566502942,18.544734343366,0.0 73.948695860343,18.544732618600,0.0 73.948897657888,18.544731325026,0.0 73.949104629730,18.544730893835,0.0 73.949523747708,18.544730893835,0.0 73.949730719550,18.544731756218,0.0 73.949932517095,18.544734343366,0.0 73.950061874496,18.544737792896,0.0 73.950248149154,18.544745554340,0.0 73.950346460778,18.544751591019,0.0 73.950455120995,18.544761939611,0.0 73.950537909732,18.544773150586,0.0 73.950677615725,18.544796434918,0.0 73.950744881573,18.544810233041,0.0 73.950806973126,18.544828343077,0.0 73.950843193198,18.544844728348,0.0 73.950889761862,18.544875774124,0.0 73.950910459046,18.544897333691,0.0 73.950925981934,18.544930966615,0.0 73.950931156230,18.544965461922,0.0 73.950931156230,18.545035314918,0.0 73.950931587422,18.545069810225,0.0 73.950932880996,18.545103443150,0.0 73.950934605761,18.545125002716,0.0 73.950938486483,18.545156048493,0.0 73.950941504823,18.545172433763,0.0 73.950946679119,18.545190543800,0.0 73.950952284606,18.545204341922,0.0 73.950963926772,18.545227626254,0.0 73.950970825833,18.545238837229,0.0 73.950979880851,18.545249185821,0.0 73.950988073487,18.545255222500,0.0 73.951003596375,18.545262983944,0.0 73.951014376158,18.545266433475,0.0 73.951031192620,18.545269020623,0.0 73.951048440274,18.545269883005,0.0 73.951083366772,18.545269883005,0.0 73.951100614426,18.545270314197,0.0 73.951117430888,18.545271607771,0.0 73.951128210671,18.545273332536,0.0 73.951143733559,18.545277213258,0.0 73.951151926195,18.545280231598,0.0 73.951160981213,18.545285405894,0.0 73.951167880274,18.545291011381,0.0 73.951179522440,18.545302653547,0.0 73.951185127928,18.545309552608,0.0 73.951190302224,18.545318607626,0.0 73.951193320563,18.545326800262,0.0 73.951197201285,18.545342323150,0.0 73.951198926050,18.545353102933,0.0 73.951200219624,18.545369919396,0.0 73.951200650816,18.545387167049,0.0 73.951200650816,18.545422093547,0.0 73.951201082007,18.545439341201,0.0 73.951202375581,18.545456157663,0.0 73.951204100346,18.545466937446,0.0 73.951207981068,18.545482460334,0.0 73.951210999408,18.545490652970,0.0 73.951216173704,18.545499707988,0.0 73.951221779191,18.545506607049,0.0 73.951233421357,18.545518249215,0.0 73.951240320419,18.545523854703,0.0 73.951249375437,18.545529028999,0.0 73.951257568072,18.545532047338,0.0 73.951273090960,18.545535928060,0.0 73.951283870744,18.545537652825,0.0 73.951300687206,18.545538946399,0.0 73.951317934859,18.545539377591,0.0 73.951352861357,18.545539377591,0.0 73.951370109011,18.545539808782,0.0 73.951386925473,18.545541102356,0.0 73.951397705256,18.545542827121,0.0 73.951413228145,18.545546707843,0.0 73.951421420780,18.545549726183,0.0 73.951430475798,18.545554900479,0.0 73.951437374859,18.545560505966,0.0 73.951449017025,18.545572148132,0.0 73.951454622513,18.545579047194,0.0 73.951459796809,18.545588102212,0.0 73.951462815148,18.545596294847,0.0 73.951466695870,18.545611817735,0.0 73.951468420636,18.545622597519,0.0 73.951469714210,18.545639413981,0.0 73.951470145401,18.545656661634,0.0 73.951470145401,18.545691588132,0.0 73.951469714210,18.545708835786,0.0 73.951468420636,18.545725652248,0.0 73.951466695870,18.545736432031,0.0 73.951462815148,18.545751954920,0.0 73.951459796809,18.545760147555,0.0 73.951454622513,18.545769202573,0.0 73.951449017025,18.545776101634,0.0 73.951437374859,18.545787743800,0.0 73.951430475798,18.545793349288,0.0 73.951421420780,18.545798523584,0.0 73.951413228145,18.545801541923,0.0 73.951397705256,18.545805422645,0.0 73.951386925473,18.545807147411,0.0 73.951370109011,18.545808440985,0.0 73.951352861357,18.545808872176,0.0 73.951317934859,18.545808872176,0.0 73.951300687206,18.545809303367,0.0 73.951283870744,18.545810596941,0.0 73.951273090960,18.545812321707,0.0 73.951257568072,18.545816202429,0.0 73.951249375437,18.545819220768,0.0 73.951240320419,18.545824395064,0.0 73.951233421357,18.545830000551,0.0 73.951221779191,18.545841642718,0.0 73.951216173704,18.545848541779,0.0 73.951210999408,18.545857596797,0.0 73.951207981068,18.545865789432,0.0 73.951204100346,18.545881312320,0.0 73.951202375581,18.545892092104,0.0 73.951201082007,18.545908908566,0.0 73.951200650816,18.545926156219,0.0 73.951200650816,18.545961082718,0.0 73.951198063668,18.545978330371,0.0 73.951190302224,18.545995146833,0.0 73.951179953632,18.546005926617,0.0 73.951156669299,18.546021449505,0.0 73.951138559263,18.546029642140,0.0 73.951107513487,18.546038697158,0.0 73.951073880563,18.546045596220,0.0 73.951004027566,18.546057238386,0.0 73.950962633198,18.546062843873,0.0 73.950908303090,18.546068018169,0.0 73.950859147277,18.546071036508,0.0 73.950766009949,18.546074917230,0.0 73.950701331248,18.546076641996,0.0 73.950600432475,18.546077935570,0.0 73.950496946555,18.546078366761,0.0 73.950287387565,18.546078366761,0.0 73.950183901644,18.546077935570,0.0 73.950083002872,18.546076641996,0.0 73.950018324171,18.546074917230,0.0 73.949925186843,18.546071036508,0.0 73.949876031030,18.546068018169,0.0 73.949821700922,18.546062843873,0.0 73.949780306554,18.546057238386,0.0 73.949710453557,18.546045596220,0.0 73.949676820633,18.546038697158,0.0 73.949645774857,18.546029642140,0.0 73.949627664821,18.546021449505,0.0 73.949604380488,18.546005926617,0.0 73.949594031896,18.545995146833,0.0 73.949586270452,18.545978330371,0.0 73.949583683304,18.545961082718,0.0</coordinates>
                        </LinearRing>
                    </outerBoundaryIs>
                </Polygon>
            </Placemark>
            <Placemark id="1171">
                <name>Class 2 - 3</name>
                <styleUrl>#1176</styleUrl>
                <Polygon id="1170">
                    <outerBoundaryIs>
                        <LinearRing id="1174">
                            <coordinates>73.888677907041,18.543957336578,0.0 73.888677907041,18.543887483581,0.0 73.888677475850,18.543852988274,0.0 73.888676182276,18.543819355350,0.0 73.888674457510,18.543797795783,0.0 73.888670576788,18.543766750007,0.0 73.888667558449,18.543750364736,0.0 73.888662384153,18.543732254700,0.0 73.888656778665,18.543718456577,0.0 73.888645136499,18.543695172245,0.0 73.888638237438,18.543683961270,0.0 73.888629182420,18.543673612678,0.0 73.888620989785,18.543667575999,0.0 73.888605466896,18.543659814555,0.0 73.888594687113,18.543656365025,0.0 73.888577870651,18.543653777877,0.0 73.888560622997,18.543652915494,0.0 73.888525696499,18.543652915494,0.0 73.888508448846,18.543652484303,0.0 73.888491632384,18.543651190729,0.0 73.888480852600,18.543649465963,0.0 73.888465329712,18.543645585241,0.0 73.888457137077,18.543642566902,0.0 73.888448082059,18.543637392606,0.0 73.888441182997,18.543631787119,0.0 73.888429540831,18.543620144952,0.0 73.888423935344,18.543613245891,0.0 73.888418761048,18.543604190873,0.0 73.888415742708,18.543595998238,0.0 73.888411861986,18.543580475350,0.0 73.888410137221,18.543569695566,0.0 73.888408843647,18.543552879104,0.0 73.888408412456,18.543535631451,0.0 73.888408412456,18.543500704952,0.0 73.888410568412,18.543483457299,0.0 73.888417036282,18.543466640837,0.0 73.888425660109,18.543455861053,0.0 73.888445063719,18.543440338165,0.0 73.888460155416,18.543432145530,0.0 73.888486026896,18.543423090512,0.0 73.888514054333,18.543416191450,0.0 73.888572265164,18.543404549284,0.0 73.888606760470,18.543398943797,0.0 73.888652035561,18.543393769501,0.0 73.888692998738,18.543390751162,0.0 73.888770613178,18.543386870440,0.0 73.888824512095,18.543385145674,0.0 73.888908594406,18.543383852100,0.0 73.888994832673,18.543383420909,0.0 73.889169465164,18.543383420909,0.0 73.889255703432,18.543384714483,0.0 73.889339785742,18.543388595205,0.0 73.889393684659,18.543393769501,0.0 73.889471299100,18.543405411667,0.0 73.889512262277,18.543414466685,0.0 73.889557537367,18.543429989573,0.0 73.889592032674,18.543446806035,0.0 73.889650243504,18.543481732534,0.0 73.889678270941,18.543502429718,0.0 73.889704142422,18.543529594772,0.0 73.889719234118,18.543554172678,0.0 73.889738637728,18.543600741342,0.0 73.889747261555,18.543633080693,0.0 73.889753729425,18.543683530079,0.0 73.889755885382,18.543735273039,0.0 73.889755885382,18.543840052534,0.0 73.889754160617,18.543891795494,0.0 73.889748986321,18.543942244881,0.0 73.889742087259,18.543974584231,0.0 73.889726564371,18.544021152895,0.0 73.889714491014,18.544045730801,0.0 73.889693793829,18.544072895856,0.0 73.889671371880,18.544093593040,0.0 73.889624803216,18.544128519538,0.0 73.889597206970,18.544145336000,0.0 73.889560986898,18.544160858888,0.0 73.889528216356,18.544169913906,0.0 73.889466124804,18.544181556072,0.0 73.889423005670,18.544186730368,0.0 73.889355739822,18.544190611091,0.0 73.889286749208,18.544191904665,0.0 73.889147043215,18.544191904665,0.0 73.889078052601,18.544191042282,0.0 73.889010786753,18.544188455134,0.0 73.888967667619,18.544185005603,0.0 73.888905576067,18.544177244159,0.0 73.888872805525,18.544171207480,0.0 73.888836585453,18.544160858888,0.0 73.888808989207,18.544149647914,0.0 73.888762420543,18.544126363581,0.0 73.888739998593,18.544112565459,0.0 73.888719301409,18.544094455422,0.0 73.888707228052,18.544078070152,0.0 73.888691705164,18.544047024375,0.0 73.888684806102,18.544025464809,0.0 73.888679631806,18.543991831884,0.0 73.888677907041,18.543957336578,0.0</coordinates>
                        </LinearRing>
                    </outerBoundaryIs>
                </Polygon>
            </Placemark>
            <Placemark id="1180">
                <name>Class 2 - 4</name>
                <styleUrl>#1185</styleUrl>
                <Polygon id="1179">
                    <outerBoundaryIs>
                        <LinearRing id="1183">
                            <coordinates>73.885982961189,18.543957336578,0.0 73.885982961189,18.543887483581,0.0 73.885982529997,18.543852988274,0.0 73.885981236423,18.543819355350,0.0 73.885979511658,18.543797795783,0.0 73.885975630936,18.543766750007,0.0 73.885972612597,18.543750364736,0.0 73.885967438300,18.543732254700,0.0 73.885961832813,18.543718456577,0.0 73.885950190647,18.543695172245,0.0 73.885943291586,18.543683961270,0.0 73.885934236568,18.543673612678,0.0 73.885926043932,18.543667575999,0.0 73.885910521044,18.543659814555,0.0 73.885899741261,18.543656365025,0.0 73.885882924799,18.543653777877,0.0 73.885865677145,18.543652915494,0.0 73.885830750647,18.543652915494,0.0 73.885813502993,18.543653346685,0.0 73.885796686531,18.543654640259,0.0 73.885785906748,18.543656365025,0.0 73.885770383860,18.543660245747,0.0 73.885762191224,18.543663264086,0.0 73.885753136206,18.543668438382,0.0 73.885746237145,18.543674043870,0.0 73.885734594979,18.543685686036,0.0 73.885728989491,18.543692585097,0.0 73.885723815195,18.543701640115,0.0 73.885720796856,18.543709832750,0.0 73.885716916134,18.543725355639,0.0 73.885715191369,18.543736135422,0.0 73.885713897795,18.543752951884,0.0 73.885713466603,18.543770199538,0.0 73.885713466603,18.543805126036,0.0 73.885713035412,18.543822373689,0.0 73.885711741838,18.543839190151,0.0 73.885710017073,18.543849969935,0.0 73.885706136351,18.543865492823,0.0 73.885703118011,18.543873685458,0.0 73.885697943715,18.543882740476,0.0 73.885692338228,18.543889639538,0.0 73.885680696062,18.543901281704,0.0 73.885673797000,18.543906887191,0.0 73.885664741982,18.543912061487,0.0 73.885656549347,18.543915079827,0.0 73.885641026459,18.543918960549,0.0 73.885630246675,18.543920685314,0.0 73.885613430213,18.543921978888,0.0 73.885596182560,18.543922410079,0.0 73.885561256062,18.543922410079,0.0 73.885544008408,18.543921978888,0.0 73.885527191946,18.543920685314,0.0 73.885516412163,18.543918960549,0.0 73.885500889275,18.543915079827,0.0 73.885492696639,18.543912061487,0.0 73.885483641621,18.543906887191,0.0 73.885476742560,18.543901281704,0.0 73.885465100394,18.543889639538,0.0 73.885459494906,18.543882740476,0.0 73.885454320610,18.543873685458,0.0 73.885451302271,18.543865492823,0.0 73.885447421549,18.543849969935,0.0 73.885445696783,18.543839190151,0.0 73.885444403209,18.543822373689,0.0 73.885443972018,18.543805126036,0.0 73.885443972018,18.543770199538,0.0 73.885443540827,18.543752951884,0.0 73.885442247253,18.543736135422,0.0 73.885440522487,18.543725355639,0.0 73.885436641765,18.543709832750,0.0 73.885433623426,18.543701640115,0.0 73.885428449130,18.543692585097,0.0 73.885422843643,18.543685686036,0.0 73.885411201477,18.543674043870,0.0 73.885404302415,18.543668438382,0.0 73.885395247397,18.543663264086,0.0 73.885387054762,18.543660245747,0.0 73.885371531874,18.543656365025,0.0 73.885360752090,18.543654640259,0.0 73.885343935628,18.543653346685,0.0 73.885326687975,18.543652915494,0.0 73.885291761476,18.543652915494,0.0 73.885274513823,18.543652484303,0.0 73.885257697361,18.543651190729,0.0 73.885246917577,18.543649465963,0.0 73.885231394689,18.543645585241,0.0 73.885223202054,18.543642566902,0.0 73.885214147036,18.543637392606,0.0 73.885207247974,18.543631787119,0.0 73.885195605808,18.543620144952,0.0 73.885190000321,18.543613245891,0.0 73.885184826025,18.543604190873,0.0 73.885181807686,18.543595998238,0.0 73.885177926964,18.543580475350,0.0 73.885176202198,18.543569695566,0.0 73.885174908624,18.543552879104,0.0 73.885174477433,18.543535631451,0.0 73.885174477433,18.543500704952,0.0 73.885175339816,18.543483457299,0.0 73.885177926964,18.543466640837,0.0 73.885181376494,18.543455861053,0.0 73.885189137938,18.543440338165,0.0 73.885195174617,18.543432145530,0.0 73.885205523209,18.543423090512,0.0 73.885216734184,18.543416191450,0.0 73.885240018516,18.543404549284,0.0 73.885253816639,18.543398943797,0.0 73.885271926675,18.543393769501,0.0 73.885288311946,18.543390751162,0.0 73.885319357722,18.543386870440,0.0 73.885340917289,18.543385145674,0.0 73.885374550213,18.543383852100,0.0 73.885409045520,18.543383420909,0.0 73.885478898516,18.543383420909,0.0 73.885513393823,18.543382989717,0.0 73.885547026748,18.543381696143,0.0 73.885568586314,18.543379971378,0.0 73.885599632091,18.543376090656,0.0 73.885616017361,18.543373072317,0.0 73.885634127397,18.543367898021,0.0 73.885647925520,18.543362292533,0.0 73.885671209852,18.543350650367,0.0 73.885682420827,18.543343751306,0.0 73.885692769419,18.543334696288,0.0 73.885698806098,18.543326503652,0.0 73.885706567542,18.543310980764,0.0 73.885710017073,18.543300200981,0.0 73.885712604221,18.543283384519,0.0 73.885713466603,18.543266136865,0.0 73.885713466603,18.543231210367,0.0 73.885716053751,18.543213962714,0.0 73.885723815195,18.543197146251,0.0 73.885734163788,18.543186366468,0.0 73.885757448120,18.543170843580,0.0 73.885775558156,18.543162650945,0.0 73.885806603932,18.543153595927,0.0 73.885840236856,18.543146696865,0.0 73.885910089853,18.543135054699,0.0 73.885951484221,18.543129449212,0.0 73.886005814329,18.543124274916,0.0 73.886054970142,18.543121256576,0.0 73.886148107470,18.543117375854,0.0 73.886212786171,18.543115651089,0.0 73.886313684944,18.543114357515,0.0 73.886417170864,18.543113926324,0.0 73.886626729854,18.543113926324,0.0 73.886730215775,18.543114357515,0.0 73.886831114547,18.543115651089,0.0 73.886895793248,18.543117375854,0.0 73.886988930576,18.543121256576,0.0 73.887038086389,18.543124274916,0.0 73.887092416497,18.543129449212,0.0 73.887133810865,18.543135054699,0.0 73.887203663862,18.543146696865,0.0 73.887237296786,18.543153595927,0.0 73.887268342562,18.543162650945,0.0 73.887286452598,18.543170843580,0.0 73.887309736931,18.543186366468,0.0 73.887320085523,18.543197146251,0.0 73.887327846967,18.543213962714,0.0 73.887330434115,18.543231210367,0.0 73.887330434115,18.543266136865,0.0 73.887330865306,18.543283384519,0.0 73.887332158880,18.543300200981,0.0 73.887333883645,18.543310980764,0.0 73.887337764367,18.543326503652,0.0 73.887340782707,18.543334696288,0.0 73.887345957003,18.543343751306,0.0 73.887351562490,18.543350650367,0.0 73.887363204656,18.543362292533,0.0 73.887370103718,18.543367898021,0.0 73.887379158736,18.543373072317,0.0 73.887387351371,18.543376090656,0.0 73.887402874259,18.543379971378,0.0 73.887413654043,18.543381696143,0.0 73.887430470505,18.543382989717,0.0 73.887447718158,18.543383420909,0.0 73.887482644657,18.543383420909,0.0 73.887499892310,18.543383852100,0.0 73.887516708772,18.543385145674,0.0 73.887527488556,18.543386870440,0.0 73.887543011444,18.543390751162,0.0 73.887551204079,18.543393769501,0.0 73.887560259097,18.543398943797,0.0 73.887567158158,18.543404549284,0.0 73.887578800325,18.543416191450,0.0 73.887584405812,18.543423090512,0.0 73.887589580108,18.543432145530,0.0 73.887592598447,18.543440338165,0.0 73.887596479169,18.543455861053,0.0 73.887598203935,18.543466640837,0.0 73.887599497509,18.543483457299,0.0 73.887599928700,18.543500704952,0.0 73.887599928700,18.543535631451,0.0 73.887600359891,18.543552879104,0.0 73.887601653465,18.543569695566,0.0 73.887603378231,18.543580475350,0.0 73.887607258953,18.543595998238,0.0 73.887610277292,18.543604190873,0.0 73.887615451588,18.543613245891,0.0 73.887621057075,18.543620144952,0.0 73.887632699242,18.543631787119,0.0 73.887639598303,18.543637392606,0.0 73.887648653321,18.543642566902,0.0 73.887656845956,18.543645585241,0.0 73.887672368845,18.543649465963,0.0 73.887683148628,18.543651190729,0.0 73.887699965090,18.543652484303,0.0 73.887717212744,18.543652915494,0.0 73.887752139242,18.543652915494,0.0 73.887769386895,18.543653346685,0.0 73.887786203357,18.543654640259,0.0 73.887796983141,18.543656365025,0.0 73.887812506029,18.543660245747,0.0 73.887820698664,18.543663264086,0.0 73.887829753682,18.543668438382,0.0 73.887836652744,18.543674043870,0.0 73.887848294910,18.543685686036,0.0 73.887853900397,18.543692585097,0.0 73.887859074693,18.543701640115,0.0 73.887862093033,18.543709832750,0.0 73.887865973755,18.543725355639,0.0 73.887867698520,18.543736135422,0.0 73.887868992094,18.543752951884,0.0 73.887869423285,18.543770199538,0.0 73.887869423285,18.543805126036,0.0 73.887868992094,18.543822373689,0.0 73.887867698520,18.543839190151,0.0 73.887865973755,18.543849969935,0.0 73.887862093033,18.543865492823,0.0 73.887859074693,18.543873685458,0.0 73.887853900397,18.543882740476,0.0 73.887848294910,18.543889639538,0.0 73.887836652744,18.543901281704,0.0 73.887829753682,18.543906887191,0.0 73.887820698664,18.543912061487,0.0 73.887812506029,18.543915079827,0.0 73.887796983141,18.543918960549,0.0 73.887786203357,18.543920685314,0.0 73.887769386895,18.543921978888,0.0 73.887752139242,18.543922410079,0.0 73.887717212744,18.543922410079,0.0 73.887699965090,18.543922841271,0.0 73.887683148628,18.543924134845,0.0 73.887672368845,18.543925859610,0.0 73.887656845956,18.543929740332,0.0 73.887648653321,18.543932758671,0.0 73.887639598303,18.543937932967,0.0 73.887632699242,18.543943538455,0.0 73.887621057075,18.543955180621,0.0 73.887615451588,18.543962079682,0.0 73.887610277292,18.543971134700,0.0 73.887607258953,18.543979327336,0.0 73.887603378231,18.543994850224,0.0 73.887601653465,18.544005630007,0.0 73.887600359891,18.544022446469,0.0 73.887599928700,18.544039694123,0.0 73.887599928700,18.544074620621,0.0 73.887597341552,18.544091868274,0.0 73.887589580108,18.544108684737,0.0 73.887579231516,18.544119464520,0.0 73.887555947184,18.544134987408,0.0 73.887537837148,18.544143180044,0.0 73.887506791371,18.544152235062,0.0 73.887473158447,18.544159134123,0.0 73.887403305451,18.544170776289,0.0 73.887361911082,18.544176381776,0.0 73.887307580974,18.544181556072,0.0 73.887258425162,18.544184574412,0.0 73.887165287833,18.544188455134,0.0 73.887100609132,18.544190179899,0.0 73.886999710360,18.544191473473,0.0 73.886896224439,18.544191904665,0.0 73.886686665450,18.544191904665,0.0 73.886583179529,18.544191042282,0.0 73.886482280756,18.544188455134,0.0 73.886417602056,18.544185005603,0.0 73.886324464727,18.544177244159,0.0 73.886275308915,18.544171207480,0.0 73.886220978806,18.544160858888,0.0 73.886179584438,18.544149647914,0.0 73.886109731441,18.544126363581,0.0 73.886076098517,18.544112565459,0.0 73.886045052741,18.544094455422,0.0 73.886026942705,18.544078070152,0.0 73.886003658373,18.544047024375,0.0 73.885993309781,18.544025464809,0.0 73.885985548337,18.543991831884,0.0 73.885982961189,18.543957336578,0.0</coordinates>
                        </LinearRing>
                    </outerBoundaryIs>
                </Polygon>
            </Placemark>
            <Placemark id="1189">
                <name>Class 2 - 5</name>
                <styleUrl>#1194</styleUrl>
                <Polygon id="1188">
                    <outerBoundaryIs>
                        <LinearRing id="1192">
                            <coordinates>73.891372852893,18.543266136865,0.0 73.891372852893,18.543231210367,0.0 73.891373284085,18.543213962714,0.0 73.891374577659,18.543197146251,0.0 73.891376302424,18.543186366468,0.0 73.891380183146,18.543170843580,0.0 73.891383201485,18.543162650945,0.0 73.891388375781,18.543153595927,0.0 73.891393981269,18.543146696865,0.0 73.891405623435,18.543135054699,0.0 73.891412522496,18.543129449212,0.0 73.891421577514,18.543124274916,0.0 73.891429770150,18.543121256576,0.0 73.891445293038,18.543117375854,0.0 73.891456072821,18.543115651089,0.0 73.891472889283,18.543114357515,0.0 73.891490136937,18.543113926324,0.0 73.891525063435,18.543113926324,0.0 73.891542311089,18.543114357515,0.0 73.891559127551,18.543115651089,0.0 73.891569907334,18.543117375854,0.0 73.891585430222,18.543121256576,0.0 73.891593622858,18.543124274916,0.0 73.891602677876,18.543129449212,0.0 73.891609576937,18.543135054699,0.0 73.891621219103,18.543146696865,0.0 73.891626824590,18.543153595927,0.0 73.891631998886,18.543162650945,0.0 73.891635017226,18.543170843580,0.0 73.891638897948,18.543186366468,0.0 73.891640622713,18.543197146251,0.0 73.891641916287,18.543213962714,0.0 73.891642347479,18.543231210367,0.0 73.891642347479,18.543266136865,0.0 73.891641916287,18.543283384519,0.0 73.891640622713,18.543300200981,0.0 73.891638897948,18.543310980764,0.0 73.891635017226,18.543326503652,0.0 73.891631998886,18.543334696288,0.0 73.891626824590,18.543343751306,0.0 73.891621219103,18.543350650367,0.0 73.891609576937,18.543362292533,0.0 73.891602677876,18.543367898021,0.0 73.891593622858,18.543373072317,0.0 73.891585430222,18.543376090656,0.0 73.891569907334,18.543379971378,0.0 73.891559127551,18.543381696143,0.0 73.891542311089,18.543382989717,0.0 73.891525063435,18.543383420909,0.0 73.891490136937,18.543383420909,0.0 73.891472889283,18.543382989717,0.0 73.891456072821,18.543381696143,0.0 73.891445293038,18.543379971378,0.0 73.891429770150,18.543376090656,0.0 73.891421577514,18.543373072317,0.0 73.891412522496,18.543367898021,0.0 73.891405623435,18.543362292533,0.0 73.891393981269,18.543350650367,0.0 73.891388375781,18.543343751306,0.0 73.891383201485,18.543334696288,0.0 73.891380183146,18.543326503652,0.0 73.891376302424,18.543310980764,0.0 73.891374577659,18.543300200981,0.0 73.891373284085,18.543283384519,0.0 73.891372852893,18.543266136865,0.0</coordinates>
                        </LinearRing>
                    </outerBoundaryIs>
                </Polygon>
            </Placemark>
            <Placemark id="1198">
                <name>Class 2 - 6</name>
                <styleUrl>#1203</styleUrl>
                <Polygon id="1197">
                    <outerBoundaryIs>
                        <LinearRing id="1201">
                            <coordinates>73.892181336649,18.543570557949,0.0 73.892181336649,18.543465778454,0.0 73.892181767840,18.543414035494,0.0 73.892183061414,18.543363586107,0.0 73.892184786180,18.543331246757,0.0 73.892188666902,18.543284678093,0.0 73.892191685241,18.543260100187,0.0 73.892196859537,18.543232935132,0.0 73.892202465024,18.543212237948,0.0 73.892214107191,18.543177311450,0.0 73.892221006252,18.543160494988,0.0 73.892230061270,18.543144972100,0.0 73.892238253905,18.543135917082,0.0 73.892253776794,18.543124274916,0.0 73.892264556577,18.543119100620,0.0 73.892281373039,18.543115219898,0.0 73.892298620693,18.543113926324,0.0 73.892333547191,18.543113926324,0.0 73.892350794844,18.543113495132,0.0 73.892367611306,18.543112201558,0.0 73.892378391090,18.543110476793,0.0 73.892393913978,18.543106596071,0.0 73.892402106613,18.543103577732,0.0 73.892411161631,18.543098403435,0.0 73.892418060693,18.543092797948,0.0 73.892429702859,18.543081155782,0.0 73.892435308346,18.543074256721,0.0 73.892440482642,18.543065201703,0.0 73.892443500982,18.543057009067,0.0 73.892447381704,18.543041486179,0.0 73.892449106469,18.543030706396,0.0 73.892450400043,18.543013889934,0.0 73.892450831234,18.542996642280,0.0 73.892450831234,18.542961715782,0.0 73.892452987191,18.542944468128,0.0 73.892459455061,18.542927651666,0.0 73.892468078888,18.542916871883,0.0 73.892487482498,18.542901348995,0.0 73.892502574195,18.542893156359,0.0 73.892528445675,18.542884101341,0.0 73.892556473112,18.542877202280,0.0 73.892614683942,18.542865560114,0.0 73.892649179249,18.542859954626,0.0 73.892694454339,18.542854780330,0.0 73.892735417516,18.542851761991,0.0 73.892813031957,18.542847881269,0.0 73.892866930874,18.542846156504,0.0 73.892951013184,18.542844862930,0.0 73.893037251452,18.542844431738,0.0 73.893211883943,18.542844431738,0.0 73.893298122210,18.542844000547,0.0 73.893382204521,18.542842706973,0.0 73.893436103438,18.542840982208,0.0 73.893513717878,18.542837101486,0.0 73.893554681055,18.542834083146,0.0 73.893599956146,18.542828908850,0.0 73.893634451453,18.542823303363,0.0 73.893692662283,18.542811661197,0.0 73.893720689720,18.542804762135,0.0 73.893746561200,18.542795707117,0.0 73.893761652897,18.542787514482,0.0 73.893781056507,18.542771991594,0.0 73.893789680334,18.542761211810,0.0 73.893796148204,18.542744395348,0.0 73.893798304160,18.542727147695,0.0 73.893798304160,18.542692221197,0.0 73.893799597734,18.542674973543,0.0 73.893803478456,18.542658157081,0.0 73.893808652753,18.542647377298,0.0 73.893820294919,18.542631854410,0.0 73.893829349937,18.542623661774,0.0 73.893844872825,18.542614606756,0.0 73.893861689287,18.542607707695,0.0 73.893896615785,18.542596065529,0.0 73.893917312969,18.542590460041,0.0 73.893944478023,18.542585285745,0.0 73.893969055930,18.542582267406,0.0 73.894015624594,18.542578386684,0.0 73.894047963944,18.542576661918,0.0 73.894098413331,18.542575368344,0.0 73.894150156291,18.542574937153,0.0 73.894254935786,18.542574937153,0.0 73.894306678746,18.542575368344,0.0 73.894357128132,18.542576661918,0.0 73.894389467483,18.542578386684,0.0 73.894436036147,18.542582267406,0.0 73.894460614053,18.542585285745,0.0 73.894487779107,18.542590460041,0.0 73.894508476291,18.542596065529,0.0 73.894543402790,18.542607707695,0.0 73.894560219252,18.542614606756,0.0 73.894575742140,18.542623661774,0.0 73.894584797158,18.542631854410,0.0 73.894596439324,18.542647377298,0.0 73.894601613620,18.542658157081,0.0 73.894605494342,18.542674973543,0.0 73.894606787916,18.542692221197,0.0 73.894606787916,18.542727147695,0.0 73.894607219107,18.542744395348,0.0 73.894608512681,18.542761211810,0.0 73.894610237447,18.542771991594,0.0 73.894614118169,18.542787514482,0.0 73.894617136508,18.542795707117,0.0 73.894622310804,18.542804762135,0.0 73.894627916292,18.542811661197,0.0 73.894639558458,18.542823303363,0.0 73.894646457519,18.542828908850,0.0 73.894655512537,18.542834083146,0.0 73.894663705173,18.542837101486,0.0 73.894679228061,18.542840982208,0.0 73.894690007844,18.542842706973,0.0 73.894706824306,18.542844000547,0.0 73.894724071960,18.542844431738,0.0 73.894758998458,18.542844431738,0.0 73.894776246111,18.542844862930,0.0 73.894793062573,18.542846156504,0.0 73.894803842357,18.542847881269,0.0 73.894819365245,18.542851761991,0.0 73.894827557880,18.542854780330,0.0 73.894836612898,18.542859954626,0.0 73.894843511960,18.542865560114,0.0 73.894855154126,18.542877202280,0.0 73.894860759613,18.542884101341,0.0 73.894865933909,18.542893156359,0.0 73.894868952249,18.542901348995,0.0 73.894872832971,18.542916871883,0.0 73.894874557736,18.542927651666,0.0 73.894875851310,18.542944468128,0.0 73.894876282501,18.542961715782,0.0 73.894876282501,18.542996642280,0.0 73.894875851310,18.543013889934,0.0 73.894874557736,18.543030706396,0.0 73.894872832971,18.543041486179,0.0 73.894868952249,18.543057009067,0.0 73.894865933909,18.543065201703,0.0 73.894860759613,18.543074256721,0.0 73.894855154126,18.543081155782,0.0 73.894843511960,18.543092797948,0.0 73.894836612898,18.543098403435,0.0 73.894827557880,18.543103577732,0.0 73.894819365245,18.543106596071,0.0 73.894803842357,18.543110476793,0.0 73.894793062573,18.543112201558,0.0 73.894776246111,18.543113495132,0.0 73.894758998458,18.543113926324,0.0 73.894724071960,18.543113926324,0.0 73.894706824306,18.543114357515,0.0 73.894690007844,18.543115651089,0.0 73.894679228061,18.543117375854,0.0 73.894663705173,18.543121256576,0.0 73.894655512537,18.543124274916,0.0 73.894646457519,18.543129449212,0.0 73.894639558458,18.543135054699,0.0 73.894627916292,18.543146696865,0.0 73.894622310804,18.543153595927,0.0 73.894617136508,18.543162650945,0.0 73.894614118169,18.543170843580,0.0 73.894610237447,18.543186366468,0.0 73.894608512681,18.543197146251,0.0 73.894607219107,18.543213962714,0.0 73.894606787916,18.543231210367,0.0 73.894606787916,18.543266136865,0.0 73.894605494342,18.543283384519,0.0 73.894601613620,18.543300200981,0.0 73.894596439324,18.543310980764,0.0 73.894584797158,18.543326503652,0.0 73.894575742140,18.543334696288,0.0 73.894560219252,18.543343751306,0.0 73.894543402790,18.543350650367,0.0 73.894508476291,18.543362292533,0.0 73.894487779107,18.543367898021,0.0 73.894460614053,18.543373072317,0.0 73.894436036147,18.543376090656,0.0 73.894389467483,18.543379971378,0.0 73.894357128132,18.543381696143,0.0 73.894306678746,18.543382989717,0.0 73.894254935786,18.543383420909,0.0 73.894150156291,18.543383420909,0.0 73.894098413331,18.543383852100,0.0 73.894047963944,18.543385145674,0.0 73.894015624594,18.543386870440,0.0 73.893969055930,18.543390751162,0.0 73.893944478023,18.543393769501,0.0 73.893917312969,18.543398943797,0.0 73.893896615785,18.543404549284,0.0 73.893861689287,18.543416191450,0.0 73.893844872825,18.543423090512,0.0 73.893829349937,18.543432145530,0.0 73.893820294919,18.543440338165,0.0 73.893808652753,18.543455861053,0.0 73.893803478456,18.543466640837,0.0 73.893799597734,18.543483457299,0.0 73.893798304160,18.543500704952,0.0 73.893798304160,18.543535631451,0.0 73.893797441778,18.543552879104,0.0 73.893794854630,18.543569695566,0.0 73.893791405099,18.543580475350,0.0 73.893783643655,18.543595998238,0.0 73.893777606976,18.543604190873,0.0 73.893767258384,18.543613245891,0.0 73.893756047409,18.543620144952,0.0 73.893732763077,18.543631787119,0.0 73.893718964955,18.543637392606,0.0 73.893700854918,18.543642566902,0.0 73.893684469648,18.543645585241,0.0 73.893653423871,18.543649465963,0.0 73.893631864305,18.543651190729,0.0 73.893598231380,18.543652484303,0.0 73.893563736073,18.543652915494,0.0 73.893493883077,18.543652915494,0.0 73.893459387770,18.543653346685,0.0 73.893425754846,18.543654640259,0.0 73.893404195279,18.543656365025,0.0 73.893373149503,18.543660245747,0.0 73.893356764232,18.543663264086,0.0 73.893338654196,18.543668438382,0.0 73.893324856073,18.543674043870,0.0 73.893301571741,18.543685686036,0.0 73.893290360766,18.543692585097,0.0 73.893280012174,18.543701640115,0.0 73.893273975495,18.543709832750,0.0 73.893266214051,18.543725355639,0.0 73.893262764521,18.543736135422,0.0 73.893260177373,18.543752951884,0.0 73.893259314990,18.543770199538,0.0 73.893259314990,18.543805126036,0.0 73.893257590225,18.543822373689,0.0 73.893252415929,18.543839190151,0.0 73.893245516867,18.543849969935,0.0 73.893229993979,18.543865492823,0.0 73.893217920622,18.543873685458,0.0 73.893197223438,18.543882740476,0.0 73.893174801488,18.543889639538,0.0 73.893128232824,18.543901281704,0.0 73.893100636578,18.543906887191,0.0 73.893064416506,18.543912061487,0.0 73.893031645964,18.543915079827,0.0 73.892969554412,18.543918960549,0.0 73.892926435278,18.543920685314,0.0 73.892859169430,18.543921978888,0.0 73.892790178816,18.543922410079,0.0 73.892650472823,18.543922410079,0.0 73.892581482209,18.543921116505,0.0 73.892514216361,18.543917235783,0.0 73.892471097227,18.543912061487,0.0 73.892409005675,18.543900419321,0.0 73.892376235133,18.543891364303,0.0 73.892340015061,18.543875841415,0.0 73.892312418815,18.543859024953,0.0 73.892265850151,18.543824098455,0.0 73.892243428201,18.543803401270,0.0 73.892222731017,18.543776236216,0.0 73.892210657660,18.543751658310,0.0 73.892195134772,18.543705089646,0.0 73.892188235710,18.543672750296,0.0 73.892183061414,18.543622300909,0.0 73.892181336649,18.543570557949,0.0</coordinates>
                        </LinearRing>
                    </outerBoundaryIs>
                </Polygon>
            </Placemark>
            <Placemark id="1207">
                <name>Class 2 - 7</name>
                <styleUrl>#1212</styleUrl>
                <Polygon id="1206">
                    <outerBoundaryIs>
                        <LinearRing id="1210">
                            <coordinates>73.896493250013,18.542727147695,0.0 73.896493250013,18.542692221197,0.0 73.896492818821,18.542674973543,0.0 73.896491525247,18.542658157081,0.0 73.896489800482,18.542647377298,0.0 73.896485919760,18.542631854410,0.0 73.896482901421,18.542623661774,0.0 73.896477727125,18.542614606756,0.0 73.896472121637,18.542607707695,0.0 73.896460479471,18.542596065529,0.0 73.896453580410,18.542590460041,0.0 73.896444525392,18.542585285745,0.0 73.896436332756,18.542582267406,0.0 73.896420809868,18.542578386684,0.0 73.896410030085,18.542576661918,0.0 73.896393213623,18.542575368344,0.0 73.896375965969,18.542574937153,0.0 73.896341039471,18.542574937153,0.0 73.896323791818,18.542574074770,0.0 73.896306975355,18.542571487622,0.0 73.896296195572,18.542568038092,0.0 73.896280672684,18.542560276648,0.0 73.896272480049,18.542554239969,0.0 73.896263425030,18.542543891377,0.0 73.896256525969,18.542532680402,0.0 73.896244883803,18.542509396070,0.0 73.896239278316,18.542495597947,0.0 73.896234104020,18.542477487911,0.0 73.896231085680,18.542461102640,0.0 73.896227204958,18.542430056864,0.0 73.896225480193,18.542408497297,0.0 73.896224186619,18.542374864373,0.0 73.896223755428,18.542340369066,0.0 73.896223755428,18.542270516070,0.0 73.896225480193,18.542236020763,0.0 73.896230654489,18.542202387838,0.0 73.896237553550,18.542180828272,0.0 73.896253076438,18.542149782495,0.0 73.896265149796,18.542133397225,0.0 73.896285846980,18.542115287189,0.0 73.896308268929,18.542101489066,0.0 73.896354837594,18.542078204734,0.0 73.896382433839,18.542066993759,0.0 73.896418653912,18.542056645167,0.0 73.896451424453,18.542050608488,0.0 73.896513516006,18.542042847044,0.0 73.896556635139,18.542039397513,0.0 73.896623900988,18.542036810365,0.0 73.896692891602,18.542035947983,0.0 73.896832597595,18.542035947983,0.0 73.896901588208,18.542035516791,0.0 73.896968854057,18.542034223217,0.0 73.897011973190,18.542032498452,0.0 73.897074064743,18.542028617730,0.0 73.897106835284,18.542025599391,0.0 73.897143055357,18.542020425095,0.0 73.897170651602,18.542014819607,0.0 73.897217220267,18.542003177441,0.0 73.897239642216,18.541996278380,0.0 73.897260339400,18.541987223362,0.0 73.897272412758,18.541979030726,0.0 73.897287935646,18.541963507838,0.0 73.897294834707,18.541952728055,0.0 73.897300009003,18.541935911593,0.0 73.897301733769,18.541918663939,0.0 73.897301733769,18.541883737441,0.0 73.897302164960,18.541866489787,0.0 73.897303458534,18.541849673325,0.0 73.897305183299,18.541838893542,0.0 73.897309064021,18.541823370654,0.0 73.897312082361,18.541815178018,0.0 73.897317256657,18.541806123000,0.0 73.897322862144,18.541799223939,0.0 73.897334504310,18.541787581773,0.0 73.897341403371,18.541781976286,0.0 73.897350458390,18.541776801989,0.0 73.897358651025,18.541773783650,0.0 73.897374173913,18.541769902928,0.0 73.897384953696,18.541768178163,0.0 73.897401770159,18.541766884589,0.0 73.897419017812,18.541766453397,0.0 73.897453944310,18.541766453397,0.0 73.897471191964,18.541766022206,0.0 73.897488008426,18.541764728632,0.0 73.897498788209,18.541763003867,0.0 73.897514311097,18.541759123145,0.0 73.897522503733,18.541756104805,0.0 73.897531558751,18.541750930509,0.0 73.897538457812,18.541745325022,0.0 73.897550099978,18.541733682856,0.0 73.897555705466,18.541726783794,0.0 73.897560879762,18.541717728776,0.0 73.897563898101,18.541709536141,0.0 73.897567778823,18.541694013253,0.0 73.897569503588,18.541683233469,0.0 73.897570797162,18.541666417007,0.0 73.897571228354,18.541649169354,0.0 73.897571228354,18.541614242856,0.0 73.897572090736,18.541596995202,0.0 73.897574677884,18.541580178740,0.0 73.897578127415,18.541569398957,0.0 73.897585888859,18.541553876069,0.0 73.897591925538,18.541545683433,0.0 73.897602274130,18.541536628415,0.0 73.897613485105,18.541529729354,0.0 73.897636769437,18.541518087188,0.0 73.897650567560,18.541512481700,0.0 73.897668677596,18.541507307404,0.0 73.897685062867,18.541504289065,0.0 73.897716108643,18.541500408343,0.0 73.897737668210,18.541498683578,0.0 73.897771301134,18.541497390003,0.0 73.897805796441,18.541496958812,0.0 73.897875649437,18.541496958812,0.0 73.897910144744,18.541497390003,0.0 73.897943777668,18.541498683578,0.0 73.897965337235,18.541500408343,0.0 73.897996383011,18.541504289065,0.0 73.898012768282,18.541507307404,0.0 73.898030878318,18.541512481700,0.0 73.898044676441,18.541518087188,0.0 73.898067960773,18.541529729354,0.0 73.898079171748,18.541536628415,0.0 73.898089520340,18.541545683433,0.0 73.898095557019,18.541553876069,0.0 73.898103318463,18.541569398957,0.0 73.898106767994,18.541580178740,0.0 73.898109355142,18.541596995202,0.0 73.898110217524,18.541614242856,0.0 73.898110217524,18.541649169354,0.0 73.898111079907,18.541666417007,0.0 73.898113667055,18.541683233469,0.0 73.898117116586,18.541694013253,0.0 73.898124878030,18.541709536141,0.0 73.898130914708,18.541717728776,0.0 73.898141263300,18.541726783794,0.0 73.898152474275,18.541733682856,0.0 73.898175758607,18.541745325022,0.0 73.898189556730,18.541750930509,0.0 73.898207666766,18.541756104805,0.0 73.898224052037,18.541759123145,0.0 73.898255097813,18.541763003867,0.0 73.898276657380,18.541764728632,0.0 73.898310290304,18.541766022206,0.0 73.898344785611,18.541766453397,0.0 73.898414638608,18.541766453397,0.0 73.898449133915,18.541766884589,0.0 73.898482766839,18.541768178163,0.0 73.898504326406,18.541769902928,0.0 73.898535372182,18.541773783650,0.0 73.898551757453,18.541776801989,0.0 73.898569867489,18.541781976286,0.0 73.898583665612,18.541787581773,0.0 73.898606949944,18.541799223939,0.0 73.898618160918,18.541806123000,0.0 73.898628509511,18.541815178018,0.0 73.898634546189,18.541823370654,0.0 73.898642307633,18.541838893542,0.0 73.898645757164,18.541849673325,0.0 73.898648344312,18.541866489787,0.0 73.898649206695,18.541883737441,0.0 73.898649206695,18.541918663939,0.0 73.898648775503,18.541935911593,0.0 73.898647481929,18.541952728055,0.0 73.898645757164,18.541963507838,0.0 73.898641876442,18.541979030726,0.0 73.898638858103,18.541987223362,0.0 73.898633683807,18.541996278380,0.0 73.898628078319,18.542003177441,0.0 73.898616436153,18.542014819607,0.0 73.898609537092,18.542020425095,0.0 73.898600482074,18.542025599391,0.0 73.898592289438,18.542028617730,0.0 73.898576766550,18.542032498452,0.0 73.898565986767,18.542034223217,0.0 73.898549170305,18.542035516791,0.0 73.898531922651,18.542035947983,0.0 73.898496996153,18.542035947983,0.0 73.898479748499,18.542036379174,0.0 73.898462932037,18.542037672748,0.0 73.898452152254,18.542039397513,0.0 73.898436629366,18.542043278235,0.0 73.898428436730,18.542046296575,0.0 73.898419381712,18.542051470871,0.0 73.898412482651,18.542057076358,0.0 73.898400840485,18.542068718524,0.0 73.898395234998,18.542075617586,0.0 73.898390060702,18.542084672604,0.0 73.898387042362,18.542092865239,0.0 73.898383161640,18.542108388127,0.0 73.898381436875,18.542119167911,0.0 73.898380143301,18.542135984373,0.0 73.898379712109,18.542153232026,0.0 73.898379712109,18.542188158524,0.0 73.898378418535,18.542205406178,0.0 73.898374537813,18.542222222640,0.0 73.898369363517,18.542233002423,0.0 73.898357721351,18.542248525311,0.0 73.898348666333,18.542256717947,0.0 73.898333143445,18.542265772965,0.0 73.898316326983,18.542272672026,0.0 73.898281400485,18.542284314192,0.0 73.898260703301,18.542289919680,0.0 73.898233538246,18.542295093976,0.0 73.898208960340,18.542298112315,0.0 73.898162391676,18.542301993037,0.0 73.898130052326,18.542303717803,0.0 73.898079602939,18.542305011377,0.0 73.898027859979,18.542305442568,0.0 73.897923080484,18.542305442568,0.0 73.897871337524,18.542305873759,0.0 73.897820888138,18.542307167333,0.0 73.897788548787,18.542308892099,0.0 73.897741980123,18.542312772821,0.0 73.897717402217,18.542315791160,0.0 73.897690237163,18.542320965456,0.0 73.897669539978,18.542326570943,0.0 73.897634613480,18.542338213109,0.0 73.897617797018,18.542345112171,0.0 73.897602274130,18.542354167189,0.0 73.897593219112,18.542362359824,0.0 73.897581576946,18.542377882712,0.0 73.897576402650,18.542388662496,0.0 73.897572521928,18.542405478958,0.0 73.897571228354,18.542422726611,0.0 73.897571228354,18.542457653110,0.0 73.897570365971,18.542474900763,0.0 73.897567778823,18.542491717225,0.0 73.897564329292,18.542502497009,0.0 73.897556567848,18.542518019897,0.0 73.897550531170,18.542526212532,0.0 73.897540182578,18.542535267550,0.0 73.897528971603,18.542542166612,0.0 73.897505687271,18.542553808778,0.0 73.897491889148,18.542559414265,0.0 73.897473779112,18.542564588561,0.0 73.897457393841,18.542567606900,0.0 73.897426348065,18.542571487622,0.0 73.897404788498,18.542573212388,0.0 73.897371155574,18.542574505962,0.0 73.897336660267,18.542574937153,0.0 73.897266807270,18.542574937153,0.0 73.897232311963,18.542575368344,0.0 73.897198679039,18.542576661918,0.0 73.897177119472,18.542578386684,0.0 73.897146073696,18.542582267406,0.0 73.897129688425,18.542585285745,0.0 73.897111578389,18.542590460041,0.0 73.897097780266,18.542596065529,0.0 73.897074495934,18.542607707695,0.0 73.897063284959,18.542614606756,0.0 73.897052936367,18.542623661774,0.0 73.897046899689,18.542631854410,0.0 73.897039138245,18.542647377298,0.0 73.897035688714,18.542658157081,0.0 73.897033101566,18.542674973543,0.0 73.897032239183,18.542692221197,0.0 73.897032239183,18.542727147695,0.0 73.897031376801,18.542744395348,0.0 73.897028789653,18.542761211810,0.0 73.897025340122,18.542771991594,0.0 73.897017578678,18.542787514482,0.0 73.897011541999,18.542795707117,0.0 73.897001193407,18.542804762135,0.0 73.896989982432,18.542811661197,0.0 73.896966698100,18.542823303363,0.0 73.896952899977,18.542828908850,0.0 73.896934789941,18.542834083146,0.0 73.896918404670,18.542837101486,0.0 73.896887358894,18.542840982208,0.0 73.896865799327,18.542842706973,0.0 73.896832166403,18.542844000547,0.0 73.896797671096,18.542844431738,0.0 73.896727818100,18.542844431738,0.0 73.896693322793,18.542844000547,0.0 73.896659689869,18.542842706973,0.0 73.896638130302,18.542840982208,0.0 73.896607084526,18.542837101486,0.0 73.896590699255,18.542834083146,0.0 73.896572589219,18.542828908850,0.0 73.896558791096,18.542823303363,0.0 73.896535506764,18.542811661197,0.0 73.896524295789,18.542804762135,0.0 73.896513947197,18.542795707117,0.0 73.896507910518,18.542787514482,0.0 73.896500149074,18.542771991594,0.0 73.896496699543,18.542761211810,0.0 73.896494112395,18.542744395348,0.0 73.896493250013,18.542727147695,0.0</coordinates>
                        </LinearRing>
                    </outerBoundaryIs>
                </Polygon>
            </Placemark>
            <Placemark id="1216">
                <name>Class 2 - 8</name>
                <styleUrl>#1221</styleUrl>
                <Polygon id="1215">
                    <outerBoundaryIs>
                        <LinearRing id="1219">
                            <coordinates>73.899996679621,18.541531885310,0.0 73.899996679621,18.541462032314,0.0 73.899998835578,18.541427537007,0.0 73.900005303448,18.541393904083,0.0 73.900013927274,18.541372344516,0.0 73.900033330884,18.541341298740,0.0 73.900048422581,18.541324913469,0.0 73.900074294061,18.541306803433,0.0 73.900102321498,18.541293005310,0.0 73.900160532329,18.541269720978,0.0 73.900195027636,18.541258510003,0.0 73.900240302726,18.541248161411,0.0 73.900281265903,18.541242124732,0.0 73.900358880343,18.541234363288,0.0 73.900412779260,18.541230913758,0.0 73.900496861571,18.541228326610,0.0 73.900583099838,18.541227464227,0.0 73.900757732330,18.541227464227,0.0 73.900843970597,18.541227033036,0.0 73.900928052907,18.541225739462,0.0 73.900981951824,18.541224014696,0.0 73.901059566265,18.541220133974,0.0 73.901100529442,18.541217115635,0.0 73.901145804532,18.541211941339,0.0 73.901180299839,18.541206335851,0.0 73.901238510670,18.541194693685,0.0 73.901266538106,18.541187794624,0.0 73.901292409587,18.541178739606,0.0 73.901307501283,18.541170546971,0.0 73.901326904894,18.541155024082,0.0 73.901335528720,18.541144244299,0.0 73.901341996590,18.541127427837,0.0 73.901344152547,18.541110180183,0.0 73.901344152547,18.541075253685,0.0 73.901348033269,18.541058006032,0.0 73.901359675435,18.541041189570,0.0 73.901375198323,18.541030409786,0.0 73.901410124821,18.541014886898,0.0 73.901437289876,18.541006694263,0.0 73.901483858540,18.540997639245,0.0 73.901534307926,18.540990740183,0.0 73.901639087421,18.540979098017,0.0 73.901701178974,18.540973492530,0.0 73.901782674136,18.540968318234,0.0 73.901856407855,18.540965299894,0.0 73.901996113848,18.540961419172,0.0 73.902093131898,18.540959694407,0.0 73.902244480057,18.540958400833,0.0 73.902399708938,18.540957969642,0.0 73.902714047423,18.540957969642,0.0 73.902869276304,18.540958400833,0.0 73.903020624463,18.540959694407,0.0 73.903117642514,18.540961419172,0.0 73.903257348507,18.540965299894,0.0 73.903331082225,18.540968318234,0.0 73.903412577388,18.540973492530,0.0 73.903474668940,18.540979098017,0.0 73.903579448435,18.540990740183,0.0 73.903629897821,18.540997639245,0.0 73.903676466486,18.541006694263,0.0 73.903703631540,18.541014886898,0.0 73.903738558038,18.541030409786,0.0 73.903754080926,18.541041189570,0.0 73.903765723092,18.541058006032,0.0 73.903769603814,18.541075253685,0.0 73.903769603814,18.541110180183,0.0 73.903770035005,18.541127427837,0.0 73.903771328579,18.541144244299,0.0 73.903773053345,18.541155024082,0.0 73.903776934067,18.541170546971,0.0 73.903779952406,18.541178739606,0.0 73.903785126702,18.541187794624,0.0 73.903790732190,18.541194693685,0.0 73.903802374356,18.541206335851,0.0 73.903809273417,18.541211941339,0.0 73.903818328435,18.541217115635,0.0 73.903826521071,18.541220133974,0.0 73.903842043959,18.541224014696,0.0 73.903852823742,18.541225739462,0.0 73.903869640204,18.541227033036,0.0 73.903886887858,18.541227464227,0.0 73.903921814356,18.541227464227,0.0 73.903939062009,18.541227895418,0.0 73.903955878471,18.541229188992,0.0 73.903966658255,18.541230913758,0.0 73.903982181143,18.541234794480,0.0 73.903990373778,18.541237812819,0.0 73.903999428796,18.541242987115,0.0 73.904006327858,18.541248592602,0.0 73.904017970024,18.541260234768,0.0 73.904023575511,18.541267133830,0.0 73.904028749807,18.541276188848,0.0 73.904031768147,18.541284381483,0.0 73.904035648869,18.541299904371,0.0 73.904037373634,18.541310684155,0.0 73.904038667208,18.541327500617,0.0 73.904039098399,18.541344748270,0.0 73.904039098399,18.541379674769,0.0 73.904036511251,18.541396922422,0.0 73.904028749807,18.541413738884,0.0 73.904018401215,18.541424518668,0.0 73.903995116883,18.541440041556,0.0 73.903977006847,18.541448234191,0.0 73.903945961071,18.541457289209,0.0 73.903912328147,18.541464188271,0.0 73.903842475150,18.541475830437,0.0 73.903801080782,18.541481435924,0.0 73.903746750673,18.541486610220,0.0 73.903697594861,18.541489628559,0.0 73.903604457532,18.541493509281,0.0 73.903539778832,18.541495234047,0.0 73.903438880059,18.541496527621,0.0 73.903335394138,18.541496958812,0.0 73.903125835149,18.541496958812,0.0 73.903022349228,18.541497390003,0.0 73.902921450456,18.541498683578,0.0 73.902856771755,18.541500408343,0.0 73.902763634426,18.541504289065,0.0 73.902714478614,18.541507307404,0.0 73.902660148506,18.541512481700,0.0 73.902618754137,18.541518087188,0.0 73.902548901141,18.541529729354,0.0 73.902515268217,18.541536628415,0.0 73.902484222440,18.541545683433,0.0 73.902466112404,18.541553876069,0.0 73.902442828072,18.541569398957,0.0 73.902432479480,18.541580178740,0.0 73.902424718036,18.541596995202,0.0 73.902422130888,18.541614242856,0.0 73.902422130888,18.541649169354,0.0 73.902418250166,18.541666417007,0.0 73.902406608000,18.541683233469,0.0 73.902391085112,18.541694013253,0.0 73.902356158614,18.541709536141,0.0 73.902328993559,18.541717728776,0.0 73.902282424895,18.541726783794,0.0 73.902231975509,18.541733682856,0.0 73.902127196014,18.541745325022,0.0 73.902065104461,18.541750930509,0.0 73.901983609299,18.541756104805,0.0 73.901909875580,18.541759123145,0.0 73.901770169587,18.541763003867,0.0 73.901673151537,18.541764728632,0.0 73.901521803378,18.541766022206,0.0 73.901366574497,18.541766453397,0.0 73.901052236012,18.541766453397,0.0 73.900897007131,18.541765591015,0.0 73.900745658972,18.541763003867,0.0 73.900648640921,18.541759554336,0.0 73.900508934928,18.541751792892,0.0 73.900435201210,18.541745756213,0.0 73.900353706047,18.541735407621,0.0 73.900291614495,18.541724196646,0.0 73.900186835000,18.541700912314,0.0 73.900136385614,18.541687114192,0.0 73.900089816950,18.541669004155,0.0 73.900062651895,18.541652618885,0.0 73.900027725397,18.541621573108,0.0 73.900012202509,18.541600013542,0.0 73.900000560343,18.541566380617,0.0 73.899996679621,18.541531885310,0.0</coordinates>
                        </LinearRing>
                    </outerBoundaryIs>
                </Polygon>
            </Placemark>
            <Placemark id="1225">
                <name>Class 2 - 9</name>
                <styleUrl>#1230</styleUrl>
                <Polygon id="1224">
                    <outerBoundaryIs>
                        <LinearRing id="1228">
                            <coordinates>73.905117076740,18.541649169354,0.0 73.905117076740,18.541614242856,0.0 73.905116645549,18.541596995202,0.0 73.905115351975,18.541580178740,0.0 73.905113627210,18.541569398957,0.0 73.905109746488,18.541553876069,0.0 73.905106728148,18.541545683433,0.0 73.905101553852,18.541536628415,0.0 73.905095948365,18.541529729354,0.0 73.905084306199,18.541518087188,0.0 73.905077407137,18.541512481700,0.0 73.905068352119,18.541507307404,0.0 73.905060159484,18.541504289065,0.0 73.905044636596,18.541500408343,0.0 73.905033856812,18.541498683578,0.0 73.905017040350,18.541497390003,0.0 73.904999792697,18.541496958812,0.0 73.904964866199,18.541496958812,0.0 73.904947618545,18.541496527621,0.0 73.904930802083,18.541495234047,0.0 73.904920022300,18.541493509281,0.0 73.904904499412,18.541489628559,0.0 73.904896306776,18.541486610220,0.0 73.904887251758,18.541481435924,0.0 73.904880352697,18.541475830437,0.0 73.904868710531,18.541464188271,0.0 73.904863105043,18.541457289209,0.0 73.904857930747,18.541448234191,0.0 73.904854912408,18.541440041556,0.0 73.904851031686,18.541424518668,0.0 73.904849306920,18.541413738884,0.0 73.904848013346,18.541396922422,0.0 73.904847582155,18.541379674769,0.0 73.904847582155,18.541344748270,0.0 73.904847150964,18.541327500617,0.0 73.904845857390,18.541310684155,0.0 73.904844132624,18.541299904371,0.0 73.904840251902,18.541284381483,0.0 73.904837233563,18.541276188848,0.0 73.904832059267,18.541267133830,0.0 73.904826453780,18.541260234768,0.0 73.904814811614,18.541248592602,0.0 73.904807912552,18.541242987115,0.0 73.904798857534,18.541237812819,0.0 73.904790664899,18.541234794480,0.0 73.904775142011,18.541230913758,0.0 73.904764362227,18.541229188992,0.0 73.904747545765,18.541227895418,0.0 73.904730298112,18.541227464227,0.0 73.904695371613,18.541227464227,0.0 73.904678123960,18.541227033036,0.0 73.904661307498,18.541225739462,0.0 73.904650527714,18.541224014696,0.0 73.904635004826,18.541220133974,0.0 73.904626812191,18.541217115635,0.0 73.904617757173,18.541211941339,0.0 73.904610858111,18.541206335851,0.0 73.904599215945,18.541194693685,0.0 73.904593610458,18.541187794624,0.0 73.904588436162,18.541178739606,0.0 73.904585417823,18.541170546971,0.0 73.904581537101,18.541155024082,0.0 73.904579812335,18.541144244299,0.0 73.904578518761,18.541127427837,0.0 73.904578087570,18.541110180183,0.0 73.904578087570,18.541075253685,0.0 73.904580674718,18.541058006032,0.0 73.904588436162,18.541041189570,0.0 73.904598784754,18.541030409786,0.0 73.904622069086,18.541014886898,0.0 73.904640179122,18.541006694263,0.0 73.904671224899,18.540997639245,0.0 73.904704857823,18.540990740183,0.0 73.904774710819,18.540979098017,0.0 73.904816105188,18.540973492530,0.0 73.904870435296,18.540968318234,0.0 73.904919591108,18.540965299894,0.0 73.905012728437,18.540961419172,0.0 73.905077407137,18.540959694407,0.0 73.905178305910,18.540958400833,0.0 73.905281791831,18.540957969642,0.0 73.905491350820,18.540957969642,0.0 73.905594836741,18.540957538450,0.0 73.905695735514,18.540956244876,0.0 73.905760414214,18.540954520111,0.0 73.905853551543,18.540950639389,0.0 73.905902707355,18.540947621050,0.0 73.905957037464,18.540942446754,0.0 73.905998431832,18.540936841266,0.0 73.906068284828,18.540925199100,0.0 73.906101917753,18.540918300039,0.0 73.906132963529,18.540909245021,0.0 73.906151073565,18.540901052385,0.0 73.906174357897,18.540885529497,0.0 73.906184706489,18.540874749714,0.0 73.906192467933,18.540857933252,0.0 73.906195055081,18.540840685598,0.0 73.906195055081,18.540805759100,0.0 73.906197211038,18.540788511446,0.0 73.906203678908,18.540771694984,0.0 73.906212302735,18.540760915201,0.0 73.906231706345,18.540745392313,0.0 73.906246798042,18.540737199677,0.0 73.906272669522,18.540728144659,0.0 73.906300696959,18.540721245598,0.0 73.906358907789,18.540709603432,0.0 73.906393403096,18.540703997945,0.0 73.906438678186,18.540698823649,0.0 73.906479641363,18.540695805309,0.0 73.906557255804,18.540691924587,0.0 73.906611154721,18.540690199822,0.0 73.906695237031,18.540688906248,0.0 73.906781475299,18.540688475056,0.0 73.906956107790,18.540688475056,0.0 73.907042346057,18.540688906248,0.0 73.907126428368,18.540690199822,0.0 73.907180327285,18.540691924587,0.0 73.907257941725,18.540695805309,0.0 73.907298904902,18.540698823649,0.0 73.907344179993,18.540703997945,0.0 73.907378675300,18.540709603432,0.0 73.907436886130,18.540721245598,0.0 73.907464913567,18.540728144659,0.0 73.907490785047,18.540737199677,0.0 73.907505876744,18.540745392313,0.0 73.907525280354,18.540760915201,0.0 73.907533904181,18.540771694984,0.0 73.907540372051,18.540788511446,0.0 73.907542528007,18.540805759100,0.0 73.907542528007,18.540840685598,0.0 73.907542959199,18.540857933252,0.0 73.907544252773,18.540874749714,0.0 73.907545977538,18.540885529497,0.0 73.907549858260,18.540901052385,0.0 73.907552876600,18.540909245021,0.0 73.907558050896,18.540918300039,0.0 73.907563656383,18.540925199100,0.0 73.907575298549,18.540936841266,0.0 73.907582197610,18.540942446754,0.0 73.907591252628,18.540947621050,0.0 73.907599445264,18.540950639389,0.0 73.907614968152,18.540954520111,0.0 73.907625747935,18.540956244876,0.0 73.907642564398,18.540957538450,0.0 73.907659812051,18.540957969642,0.0 73.907694738549,18.540957969642,0.0 73.907711986203,18.540957538450,0.0 73.907728802665,18.540956244876,0.0 73.907739582448,18.540954520111,0.0 73.907755105336,18.540950639389,0.0 73.907763297972,18.540947621050,0.0 73.907772352990,18.540942446754,0.0 73.907779252051,18.540936841266,0.0 73.907790894217,18.540925199100,0.0 73.907796499705,18.540918300039,0.0 73.907801674001,18.540909245021,0.0 73.907804692340,18.540901052385,0.0 73.907808573062,18.540885529497,0.0 73.907810297827,18.540874749714,0.0 73.907811591401,18.540857933252,0.0 73.907812022593,18.540840685598,0.0 73.907812022593,18.540805759100,0.0 73.907814178549,18.540788511446,0.0 73.907820646419,18.540771694984,0.0 73.907829270246,18.540760915201,0.0 73.907848673856,18.540745392313,0.0 73.907863765553,18.540737199677,0.0 73.907889637033,18.540728144659,0.0 73.907917664470,18.540721245598,0.0 73.907975875301,18.540709603432,0.0 73.908010370607,18.540703997945,0.0 73.908055645698,18.540698823649,0.0 73.908096608875,18.540695805309,0.0 73.908174223315,18.540691924587,0.0 73.908228122232,18.540690199822,0.0 73.908312204543,18.540688906248,0.0 73.908398442810,18.540688475056,0.0 73.908573075301,18.540688475056,0.0 73.908659313569,18.540688043865,0.0 73.908743395879,18.540686750291,0.0 73.908797294796,18.540685025526,0.0 73.908874909237,18.540681144804,0.0 73.908915872414,18.540678126464,0.0 73.908961147504,18.540672952168,0.0 73.908995642811,18.540667346681,0.0 73.909053853641,18.540655704515,0.0 73.909081881078,18.540648805454,0.0 73.909107752559,18.540639750435,0.0 73.909122844255,18.540631557800,0.0 73.909142247865,18.540616034912,0.0 73.909150871692,18.540605255129,0.0 73.909157339562,18.540588438666,0.0 73.909159495519,18.540571191013,0.0 73.909159495519,18.540536264515,0.0 73.909159926710,18.540519016861,0.0 73.909161220284,18.540502200399,0.0 73.909162945050,18.540491420616,0.0 73.909166825772,18.540475897728,0.0 73.909169844111,18.540467705092,0.0 73.909175018407,18.540458650074,0.0 73.909180623894,18.540451751013,0.0 73.909192266060,18.540440108847,0.0 73.909199165122,18.540434503359,0.0 73.909208220140,18.540429329063,0.0 73.909216412775,18.540426310724,0.0 73.909231935663,18.540422430002,0.0 73.909242715447,18.540420705237,0.0 73.909259531909,18.540419411663,0.0 73.909276779562,18.540418980471,0.0 73.909311706061,18.540418980471,0.0 73.909328953714,18.540419411663,0.0 73.909345770176,18.540420705237,0.0 73.909356549960,18.540422430002,0.0 73.909372072848,18.540426310724,0.0 73.909380265483,18.540429329063,0.0 73.909389320501,18.540434503359,0.0 73.909396219563,18.540440108847,0.0 73.909407861729,18.540451751013,0.0 73.909413467216,18.540458650074,0.0 73.909418641512,18.540467705092,0.0 73.909421659851,18.540475897728,0.0 73.909425540573,18.540491420616,0.0 73.909427265339,18.540502200399,0.0 73.909428558913,18.540519016861,0.0 73.909428990104,18.540536264515,0.0 73.909428990104,18.540571191013,0.0 73.909429421295,18.540588438666,0.0 73.909430714869,18.540605255129,0.0 73.909432439635,18.540616034912,0.0 73.909436320357,18.540631557800,0.0 73.909439338696,18.540639750435,0.0 73.909444512992,18.540648805454,0.0 73.909450118480,18.540655704515,0.0 73.909461760646,18.540667346681,0.0 73.909468659707,18.540672952168,0.0 73.909477714725,18.540678126464,0.0 73.909485907361,18.540681144804,0.0 73.909501430249,18.540685025526,0.0 73.909512210032,18.540686750291,0.0 73.909529026494,18.540688043865,0.0 73.909546274148,18.540688475056,0.0 73.909581200646,18.540688475056,0.0 73.909598448299,18.540688043865,0.0 73.909615264761,18.540686750291,0.0 73.909626044545,18.540685025526,0.0 73.909641567433,18.540681144804,0.0 73.909649760068,18.540678126464,0.0 73.909658815086,18.540672952168,0.0 73.909665714148,18.540667346681,0.0 73.909677356314,18.540655704515,0.0 73.909682961801,18.540648805454,0.0 73.909688136097,18.540639750435,0.0 73.909691154437,18.540631557800,0.0 73.909695035159,18.540616034912,0.0 73.909696759924,18.540605255129,0.0 73.909698053498,18.540588438666,0.0 73.909698484689,18.540571191013,0.0 73.909698484689,18.540536264515,0.0 73.909698915881,18.540519016861,0.0 73.909700209455,18.540502200399,0.0 73.909701934220,18.540491420616,0.0 73.909705814942,18.540475897728,0.0 73.909708833281,18.540467705092,0.0 73.909714007577,18.540458650074,0.0 73.909719613065,18.540451751013,0.0 73.909731255231,18.540440108847,0.0 73.909738154292,18.540434503359,0.0 73.909747209310,18.540429329063,0.0 73.909755401946,18.540426310724,0.0 73.909770924834,18.540422430002,0.0 73.909781704617,18.540420705237,0.0 73.909798521079,18.540419411663,0.0 73.909815768733,18.540418980471,0.0 73.909850695231,18.540418980471,0.0 73.909867942885,18.540419842854,0.0 73.909884759347,18.540422430002,0.0 73.909895539130,18.540425879533,0.0 73.909911062018,18.540433640977,0.0 73.909919254654,18.540439677655,0.0 73.909928309672,18.540450026247,0.0 73.909935208733,18.540461237222,0.0 73.909946850899,18.540484521554,0.0 73.909952456386,18.540498319677,0.0 73.909957630683,18.540516429713,0.0 73.909960649022,18.540532814984,0.0 73.909964529744,18.540563860760,0.0 73.909966254509,18.540585420327,0.0 73.909967548083,18.540619053251,0.0 73.909967979275,18.540653548558,0.0 73.909967979275,18.540723401555,0.0 73.909967548083,18.540757896862,0.0 73.909966254509,18.540791529786,0.0 73.909964529744,18.540813089353,0.0 73.909960649022,18.540844135129,0.0 73.909957630683,18.540860520400,0.0 73.909952456386,18.540878630436,0.0 73.909946850899,18.540892428559,0.0 73.909935208733,18.540915712891,0.0 73.909928309672,18.540926923865,0.0 73.909919254654,18.540937272458,0.0 73.909911062018,18.540943309136,0.0 73.909895539130,18.540951070580,0.0 73.909884759347,18.540954520111,0.0 73.909867942885,18.540957107259,0.0 73.909850695231,18.540957969642,0.0 73.909815768733,18.540957969642,0.0 73.909798521079,18.540958400833,0.0 73.909781704617,18.540959694407,0.0 73.909770924834,18.540961419172,0.0 73.909755401946,18.540965299894,0.0 73.909747209310,18.540968318234,0.0 73.909738154292,18.540973492530,0.0 73.909731255231,18.540979098017,0.0 73.909719613065,18.540990740183,0.0 73.909714007577,18.540997639245,0.0 73.909708833281,18.541006694263,0.0 73.909705814942,18.541014886898,0.0 73.909701934220,18.541030409786,0.0 73.909700209455,18.541041189570,0.0 73.909698915881,18.541058006032,0.0 73.909698484689,18.541075253685,0.0 73.909698484689,18.541110180183,0.0 73.909693741585,18.541127427837,0.0 73.909679512271,18.541144244299,0.0 73.909660539852,18.541155024082,0.0 73.909617851909,18.541170546971,0.0 73.909584650177,18.541178739606,0.0 73.909527732920,18.541187794624,0.0 73.909466072559,18.541194693685,0.0 73.909338008732,18.541206335851,0.0 73.909262119057,18.541211941339,0.0 73.909162513858,18.541217115635,0.0 73.909072394869,18.541220133974,0.0 73.908901643100,18.541224014696,0.0 73.908783065482,18.541225739462,0.0 73.908598084399,18.541227033036,0.0 73.908408360211,18.541227464227,0.0 73.908024168730,18.541227464227,0.0 73.907834444542,18.541227895418,0.0 73.907649463459,18.541229188992,0.0 73.907530885841,18.541230913758,0.0 73.907360134072,18.541234794480,0.0 73.907270015083,18.541237812819,0.0 73.907170409884,18.541242987115,0.0 73.907094520209,18.541248592602,0.0 73.906966456382,18.541260234768,0.0 73.906904796021,18.541267133830,0.0 73.906847878765,18.541276188848,0.0 73.906814677032,18.541284381483,0.0 73.906771989089,18.541299904371,0.0 73.906753016671,18.541310684155,0.0 73.906738787356,18.541327500617,0.0 73.906734044252,18.541344748270,0.0 73.906734044252,18.541379674769,0.0 73.906733181869,18.541396922422,0.0 73.906730594721,18.541413738884,0.0 73.906727145190,18.541424518668,0.0 73.906719383746,18.541440041556,0.0 73.906713347068,18.541448234191,0.0 73.906702998476,18.541457289209,0.0 73.906691787501,18.541464188271,0.0 73.906668503169,18.541475830437,0.0 73.906654705046,18.541481435924,0.0 73.906636595010,18.541486610220,0.0 73.906620209739,18.541489628559,0.0 73.906589163963,18.541493509281,0.0 73.906567604396,18.541495234047,0.0 73.906533971472,18.541496527621,0.0 73.906499476165,18.541496958812,0.0 73.906429623168,18.541496958812,0.0 73.906395127861,18.541497390003,0.0 73.906361494937,18.541498683578,0.0 73.906339935370,18.541500408343,0.0 73.906308889594,18.541504289065,0.0 73.906292504323,18.541507307404,0.0 73.906274394287,18.541512481700,0.0 73.906260596164,18.541518087188,0.0 73.906237311832,18.541529729354,0.0 73.906226100857,18.541536628415,0.0 73.906215752265,18.541545683433,0.0 73.906209715587,18.541553876069,0.0 73.906201954143,18.541569398957,0.0 73.906198504612,18.541580178740,0.0 73.906195917464,18.541596995202,0.0 73.906195055081,18.541614242856,0.0 73.906195055081,18.541649169354,0.0 73.906193330316,18.541666417007,0.0 73.906188156020,18.541683233469,0.0 73.906181256959,18.541694013253,0.0 73.906165734070,18.541709536141,0.0 73.906153660713,18.541717728776,0.0 73.906132963529,18.541726783794,0.0 73.906110541579,18.541733682856,0.0 73.906063972915,18.541745325022,0.0 73.906036376669,18.541750930509,0.0 73.906000156597,18.541756104805,0.0 73.905967386056,18.541759123145,0.0 73.905905294503,18.541763003867,0.0 73.905862175370,18.541764728632,0.0 73.905794909521,18.541766022206,0.0 73.905725918907,18.541766453397,0.0 73.905586212914,18.541766453397,0.0 73.905517222300,18.541766022206,0.0 73.905449956452,18.541764728632,0.0 73.905406837318,18.541763003867,0.0 73.905344745766,18.541759123145,0.0 73.905311975224,18.541756104805,0.0 73.905275755152,18.541750930509,0.0 73.905248158907,18.541745325022,0.0 73.905201590242,18.541733682856,0.0 73.905179168293,18.541726783794,0.0 73.905158471109,18.541717728776,0.0 73.905146397751,18.541709536141,0.0 73.905130874863,18.541694013253,0.0 73.905123975802,18.541683233469,0.0 73.905118801506,18.541666417007,0.0 73.905117076740,18.541649169354,0.0</coordinates>
                        </LinearRing>
                    </outerBoundaryIs>
                </Polygon>
            </Placemark>
            <Placemark id="1234">
                <name>Class 2 - 10</name>
                <styleUrl>#1239</styleUrl>
                <Polygon id="1233">
                    <outerBoundaryIs>
                        <LinearRing id="1237">
                            <coordinates>73.910776463030,18.540301696428,0.0 73.910776463030,18.540266769929,0.0 73.910776894222,18.540249522276,0.0 73.910778187796,18.540232705814,0.0 73.910779912561,18.540221926030,0.0 73.910783793283,18.540206403142,0.0 73.910786811622,18.540198210507,0.0 73.910791985918,18.540189155489,0.0 73.910797591406,18.540182256428,0.0 73.910809233572,18.540170614261,0.0 73.910816132633,18.540165008774,0.0 73.910825187651,18.540159834478,0.0 73.910833380287,18.540156816139,0.0 73.910848903175,18.540152935417,0.0 73.910859682958,18.540151210651,0.0 73.910876499420,18.540149917077,0.0 73.910893747074,18.540149485886,0.0 73.910928673572,18.540149485886,0.0 73.910945921225,18.540149917077,0.0 73.910962737688,18.540151210651,0.0 73.910973517471,18.540152935417,0.0 73.910989040359,18.540156816139,0.0 73.910997232995,18.540159834478,0.0 73.911006288013,18.540165008774,0.0 73.911013187074,18.540170614261,0.0 73.911024829240,18.540182256428,0.0 73.911030434727,18.540189155489,0.0 73.911035609023,18.540198210507,0.0 73.911038627363,18.540206403142,0.0 73.911042508085,18.540221926030,0.0 73.911044232850,18.540232705814,0.0 73.911045526424,18.540249522276,0.0 73.911045957616,18.540266769929,0.0 73.911045957616,18.540301696428,0.0 73.911045526424,18.540318944081,0.0 73.911044232850,18.540335760543,0.0 73.911042508085,18.540346540327,0.0 73.911038627363,18.540362063215,0.0 73.911035609023,18.540370255850,0.0 73.911030434727,18.540379310868,0.0 73.911024829240,18.540386209930,0.0 73.911013187074,18.540397852096,0.0 73.911006288013,18.540403457583,0.0 73.910997232995,18.540408631879,0.0 73.910989040359,18.540411650218,0.0 73.910973517471,18.540415530941,0.0 73.910962737688,18.540417255706,0.0 73.910945921225,18.540418549280,0.0 73.910928673572,18.540418980471,0.0 73.910893747074,18.540418980471,0.0 73.910876499420,18.540418549280,0.0 73.910859682958,18.540417255706,0.0 73.910848903175,18.540415530941,0.0 73.910833380287,18.540411650218,0.0 73.910825187651,18.540408631879,0.0 73.910816132633,18.540403457583,0.0 73.910809233572,18.540397852096,0.0 73.910797591406,18.540386209930,0.0 73.910791985918,18.540379310868,0.0 73.910786811622,18.540370255850,0.0 73.910783793283,18.540362063215,0.0 73.910779912561,18.540346540327,0.0 73.910778187796,18.540335760543,0.0 73.910776894222,18.540318944081,0.0 73.910776463030,18.540301696428,0.0</coordinates>
                        </LinearRing>
                    </outerBoundaryIs>
                </Polygon>
            </Placemark>
            <Placemark id="1243">
                <name>Class 2 - 11</name>
                <styleUrl>#1248</styleUrl>
                <Polygon id="1242">
                    <outerBoundaryIs>
                        <LinearRing id="1246">
                            <coordinates>73.911854441371,18.540184412384,0.0 73.911854441371,18.540114559388,0.0 73.911855303754,18.540080064081,0.0 73.911857890902,18.540046431157,0.0 73.911861340433,18.540024871590,0.0 73.911869101877,18.539993825814,0.0 73.911875138555,18.539977440543,0.0 73.911885487147,18.539959330507,0.0 73.911896698122,18.539945532384,0.0 73.911919982454,18.539922248052,0.0 73.911933780577,18.539911037077,0.0 73.911951890613,18.539900688485,0.0 73.911968275884,18.539894651806,0.0 73.911999321660,18.539886890362,0.0 73.912020881227,18.539883440831,0.0 73.912054514151,18.539880853683,0.0 73.912089009458,18.539879991301,0.0 73.912158862455,18.539879991301,0.0 73.912193357762,18.539879560109,0.0 73.912226990686,18.539878266535,0.0 73.912248550253,18.539876541770,0.0 73.912279596029,18.539872661048,0.0 73.912295981300,18.539869642709,0.0 73.912314091336,18.539864468413,0.0 73.912327889459,18.539858862925,0.0 73.912351173791,18.539847220759,0.0 73.912362384766,18.539840321698,0.0 73.912372733358,18.539831266680,0.0 73.912378770036,18.539823074044,0.0 73.912386531480,18.539807551156,0.0 73.912389981011,18.539796771373,0.0 73.912392568159,18.539779954911,0.0 73.912393430542,18.539762707257,0.0 73.912393430542,18.539727780759,0.0 73.912396017690,18.539710533106,0.0 73.912403779134,18.539693716643,0.0 73.912414127726,18.539682936860,0.0 73.912437412058,18.539667413972,0.0 73.912455522094,18.539659221337,0.0 73.912486567870,18.539650166318,0.0 73.912520200795,18.539643267257,0.0 73.912590053791,18.539631625091,0.0 73.912631448159,18.539626019604,0.0 73.912685778268,18.539620845308,0.0 73.912734934080,18.539617826968,0.0 73.912828071409,18.539613946246,0.0 73.912892750109,18.539612221481,0.0 73.912993648882,18.539610927907,0.0 73.913097134803,18.539610496716,0.0 73.913306693792,18.539610496716,0.0 73.913410179713,18.539610065524,0.0 73.913511078486,18.539608771950,0.0 73.913575757186,18.539607047185,0.0 73.913668894515,18.539603166463,0.0 73.913718050327,18.539600148123,0.0 73.913772380435,18.539594973827,0.0 73.913813774804,18.539589368340,0.0 73.913883627800,18.539577726174,0.0 73.913917260724,18.539570827113,0.0 73.913948306501,18.539561772095,0.0 73.913966416537,18.539553579459,0.0 73.913989700869,18.539538056571,0.0 73.914000049461,18.539527276788,0.0 73.914007810905,18.539510460325,0.0 73.914010398053,18.539493212672,0.0 73.914010398053,18.539458286174,0.0 73.914013416392,18.539441038520,0.0 73.914022471411,18.539424222058,0.0 73.914034544768,18.539413442275,0.0 73.914061709822,18.539397919387,0.0 73.914082838198,18.539389726751,0.0 73.914119058270,18.539380671733,0.0 73.914158296681,18.539373772672,0.0 73.914239791844,18.539362130506,0.0 73.914288085274,18.539356525018,0.0 73.914351470400,18.539351350722,0.0 73.914408818848,18.539348332383,0.0 73.914517479065,18.539344451661,0.0 73.914592937549,18.539342726896,0.0 73.914710652783,18.539341433322,0.0 73.914831386358,18.539341002130,0.0 73.915075871845,18.539341002130,0.0 73.915196605419,18.539341864513,0.0 73.915314320654,18.539344451661,0.0 73.915389779138,18.539347901192,0.0 73.915498439355,18.539355662636,0.0 73.915555787803,18.539361699314,0.0 73.915619172929,18.539372047906,0.0 73.915667466359,18.539383258881,0.0 73.915748961521,18.539406543213,0.0 73.915788199933,18.539420341336,0.0 73.915824420005,18.539438451372,0.0 73.915845548381,18.539454836643,0.0 73.915872713435,18.539485882419,0.0 73.915884786792,18.539507441986,0.0 73.915893841810,18.539541074910,0.0 73.915896860150,18.539575570217,0.0 73.915896860150,18.539645423214,0.0 73.915893841810,18.539679918521,0.0 73.915884786792,18.539713551445,0.0 73.915872713435,18.539735111012,0.0 73.915845548381,18.539766156788,0.0 73.915824420005,18.539782542059,0.0 73.915788199933,18.539800652095,0.0 73.915748961521,18.539814450218,0.0 73.915667466359,18.539837734550,0.0 73.915619172929,18.539848945525,0.0 73.915555787803,18.539859294117,0.0 73.915498439355,18.539865330795,0.0 73.915389779138,18.539873092239,0.0 73.915314320654,18.539876541770,0.0 73.915196605419,18.539879128918,0.0 73.915075871845,18.539879991301,0.0 73.914831386358,18.539879991301,0.0 73.914710652783,18.539880422492,0.0 73.914592937549,18.539881716066,0.0 73.914517479065,18.539883440831,0.0 73.914408818848,18.539887321553,0.0 73.914351470400,18.539890339893,0.0 73.914288085274,18.539895514189,0.0 73.914239791844,18.539901119676,0.0 73.914158296681,18.539912761842,0.0 73.914119058270,18.539919660904,0.0 73.914082838198,18.539928715922,0.0 73.914061709822,18.539936908557,0.0 73.914034544768,18.539952431445,0.0 73.914022471411,18.539963211229,0.0 73.914013416392,18.539980027691,0.0 73.914010398053,18.539997275344,0.0 73.914010398053,18.540032201842,0.0 73.914009966862,18.540049449496,0.0 73.914008673288,18.540066265958,0.0 73.914006948522,18.540077045741,0.0 73.914003067800,18.540092568630,0.0 73.914000049461,18.540100761265,0.0 73.913994875165,18.540109816283,0.0 73.913989269678,18.540116715344,0.0 73.913977627512,18.540128357511,0.0 73.913970728450,18.540133962998,0.0 73.913961673432,18.540139137294,0.0 73.913953480797,18.540142155633,0.0 73.913937957909,18.540146036355,0.0 73.913927178125,18.540147761121,0.0 73.913910361663,18.540149054695,0.0 73.913893114010,18.540149485886,0.0 73.913858187511,18.540149485886,0.0 73.913840939858,18.540149917077,0.0 73.913824123396,18.540151210651,0.0 73.913813343612,18.540152935417,0.0 73.913797820724,18.540156816139,0.0 73.913789628089,18.540159834478,0.0 73.913780573071,18.540165008774,0.0 73.913773674009,18.540170614261,0.0 73.913762031843,18.540182256428,0.0 73.913756426356,18.540189155489,0.0 73.913751252060,18.540198210507,0.0 73.913748233721,18.540206403142,0.0 73.913744352999,18.540221926030,0.0 73.913742628233,18.540232705814,0.0 73.913741334659,18.540249522276,0.0 73.913740903468,18.540266769929,0.0 73.913740903468,18.540301696428,0.0 73.913737885129,18.540318944081,0.0 73.913728830110,18.540335760543,0.0 73.913716756753,18.540346540327,0.0 73.913689591699,18.540362063215,0.0 73.913668463323,18.540370255850,0.0 73.913632243251,18.540379310868,0.0 73.913593004840,18.540386209930,0.0 73.913511509677,18.540397852096,0.0 73.913463216247,18.540403457583,0.0 73.913399831121,18.540408631879,0.0 73.913342482673,18.540411650218,0.0 73.913233822456,18.540415530941,0.0 73.913158363972,18.540417255706,0.0 73.913040648738,18.540418549280,0.0 73.912919915163,18.540418980471,0.0 73.912675429676,18.540418980471,0.0 73.912554696102,18.540418118089,0.0 73.912436980867,18.540415530941,0.0 73.912361522383,18.540412081410,0.0 73.912252862166,18.540404319966,0.0 73.912195513718,18.540398283287,0.0 73.912132128592,18.540387934695,0.0 73.912083835162,18.540376723720,0.0 73.912002340000,18.540353439388,0.0 73.911963101588,18.540339641265,0.0 73.911926881516,18.540321531229,0.0 73.911905753140,18.540305145958,0.0 73.911878588086,18.540274100182,0.0 73.911866514729,18.540252540615,0.0 73.911857459711,18.540218907691,0.0 73.911854441371,18.540184412384,0.0</coordinates>
                        </LinearRing>
                    </outerBoundaryIs>
                </Polygon>
            </Placemark>
            <Placemark id="1252">
                <name>Class 2 - 12</name>
                <styleUrl>#1257</styleUrl>
                <Polygon id="1251">
                    <outerBoundaryIs>
                        <LinearRing id="1255">
                            <coordinates>73.916974838491,18.539223718087,0.0 73.916974838491,18.539188791589,0.0 73.916975700873,18.539171543935,0.0 73.916978288021,18.539154727473,0.0 73.916981737552,18.539143947690,0.0 73.916989498996,18.539128424801,0.0 73.916995535675,18.539120232166,0.0 73.917005884267,18.539111177148,0.0 73.917017095242,18.539104278087,0.0 73.917040379574,18.539092635921,0.0 73.917054177697,18.539087030433,0.0 73.917072287733,18.539081856137,0.0 73.917088673004,18.539078837798,0.0 73.917119718780,18.539074957076,0.0 73.917141278347,18.539073232310,0.0 73.917174911271,18.539071938736,0.0 73.917209406578,18.539071507545,0.0 73.917279259574,18.539071507545,0.0 73.917313754881,18.539071076354,0.0 73.917347387805,18.539069782780,0.0 73.917368947372,18.539068058014,0.0 73.917399993148,18.539064177292,0.0 73.917416378419,18.539061158953,0.0 73.917434488455,18.539055984657,0.0 73.917448286578,18.539050379170,0.0 73.917471570910,18.539038737003,0.0 73.917482781885,18.539031837942,0.0 73.917493130477,18.539022782924,0.0 73.917499167156,18.539014590289,0.0 73.917506928600,18.538999067401,0.0 73.917510378131,18.538988287617,0.0 73.917512965279,18.538971471155,0.0 73.917513827661,18.538954223502,0.0 73.917513827661,18.538919297003,0.0 73.917517708383,18.538902049350,0.0 73.917529350549,18.538885232888,0.0 73.917544873437,18.538874453104,0.0 73.917579799936,18.538858930216,0.0 73.917606964990,18.538850737581,0.0 73.917653533654,18.538841682563,0.0 73.917703983041,18.538834783501,0.0 73.917808762535,18.538823141335,0.0 73.917870854088,18.538817535848,0.0 73.917952349250,18.538812361552,0.0 73.918026082969,18.538809343213,0.0 73.918165788962,18.538805462490,0.0 73.918262807012,18.538803737725,0.0 73.918414155172,18.538802444151,0.0 73.918569384053,18.538802012960,0.0 73.918883722537,18.538802012960,0.0 73.919038951418,18.538801581768,0.0 73.919190299577,18.538800288194,0.0 73.919287317628,18.538798563429,0.0 73.919427023621,18.538794682707,0.0 73.919500757339,18.538791664368,0.0 73.919582252502,18.538786490072,0.0 73.919644344054,18.538780884584,0.0 73.919749123549,18.538769242418,0.0 73.919799572935,18.538762343357,0.0 73.919846141600,18.538753288339,0.0 73.919873306654,18.538745095703,0.0 73.919908233152,18.538729572815,0.0 73.919923756040,18.538718793032,0.0 73.919935398206,18.538701976570,0.0 73.919939278928,18.538684728916,0.0 73.919939278928,18.538649802418,0.0 73.919941003694,18.538632554765,0.0 73.919946177990,18.538615738302,0.0 73.919953077051,18.538604958519,0.0 73.919968599939,18.538589435631,0.0 73.919980673297,18.538581242996,0.0 73.920001370481,18.538572187978,0.0 73.920023792430,18.538565288916,0.0 73.920070361095,18.538553646750,0.0 73.920097957340,18.538548041263,0.0 73.920134177412,18.538542866967,0.0 73.920166947954,18.538539848627,0.0 73.920229039506,18.538535967905,0.0 73.920272158640,18.538534243140,0.0 73.920339424488,18.538532949566,0.0 73.920408415102,18.538532518375,0.0 73.920548121095,18.538532518375,0.0 73.920617111709,18.538532949566,0.0 73.920684377558,18.538534243140,0.0 73.920727496691,18.538535967905,0.0 73.920789588244,18.538539848627,0.0 73.920822358785,18.538542866967,0.0 73.920858578857,18.538548041263,0.0 73.920886175103,18.538553646750,0.0 73.920932743767,18.538565288916,0.0 73.920955165717,18.538572187978,0.0 73.920975862901,18.538581242996,0.0 73.920987936258,18.538589435631,0.0 73.921003459146,18.538604958519,0.0 73.921010358208,18.538615738302,0.0 73.921015532504,18.538632554765,0.0 73.921017257269,18.538649802418,0.0 73.921017257269,18.538684728916,0.0 73.921017688461,18.538701976570,0.0 73.921018982035,18.538718793032,0.0 73.921020706800,18.538729572815,0.0 73.921024587522,18.538745095703,0.0 73.921027605861,18.538753288339,0.0 73.921032780157,18.538762343357,0.0 73.921038385645,18.538769242418,0.0 73.921050027811,18.538780884584,0.0 73.921056926872,18.538786490072,0.0 73.921065981890,18.538791664368,0.0 73.921074174526,18.538794682707,0.0 73.921089697414,18.538798563429,0.0 73.921100477197,18.538800288194,0.0 73.921117293659,18.538801581768,0.0 73.921134541313,18.538802012960,0.0 73.921169467811,18.538802012960,0.0 73.921186715464,18.538801581768,0.0 73.921203531927,18.538800288194,0.0 73.921214311710,18.538798563429,0.0 73.921229834598,18.538794682707,0.0 73.921238027233,18.538791664368,0.0 73.921247082252,18.538786490072,0.0 73.921253981313,18.538780884584,0.0 73.921265623479,18.538769242418,0.0 73.921271228966,18.538762343357,0.0 73.921276403262,18.538753288339,0.0 73.921279421602,18.538745095703,0.0 73.921283302324,18.538729572815,0.0 73.921285027089,18.538718793032,0.0 73.921286320663,18.538701976570,0.0 73.921286751854,18.538684728916,0.0 73.921286751854,18.538649802418,0.0 73.921287614237,18.538632554765,0.0 73.921290201385,18.538615738302,0.0 73.921293650916,18.538604958519,0.0 73.921301412360,18.538589435631,0.0 73.921307449039,18.538581242996,0.0 73.921317797631,18.538572187978,0.0 73.921329008605,18.538565288916,0.0 73.921352292938,18.538553646750,0.0 73.921366091060,18.538548041263,0.0 73.921384201097,18.538542866967,0.0 73.921400586367,18.538539848627,0.0 73.921431632144,18.538535967905,0.0 73.921453191710,18.538534243140,0.0 73.921486824635,18.538532949566,0.0 73.921521319941,18.538532518375,0.0 73.921591172938,18.538532518375,0.0 73.921625668245,18.538532949566,0.0 73.921659301169,18.538534243140,0.0 73.921680860736,18.538535967905,0.0 73.921711906512,18.538539848627,0.0 73.921728291783,18.538542866967,0.0 73.921746401819,18.538548041263,0.0 73.921760199942,18.538553646750,0.0 73.921783484274,18.538565288916,0.0 73.921794695249,18.538572187978,0.0 73.921805043841,18.538581242996,0.0 73.921811080520,18.538589435631,0.0 73.921818841964,18.538604958519,0.0 73.921822291494,18.538615738302,0.0 73.921824878642,18.538632554765,0.0 73.921825741025,18.538649802418,0.0 73.921825741025,18.538684728916,0.0 73.921826172216,18.538701976570,0.0 73.921827465790,18.538718793032,0.0 73.921829190556,18.538729572815,0.0 73.921833071278,18.538745095703,0.0 73.921836089617,18.538753288339,0.0 73.921841263913,18.538762343357,0.0 73.921846869400,18.538769242418,0.0 73.921858511567,18.538780884584,0.0 73.921865410628,18.538786490072,0.0 73.921874465646,18.538791664368,0.0 73.921882658281,18.538794682707,0.0 73.921898181169,18.538798563429,0.0 73.921908960953,18.538800288194,0.0 73.921925777415,18.538801581768,0.0 73.921943025068,18.538802012960,0.0 73.921977951567,18.538802012960,0.0 73.921995199220,18.538801581768,0.0 73.922012015682,18.538800288194,0.0 73.922022795466,18.538798563429,0.0 73.922038318354,18.538794682707,0.0 73.922046510989,18.538791664368,0.0 73.922055566007,18.538786490072,0.0 73.922062465069,18.538780884584,0.0 73.922074107235,18.538769242418,0.0 73.922079712722,18.538762343357,0.0 73.922084887018,18.538753288339,0.0 73.922087905357,18.538745095703,0.0 73.922091786080,18.538729572815,0.0 73.922093510845,18.538718793032,0.0 73.922094804419,18.538701976570,0.0 73.922095235610,18.538684728916,0.0 73.922095235610,18.538649802418,0.0 73.922096960376,18.538632554765,0.0 73.922102134672,18.538615738302,0.0 73.922109033733,18.538604958519,0.0 73.922124556621,18.538589435631,0.0 73.922136629978,18.538581242996,0.0 73.922157327163,18.538572187978,0.0 73.922179749112,18.538565288916,0.0 73.922226317776,18.538553646750,0.0 73.922253914022,18.538548041263,0.0 73.922290134094,18.538542866967,0.0 73.922322904636,18.538539848627,0.0 73.922384996188,18.538535967905,0.0 73.922428115322,18.538534243140,0.0 73.922495381170,18.538532949566,0.0 73.922564371784,18.538532518375,0.0 73.922704077777,18.538532518375,0.0 73.922773068391,18.538532087183,0.0 73.922840334239,18.538530793609,0.0 73.922883453373,18.538529068844,0.0 73.922945544926,18.538525188122,0.0 73.922978315467,18.538522169782,0.0 73.923014535539,18.538516995486,0.0 73.923042131785,18.538511389999,0.0 73.923088700449,18.538499747833,0.0 73.923111122399,18.538492848772,0.0 73.923131819583,18.538483793754,0.0 73.923143892940,18.538475601118,0.0 73.923159415828,18.538460078230,0.0 73.923166314890,18.538449298447,0.0 73.923171489186,18.538432481985,0.0 73.923173213951,18.538415234331,0.0 73.923173213951,18.538380307833,0.0 73.923175801099,18.538363060179,0.0 73.923183562543,18.538346243717,0.0 73.923193911135,18.538335463934,0.0 73.923217195467,18.538319941046,0.0 73.923235305504,18.538311748410,0.0 73.923266351280,18.538302693392,0.0 73.923299984204,18.538295794331,0.0 73.923369837201,18.538284152165,0.0 73.923411231569,18.538278546677,0.0 73.923465561677,18.538273372381,0.0 73.923514717490,18.538270354042,0.0 73.923607854818,18.538266473320,0.0 73.923672533519,18.538264748555,0.0 73.923773432291,18.538263454981,0.0 73.923876918212,18.538263023789,0.0 73.924086477202,18.538263023789,0.0 73.924189963122,18.538262592598,0.0 73.924290861895,18.538261299024,0.0 73.924355540595,18.538259574259,0.0 73.924448677924,18.538255693537,0.0 73.924497833736,18.538252675197,0.0 73.924552163845,18.538247500901,0.0 73.924593558213,18.538241895414,0.0 73.924663411210,18.538230253248,0.0 73.924697044134,18.538223354186,0.0 73.924728089910,18.538214299168,0.0 73.924746199946,18.538206106533,0.0 73.924769484278,18.538190583645,0.0 73.924779832870,18.538179803861,0.0 73.924787594315,18.538162987399,0.0 73.924790181463,18.538145739746,0.0 73.924790181463,18.538110813248,0.0 73.924792337419,18.538093565594,0.0 73.924798805289,18.538076749132,0.0 73.924807429116,18.538065969349,0.0 73.924826832726,18.538050446460,0.0 73.924841924423,18.538042253825,0.0 73.924867795903,18.538033198807,0.0 73.924895823340,18.538026299746,0.0 73.924954034170,18.538014657580,0.0 73.924988529477,18.538009052092,0.0 73.925033804568,18.538003877796,0.0 73.925074767745,18.538000859457,0.0 73.925152382185,18.537996978735,0.0 73.925206281102,18.537995253969,0.0 73.925290363413,18.537993960395,0.0 73.925376601680,18.537993529204,0.0 73.925551234171,18.537993529204,0.0 73.925637472439,18.537993098013,0.0 73.925721554749,18.537991804439,0.0 73.925775453666,18.537990079673,0.0 73.925853068107,18.537986198951,0.0 73.925894031284,18.537983180612,0.0 73.925939306374,18.537978006316,0.0 73.925973801681,18.537972400829,0.0 73.926032012511,18.537960758663,0.0 73.926060039948,18.537953859601,0.0 73.926085911428,18.537944804583,0.0 73.926101003125,18.537936611948,0.0 73.926120406735,18.537921089060,0.0 73.926129030562,18.537910309276,0.0 73.926135498432,18.537893492814,0.0 73.926137654389,18.537876245161,0.0 73.926137654389,18.537841318662,0.0 73.926139379154,18.537824071009,0.0 73.926144553450,18.537807254547,0.0 73.926151452512,18.537796474763,0.0 73.926166975400,18.537780951875,0.0 73.926179048757,18.537772759240,0.0 73.926199745941,18.537763704222,0.0 73.926222167891,18.537756805160,0.0 73.926268736555,18.537745162994,0.0 73.926296332801,18.537739557507,0.0 73.926332552873,18.537734383211,0.0 73.926365323414,18.537731364872,0.0 73.926427414967,18.537727484150,0.0 73.926470534100,18.537725759384,0.0 73.926537799949,18.537724465810,0.0 73.926606790563,18.537724034619,0.0 73.926746496556,18.537724034619,0.0 73.926815487170,18.537723603428,0.0 73.926882753018,18.537722309854,0.0 73.926925872152,18.537720585088,0.0 73.926987963704,18.537716704366,0.0 73.927020734246,18.537713686027,0.0 73.927056954318,18.537708511731,0.0 73.927084550563,18.537702906243,0.0 73.927131119228,18.537691264077,0.0 73.927153541177,18.537684365016,0.0 73.927174238361,18.537675309998,0.0 73.927186311719,18.537667117362,0.0 73.927201834607,18.537651594474,0.0 73.927208733668,18.537640814691,0.0 73.927213907964,18.537623998229,0.0 73.927215632730,18.537606750575,0.0 73.927215632730,18.537571824077,0.0 73.927216926304,18.537554576424,0.0 73.927220807026,18.537537759962,0.0 73.927225981322,18.537526980178,0.0 73.927237623488,18.537511457290,0.0 73.927246678506,18.537503264655,0.0 73.927262201394,18.537494209637,0.0 73.927279017856,18.537487310575,0.0 73.927313944354,18.537475668409,0.0 73.927334641539,18.537470062922,0.0 73.927361806593,18.537464888626,0.0 73.927386384499,18.537461870286,0.0 73.927432953163,18.537457989564,0.0 73.927465292513,18.537456264799,0.0 73.927515741900,18.537454971225,0.0 73.927567484860,18.537454540034,0.0 73.927672264355,18.537454540034,0.0 73.927724007315,18.537454108842,0.0 73.927774456702,18.537452815268,0.0 73.927806796052,18.537451090503,0.0 73.927853364716,18.537447209781,0.0 73.927877942622,18.537444191442,0.0 73.927905107677,18.537439017146,0.0 73.927925804861,18.537433411658,0.0 73.927960731359,18.537421769492,0.0 73.927977547821,18.537414870431,0.0 73.927993070709,18.537405815413,0.0 73.928002125727,18.537397622777,0.0 73.928013767893,18.537382099889,0.0 73.928018942189,18.537371320106,0.0 73.928022822911,18.537354503644,0.0 73.928024116485,18.537337255990,0.0 73.928024116485,18.537302329492,0.0 73.928024978868,18.537285081838,0.0 73.928027566016,18.537268265376,0.0 73.928031015547,18.537257485593,0.0 73.928038776991,18.537241962705,0.0 73.928044813670,18.537233770069,0.0 73.928055162262,18.537224715051,0.0 73.928066373236,18.537217815990,0.0 73.928089657569,18.537206173824,0.0 73.928103455691,18.537200568336,0.0 73.928121565727,18.537195394040,0.0 73.928137950998,18.537192375701,0.0 73.928168996774,18.537188494979,0.0 73.928190556341,18.537186770214,0.0 73.928224189265,18.537185476640,0.0 73.928258684572,18.537185045448,0.0 73.928328537569,18.537185045448,0.0 73.928363032876,18.537184614257,0.0 73.928396665800,18.537183320683,0.0 73.928418225367,18.537181595918,0.0 73.928449271143,18.537177715196,0.0 73.928465656414,18.537174696856,0.0 73.928483766450,18.537169522560,0.0 73.928497564573,18.537163917073,0.0 73.928520848905,18.537152274907,0.0 73.928532059880,18.537145375845,0.0 73.928542408472,18.537136320827,0.0 73.928548445150,18.537128128192,0.0 73.928556206594,18.537112605304,0.0 73.928559656125,18.537101825520,0.0 73.928562243273,18.537085009058,0.0 73.928563105656,18.537067761405,0.0 73.928563105656,18.537032834907,0.0 73.928565261613,18.537015587253,0.0 73.928571729483,18.536998770791,0.0 73.928580353309,18.536987991008,0.0 73.928599756919,18.536972468120,0.0 73.928614848616,18.536964275484,0.0 73.928640720096,18.536955220466,0.0 73.928668747533,18.536948321405,0.0 73.928726958364,18.536936679239,0.0 73.928761453671,18.536931073751,0.0 73.928806728761,18.536925899455,0.0 73.928847691938,18.536922881116,0.0 73.928925306378,18.536919000394,0.0 73.928979205295,18.536917275628,0.0 73.929063287606,18.536915982054,0.0 73.929149525873,18.536915550863,0.0 73.929324158365,18.536915550863,0.0 73.929410396632,18.536914688480,0.0 73.929494478942,18.536912101332,0.0 73.929548377859,18.536908651802,0.0 73.929625992300,18.536900890358,0.0 73.929666955477,18.536894853679,0.0 73.929712230567,18.536884505087,0.0 73.929746725874,18.536873294112,0.0 73.929804936705,18.536850009780,0.0 73.929832964141,18.536836211657,0.0 73.929858835622,18.536818101621,0.0 73.929873927318,18.536801716350,0.0 73.929893330929,18.536770670574,0.0 73.929901954755,18.536749111007,0.0 73.929908422625,18.536715478083,0.0 73.929910578582,18.536680982776,0.0 73.929910578582,18.536611129780,0.0 73.929913165730,18.536576634473,0.0 73.929920927174,18.536543001549,0.0 73.929931275766,18.536521441982,0.0 73.929954560098,18.536490396205,0.0 73.929972670134,18.536474010935,0.0 73.930003715911,18.536455900899,0.0 73.930037348835,18.536442102776,0.0 73.930107201831,18.536418818444,0.0 73.930148596200,18.536407607469,0.0 73.930202926308,18.536397258877,0.0 73.930252082120,18.536391222198,0.0 73.930345219449,18.536383460754,0.0 73.930409898150,18.536380011223,0.0 73.930510796922,18.536377424075,0.0 73.930614282843,18.536376561693,0.0 73.930823841832,18.536376561693,0.0 73.930927327753,18.536376130501,0.0 73.931028226526,18.536374836927,0.0 73.931092905226,18.536373112162,0.0 73.931186042555,18.536369231440,0.0 73.931235198367,18.536366213101,0.0 73.931289528476,18.536361038805,0.0 73.931330922844,18.536355433317,0.0 73.931400775841,18.536343791151,0.0 73.931434408765,18.536336892090,0.0 73.931465454541,18.536327837072,0.0 73.931483564577,18.536319644436,0.0 73.931506848909,18.536304121548,0.0 73.931517197501,18.536293341765,0.0 73.931524958945,18.536276525303,0.0 73.931527546093,18.536259277649,0.0 73.931527546093,18.536224351151,0.0 73.931529270859,18.536207103497,0.0 73.931534445155,18.536190287035,0.0 73.931541344216,18.536179507252,0.0 73.931556867104,18.536163984364,0.0 73.931568940462,18.536155791728,0.0 73.931589637646,18.536146736710,0.0 73.931612059595,18.536139837649,0.0 73.931658628260,18.536128195483,0.0 73.931686224505,18.536122589996,0.0 73.931722444577,18.536117415700,0.0 73.931755215119,18.536114397360,0.0 73.931817306672,18.536110516638,0.0 73.931860425805,18.536108791873,0.0 73.931927691654,18.536107498299,0.0 73.931996682267,18.536107067107,0.0 73.932136388260,18.536107067107,0.0 73.932205378874,18.536106635916,0.0 73.932272644723,18.536105342342,0.0 73.932315763856,18.536103617577,0.0 73.932377855409,18.536099736855,0.0 73.932410625950,18.536096718515,0.0 73.932446846023,18.536091544219,0.0 73.932474442268,18.536085938732,0.0 73.932521010932,18.536074296566,0.0 73.932543432882,18.536067397504,0.0 73.932564130066,18.536058342486,0.0 73.932576203424,18.536050149851,0.0 73.932591726312,18.536034626963,0.0 73.932598625373,18.536023847180,0.0 73.932603799669,18.536007030717,0.0 73.932605524434,18.535989783064,0.0 73.932605524434,18.535954856566,0.0 73.932607249200,18.535937608912,0.0 73.932612423496,18.535920792450,0.0 73.932619322557,18.535910012667,0.0 73.932634845445,18.535894489779,0.0 73.932646918803,18.535886297143,0.0 73.932667615987,18.535877242125,0.0 73.932690037936,18.535870343064,0.0 73.932736606601,18.535858700898,0.0 73.932764202846,18.535853095410,0.0 73.932800422918,18.535847921114,0.0 73.932833193460,18.535844902775,0.0 73.932895285012,18.535841022053,0.0 73.932938404146,18.535839297288,0.0 73.933005669995,18.535838003714,0.0 73.933074660608,18.535837572522,0.0 73.933214366601,18.535837572522,0.0 73.933283357215,18.535839297288,0.0 73.933350623064,18.535844471584,0.0 73.933393742197,18.535851370645,0.0 73.933455833750,18.535866893533,0.0 73.933488604291,18.535878966891,0.0 73.933524824364,18.535899664075,0.0 73.933552420609,18.535922086024,0.0 73.933598989273,18.535968654688,0.0 73.933621411223,18.535996250934,0.0 73.933642108407,18.536032471006,0.0 73.933654181764,18.536065241548,0.0 73.933669704653,18.536127333100,0.0 73.933676603714,18.536170452234,0.0 73.933681778010,18.536237718082,0.0 73.933683502775,18.536306708696,0.0 73.933683502775,18.536446414689,0.0 73.933679190862,18.536515405303,0.0 73.933666255122,18.536582671151,0.0 73.933649007468,18.536625790285,0.0 73.933610200248,18.536687881838,0.0 73.933580016855,18.536720652379,0.0 73.933528273894,18.536756872451,0.0 73.933472219021,18.536784468697,0.0 73.933355797360,18.536831037361,0.0 73.933286806746,18.536853459311,0.0 73.933196256565,18.536874156495,0.0 73.933114330211,18.536886229852,0.0 73.932959101330,18.536901752740,0.0 73.932851303496,18.536908651802,0.0 73.932683138875,18.536913826098,0.0 73.932510662340,18.536915550863,0.0 73.932161397358,18.536915550863,0.0 73.931988920823,18.536915982054,0.0 73.931820756202,18.536917275628,0.0 73.931712958368,18.536919000394,0.0 73.931557729487,18.536922881116,0.0 73.931475803133,18.536925899455,0.0 73.931385252952,18.536931073751,0.0 73.931316262339,18.536936679239,0.0 73.931199840678,18.536948321405,0.0 73.931143785804,18.536955220466,0.0 73.931092042844,18.536964275484,0.0 73.931061859450,18.536972468120,0.0 73.931023052230,18.536987991008,0.0 73.931005804576,18.536998770791,0.0 73.930992868836,18.537015587253,0.0 73.930988556923,18.537032834907,0.0 73.930988556923,18.537067761405,0.0 73.930987694540,18.537085009058,0.0 73.930985107392,18.537101825520,0.0 73.930981657862,18.537112605304,0.0 73.930973896418,18.537128128192,0.0 73.930967859739,18.537136320827,0.0 73.930957511147,18.537145375845,0.0 73.930946300172,18.537152274907,0.0 73.930923015840,18.537163917073,0.0 73.930909217717,18.537169522560,0.0 73.930891107681,18.537174696856,0.0 73.930874722410,18.537177715196,0.0 73.930843676634,18.537181595918,0.0 73.930822117067,18.537183320683,0.0 73.930788484143,18.537184614257,0.0 73.930753988836,18.537185045448,0.0 73.930684135839,18.537185045448,0.0 73.930649640533,18.537185476640,0.0 73.930616007608,18.537186770214,0.0 73.930594448042,18.537188494979,0.0 73.930563402265,18.537192375701,0.0 73.930547016995,18.537195394040,0.0 73.930528906958,18.537200568336,0.0 73.930515108836,18.537206173824,0.0 73.930491824503,18.537217815990,0.0 73.930480613529,18.537224715051,0.0 73.930470264937,18.537233770069,0.0 73.930464228258,18.537241962705,0.0 73.930456466814,18.537257485593,0.0 73.930453017283,18.537268265376,0.0 73.930450430135,18.537285081838,0.0 73.930449567753,18.537302329492,0.0 73.930449567753,18.537337255990,0.0 73.930448274178,18.537354503644,0.0 73.930444393456,18.537371320106,0.0 73.930439219160,18.537382099889,0.0 73.930427576994,18.537397622777,0.0 73.930418521976,18.537405815413,0.0 73.930402999088,18.537414870431,0.0 73.930386182626,18.537421769492,0.0 73.930351256128,18.537433411658,0.0 73.930330558944,18.537439017146,0.0 73.930303393889,18.537444191442,0.0 73.930278815983,18.537447209781,0.0 73.930232247319,18.537451090503,0.0 73.930199907969,18.537452815268,0.0 73.930149458582,18.537454108842,0.0 73.930097715622,18.537454540034,0.0 73.929992936127,18.537454540034,0.0 73.929941193167,18.537454971225,0.0 73.929890743781,18.537456264799,0.0 73.929858404430,18.537457989564,0.0 73.929811835766,18.537461870286,0.0 73.929787257860,18.537464888626,0.0 73.929760092806,18.537470062922,0.0 73.929739395621,18.537475668409,0.0 73.929704469123,18.537487310575,0.0 73.929687652661,18.537494209637,0.0 73.929672129773,18.537503264655,0.0 73.929663074755,18.537511457290,0.0 73.929651432589,18.537526980178,0.0 73.929646258293,18.537537759962,0.0 73.929642377571,18.537554576424,0.0 73.929641083997,18.537571824077,0.0 73.929641083997,18.537606750575,0.0 73.929640652805,18.537623998229,0.0 73.929639359231,18.537640814691,0.0 73.929637634466,18.537651594474,0.0 73.929633753744,18.537667117362,0.0 73.929630735405,18.537675309998,0.0 73.929625561109,18.537684365016,0.0 73.929619955621,18.537691264077,0.0 73.929608313455,18.537702906243,0.0 73.929601414394,18.537708511731,0.0 73.929592359376,18.537713686027,0.0 73.929584166740,18.537716704366,0.0 73.929568643852,18.537720585088,0.0 73.929557864069,18.537722309854,0.0 73.929541047607,18.537723603428,0.0 73.929523799953,18.537724034619,0.0 73.929488873455,18.537724034619,0.0 73.929471625802,18.537724465810,0.0 73.929454809339,18.537725759384,0.0 73.929444029556,18.537727484150,0.0 73.929428506668,18.537731364872,0.0 73.929420314033,18.537734383211,0.0 73.929411259015,18.537739557507,0.0 73.929404359953,18.537745162994,0.0 73.929392717787,18.537756805160,0.0 73.929387112300,18.537763704222,0.0 73.929381938004,18.537772759240,0.0 73.929378919664,18.537780951875,0.0 73.929375038942,18.537796474763,0.0 73.929373314177,18.537807254547,0.0 73.929372020603,18.537824071009,0.0 73.929371589412,18.537841318662,0.0 73.929371589412,18.537876245161,0.0 73.929370295838,18.537893492814,0.0 73.929366415116,18.537910309276,0.0 73.929361240820,18.537921089060,0.0 73.929349598653,18.537936611948,0.0 73.929340543635,18.537944804583,0.0 73.929325020747,18.537953859601,0.0 73.929308204285,18.537960758663,0.0 73.929273277787,18.537972400829,0.0 73.929252580603,18.537978006316,0.0 73.929225415549,18.537983180612,0.0 73.929200837642,18.537986198951,0.0 73.929154268978,18.537990079673,0.0 73.929121929628,18.537991804439,0.0 73.929071480241,18.537993098013,0.0 73.929019737281,18.537993529204,0.0 73.928914957786,18.537993529204,0.0 73.928863214826,18.537993098013,0.0 73.928812765440,18.537991804439,0.0 73.928780426089,18.537990079673,0.0 73.928733857425,18.537986198951,0.0 73.928709279519,18.537983180612,0.0 73.928682114465,18.537978006316,0.0 73.928661417281,18.537972400829,0.0 73.928626490782,18.537960758663,0.0 73.928609674320,18.537953859601,0.0 73.928594151432,18.537944804583,0.0 73.928585096414,18.537936611948,0.0 73.928573454248,18.537921089060,0.0 73.928568279952,18.537910309276,0.0 73.928564399230,18.537893492814,0.0 73.928563105656,18.537876245161,0.0 73.928563105656,18.537841318662,0.0 73.928562674465,18.537824071009,0.0 73.928561380891,18.537807254547,0.0 73.928559656125,18.537796474763,0.0 73.928555775403,18.537780951875,0.0 73.928552757064,18.537772759240,0.0 73.928547582768,18.537763704222,0.0 73.928541977280,18.537756805160,0.0 73.928530335114,18.537745162994,0.0 73.928523436053,18.537739557507,0.0 73.928514381035,18.537734383211,0.0 73.928506188399,18.537731364872,0.0 73.928490665511,18.537727484150,0.0 73.928479885728,18.537725759384,0.0 73.928463069266,18.537724465810,0.0 73.928445821612,18.537724034619,0.0 73.928410895114,18.537724034619,0.0 73.928393647461,18.537724465810,0.0 73.928376830999,18.537725759384,0.0 73.928366051215,18.537727484150,0.0 73.928350528327,18.537731364872,0.0 73.928342335692,18.537734383211,0.0 73.928333280674,18.537739557507,0.0 73.928326381612,18.537745162994,0.0 73.928314739446,18.537756805160,0.0 73.928309133959,18.537763704222,0.0 73.928303959663,18.537772759240,0.0 73.928300941323,18.537780951875,0.0 73.928297060601,18.537796474763,0.0 73.928295335836,18.537807254547,0.0 73.928294042262,18.537824071009,0.0 73.928293611071,18.537841318662,0.0 73.928293611071,18.537876245161,0.0 73.928293179879,18.537893492814,0.0 73.928291886305,18.537910309276,0.0 73.928290161540,18.537921089060,0.0 73.928286280818,18.537936611948,0.0 73.928283262479,18.537944804583,0.0 73.928278088183,18.537953859601,0.0 73.928272482695,18.537960758663,0.0 73.928260840529,18.537972400829,0.0 73.928253941468,18.537978006316,0.0 73.928244886450,18.537983180612,0.0 73.928236693814,18.537986198951,0.0 73.928221170926,18.537990079673,0.0 73.928210391143,18.537991804439,0.0 73.928193574681,18.537993098013,0.0 73.928176327027,18.537993529204,0.0 73.928141400529,18.537993529204,0.0 73.928124152875,18.537993960395,0.0 73.928107336413,18.537995253969,0.0 73.928096556630,18.537996978735,0.0 73.928081033742,18.538000859457,0.0 73.928072841106,18.538003877796,0.0 73.928063786088,18.538009052092,0.0 73.928056887027,18.538014657580,0.0 73.928045244861,18.538026299746,0.0 73.928039639374,18.538033198807,0.0 73.928034465077,18.538042253825,0.0 73.928031446738,18.538050446460,0.0 73.928027566016,18.538065969349,0.0 73.928025841251,18.538076749132,0.0 73.928024547677,18.538093565594,0.0 73.928024116485,18.538110813248,0.0 73.928024116485,18.538145739746,0.0 73.928022822911,18.538162987399,0.0 73.928018942189,18.538179803861,0.0 73.928013767893,18.538190583645,0.0 73.928002125727,18.538206106533,0.0 73.927993070709,18.538214299168,0.0 73.927977547821,18.538223354186,0.0 73.927960731359,18.538230253248,0.0 73.927925804861,18.538241895414,0.0 73.927905107677,18.538247500901,0.0 73.927877942622,18.538252675197,0.0 73.927853364716,18.538255693537,0.0 73.927806796052,18.538259574259,0.0 73.927774456702,18.538261299024,0.0 73.927724007315,18.538262592598,0.0 73.927672264355,18.538263023789,0.0 73.927567484860,18.538263023789,0.0 73.927515741900,18.538263454981,0.0 73.927465292513,18.538264748555,0.0 73.927432953163,18.538266473320,0.0 73.927386384499,18.538270354042,0.0 73.927361806593,18.538273372381,0.0 73.927334641539,18.538278546677,0.0 73.927313944354,18.538284152165,0.0 73.927279017856,18.538295794331,0.0 73.927262201394,18.538302693392,0.0 73.927246678506,18.538311748410,0.0 73.927237623488,18.538319941046,0.0 73.927225981322,18.538335463934,0.0 73.927220807026,18.538346243717,0.0 73.927216926304,18.538363060179,0.0 73.927215632730,18.538380307833,0.0 73.927215632730,18.538415234331,0.0 73.927214770347,18.538432481985,0.0 73.927212183199,18.538449298447,0.0 73.927208733668,18.538460078230,0.0 73.927200972224,18.538475601118,0.0 73.927194935546,18.538483793754,0.0 73.927184586953,18.538492848772,0.0 73.927173375979,18.538499747833,0.0 73.927150091647,18.538511389999,0.0 73.927136293524,18.538516995486,0.0 73.927118183488,18.538522169782,0.0 73.927101798217,18.538525188122,0.0 73.927070752441,18.538529068844,0.0 73.927049192874,18.538530793609,0.0 73.927015559950,18.538532087183,0.0 73.926981064643,18.538532518375,0.0 73.926911211646,18.538532518375,0.0 73.926876716339,18.538532949566,0.0 73.926843083415,18.538534243140,0.0 73.926821523848,18.538535967905,0.0 73.926790478072,18.538539848627,0.0 73.926774092801,18.538542866967,0.0 73.926755982765,18.538548041263,0.0 73.926742184642,18.538553646750,0.0 73.926718900310,18.538565288916,0.0 73.926707689335,18.538572187978,0.0 73.926697340743,18.538581242996,0.0 73.926691304065,18.538589435631,0.0 73.926683542621,18.538604958519,0.0 73.926680093090,18.538615738302,0.0 73.926677505942,18.538632554765,0.0 73.926676643559,18.538649802418,0.0 73.926676643559,18.538684728916,0.0 73.926673625220,18.538701976570,0.0 73.926664570202,18.538718793032,0.0 73.926652496844,18.538729572815,0.0 73.926625331790,18.538745095703,0.0 73.926604203415,18.538753288339,0.0 73.926567983342,18.538762343357,0.0 73.926528744931,18.538769242418,0.0 73.926447249768,18.538780884584,0.0 73.926398956339,18.538786490072,0.0 73.926335571212,18.538791664368,0.0 73.926278222764,18.538794682707,0.0 73.926169562548,18.538798563429,0.0 73.926094104064,18.538800288194,0.0 73.925976388829,18.538801581768,0.0 73.925855655255,18.538802012960,0.0 73.925611169767,18.538802012960,0.0 73.925490436193,18.538802444151,0.0 73.925372720958,18.538803737725,0.0 73.925297262474,18.538805462490,0.0 73.925188602257,18.538809343213,0.0 73.925131253810,18.538812361552,0.0 73.925067868683,18.538817535848,0.0 73.925019575254,18.538823141335,0.0 73.924938080091,18.538834783501,0.0 73.924898841679,18.538841682563,0.0 73.924862621607,18.538850737581,0.0 73.924841493232,18.538858930216,0.0 73.924814328177,18.538874453104,0.0 73.924802254820,18.538885232888,0.0 73.924793199802,18.538902049350,0.0 73.924790181463,18.538919297003,0.0 73.924790181463,18.538954223502,0.0 73.924788887889,18.538971471155,0.0 73.924785007167,18.538988287617,0.0 73.924779832870,18.538999067401,0.0 73.924768190704,18.539014590289,0.0 73.924759135686,18.539022782924,0.0 73.924743612798,18.539031837942,0.0 73.924726796336,18.539038737003,0.0 73.924691869838,18.539050379170,0.0 73.924671172654,18.539055984657,0.0 73.924644007600,18.539061158953,0.0 73.924619429693,18.539064177292,0.0 73.924572861029,18.539068058014,0.0 73.924540521679,18.539069782780,0.0 73.924490072292,18.539071076354,0.0 73.924438329332,18.539071507545,0.0 73.924333549837,18.539071507545,0.0 73.924281806877,18.539071938736,0.0 73.924231357491,18.539073232310,0.0 73.924199018140,18.539074957076,0.0 73.924152449476,18.539078837798,0.0 73.924127871570,18.539081856137,0.0 73.924100706516,18.539087030433,0.0 73.924080009332,18.539092635921,0.0 73.924045082833,18.539104278087,0.0 73.924028266371,18.539111177148,0.0 73.924012743483,18.539120232166,0.0 73.924003688465,18.539128424801,0.0 73.923992046299,18.539143947690,0.0 73.923986872003,18.539154727473,0.0 73.923982991281,18.539171543935,0.0 73.923981697707,18.539188791589,0.0 73.923981697707,18.539223718087,0.0 73.923970486732,18.539240965740,0.0 73.923936853808,18.539257782202,0.0 73.923892009909,18.539268561986,0.0 73.923791111136,18.539284084874,0.0 73.923712634313,18.539292277509,0.0 73.923578102616,18.539301332527,0.0 73.923432359944,18.539308231589,0.0 73.923129663626,18.539319873755,0.0 73.922950288030,18.539325479242,0.0 73.922714857561,18.539330653538,0.0 73.922501849040,18.539333671878,0.0 73.922098253950,18.539337552600,0.0 73.921817979581,18.539339277365,0.0 73.921380751566,18.539340570939,0.0 73.920932312576,18.539341002130,0.0 73.920024223622,18.539341002130,0.0 73.919575784632,18.539340570939,0.0 73.919138556617,18.539339277365,0.0 73.918858282248,18.539337552600,0.0 73.918454687157,18.539333671878,0.0 73.918241678637,18.539330653538,0.0 73.918006248167,18.539325479242,0.0 73.917826872571,18.539319873755,0.0 73.917524176253,18.539308231589,0.0 73.917378433582,18.539301332527,0.0 73.917243901885,18.539292277509,0.0 73.917165425061,18.539284084874,0.0 73.917064526289,18.539268561986,0.0 73.917019682390,18.539257782202,0.0 73.916986049465,18.539240965740,0.0 73.916974838491,18.539223718087,0.0</coordinates>
                        </LinearRing>
                    </outerBoundaryIs>
                </Polygon>
            </Placemark>
            <Placemark id="1261">
                <name>Class 2 - 13</name>
                <styleUrl>#1266</styleUrl>
                <Polygon id="1260">
                    <outerBoundaryIs>
                        <LinearRing id="1264">
                            <coordinates>73.880862564069,18.543535631451,0.0 73.880862564069,18.543500704952,0.0 73.880861270495,18.543483457299,0.0 73.880857389773,18.543466640837,0.0 73.880852215477,18.543455861053,0.0 73.880840573311,18.543440338165,0.0 73.880831518293,18.543432145530,0.0 73.880815995405,18.543423090512,0.0 73.880799178943,18.543416191450,0.0 73.880764252444,18.543404549284,0.0 73.880743555260,18.543398943797,0.0 73.880716390206,18.543393769501,0.0 73.880691812300,18.543390751162,0.0 73.880645243636,18.543386870440,0.0 73.880612904285,18.543385145674,0.0 73.880562454899,18.543383852100,0.0 73.880510711939,18.543383420909,0.0 73.880405932444,18.543383420909,0.0 73.880354189484,18.543382989717,0.0 73.880303740097,18.543381696143,0.0 73.880271400747,18.543379971378,0.0 73.880224832083,18.543376090656,0.0 73.880200254176,18.543373072317,0.0 73.880173089122,18.543367898021,0.0 73.880152391938,18.543362292533,0.0 73.880117465440,18.543350650367,0.0 73.880100648978,18.543343751306,0.0 73.880085126090,18.543334696288,0.0 73.880076071072,18.543326503652,0.0 73.880064428905,18.543310980764,0.0 73.880059254609,18.543300200981,0.0 73.880055373887,18.543283384519,0.0 73.880054080313,18.543266136865,0.0 73.880054080313,18.543231210367,0.0 73.880051061974,18.543213962714,0.0 73.880042006956,18.543197146251,0.0 73.880029933599,18.543186366468,0.0 73.880002768544,18.543170843580,0.0 73.879981640169,18.543162650945,0.0 73.879945420097,18.543153595927,0.0 73.879906181685,18.543146696865,0.0 73.879824686522,18.543135054699,0.0 73.879776393093,18.543129449212,0.0 73.879713007966,18.543124274916,0.0 73.879655659519,18.543121256576,0.0 73.879546999302,18.543117375854,0.0 73.879471540818,18.543115651089,0.0 73.879353825583,18.543114357515,0.0 73.879233092009,18.543113926324,0.0 73.878988606521,18.543113926324,0.0 73.878867872947,18.543113495132,0.0 73.878750157712,18.543112201558,0.0 73.878674699228,18.543110476793,0.0 73.878566039012,18.543106596071,0.0 73.878508690564,18.543103577732,0.0 73.878445305437,18.543098403435,0.0 73.878397012008,18.543092797948,0.0 73.878315516845,18.543081155782,0.0 73.878276278434,18.543074256721,0.0 73.878240058361,18.543065201703,0.0 73.878218929986,18.543057009067,0.0 73.878191764932,18.543041486179,0.0 73.878179691574,18.543030706396,0.0 73.878170636556,18.543013889934,0.0 73.878167618217,18.542996642280,0.0 73.878167618217,18.542961715782,0.0 73.878166324643,18.542944468128,0.0 73.878162443921,18.542927651666,0.0 73.878157269625,18.542916871883,0.0 73.878145627459,18.542901348995,0.0 73.878136572441,18.542893156359,0.0 73.878121049552,18.542884101341,0.0 73.878104233090,18.542877202280,0.0 73.878069306592,18.542865560114,0.0 73.878048609408,18.542859954626,0.0 73.878021444354,18.542854780330,0.0 73.877996866448,18.542851761991,0.0 73.877950297783,18.542847881269,0.0 73.877917958433,18.542846156504,0.0 73.877867509047,18.542844862930,0.0 73.877815766086,18.542844431738,0.0 73.877710986592,18.542844431738,0.0 73.877659243631,18.542844000547,0.0 73.877608794245,18.542842706973,0.0 73.877576454895,18.542840982208,0.0 73.877529886230,18.542837101486,0.0 73.877505308324,18.542834083146,0.0 73.877478143270,18.542828908850,0.0 73.877457446086,18.542823303363,0.0 73.877422519587,18.542811661197,0.0 73.877405703125,18.542804762135,0.0 73.877390180237,18.542795707117,0.0 73.877381125219,18.542787514482,0.0 73.877369483053,18.542771991594,0.0 73.877364308757,18.542761211810,0.0 73.877360428035,18.542744395348,0.0 73.877359134461,18.542727147695,0.0 73.877359134461,18.542692221197,0.0 73.877358703270,18.542674973543,0.0 73.877357409696,18.542658157081,0.0 73.877355684930,18.542647377298,0.0 73.877351804208,18.542631854410,0.0 73.877348785869,18.542623661774,0.0 73.877343611573,18.542614606756,0.0 73.877338006086,18.542607707695,0.0 73.877326363919,18.542596065529,0.0 73.877319464858,18.542590460041,0.0 73.877310409840,18.542585285745,0.0 73.877302217205,18.542582267406,0.0 73.877286694317,18.542578386684,0.0 73.877275914533,18.542576661918,0.0 73.877259098071,18.542575368344,0.0 73.877241850418,18.542574937153,0.0 73.877206923919,18.542574937153,0.0 73.877189676266,18.542574505962,0.0 73.877172859804,18.542573212388,0.0 73.877162080020,18.542571487622,0.0 73.877146557132,18.542567606900,0.0 73.877138364497,18.542564588561,0.0 73.877129309479,18.542559414265,0.0 73.877122410417,18.542553808778,0.0 73.877110768251,18.542542166612,0.0 73.877105162764,18.542535267550,0.0 73.877099988468,18.542526212532,0.0 73.877096970129,18.542518019897,0.0 73.877093089407,18.542502497009,0.0 73.877091364641,18.542491717225,0.0 73.877090071067,18.542474900763,0.0 73.877089639876,18.542457653110,0.0 73.877089639876,18.542422726611,0.0 73.877086621536,18.542405478958,0.0 73.877077566518,18.542388662496,0.0 73.877065493161,18.542377882712,0.0 73.877038328107,18.542362359824,0.0 73.877017199731,18.542354167189,0.0 73.876980979659,18.542345112171,0.0 73.876941741247,18.542338213109,0.0 73.876860246085,18.542326570943,0.0 73.876811952655,18.542320965456,0.0 73.876748567529,18.542315791160,0.0 73.876691219081,18.542312772821,0.0 73.876582558864,18.542308892099,0.0 73.876507100380,18.542307167333,0.0 73.876389385146,18.542305873759,0.0 73.876268651571,18.542305442568,0.0 73.876024166084,18.542305442568,0.0 73.875903432509,18.542305011377,0.0 73.875785717275,18.542303717803,0.0 73.875710258791,18.542301993037,0.0 73.875601598574,18.542298112315,0.0 73.875544250126,18.542295093976,0.0 73.875480865000,18.542289919680,0.0 73.875432571570,18.542284314192,0.0 73.875351076408,18.542272672026,0.0 73.875311837996,18.542265772965,0.0 73.875275617924,18.542256717947,0.0 73.875254489548,18.542248525311,0.0 73.875227324494,18.542233002423,0.0 73.875215251137,18.542222222640,0.0 73.875206196119,18.542205406178,0.0 73.875203177779,18.542188158524,0.0 73.875203177779,18.542153232026,0.0 73.875202746588,18.542135984373,0.0 73.875201453014,18.542119167911,0.0 73.875199728248,18.542108388127,0.0 73.875195847526,18.542092865239,0.0 73.875192829187,18.542084672604,0.0 73.875187654891,18.542075617586,0.0 73.875182049404,18.542068718524,0.0 73.875170407238,18.542057076358,0.0 73.875163508176,18.542051470871,0.0 73.875154453158,18.542046296575,0.0 73.875146260523,18.542043278235,0.0 73.875130737635,18.542039397513,0.0 73.875119957851,18.542037672748,0.0 73.875103141389,18.542036379174,0.0 73.875085893736,18.542035947983,0.0 73.875050967237,18.542035947983,0.0 73.875033719584,18.542035516791,0.0 73.875016903122,18.542034223217,0.0 73.875006123338,18.542032498452,0.0 73.874990600450,18.542028617730,0.0 73.874982407815,18.542025599391,0.0 73.874973352797,18.542020425095,0.0 73.874966453735,18.542014819607,0.0 73.874954811569,18.542003177441,0.0 73.874949206082,18.541996278380,0.0 73.874944031786,18.541987223362,0.0 73.874941013447,18.541979030726,0.0 73.874937132725,18.541963507838,0.0 73.874935407959,18.541952728055,0.0 73.874934114385,18.541935911593,0.0 73.874933683194,18.541918663939,0.0 73.874933683194,18.541883737441,0.0 73.874933252003,18.541866489787,0.0 73.874931958429,18.541849673325,0.0 73.874930233663,18.541838893542,0.0 73.874926352941,18.541823370654,0.0 73.874923334602,18.541815178018,0.0 73.874918160306,18.541806123000,0.0 73.874912554818,18.541799223939,0.0 73.874900912652,18.541787581773,0.0 73.874894013591,18.541781976286,0.0 73.874884958573,18.541776801989,0.0 73.874876765938,18.541773783650,0.0 73.874861243049,18.541769902928,0.0 73.874850463266,18.541768178163,0.0 73.874833646804,18.541766884589,0.0 73.874816399150,18.541766453397,0.0 73.874781472652,18.541766453397,0.0 73.874764224999,18.541766022206,0.0 73.874747408537,18.541764728632,0.0 73.874736628753,18.541763003867,0.0 73.874721105865,18.541759123145,0.0 73.874712913230,18.541756104805,0.0 73.874703858212,18.541750930509,0.0 73.874696959150,18.541745325022,0.0 73.874685316984,18.541733682856,0.0 73.874679711497,18.541726783794,0.0 73.874674537201,18.541717728776,0.0 73.874671518861,18.541709536141,0.0 73.874667638139,18.541694013253,0.0 73.874665913374,18.541683233469,0.0 73.874664619800,18.541666417007,0.0 73.874664188609,18.541649169354,0.0 73.874664188609,18.541614242856,0.0 73.874663326226,18.541596995202,0.0 73.874660739078,18.541580178740,0.0 73.874657289547,18.541569398957,0.0 73.874649528103,18.541553876069,0.0 73.874643491425,18.541545683433,0.0 73.874633142832,18.541536628415,0.0 73.874621931858,18.541529729354,0.0 73.874598647526,18.541518087188,0.0 73.874584849403,18.541512481700,0.0 73.874566739367,18.541507307404,0.0 73.874550354096,18.541504289065,0.0 73.874519308320,18.541500408343,0.0 73.874497748753,18.541498683578,0.0 73.874464115829,18.541497390003,0.0 73.874429620522,18.541496958812,0.0 73.874359767525,18.541496958812,0.0 73.874325272218,18.541496527621,0.0 73.874291639294,18.541495234047,0.0 73.874270079727,18.541493509281,0.0 73.874239033951,18.541489628559,0.0 73.874222648680,18.541486610220,0.0 73.874204538644,18.541481435924,0.0 73.874190740521,18.541475830437,0.0 73.874167456189,18.541464188271,0.0 73.874156245214,18.541457289209,0.0 73.874145896622,18.541448234191,0.0 73.874139859944,18.541440041556,0.0 73.874132098500,18.541424518668,0.0 73.874128648969,18.541413738884,0.0 73.874126061821,18.541396922422,0.0 73.874125199438,18.541379674769,0.0 73.874125199438,18.541344748270,0.0 73.874123474673,18.541327500617,0.0 73.874118300377,18.541310684155,0.0 73.874111401315,18.541299904371,0.0 73.874095878427,18.541284381483,0.0 73.874083805070,18.541276188848,0.0 73.874063107886,18.541267133830,0.0 73.874040685936,18.541260234768,0.0 73.873994117272,18.541248592602,0.0 73.873966521026,18.541242987115,0.0 73.873930300954,18.541237812819,0.0 73.873897530413,18.541234794480,0.0 73.873835438860,18.541230913758,0.0 73.873792319727,18.541229188992,0.0 73.873725053878,18.541227895418,0.0 73.873656063264,18.541227464227,0.0 73.873516357271,18.541227464227,0.0 73.873447366657,18.541227033036,0.0 73.873380100809,18.541225739462,0.0 73.873336981675,18.541224014696,0.0 73.873274890123,18.541220133974,0.0 73.873242119581,18.541217115635,0.0 73.873205899509,18.541211941339,0.0 73.873178303264,18.541206335851,0.0 73.873131734599,18.541194693685,0.0 73.873109312650,18.541187794624,0.0 73.873088615466,18.541178739606,0.0 73.873076542108,18.541170546971,0.0 73.873061019220,18.541155024082,0.0 73.873054120159,18.541144244299,0.0 73.873048945863,18.541127427837,0.0 73.873047221097,18.541110180183,0.0 73.873047221097,18.541075253685,0.0 73.873046789906,18.541058006032,0.0 73.873045496332,18.541041189570,0.0 73.873043771567,18.541030409786,0.0 73.873039890845,18.541014886898,0.0 73.873036872505,18.541006694263,0.0 73.873031698209,18.540997639245,0.0 73.873026092722,18.540990740183,0.0 73.873014450556,18.540979098017,0.0 73.873007551494,18.540973492530,0.0 73.872998496476,18.540968318234,0.0 73.872990303841,18.540965299894,0.0 73.872974780953,18.540961419172,0.0 73.872964001169,18.540959694407,0.0 73.872947184707,18.540958400833,0.0 73.872929937054,18.540957969642,0.0 73.872895010556,18.540957969642,0.0 73.872877762902,18.540957538450,0.0 73.872860946440,18.540956244876,0.0 73.872850166657,18.540954520111,0.0 73.872834643768,18.540950639389,0.0 73.872826451133,18.540947621050,0.0 73.872817396115,18.540942446754,0.0 73.872810497054,18.540936841266,0.0 73.872798854888,18.540925199100,0.0 73.872793249400,18.540918300039,0.0 73.872788075104,18.540909245021,0.0 73.872785056765,18.540901052385,0.0 73.872781176043,18.540885529497,0.0 73.872779451277,18.540874749714,0.0 73.872778157703,18.540857933252,0.0 73.872777726512,18.540840685598,0.0 73.872777726512,18.540805759100,0.0 73.872776001747,18.540788511446,0.0 73.872770827451,18.540771694984,0.0 73.872763928389,18.540760915201,0.0 73.872748405501,18.540745392313,0.0 73.872736332144,18.540737199677,0.0 73.872715634960,18.540728144659,0.0 73.872693213010,18.540721245598,0.0 73.872646644346,18.540709603432,0.0 73.872619048100,18.540703997945,0.0 73.872582828028,18.540698823649,0.0 73.872550057486,18.540695805309,0.0 73.872487965934,18.540691924587,0.0 73.872444846800,18.540690199822,0.0 73.872377580952,18.540688906248,0.0 73.872308590338,18.540688475056,0.0 73.872168884345,18.540688475056,0.0 73.872099893731,18.540688043865,0.0 73.872032627883,18.540686750291,0.0 73.871989508749,18.540685025526,0.0 73.871927417197,18.540681144804,0.0 73.871894646655,18.540678126464,0.0 73.871858426583,18.540672952168,0.0 73.871830830337,18.540667346681,0.0 73.871784261673,18.540655704515,0.0 73.871761839724,18.540648805454,0.0 73.871741142539,18.540639750435,0.0 73.871729069182,18.540631557800,0.0 73.871713546294,18.540616034912,0.0 73.871706647232,18.540605255129,0.0 73.871701472936,18.540588438666,0.0 73.871699748171,18.540571191013,0.0 73.871699748171,18.540536264515,0.0 73.871698454597,18.540519016861,0.0 73.871694573875,18.540502200399,0.0 73.871689399579,18.540491420616,0.0 73.871677757413,18.540475897728,0.0 73.871668702395,18.540467705092,0.0 73.871653179507,18.540458650074,0.0 73.871636363045,18.540451751013,0.0 73.871601436546,18.540440108847,0.0 73.871580739362,18.540434503359,0.0 73.871553574308,18.540429329063,0.0 73.871528996402,18.540426310724,0.0 73.871482427738,18.540422430002,0.0 73.871450088387,18.540420705237,0.0 73.871399639001,18.540419411663,0.0 73.871347896041,18.540418980471,0.0 73.871243116546,18.540418980471,0.0 73.871191373586,18.540418549280,0.0 73.871140924199,18.540417255706,0.0 73.871108584849,18.540415530941,0.0 73.871062016185,18.540411650218,0.0 73.871037438278,18.540408631879,0.0 73.871010273224,18.540403457583,0.0 73.870989576040,18.540397852096,0.0 73.870954649542,18.540386209930,0.0 73.870937833080,18.540379310868,0.0 73.870922310192,18.540370255850,0.0 73.870913255174,18.540362063215,0.0 73.870901613007,18.540346540327,0.0 73.870896438711,18.540335760543,0.0 73.870892557989,18.540318944081,0.0 73.870891264415,18.540301696428,0.0 73.870891264415,18.540266769929,0.0 73.870889539650,18.540249522276,0.0 73.870884365354,18.540232705814,0.0 73.870877466293,18.540221926030,0.0 73.870861943405,18.540206403142,0.0 73.870849870047,18.540198210507,0.0 73.870829172863,18.540189155489,0.0 73.870806750913,18.540182256428,0.0 73.870760182249,18.540170614261,0.0 73.870732586004,18.540165008774,0.0 73.870696365931,18.540159834478,0.0 73.870663595390,18.540156816139,0.0 73.870601503837,18.540152935417,0.0 73.870558384704,18.540151210651,0.0 73.870491118855,18.540149917077,0.0 73.870422128241,18.540149485886,0.0 73.870282422248,18.540149485886,0.0 73.870213431635,18.540149054695,0.0 73.870146165786,18.540147761121,0.0 73.870103046653,18.540146036355,0.0 73.870040955100,18.540142155633,0.0 73.870008184558,18.540139137294,0.0 73.869971964486,18.540133962998,0.0 73.869944368241,18.540128357511,0.0 73.869897799576,18.540116715344,0.0 73.869875377627,18.540109816283,0.0 73.869854680443,18.540100761265,0.0 73.869842607085,18.540092568630,0.0 73.869827084197,18.540077045741,0.0 73.869820185136,18.540066265958,0.0 73.869815010840,18.540049449496,0.0 73.869813286074,18.540032201842,0.0 73.869813286074,18.539997275344,0.0 73.869811992500,18.539980027691,0.0 73.869808111778,18.539963211229,0.0 73.869802937482,18.539952431445,0.0 73.869791295316,18.539936908557,0.0 73.869782240298,18.539928715922,0.0 73.869766717410,18.539919660904,0.0 73.869749900948,18.539912761842,0.0 73.869714974450,18.539901119676,0.0 73.869694277266,18.539895514189,0.0 73.869667112211,18.539890339893,0.0 73.869642534305,18.539887321553,0.0 73.869595965641,18.539883440831,0.0 73.869563626291,18.539881716066,0.0 73.869513176904,18.539880422492,0.0 73.869461433944,18.539879991301,0.0 73.869356654449,18.539879991301,0.0 73.869304911489,18.539879560109,0.0 73.869254462103,18.539878266535,0.0 73.869222122752,18.539876541770,0.0 73.869175554088,18.539872661048,0.0 73.869150976182,18.539869642709,0.0 73.869123811128,18.539864468413,0.0 73.869103113943,18.539858862925,0.0 73.869068187445,18.539847220759,0.0 73.869051370983,18.539840321698,0.0 73.869035848095,18.539831266680,0.0 73.869026793077,18.539823074044,0.0 73.869015150911,18.539807551156,0.0 73.869009976615,18.539796771373,0.0 73.869006095893,18.539779954911,0.0 73.869004802319,18.539762707257,0.0 73.869004802319,18.539727780759,0.0 73.869002646362,18.539710533106,0.0 73.868996178492,18.539693716643,0.0 73.868987554665,18.539682936860,0.0 73.868968151055,18.539667413972,0.0 73.868953059358,18.539659221337,0.0 73.868927187878,18.539650166318,0.0 73.868899160441,18.539643267257,0.0 73.868840949611,18.539631625091,0.0 73.868806454304,18.539626019604,0.0 73.868761179214,18.539620845308,0.0 73.868720216037,18.539617826968,0.0 73.868642601596,18.539613946246,0.0 73.868588702679,18.539612221481,0.0 73.868504620369,18.539610927907,0.0 73.868418382101,18.539610496716,0.0 73.868243749610,18.539610496716,0.0 73.868157511343,18.539610065524,0.0 73.868073429032,18.539608771950,0.0 73.868019530115,18.539607047185,0.0 73.867941915675,18.539603166463,0.0 73.867900952498,18.539600148123,0.0 73.867855677407,18.539594973827,0.0 73.867821182100,18.539589368340,0.0 73.867762971270,18.539577726174,0.0 73.867734943833,18.539570827113,0.0 73.867709072353,18.539561772095,0.0 73.867693980656,18.539553579459,0.0 73.867674577046,18.539538056571,0.0 73.867665953219,18.539527276788,0.0 73.867659485349,18.539510460325,0.0 73.867657329393,18.539493212672,0.0 73.867657329393,18.539458286174,0.0 73.867656898201,18.539441038520,0.0 73.867655604627,18.539424222058,0.0 73.867653879862,18.539413442275,0.0 73.867649999140,18.539397919387,0.0 73.867646980800,18.539389726751,0.0 73.867641806504,18.539380671733,0.0 73.867636201017,18.539373772672,0.0 73.867624558851,18.539362130506,0.0 73.867617659790,18.539356525018,0.0 73.867608604772,18.539351350722,0.0 73.867600412136,18.539348332383,0.0 73.867584889248,18.539344451661,0.0 73.867574109465,18.539342726896,0.0 73.867557293003,18.539341433322,0.0 73.867540045349,18.539341002130,0.0 73.867505118851,18.539341002130,0.0 73.867487871197,18.539340570939,0.0 73.867471054735,18.539339277365,0.0 73.867460274952,18.539337552600,0.0 73.867444752064,18.539333671878,0.0 73.867436559428,18.539330653538,0.0 73.867427504410,18.539325479242,0.0 73.867420605349,18.539319873755,0.0 73.867408963183,18.539308231589,0.0 73.867403357695,18.539301332527,0.0 73.867398183399,18.539292277509,0.0 73.867395165060,18.539284084874,0.0 73.867391284338,18.539268561986,0.0 73.867389559573,18.539257782202,0.0 73.867388265999,18.539240965740,0.0 73.867387834807,18.539223718087,0.0 73.867387834807,18.539188791589,0.0 73.867386541233,18.539171543935,0.0 73.867382660511,18.539154727473,0.0 73.867377486215,18.539143947690,0.0 73.867365844049,18.539128424801,0.0 73.867356789031,18.539120232166,0.0 73.867341266143,18.539111177148,0.0 73.867324449681,18.539104278087,0.0 73.867289523183,18.539092635921,0.0 73.867268825998,18.539087030433,0.0 73.867241660944,18.539081856137,0.0 73.867217083038,18.539078837798,0.0 73.867170514374,18.539074957076,0.0 73.867138175024,18.539073232310,0.0 73.867087725637,18.539071938736,0.0 73.867035982677,18.539071507545,0.0 73.866931203182,18.539071507545,0.0 73.866879460222,18.539071076354,0.0 73.866829010835,18.539069782780,0.0 73.866796671485,18.539068058014,0.0 73.866750102821,18.539064177292,0.0 73.866725524915,18.539061158953,0.0 73.866698359860,18.539055984657,0.0 73.866677662676,18.539050379170,0.0 73.866642736178,18.539038737003,0.0 73.866625919716,18.539031837942,0.0 73.866610396828,18.539022782924,0.0 73.866601341810,18.539014590289,0.0 73.866589699644,18.538999067401,0.0 73.866584525348,18.538988287617,0.0 73.866580644626,18.538971471155,0.0 73.866579351052,18.538954223502,0.0 73.866579351052,18.538919297003,0.0 73.866578919860,18.538902049350,0.0 73.866577626286,18.538885232888,0.0 73.866575901521,18.538874453104,0.0 73.866572020799,18.538858930216,0.0 73.866569002460,18.538850737581,0.0 73.866563828163,18.538841682563,0.0 73.866558222676,18.538834783501,0.0 73.866546580510,18.538823141335,0.0 73.866539681449,18.538817535848,0.0 73.866530626431,18.538812361552,0.0 73.866522433795,18.538809343213,0.0 73.866506910907,18.538805462490,0.0 73.866496131124,18.538803737725,0.0 73.866479314662,18.538802444151,0.0 73.866462067008,18.538802012960,0.0 73.866427140510,18.538802012960,0.0 73.866409892856,18.538801581768,0.0 73.866393076394,18.538800288194,0.0 73.866382296611,18.538798563429,0.0 73.866366773723,18.538794682707,0.0 73.866358581087,18.538791664368,0.0 73.866349526069,18.538786490072,0.0 73.866342627008,18.538780884584,0.0 73.866330984842,18.538769242418,0.0 73.866325379354,18.538762343357,0.0 73.866320205058,18.538753288339,0.0 73.866317186719,18.538745095703,0.0 73.866313305997,18.538729572815,0.0 73.866311581232,18.538718793032,0.0 73.866310287658,18.538701976570,0.0 73.866309856466,18.538684728916,0.0 73.866309856466,18.538649802418,0.0 73.866309425275,18.538632554765,0.0 73.866308131701,18.538615738302,0.0 73.866306406936,18.538604958519,0.0 73.866302526214,18.538589435631,0.0 73.866299507874,18.538581242996,0.0 73.866294333578,18.538572187978,0.0 73.866288728091,18.538565288916,0.0 73.866277085925,18.538553646750,0.0 73.866270186863,18.538548041263,0.0 73.866261131845,18.538542866967,0.0 73.866252939210,18.538539848627,0.0 73.866237416322,18.538535967905,0.0 73.866226636538,18.538534243140,0.0 73.866209820076,18.538532949566,0.0 73.866192572423,18.538532518375,0.0 73.866157645925,18.538532518375,0.0 73.866140398271,18.538532087183,0.0 73.866123581809,18.538530793609,0.0 73.866112802026,18.538529068844,0.0 73.866097279138,18.538525188122,0.0 73.866089086502,18.538522169782,0.0 73.866080031484,18.538516995486,0.0 73.866073132423,18.538511389999,0.0 73.866061490257,18.538499747833,0.0 73.866055884769,18.538492848772,0.0 73.866050710473,18.538483793754,0.0 73.866047692134,18.538475601118,0.0 73.866043811412,18.538460078230,0.0 73.866042086646,18.538449298447,0.0 73.866040793072,18.538432481985,0.0 73.866040361881,18.538415234331,0.0 73.866040361881,18.538380307833,0.0 73.866039930690,18.538363060179,0.0 73.866038637116,18.538346243717,0.0 73.866036912350,18.538335463934,0.0 73.866033031628,18.538319941046,0.0 73.866030013289,18.538311748410,0.0 73.866024838993,18.538302693392,0.0 73.866019233506,18.538295794331,0.0 73.866007591340,18.538284152165,0.0 73.866000692278,18.538278546677,0.0 73.865991637260,18.538273372381,0.0 73.865983444625,18.538270354042,0.0 73.865967921737,18.538266473320,0.0 73.865957141953,18.538264748555,0.0 73.865940325491,18.538263454981,0.0 73.865923077838,18.538263023789,0.0 73.865888151339,18.538263023789,0.0 73.865870903686,18.538262592598,0.0 73.865854087224,18.538261299024,0.0 73.865843307440,18.538259574259,0.0 73.865827784552,18.538255693537,0.0 73.865819591917,18.538252675197,0.0 73.865810536899,18.538247500901,0.0 73.865803637837,18.538241895414,0.0 73.865791995671,18.538230253248,0.0 73.865786390184,18.538223354186,0.0 73.865781215888,18.538214299168,0.0 73.865778197549,18.538206106533,0.0 73.865774316827,18.538190583645,0.0 73.865772592061,18.538179803861,0.0 73.865771298487,18.538162987399,0.0 73.865770867296,18.538145739746,0.0 73.865770867296,18.538110813248,0.0 73.865770436105,18.538093565594,0.0 73.865769142531,18.538076749132,0.0 73.865767417765,18.538065969349,0.0 73.865763537043,18.538050446460,0.0 73.865760518704,18.538042253825,0.0 73.865755344408,18.538033198807,0.0 73.865749738920,18.538026299746,0.0 73.865738096754,18.538014657580,0.0 73.865731197693,18.538009052092,0.0 73.865722142675,18.538003877796,0.0 73.865713950040,18.538000859457,0.0 73.865698427151,18.537996978735,0.0 73.865687647368,18.537995253969,0.0 73.865670830906,18.537993960395,0.0 73.865653583252,18.537993529204,0.0 73.865618656754,18.537993529204,0.0 73.865601409101,18.537993098013,0.0 73.865584592639,18.537991804439,0.0 73.865573812855,18.537990079673,0.0 73.865558289967,18.537986198951,0.0 73.865550097332,18.537983180612,0.0 73.865541042314,18.537978006316,0.0 73.865534143252,18.537972400829,0.0 73.865522501086,18.537960758663,0.0 73.865516895599,18.537953859601,0.0 73.865511721303,18.537944804583,0.0 73.865508702963,18.537936611948,0.0 73.865504822241,18.537921089060,0.0 73.865503097476,18.537910309276,0.0 73.865501803902,18.537893492814,0.0 73.865501372711,18.537876245161,0.0 73.865501372711,18.537841318662,0.0 73.865500079137,18.537824071009,0.0 73.865496198415,18.537807254547,0.0 73.865491024119,18.537796474763,0.0 73.865479381953,18.537780951875,0.0 73.865470326934,18.537772759240,0.0 73.865454804046,18.537763704222,0.0 73.865437987584,18.537756805160,0.0 73.865403061086,18.537745162994,0.0 73.865382363902,18.537739557507,0.0 73.865355198848,18.537734383211,0.0 73.865330620941,18.537731364872,0.0 73.865284052277,18.537727484150,0.0 73.865251712927,18.537725759384,0.0 73.865201263541,18.537724465810,0.0 73.865149520580,18.537724034619,0.0 73.865044741085,18.537724034619,0.0 73.864992998125,18.537723172236,0.0 73.864942548739,18.537720585088,0.0 73.864910209388,18.537717135557,0.0 73.864863640724,18.537709374113,0.0 73.864839062818,18.537703337435,0.0 73.864811897764,18.537692988843,0.0 73.864791200580,18.537681777868,0.0 73.864756274081,18.537658493536,0.0 73.864739457619,18.537644695413,0.0 73.864723934731,18.537626585377,0.0 73.864714879713,18.537610200106,0.0 73.864703237547,18.537579154330,0.0 73.864698063251,18.537557594763,0.0 73.864694182529,18.537523961839,0.0 73.864692888955,18.537489466532,0.0 73.864692888955,18.537419613535,0.0 73.864692026572,18.537385118228,0.0 73.864689439424,18.537351485304,0.0 73.864685989894,18.537329925737,0.0 73.864678228450,18.537298879961,0.0 73.864672191771,18.537282494690,0.0 73.864661843179,18.537264384654,0.0 73.864650632204,18.537250586532,0.0 73.864627347872,18.537227302199,0.0 73.864613549749,18.537216091225,0.0 73.864595439713,18.537205742633,0.0 73.864579054442,18.537199705954,0.0 73.864548008666,18.537191944510,0.0 73.864526449099,18.537188494979,0.0 73.864492816175,18.537185907831,0.0 73.864458320868,18.537185045448,0.0 73.864388467871,18.537185045448,0.0 73.864353972565,18.537182458300,0.0 73.864320339640,18.537174696856,0.0 73.864298780073,18.537164348264,0.0 73.864267734297,18.537141063932,0.0 73.864251349027,18.537122953896,0.0 73.864233238990,18.537091908120,0.0 73.864219440868,18.537058275195,0.0 73.864196156535,18.536988422199,0.0 73.864184945561,18.536947027831,0.0 73.864174596969,18.536892697722,0.0 73.864168560290,18.536843541910,0.0 73.864160798846,18.536750404581,0.0 73.864157349315,18.536685725881,0.0 73.864154762167,18.536584827108,0.0 73.864153899784,18.536481341187,0.0 73.864153899784,18.536271782198,0.0 73.864154330976,18.536168296277,0.0 73.864155624550,18.536067397504,0.0 73.864157349315,18.536002718804,0.0 73.864161230037,18.535909581475,0.0 73.864164248377,18.535860425663,0.0 73.864169422673,18.535806095555,0.0 73.864175028160,18.535764701186,0.0 73.864186670326,18.535694848190,0.0 73.864193569387,18.535661215266,0.0 73.864202624405,18.535630169489,0.0 73.864210817041,18.535612059453,0.0 73.864226339929,18.535588775121,0.0 73.864237119712,18.535578426529,0.0 73.864253936175,18.535570665085,0.0 73.864271183828,18.535568077937,0.0 73.864306110326,18.535568077937,0.0 73.864323357980,18.535568509128,0.0 73.864340174442,18.535569802702,0.0 73.864350954225,18.535571527468,0.0 73.864366477113,18.535575408190,0.0 73.864374669749,18.535578426529,0.0 73.864383724767,18.535583600825,0.0 73.864390623828,18.535589206312,0.0 73.864402265994,18.535600848479,0.0 73.864407871482,18.535607747540,0.0 73.864413045778,18.535616802558,0.0 73.864416064117,18.535624995193,0.0 73.864419944839,18.535640518081,0.0 73.864421669604,18.535651297865,0.0 73.864422963178,18.535668114327,0.0 73.864423394370,18.535685361980,0.0 73.864423394370,18.535720288479,0.0 73.864423825561,18.535737536132,0.0 73.864425119135,18.535754352594,0.0 73.864426843900,18.535765132378,0.0 73.864430724622,18.535780655266,0.0 73.864433742962,18.535788847901,0.0 73.864438917258,18.535797902919,0.0 73.864444522745,18.535804801981,0.0 73.864456164911,18.535816444147,0.0 73.864463063973,18.535822049634,0.0 73.864472118991,18.535827223930,0.0 73.864480311626,18.535830242269,0.0 73.864495834514,18.535834122992,0.0 73.864506614298,18.535835847757,0.0 73.864523430760,18.535837141331,0.0 73.864540678413,18.535837572522,0.0 73.864575604911,18.535837572522,0.0 73.864592852565,18.535838866096,0.0 73.864609669027,18.535842746818,0.0 73.864620448810,18.535847921114,0.0 73.864635971699,18.535859563280,0.0 73.864644164334,18.535868618298,0.0 73.864653219352,18.535884141187,0.0 73.864660118413,18.535900957649,0.0 73.864671760579,18.535935884147,0.0 73.864677366067,18.535956581331,0.0 73.864682540363,18.535983746385,0.0 73.864685558702,18.536008324291,0.0 73.864689439424,18.536054892956,0.0 73.864691164190,18.536087232306,0.0 73.864692457764,18.536137681692,0.0 73.864692888955,18.536189424653,0.0 73.864692888955,18.536294204147,0.0 73.864693751338,18.536345947108,0.0 73.864696338486,18.536396396494,0.0 73.864699788016,18.536428735844,0.0 73.864707549460,18.536475304509,0.0 73.864713586139,18.536499882415,0.0 73.864723934731,18.536527047469,0.0 73.864735145706,18.536547744653,0.0 73.864758430038,18.536582671151,0.0 73.864772228161,18.536599487614,0.0 73.864790338197,18.536615010502,0.0 73.864806723468,18.536624065520,0.0 73.864837769244,18.536635707686,0.0 73.864859328811,18.536640881982,0.0 73.864892961735,18.536644762704,0.0 73.864927457042,18.536646056278,0.0 73.864997310038,18.536646056278,0.0 73.865031805345,18.536646918661,0.0 73.865065438270,18.536649505809,0.0 73.865086997836,18.536652955339,0.0 73.865118043613,18.536660716783,0.0 73.865134428883,18.536666753462,0.0 73.865152538920,18.536677102054,0.0 73.865166337042,18.536688313029,0.0 73.865189621374,18.536711597361,0.0 73.865200832349,18.536725395484,0.0 73.865211180941,18.536743505520,0.0 73.865217217620,18.536759890791,0.0 73.865224979064,18.536790936567,0.0 73.865228428595,18.536812496134,0.0 73.865231015743,18.536846129058,0.0 73.865231878125,18.536880624365,0.0 73.865231878125,18.536950477361,0.0 73.865232740508,18.536984972668,0.0 73.865235327656,18.537018605593,0.0 73.865238777187,18.537040165159,0.0 73.865246538631,18.537071210936,0.0 73.865252575310,18.537087596206,0.0 73.865262923902,18.537105706242,0.0 73.865274134876,18.537119504365,0.0 73.865297419209,18.537142788697,0.0 73.865311217331,18.537153999672,0.0 73.865329327367,18.537164348264,0.0 73.865345712638,18.537170384943,0.0 73.865376758414,18.537178146387,0.0 73.865398317981,18.537181595918,0.0 73.865431950906,18.537184183066,0.0 73.865466446212,18.537185045448,0.0 73.865536299209,18.537185045448,0.0 73.865570794516,18.537185476640,0.0 73.865604427440,18.537186770214,0.0 73.865625987007,18.537188494979,0.0 73.865657032783,18.537192375701,0.0 73.865673418054,18.537195394040,0.0 73.865691528090,18.537200568336,0.0 73.865705326213,18.537206173824,0.0 73.865728610545,18.537217815990,0.0 73.865739821520,18.537224715051,0.0 73.865750170112,18.537233770069,0.0 73.865756206790,18.537241962705,0.0 73.865763968235,18.537257485593,0.0 73.865767417765,18.537268265376,0.0 73.865770004913,18.537285081838,0.0 73.865770867296,18.537302329492,0.0 73.865770867296,18.537337255990,0.0 73.865771298487,18.537354503644,0.0 73.865772592061,18.537371320106,0.0 73.865774316827,18.537382099889,0.0 73.865778197549,18.537397622777,0.0 73.865781215888,18.537405815413,0.0 73.865786390184,18.537414870431,0.0 73.865791995671,18.537421769492,0.0 73.865803637837,18.537433411658,0.0 73.865810536899,18.537439017146,0.0 73.865819591917,18.537444191442,0.0 73.865827784552,18.537447209781,0.0 73.865843307440,18.537451090503,0.0 73.865854087224,18.537452815268,0.0 73.865870903686,18.537454108842,0.0 73.865888151339,18.537454540034,0.0 73.865923077838,18.537454540034,0.0 73.865940325491,18.537454971225,0.0 73.865957141953,18.537456264799,0.0 73.865967921737,18.537457989564,0.0 73.865983444625,18.537461870286,0.0 73.865991637260,18.537464888626,0.0 73.866000692278,18.537470062922,0.0 73.866007591340,18.537475668409,0.0 73.866019233506,18.537487310575,0.0 73.866024838993,18.537494209637,0.0 73.866030013289,18.537503264655,0.0 73.866033031628,18.537511457290,0.0 73.866036912350,18.537526980178,0.0 73.866038637116,18.537537759962,0.0 73.866039930690,18.537554576424,0.0 73.866040361881,18.537571824077,0.0 73.866040361881,18.537606750575,0.0 73.866040793072,18.537623998229,0.0 73.866042086646,18.537640814691,0.0 73.866043811412,18.537651594474,0.0 73.866047692134,18.537667117362,0.0 73.866050710473,18.537675309998,0.0 73.866055884769,18.537684365016,0.0 73.866061490257,18.537691264077,0.0 73.866073132423,18.537702906243,0.0 73.866080031484,18.537708511731,0.0 73.866089086502,18.537713686027,0.0 73.866097279138,18.537716704366,0.0 73.866112802026,18.537720585088,0.0 73.866123581809,18.537722309854,0.0 73.866140398271,18.537723603428,0.0 73.866157645925,18.537724034619,0.0 73.866192572423,18.537724034619,0.0 73.866209820076,18.537724465810,0.0 73.866226636538,18.537725759384,0.0 73.866237416322,18.537727484150,0.0 73.866252939210,18.537731364872,0.0 73.866261131845,18.537734383211,0.0 73.866270186863,18.537739557507,0.0 73.866277085925,18.537745162994,0.0 73.866288728091,18.537756805160,0.0 73.866294333578,18.537763704222,0.0 73.866299507874,18.537772759240,0.0 73.866302526214,18.537780951875,0.0 73.866306406936,18.537796474763,0.0 73.866308131701,18.537807254547,0.0 73.866309425275,18.537824071009,0.0 73.866309856466,18.537841318662,0.0 73.866309856466,18.537876245161,0.0 73.866310287658,18.537893492814,0.0 73.866311581232,18.537910309276,0.0 73.866313305997,18.537921089060,0.0 73.866317186719,18.537936611948,0.0 73.866320205058,18.537944804583,0.0 73.866325379354,18.537953859601,0.0 73.866330984842,18.537960758663,0.0 73.866342627008,18.537972400829,0.0 73.866349526069,18.537978006316,0.0 73.866358581087,18.537983180612,0.0 73.866366773723,18.537986198951,0.0 73.866382296611,18.537990079673,0.0 73.866393076394,18.537991804439,0.0 73.866409892856,18.537993098013,0.0 73.866427140510,18.537993529204,0.0 73.866462067008,18.537993529204,0.0 73.866479314662,18.537993960395,0.0 73.866496131124,18.537995253969,0.0 73.866506910907,18.537996978735,0.0 73.866522433795,18.538000859457,0.0 73.866530626431,18.538003877796,0.0 73.866539681449,18.538009052092,0.0 73.866546580510,18.538014657580,0.0 73.866558222676,18.538026299746,0.0 73.866563828163,18.538033198807,0.0 73.866569002460,18.538042253825,0.0 73.866572020799,18.538050446460,0.0 73.866575901521,18.538065969349,0.0 73.866577626286,18.538076749132,0.0 73.866578919860,18.538093565594,0.0 73.866579351052,18.538110813248,0.0 73.866579351052,18.538145739746,0.0 73.866579782243,18.538162987399,0.0 73.866581075817,18.538179803861,0.0 73.866582800582,18.538190583645,0.0 73.866586681304,18.538206106533,0.0 73.866589699644,18.538214299168,0.0 73.866594873940,18.538223354186,0.0 73.866600479427,18.538230253248,0.0 73.866612121593,18.538241895414,0.0 73.866619020655,18.538247500901,0.0 73.866628075673,18.538252675197,0.0 73.866636268308,18.538255693537,0.0 73.866651791196,18.538259574259,0.0 73.866662570980,18.538261299024,0.0 73.866679387442,18.538262592598,0.0 73.866696635095,18.538263023789,0.0 73.866731561593,18.538263023789,0.0 73.866748809247,18.538263454981,0.0 73.866765625709,18.538264748555,0.0 73.866776405492,18.538266473320,0.0 73.866791928380,18.538270354042,0.0 73.866800121016,18.538273372381,0.0 73.866809176034,18.538278546677,0.0 73.866816075095,18.538284152165,0.0 73.866827717261,18.538295794331,0.0 73.866833322749,18.538302693392,0.0 73.866838497045,18.538311748410,0.0 73.866841515384,18.538319941046,0.0 73.866845396106,18.538335463934,0.0 73.866847120872,18.538346243717,0.0 73.866848414446,18.538363060179,0.0 73.866848845637,18.538380307833,0.0 73.866848845637,18.538415234331,0.0 73.866850570402,18.538432481985,0.0 73.866855744698,18.538449298447,0.0 73.866862643760,18.538460078230,0.0 73.866878166648,18.538475601118,0.0 73.866890240005,18.538483793754,0.0 73.866910937189,18.538492848772,0.0 73.866933359139,18.538499747833,0.0 73.866979927803,18.538511389999,0.0 73.867007524049,18.538516995486,0.0 73.867043744121,18.538522169782,0.0 73.867076514662,18.538525188122,0.0 73.867138606215,18.538529068844,0.0 73.867181725349,18.538530793609,0.0 73.867248991197,18.538532087183,0.0 73.867317981811,18.538532518375,0.0 73.867457687804,18.538532518375,0.0 73.867526678418,18.538532949566,0.0 73.867593944266,18.538534243140,0.0 73.867637063400,18.538535967905,0.0 73.867699154952,18.538539848627,0.0 73.867731925494,18.538542866967,0.0 73.867768145566,18.538548041263,0.0 73.867795741812,18.538553646750,0.0 73.867842310476,18.538565288916,0.0 73.867864732425,18.538572187978,0.0 73.867885429610,18.538581242996,0.0 73.867897502967,18.538589435631,0.0 73.867913025855,18.538604958519,0.0 73.867919924916,18.538615738302,0.0 73.867925099212,18.538632554765,0.0 73.867926823978,18.538649802418,0.0 73.867926823978,18.538684728916,0.0 73.867927255169,18.538701976570,0.0 73.867928548743,18.538718793032,0.0 73.867930273508,18.538729572815,0.0 73.867934154231,18.538745095703,0.0 73.867937172570,18.538753288339,0.0 73.867942346866,18.538762343357,0.0 73.867947952353,18.538769242418,0.0 73.867959594519,18.538780884584,0.0 73.867966493581,18.538786490072,0.0 73.867975548599,18.538791664368,0.0 73.867983741234,18.538794682707,0.0 73.867999264122,18.538798563429,0.0 73.868010043906,18.538800288194,0.0 73.868026860368,18.538801581768,0.0 73.868044108021,18.538802012960,0.0 73.868079034520,18.538802012960,0.0 73.868096282173,18.538802444151,0.0 73.868113098635,18.538803737725,0.0 73.868123878419,18.538805462490,0.0 73.868139401307,18.538809343213,0.0 73.868147593942,18.538812361552,0.0 73.868156648960,18.538817535848,0.0 73.868163548021,18.538823141335,0.0 73.868175190188,18.538834783501,0.0 73.868180795675,18.538841682563,0.0 73.868185969971,18.538850737581,0.0 73.868188988310,18.538858930216,0.0 73.868192869032,18.538874453104,0.0 73.868194593798,18.538885232888,0.0 73.868195887372,18.538902049350,0.0 73.868196318563,18.538919297003,0.0 73.868196318563,18.538954223502,0.0 73.868198043328,18.538971471155,0.0 73.868203217624,18.538988287617,0.0 73.868210116686,18.538999067401,0.0 73.868225639574,18.539014590289,0.0 73.868237712931,18.539022782924,0.0 73.868258410115,18.539031837942,0.0 73.868280832065,18.539038737003,0.0 73.868327400729,18.539050379170,0.0 73.868354996975,18.539055984657,0.0 73.868391217047,18.539061158953,0.0 73.868423987589,18.539064177292,0.0 73.868486079141,18.539068058014,0.0 73.868529198275,18.539069782780,0.0 73.868596464123,18.539071076354,0.0 73.868665454737,18.539071507545,0.0 73.868805160730,18.539071507545,0.0 73.868874151344,18.539071938736,0.0 73.868941417192,18.539073232310,0.0 73.868984536326,18.539074957076,0.0 73.869046627878,18.539078837798,0.0 73.869079398420,18.539081856137,0.0 73.869115618492,18.539087030433,0.0 73.869143214738,18.539092635921,0.0 73.869189783402,18.539104278087,0.0 73.869212205352,18.539111177148,0.0 73.869232902536,18.539120232166,0.0 73.869244975893,18.539128424801,0.0 73.869260498781,18.539143947690,0.0 73.869267397843,18.539154727473,0.0 73.869272572139,18.539171543935,0.0 73.869274296904,18.539188791589,0.0 73.869274296904,18.539223718087,0.0 73.869275159287,18.539240965740,0.0 73.869277746435,18.539257782202,0.0 73.869281195965,18.539268561986,0.0 73.869288957409,18.539284084874,0.0 73.869294994088,18.539292277509,0.0 73.869305342680,18.539301332527,0.0 73.869316553655,18.539308231589,0.0 73.869339837987,18.539319873755,0.0 73.869353636110,18.539325479242,0.0 73.869371746146,18.539330653538,0.0 73.869388131417,18.539333671878,0.0 73.869419177193,18.539337552600,0.0 73.869440736760,18.539339277365,0.0 73.869474369684,18.539340570939,0.0 73.869508864991,18.539341002130,0.0 73.869578717987,18.539341002130,0.0 73.869613213294,18.539341433322,0.0 73.869646846219,18.539342726896,0.0 73.869668405785,18.539344451661,0.0 73.869699451562,18.539348332383,0.0 73.869715836832,18.539351350722,0.0 73.869733946869,18.539356525018,0.0 73.869747744991,18.539362130506,0.0 73.869771029323,18.539373772672,0.0 73.869782240298,18.539380671733,0.0 73.869792588890,18.539389726751,0.0 73.869798625569,18.539397919387,0.0 73.869806387013,18.539413442275,0.0 73.869809836544,18.539424222058,0.0 73.869812423692,18.539441038520,0.0 73.869813286074,18.539458286174,0.0 73.869813286074,18.539493212672,0.0 73.869816304414,18.539510460325,0.0 73.869825359432,18.539527276788,0.0 73.869837432789,18.539538056571,0.0 73.869864597843,18.539553579459,0.0 73.869885726219,18.539561772095,0.0 73.869921946291,18.539570827113,0.0 73.869961184703,18.539577726174,0.0 73.870042679865,18.539589368340,0.0 73.870090973295,18.539594973827,0.0 73.870154358422,18.539600148123,0.0 73.870211706869,18.539603166463,0.0 73.870320367086,18.539607047185,0.0 73.870395825570,18.539608771950,0.0 73.870513540805,18.539610065524,0.0 73.870634274379,18.539610496716,0.0 73.870878759867,18.539610496716,0.0 73.870999493441,18.539610927907,0.0 73.871117208676,18.539612221481,0.0 73.871192667160,18.539613946246,0.0 73.871301327376,18.539617826968,0.0 73.871358675824,18.539620845308,0.0 73.871422060950,18.539626019604,0.0 73.871470354380,18.539631625091,0.0 73.871551849543,18.539643267257,0.0 73.871591087954,18.539650166318,0.0 73.871627308027,18.539659221337,0.0 73.871648436402,18.539667413972,0.0 73.871675601456,18.539682936860,0.0 73.871687674814,18.539693716643,0.0 73.871696729832,18.539710533106,0.0 73.871699748171,18.539727780759,0.0 73.871699748171,18.539762707257,0.0 73.871700610554,18.539779954911,0.0 73.871703197702,18.539796771373,0.0 73.871706647232,18.539807551156,0.0 73.871714408677,18.539823074044,0.0 73.871720445355,18.539831266680,0.0 73.871730793947,18.539840321698,0.0 73.871742004922,18.539847220759,0.0 73.871765289254,18.539858862925,0.0 73.871779087377,18.539864468413,0.0 73.871797197413,18.539869642709,0.0 73.871813582684,18.539872661048,0.0 73.871844628460,18.539876541770,0.0 73.871866188027,18.539878266535,0.0 73.871899820951,18.539879560109,0.0 73.871934316258,18.539879991301,0.0 73.872004169255,18.539879991301,0.0 73.872038664561,18.539880422492,0.0 73.872072297486,18.539881716066,0.0 73.872093857053,18.539883440831,0.0 73.872124902829,18.539887321553,0.0 73.872141288100,18.539890339893,0.0 73.872159398136,18.539895514189,0.0 73.872173196258,18.539901119676,0.0 73.872196480591,18.539912761842,0.0 73.872207691565,18.539919660904,0.0 73.872218040157,18.539928715922,0.0 73.872224076836,18.539936908557,0.0 73.872231838280,18.539952431445,0.0 73.872235287811,18.539963211229,0.0 73.872237874959,18.539980027691,0.0 73.872238737342,18.539997275344,0.0 73.872238737342,18.540032201842,0.0 73.872239168533,18.540049449496,0.0 73.872240462107,18.540066265958,0.0 73.872242186872,18.540077045741,0.0 73.872246067594,18.540092568630,0.0 73.872249085934,18.540100761265,0.0 73.872254260230,18.540109816283,0.0 73.872259865717,18.540116715344,0.0 73.872271507883,18.540128357511,0.0 73.872278406945,18.540133962998,0.0 73.872287461963,18.540139137294,0.0 73.872295654598,18.540142155633,0.0 73.872311177486,18.540146036355,0.0 73.872321957269,18.540147761121,0.0 73.872338773732,18.540149054695,0.0 73.872356021385,18.540149485886,0.0 73.872390947883,18.540149485886,0.0 73.872408195537,18.540149917077,0.0 73.872425011999,18.540151210651,0.0 73.872435791782,18.540152935417,0.0 73.872451314670,18.540156816139,0.0 73.872459507306,18.540159834478,0.0 73.872468562324,18.540165008774,0.0 73.872475461385,18.540170614261,0.0 73.872487103551,18.540182256428,0.0 73.872492709039,18.540189155489,0.0 73.872497883335,18.540198210507,0.0 73.872500901674,18.540206403142,0.0 73.872504782396,18.540221926030,0.0 73.872506507161,18.540232705814,0.0 73.872507800735,18.540249522276,0.0 73.872508231927,18.540266769929,0.0 73.872508231927,18.540301696428,0.0 73.872508663118,18.540318944081,0.0 73.872509956692,18.540335760543,0.0 73.872511681457,18.540346540327,0.0 73.872515562180,18.540362063215,0.0 73.872518580519,18.540370255850,0.0 73.872523754815,18.540379310868,0.0 73.872529360302,18.540386209930,0.0 73.872541002468,18.540397852096,0.0 73.872547901530,18.540403457583,0.0 73.872556956548,18.540408631879,0.0 73.872565149183,18.540411650218,0.0 73.872580672071,18.540415530941,0.0 73.872591451855,18.540417255706,0.0 73.872608268317,18.540418549280,0.0 73.872625515970,18.540418980471,0.0 73.872660442469,18.540418980471,0.0 73.872677690122,18.540418549280,0.0 73.872694506584,18.540417255706,0.0 73.872705286368,18.540415530941,0.0 73.872720809256,18.540411650218,0.0 73.872729001891,18.540408631879,0.0 73.872738056909,18.540403457583,0.0 73.872744955970,18.540397852096,0.0 73.872756598137,18.540386209930,0.0 73.872762203624,18.540379310868,0.0 73.872767377920,18.540370255850,0.0 73.872770396259,18.540362063215,0.0 73.872774276981,18.540346540327,0.0 73.872776001747,18.540335760543,0.0 73.872777295321,18.540318944081,0.0 73.872777726512,18.540301696428,0.0 73.872777726512,18.540266769929,0.0 73.872778157703,18.540249522276,0.0 73.872779451277,18.540232705814,0.0 73.872781176043,18.540221926030,0.0 73.872785056765,18.540206403142,0.0 73.872788075104,18.540198210507,0.0 73.872793249400,18.540189155489,0.0 73.872798854888,18.540182256428,0.0 73.872810497054,18.540170614261,0.0 73.872817396115,18.540165008774,0.0 73.872826451133,18.540159834478,0.0 73.872834643768,18.540156816139,0.0 73.872850166657,18.540152935417,0.0 73.872860946440,18.540151210651,0.0 73.872877762902,18.540149917077,0.0 73.872895010556,18.540149485886,0.0 73.872929937054,18.540149485886,0.0 73.872947184707,18.540149917077,0.0 73.872964001169,18.540151210651,0.0 73.872974780953,18.540152935417,0.0 73.872990303841,18.540156816139,0.0 73.872998496476,18.540159834478,0.0 73.873007551494,18.540165008774,0.0 73.873014450556,18.540170614261,0.0 73.873026092722,18.540182256428,0.0 73.873031698209,18.540189155489,0.0 73.873036872505,18.540198210507,0.0 73.873039890845,18.540206403142,0.0 73.873043771567,18.540221926030,0.0 73.873045496332,18.540232705814,0.0 73.873046789906,18.540249522276,0.0 73.873047221097,18.540266769929,0.0 73.873047221097,18.540301696428,0.0 73.873047652289,18.540318944081,0.0 73.873048945863,18.540335760543,0.0 73.873050670628,18.540346540327,0.0 73.873054551350,18.540362063215,0.0 73.873057569689,18.540370255850,0.0 73.873062743985,18.540379310868,0.0 73.873068349473,18.540386209930,0.0 73.873079991639,18.540397852096,0.0 73.873086890700,18.540403457583,0.0 73.873095945718,18.540408631879,0.0 73.873104138354,18.540411650218,0.0 73.873119661242,18.540415530941,0.0 73.873130441025,18.540417255706,0.0 73.873147257487,18.540418549280,0.0 73.873164505141,18.540418980471,0.0 73.873199431639,18.540418980471,0.0 73.873216679292,18.540419411663,0.0 73.873233495755,18.540420705237,0.0 73.873244275538,18.540422430002,0.0 73.873259798426,18.540426310724,0.0 73.873267991061,18.540429329063,0.0 73.873277046080,18.540434503359,0.0 73.873283945141,18.540440108847,0.0 73.873295587307,18.540451751013,0.0 73.873301192794,18.540458650074,0.0 73.873306367090,18.540467705092,0.0 73.873309385430,18.540475897728,0.0 73.873313266152,18.540491420616,0.0 73.873314990917,18.540502200399,0.0 73.873316284491,18.540519016861,0.0 73.873316715683,18.540536264515,0.0 73.873316715683,18.540571191013,0.0 73.873318871639,18.540588438666,0.0 73.873325339509,18.540605255129,0.0 73.873333963336,18.540616034912,0.0 73.873353366946,18.540631557800,0.0 73.873368458643,18.540639750435,0.0 73.873394330123,18.540648805454,0.0 73.873422357560,18.540655704515,0.0 73.873480568390,18.540667346681,0.0 73.873515063697,18.540672952168,0.0 73.873560338788,18.540678126464,0.0 73.873601301965,18.540681144804,0.0 73.873678916405,18.540685025526,0.0 73.873732815322,18.540686750291,0.0 73.873816897633,18.540688043865,0.0 73.873903135900,18.540688475056,0.0 73.874077768391,18.540688475056,0.0 73.874164006659,18.540688906248,0.0 73.874248088969,18.540690199822,0.0 73.874301987886,18.540691924587,0.0 73.874379602327,18.540695805309,0.0 73.874420565504,18.540698823649,0.0 73.874465840594,18.540703997945,0.0 73.874500335901,18.540709603432,0.0 73.874558546731,18.540721245598,0.0 73.874586574168,18.540728144659,0.0 73.874612445648,18.540737199677,0.0 73.874627537345,18.540745392313,0.0 73.874646940955,18.540760915201,0.0 73.874655564782,18.540771694984,0.0 73.874662032652,18.540788511446,0.0 73.874664188609,18.540805759100,0.0 73.874664188609,18.540840685598,0.0 73.874665050991,18.540857933252,0.0 73.874667638139,18.540874749714,0.0 73.874671087670,18.540885529497,0.0 73.874678849114,18.540901052385,0.0 73.874684885793,18.540909245021,0.0 73.874695234385,18.540918300039,0.0 73.874706445360,18.540925199100,0.0 73.874729729692,18.540936841266,0.0 73.874743527815,18.540942446754,0.0 73.874761637851,18.540947621050,0.0 73.874778023121,18.540950639389,0.0 73.874809068898,18.540954520111,0.0 73.874830628465,18.540956244876,0.0 73.874864261389,18.540957538450,0.0 73.874898756696,18.540957969642,0.0 73.874968609692,18.540957969642,0.0 73.875003104999,18.540958400833,0.0 73.875036737923,18.540959694407,0.0 73.875058297490,18.540961419172,0.0 73.875089343266,18.540965299894,0.0 73.875105728537,18.540968318234,0.0 73.875123838573,18.540973492530,0.0 73.875137636696,18.540979098017,0.0 73.875160921028,18.540990740183,0.0 73.875172132003,18.540997639245,0.0 73.875182480595,18.541006694263,0.0 73.875188517274,18.541014886898,0.0 73.875196278718,18.541030409786,0.0 73.875199728248,18.541041189570,0.0 73.875202315396,18.541058006032,0.0 73.875203177779,18.541075253685,0.0 73.875203177779,18.541110180183,0.0 73.875205764927,18.541127427837,0.0 73.875213526371,18.541144244299,0.0 73.875223874963,18.541155024082,0.0 73.875247159295,18.541170546971,0.0 73.875265269332,18.541178739606,0.0 73.875296315108,18.541187794624,0.0 73.875329948032,18.541194693685,0.0 73.875399801029,18.541206335851,0.0 73.875441195397,18.541211941339,0.0 73.875495525505,18.541217115635,0.0 73.875544681318,18.541220133974,0.0 73.875637818646,18.541224014696,0.0 73.875702497347,18.541225739462,0.0 73.875803396119,18.541227033036,0.0 73.875906882040,18.541227464227,0.0 73.876116441030,18.541227464227,0.0 73.876219926950,18.541227895418,0.0 73.876320825723,18.541229188992,0.0 73.876385504424,18.541230913758,0.0 73.876478641752,18.541234794480,0.0 73.876527797565,18.541237812819,0.0 73.876582127673,18.541242987115,0.0 73.876623522041,18.541248592602,0.0 73.876693375038,18.541260234768,0.0 73.876727007962,18.541267133830,0.0 73.876758053738,18.541276188848,0.0 73.876776163774,18.541284381483,0.0 73.876799448106,18.541299904371,0.0 73.876809796699,18.541310684155,0.0 73.876817558143,18.541327500617,0.0 73.876820145291,18.541344748270,0.0 73.876820145291,18.541379674769,0.0 73.876821007673,18.541396922422,0.0 73.876823594821,18.541413738884,0.0 73.876827044352,18.541424518668,0.0 73.876834805796,18.541440041556,0.0 73.876840842475,18.541448234191,0.0 73.876851191067,18.541457289209,0.0 73.876862402042,18.541464188271,0.0 73.876885686374,18.541475830437,0.0 73.876899484496,18.541481435924,0.0 73.876917594533,18.541486610220,0.0 73.876933979803,18.541489628559,0.0 73.876965025580,18.541493509281,0.0 73.876986585146,18.541495234047,0.0 73.877020218071,18.541496527621,0.0 73.877054713378,18.541496958812,0.0 73.877124566374,18.541496958812,0.0 73.877159061681,18.541497390003,0.0 73.877192694605,18.541498683578,0.0 73.877214254172,18.541500408343,0.0 73.877245299948,18.541504289065,0.0 73.877261685219,18.541507307404,0.0 73.877279795255,18.541512481700,0.0 73.877293593378,18.541518087188,0.0 73.877316877710,18.541529729354,0.0 73.877328088685,18.541536628415,0.0 73.877338437277,18.541545683433,0.0 73.877344473956,18.541553876069,0.0 73.877352235400,18.541569398957,0.0 73.877355684930,18.541580178740,0.0 73.877358272078,18.541596995202,0.0 73.877359134461,18.541614242856,0.0 73.877359134461,18.541649169354,0.0 73.877360428035,18.541666417007,0.0 73.877364308757,18.541683233469,0.0 73.877369483053,18.541694013253,0.0 73.877381125219,18.541709536141,0.0 73.877390180237,18.541717728776,0.0 73.877405703125,18.541726783794,0.0 73.877422519587,18.541733682856,0.0 73.877457446086,18.541745325022,0.0 73.877478143270,18.541750930509,0.0 73.877505308324,18.541756104805,0.0 73.877529886230,18.541759123145,0.0 73.877576454895,18.541763003867,0.0 73.877608794245,18.541764728632,0.0 73.877659243631,18.541766022206,0.0 73.877710986592,18.541766453397,0.0 73.877815766086,18.541766453397,0.0 73.877867509047,18.541766884589,0.0 73.877917958433,18.541768178163,0.0 73.877950297783,18.541769902928,0.0 73.877996866448,18.541773783650,0.0 73.878021444354,18.541776801989,0.0 73.878048609408,18.541781976286,0.0 73.878069306592,18.541787581773,0.0 73.878104233090,18.541799223939,0.0 73.878121049552,18.541806123000,0.0 73.878136572441,18.541815178018,0.0 73.878145627459,18.541823370654,0.0 73.878157269625,18.541838893542,0.0 73.878162443921,18.541849673325,0.0 73.878166324643,18.541866489787,0.0 73.878167618217,18.541883737441,0.0 73.878167618217,18.541918663939,0.0 73.878170636556,18.541935911593,0.0 73.878179691574,18.541952728055,0.0 73.878191764932,18.541963507838,0.0 73.878218929986,18.541979030726,0.0 73.878240058361,18.541987223362,0.0 73.878276278434,18.541996278380,0.0 73.878315516845,18.542003177441,0.0 73.878397012008,18.542014819607,0.0 73.878445305437,18.542020425095,0.0 73.878508690564,18.542025599391,0.0 73.878566039012,18.542028617730,0.0 73.878674699228,18.542032498452,0.0 73.878750157712,18.542034223217,0.0 73.878867872947,18.542035516791,0.0 73.878988606521,18.542035947983,0.0 73.879233092009,18.542035947983,0.0 73.879353825583,18.542036379174,0.0 73.879471540818,18.542037672748,0.0 73.879546999302,18.542039397513,0.0 73.879655659519,18.542043278235,0.0 73.879713007966,18.542046296575,0.0 73.879776393093,18.542051470871,0.0 73.879824686522,18.542057076358,0.0 73.879906181685,18.542068718524,0.0 73.879945420097,18.542075617586,0.0 73.879981640169,18.542084672604,0.0 73.880002768544,18.542092865239,0.0 73.880029933599,18.542108388127,0.0 73.880042006956,18.542119167911,0.0 73.880051061974,18.542135984373,0.0 73.880054080313,18.542153232026,0.0 73.880054080313,18.542188158524,0.0 73.880057098653,18.542205406178,0.0 73.880066153671,18.542222222640,0.0 73.880078227028,18.542233002423,0.0 73.880105392082,18.542248525311,0.0 73.880126520458,18.542256717947,0.0 73.880162740530,18.542265772965,0.0 73.880201978942,18.542272672026,0.0 73.880283474104,18.542284314192,0.0 73.880331767534,18.542289919680,0.0 73.880395152660,18.542295093976,0.0 73.880452501108,18.542298112315,0.0 73.880561161325,18.542301993037,0.0 73.880636619809,18.542303717803,0.0 73.880754335044,18.542305011377,0.0 73.880875068618,18.542305442568,0.0 73.881119554106,18.542305442568,0.0 73.881240287680,18.542305873759,0.0 73.881358002915,18.542307167333,0.0 73.881433461398,18.542308892099,0.0 73.881542121615,18.542312772821,0.0 73.881599470063,18.542315791160,0.0 73.881662855189,18.542320965456,0.0 73.881711148619,18.542326570943,0.0 73.881792643782,18.542338213109,0.0 73.881831882193,18.542345112171,0.0 73.881868102266,18.542354167189,0.0 73.881889230641,18.542362359824,0.0 73.881916395695,18.542377882712,0.0 73.881928469053,18.542388662496,0.0 73.881937524071,18.542405478958,0.0 73.881940542410,18.542422726611,0.0 73.881940542410,18.542457653110,0.0 73.881942698367,18.542474900763,0.0 73.881949166237,18.542491717225,0.0 73.881957790064,18.542502497009,0.0 73.881977193674,18.542518019897,0.0 73.881992285370,18.542526212532,0.0 73.882018156851,18.542535267550,0.0 73.882046184287,18.542542166612,0.0 73.882104395118,18.542553808778,0.0 73.882138890425,18.542559414265,0.0 73.882184165515,18.542564588561,0.0 73.882225128692,18.542567606900,0.0 73.882302743133,18.542571487622,0.0 73.882356642050,18.542573212388,0.0 73.882440724360,18.542574505962,0.0 73.882526962628,18.542574937153,0.0 73.882701595119,18.542574937153,0.0 73.882787833386,18.542576230727,0.0 73.882871915697,18.542580111449,0.0 73.882925814614,18.542585285745,0.0 73.883003429054,18.542596927911,0.0 73.883044392231,18.542605982929,0.0 73.883089667321,18.542621505817,0.0 73.883124162628,18.542638322280,0.0 73.883182373459,18.542673248778,0.0 73.883210400896,18.542693945962,0.0 73.883236272376,18.542721111016,0.0 73.883251364073,18.542745688922,0.0 73.883270767683,18.542792257587,0.0 73.883279391510,18.542824596937,0.0 73.883285859380,18.542875046323,0.0 73.883288015336,18.542926789284,0.0 73.883288015336,18.543031568778,0.0 73.883287584145,18.543083311739,0.0 73.883286290571,18.543133761125,0.0 73.883284565806,18.543166100475,0.0 73.883280685084,18.543212669140,0.0 73.883277666744,18.543237247046,0.0 73.883272492448,18.543264412100,0.0 73.883266886961,18.543285109284,0.0 73.883255244795,18.543320035782,0.0 73.883248345733,18.543336852244,0.0 73.883239290715,18.543352375133,0.0 73.883231098080,18.543361430151,0.0 73.883215575192,18.543373072317,0.0 73.883204795408,18.543378246613,0.0 73.883187978946,18.543382127335,0.0 73.883170731293,18.543383420909,0.0 73.883135804794,18.543383420909,0.0 73.883118557141,18.543383852100,0.0 73.883101740679,18.543385145674,0.0 73.883090960896,18.543386870440,0.0 73.883075438007,18.543390751162,0.0 73.883067245372,18.543393769501,0.0 73.883058190354,18.543398943797,0.0 73.883051291293,18.543404549284,0.0 73.883039649126,18.543416191450,0.0 73.883034043639,18.543423090512,0.0 73.883028869343,18.543432145530,0.0 73.883025851004,18.543440338165,0.0 73.883021970282,18.543455861053,0.0 73.883020245516,18.543466640837,0.0 73.883018951942,18.543483457299,0.0 73.883018520751,18.543500704952,0.0 73.883018520751,18.543535631451,0.0 73.883015071220,18.543552879104,0.0 73.883004722628,18.543569695566,0.0 73.882990924505,18.543580475350,0.0 73.882959878729,18.543595998238,0.0 73.882935732014,18.543604190873,0.0 73.882894337646,18.543613245891,0.0 73.882849493747,18.543620144952,0.0 73.882756356418,18.543631787119,0.0 73.882701163927,18.543637392606,0.0 73.882628723783,18.543642566902,0.0 73.882563182700,18.543645585241,0.0 73.882438999595,18.543649465963,0.0 73.882352761328,18.543651190729,0.0 73.882218229631,18.543652484303,0.0 73.882080248403,18.543652915494,0.0 73.881800836417,18.543652915494,0.0 73.881662855189,18.543652484303,0.0 73.881528323492,18.543651190729,0.0 73.881442085225,18.543649465963,0.0 73.881317902120,18.543645585241,0.0 73.881252361037,18.543642566902,0.0 73.881179920893,18.543637392606,0.0 73.881124728402,18.543631787119,0.0 73.881031591073,18.543620144952,0.0 73.880986747174,18.543613245891,0.0 73.880945352806,18.543604190873,0.0 73.880921206091,18.543595998238,0.0 73.880890160315,18.543580475350,0.0 73.880876362192,18.543569695566,0.0 73.880866013600,18.543552879104,0.0 73.880862564069,18.543535631451,0.0</coordinates>
                        </LinearRing>
                    </outerBoundaryIs>
                </Polygon>
            </Placemark>
            <Placemark id="1270">
                <name>Class 2 - 14</name>
                <styleUrl>#1275</styleUrl>
                <Polygon id="1269">
                    <outerBoundaryIs>
                        <LinearRing id="1273">
                            <coordinates>73.863614910614,18.535450793893,0.0 73.863614910614,18.535415867395,0.0 73.863615772997,18.535398619742,0.0 73.863618360145,18.535381803280,0.0 73.863621809675,18.535371023496,0.0 73.863629571119,18.535355500608,0.0 73.863635607798,18.535347307973,0.0 73.863645956390,18.535338252955,0.0 73.863657167365,18.535331353893,0.0 73.863680451697,18.535319711727,0.0 73.863694249820,18.535314106240,0.0 73.863712359856,18.535308931944,0.0 73.863728745127,18.535305913604,0.0 73.863759790903,18.535302032882,0.0 73.863781350470,18.535300308117,0.0 73.863814983394,18.535299014543,0.0 73.863849478701,18.535298583352,0.0 73.863919331698,18.535298583352,0.0 73.863953827004,18.535299014543,0.0 73.863987459929,18.535300308117,0.0 73.864009019495,18.535302032882,0.0 73.864040065272,18.535305913604,0.0 73.864056450542,18.535308931944,0.0 73.864074560579,18.535314106240,0.0 73.864088358701,18.535319711727,0.0 73.864111643034,18.535331353893,0.0 73.864122854008,18.535338252955,0.0 73.864133202600,18.535347307973,0.0 73.864139239279,18.535355500608,0.0 73.864147000723,18.535371023496,0.0 73.864150450254,18.535381803280,0.0 73.864153037402,18.535398619742,0.0 73.864153899784,18.535415867395,0.0 73.864153899784,18.535450793893,0.0 73.864153037402,18.535468041547,0.0 73.864150450254,18.535484858009,0.0 73.864147000723,18.535495637792,0.0 73.864139239279,18.535511160681,0.0 73.864133202600,18.535519353316,0.0 73.864122854008,18.535528408334,0.0 73.864111643034,18.535535307395,0.0 73.864088358701,18.535546949561,0.0 73.864074560579,18.535552555049,0.0 73.864056450542,18.535557729345,0.0 73.864040065272,18.535560747684,0.0 73.864009019495,18.535564628406,0.0 73.863987459929,18.535566353172,0.0 73.863953827004,18.535567646746,0.0 73.863919331698,18.535568077937,0.0 73.863849478701,18.535568077937,0.0 73.863814983394,18.535567646746,0.0 73.863781350470,18.535566353172,0.0 73.863759790903,18.535564628406,0.0 73.863728745127,18.535560747684,0.0 73.863712359856,18.535557729345,0.0 73.863694249820,18.535552555049,0.0 73.863680451697,18.535546949561,0.0 73.863657167365,18.535535307395,0.0 73.863645956390,18.535528408334,0.0 73.863635607798,18.535519353316,0.0 73.863629571119,18.535511160681,0.0 73.863621809675,18.535495637792,0.0 73.863618360145,18.535484858009,0.0 73.863615772997,18.535468041547,0.0 73.863614910614,18.535450793893,0.0</coordinates>
                        </LinearRing>
                    </outerBoundaryIs>
                </Polygon>
            </Placemark>
            <Placemark id="1279">
                <name>Class 2 - 15</name>
                <styleUrl>#1284</styleUrl>
                <Polygon id="1278">
                    <outerBoundaryIs>
                        <LinearRing id="1282">
                            <coordinates>73.943115813259,18.543570557949,0.0 73.943115813259,18.543465778454,0.0 73.943114950876,18.543414035494,0.0 73.943112363728,18.543363586107,0.0 73.943108914197,18.543331246757,0.0 73.943101152753,18.543284678093,0.0 73.943095116074,18.543260100187,0.0 73.943084767482,18.543232935132,0.0 73.943073556508,18.543212237948,0.0 73.943050272175,18.543177311450,0.0 73.943036474053,18.543160494988,0.0 73.943018364017,18.543144972100,0.0 73.943001978746,18.543135917082,0.0 73.942970932970,18.543124274916,0.0 73.942949373403,18.543119100620,0.0 73.942915740479,18.543115219898,0.0 73.942881245172,18.543113926324,0.0 73.942811392175,18.543113926324,0.0 73.942776896868,18.543113063941,0.0 73.942743263944,18.543110476793,0.0 73.942721704377,18.543107027262,0.0 73.942690658601,18.543099265818,0.0 73.942674273330,18.543093229139,0.0 73.942656163294,18.543082880547,0.0 73.942642365171,18.543071669573,0.0 73.942619080839,18.543048385240,0.0 73.942607869864,18.543034587118,0.0 73.942597521272,18.543016477082,0.0 73.942591484594,18.543000091811,0.0 73.942583723149,18.542969046035,0.0 73.942580273619,18.542947486468,0.0 73.942577686471,18.542913853543,0.0 73.942576824088,18.542879358237,0.0 73.942576824088,18.542809505240,0.0 73.942576392897,18.542775009933,0.0 73.942575099323,18.542741377009,0.0 73.942573374557,18.542719817442,0.0 73.942569493835,18.542688771666,0.0 73.942566475496,18.542672386395,0.0 73.942561301200,18.542654276359,0.0 73.942555695713,18.542640478236,0.0 73.942544053547,18.542617193904,0.0 73.942537154485,18.542605982929,0.0 73.942528099467,18.542595634337,0.0 73.942519906832,18.542589597659,0.0 73.942504383944,18.542581836214,0.0 73.942493604160,18.542578386684,0.0 73.942476787698,18.542575799536,0.0 73.942459540045,18.542574937153,0.0 73.942424613546,18.542574937153,0.0 73.942407365893,18.542574074770,0.0 73.942390549431,18.542571487622,0.0 73.942379769647,18.542568038092,0.0 73.942364246759,18.542560276648,0.0 73.942356054124,18.542554239969,0.0 73.942346999106,18.542543891377,0.0 73.942340100044,18.542532680402,0.0 73.942328457878,18.542509396070,0.0 73.942322852391,18.542495597947,0.0 73.942317678095,18.542477487911,0.0 73.942314659756,18.542461102640,0.0 73.942310779034,18.542430056864,0.0 73.942309054268,18.542408497297,0.0 73.942307760694,18.542374864373,0.0 73.942307329503,18.542340369066,0.0 73.942307329503,18.542270516070,0.0 73.942306898312,18.542236020763,0.0 73.942305604738,18.542202387838,0.0 73.942303879972,18.542180828272,0.0 73.942299999250,18.542149782495,0.0 73.942296980911,18.542133397225,0.0 73.942291806615,18.542115287189,0.0 73.942286201127,18.542101489066,0.0 73.942274558961,18.542078204734,0.0 73.942267659900,18.542066993759,0.0 73.942258604882,18.542056645167,0.0 73.942250412246,18.542050608488,0.0 73.942234889358,18.542042847044,0.0 73.942224109575,18.542039397513,0.0 73.942207293113,18.542036810365,0.0 73.942190045459,18.542035947983,0.0 73.942155118961,18.542035947983,0.0 73.942137871308,18.542035085600,0.0 73.942121054846,18.542032498452,0.0 73.942110275062,18.542029048921,0.0 73.942094752174,18.542021287477,0.0 73.942086559539,18.542015250798,0.0 73.942077504521,18.542004902206,0.0 73.942070605459,18.541993691232,0.0 73.942058963293,18.541970406900,0.0 73.942053357806,18.541956608777,0.0 73.942048183510,18.541938498741,0.0 73.942045165170,18.541922113470,0.0 73.942041284448,18.541891067694,0.0 73.942039559683,18.541869508127,0.0 73.942038266109,18.541835875203,0.0 73.942037834918,18.541801379896,0.0 73.942037834918,18.541731526899,0.0 73.942037403726,18.541697031592,0.0 73.942036110152,18.541663398668,0.0 73.942034385387,18.541641839101,0.0 73.942030504665,18.541610793325,0.0 73.942027486326,18.541594408054,0.0 73.942022312030,18.541576298018,0.0 73.942016706542,18.541562499895,0.0 73.942005064376,18.541539215563,0.0 73.941998165315,18.541528004588,0.0 73.941989110297,18.541517655996,0.0 73.941980917661,18.541511619318,0.0 73.941965394773,18.541503857874,0.0 73.941954614990,18.541500408343,0.0 73.941937798528,18.541497821195,0.0 73.941920550874,18.541496958812,0.0 73.941885624376,18.541496958812,0.0 73.941868376722,18.541496527621,0.0 73.941851560260,18.541495234047,0.0 73.941840780477,18.541493509281,0.0 73.941825257589,18.541489628559,0.0 73.941817064953,18.541486610220,0.0 73.941808009935,18.541481435924,0.0 73.941801110874,18.541475830437,0.0 73.941789468708,18.541464188271,0.0 73.941783863221,18.541457289209,0.0 73.941778688924,18.541448234191,0.0 73.941775670585,18.541440041556,0.0 73.941771789863,18.541424518668,0.0 73.941770065098,18.541413738884,0.0 73.941768771524,18.541396922422,0.0 73.941768340332,18.541379674769,0.0 73.941768340332,18.541344748270,0.0 73.941767909141,18.541327500617,0.0 73.941766615567,18.541310684155,0.0 73.941764890802,18.541299904371,0.0 73.941761010080,18.541284381483,0.0 73.941757991740,18.541276188848,0.0 73.941752817444,18.541267133830,0.0 73.941747211957,18.541260234768,0.0 73.941735569791,18.541248592602,0.0 73.941728670729,18.541242987115,0.0 73.941719615711,18.541237812819,0.0 73.941711423076,18.541234794480,0.0 73.941695900188,18.541230913758,0.0 73.941685120405,18.541229188992,0.0 73.941668303942,18.541227895418,0.0 73.941651056289,18.541227464227,0.0 73.941616129791,18.541227464227,0.0 73.941598882137,18.541226170653,0.0 73.941582065675,18.541222289931,0.0 73.941571285892,18.541217115635,0.0 73.941555763004,18.541205473469,0.0 73.941547570368,18.541196418451,0.0 73.941538515350,18.541180895563,0.0 73.941531616289,18.541164079100,0.0 73.941519974123,18.541129152602,0.0 73.941514368635,18.541108455418,0.0 73.941509194339,18.541081290364,0.0 73.941506176000,18.541056712458,0.0 73.941502295278,18.541010143793,0.0 73.941500570513,18.540977804443,0.0 73.941499276939,18.540927355057,0.0 73.941498845747,18.540875612096,0.0 73.941498845747,18.540770832602,0.0 73.941498414556,18.540719089641,0.0 73.941497120982,18.540668640255,0.0 73.941495396216,18.540636300905,0.0 73.941491515494,18.540589732240,0.0 73.941488497155,18.540565154334,0.0 73.941483322859,18.540537989280,0.0 73.941477717372,18.540517292096,0.0 73.941466075206,18.540482365598,0.0 73.941459176144,18.540465549136,0.0 73.941450121126,18.540450026247,0.0 73.941441928491,18.540440971229,0.0 73.941426405603,18.540429329063,0.0 73.941415625819,18.540424154767,0.0 73.941398809357,18.540420274045,0.0 73.941381561704,18.540418980471,0.0 73.941346635205,18.540418980471,0.0 73.941329387552,18.540417686897,0.0 73.941312571090,18.540413806175,0.0 73.941301791306,18.540408631879,0.0 73.941286268418,18.540396989713,0.0 73.941278075783,18.540387934695,0.0 73.941269020765,18.540372411807,0.0 73.941262121704,18.540355595345,0.0 73.941250479537,18.540320668847,0.0 73.941244874050,18.540299971662,0.0 73.941239699754,18.540272806608,0.0 73.941236681415,18.540248228702,0.0 73.941232800693,18.540201660038,0.0 73.941231075927,18.540169320687,0.0 73.941229782353,18.540118871301,0.0 73.941229351162,18.540067128341,0.0 73.941229351162,18.539962348846,0.0 73.941228919971,18.539910605886,0.0 73.941227626397,18.539860156499,0.0 73.941225901631,18.539827817149,0.0 73.941222020909,18.539781248485,0.0 73.941219002570,18.539756670579,0.0 73.941213828274,18.539729505524,0.0 73.941208222786,18.539708808340,0.0 73.941196580620,18.539673881842,0.0 73.941189681559,18.539657065380,0.0 73.941180626541,18.539641542492,0.0 73.941172433906,18.539632487474,0.0 73.941156911017,18.539620845308,0.0 73.941146131234,18.539615671012,0.0 73.941129314772,18.539611790290,0.0 73.941112067118,18.539610496716,0.0 73.941077140620,18.539610496716,0.0 73.941059892967,18.539610065524,0.0 73.941043076505,18.539608771950,0.0 73.941032296721,18.539607047185,0.0 73.941016773833,18.539603166463,0.0 73.941008581198,18.539600148123,0.0 73.940999526180,18.539594973827,0.0 73.940992627118,18.539589368340,0.0 73.940980984952,18.539577726174,0.0 73.940975379465,18.539570827113,0.0 73.940970205169,18.539561772095,0.0 73.940967186829,18.539553579459,0.0 73.940963306107,18.539538056571,0.0 73.940961581342,18.539527276788,0.0 73.940960287768,18.539510460325,0.0 73.940959856577,18.539493212672,0.0 73.940959856577,18.539458286174,0.0 73.940959425385,18.539441038520,0.0 73.940958131811,18.539424222058,0.0 73.940956407046,18.539413442275,0.0 73.940952526324,18.539397919387,0.0 73.940949507985,18.539389726751,0.0 73.940944333689,18.539380671733,0.0 73.940938728201,18.539373772672,0.0 73.940927086035,18.539362130506,0.0 73.940920186974,18.539356525018,0.0 73.940911131956,18.539351350722,0.0 73.940902939320,18.539348332383,0.0 73.940887416432,18.539344451661,0.0 73.940876636649,18.539342726896,0.0 73.940859820187,18.539341433322,0.0 73.940842572533,18.539341002130,0.0 73.940807646035,18.539341002130,0.0 73.940790398382,18.539339708556,0.0 73.940773581919,18.539335827834,0.0 73.940762802136,18.539330653538,0.0 73.940747279248,18.539319011372,0.0 73.940739086612,18.539309956354,0.0 73.940730031594,18.539294433466,0.0 73.940723132533,18.539277617004,0.0 73.940711490367,18.539242690506,0.0 73.940705884880,18.539221993321,0.0 73.940700710584,18.539194828267,0.0 73.940697692244,18.539170250361,0.0 73.940693811522,18.539123681697,0.0 73.940692086757,18.539091342347,0.0 73.940690793183,18.539040892960,0.0 73.940690361991,18.538989150000,0.0 73.940690361991,18.538884370505,0.0 73.940689930800,18.538832627545,0.0 73.940688637226,18.538782178158,0.0 73.940686912461,18.538749838808,0.0 73.940683031739,18.538703270144,0.0 73.940680013399,18.538678692238,0.0 73.940674839103,18.538651527183,0.0 73.940669233616,18.538630829999,0.0 73.940657591450,18.538595903501,0.0 73.940650692389,18.538579087039,0.0 73.940641637370,18.538563564151,0.0 73.940633444735,18.538554509133,0.0 73.940617921847,18.538542866967,0.0 73.940607142064,18.538537692671,0.0 73.940590325601,18.538533811949,0.0 73.940573077948,18.538532518375,0.0 73.940538151450,18.538532518375,0.0 73.940520903796,18.538532087183,0.0 73.940504087334,18.538530793609,0.0 73.940493307551,18.538529068844,0.0 73.940477784663,18.538525188122,0.0 73.940469592027,18.538522169782,0.0 73.940460537009,18.538516995486,0.0 73.940453637948,18.538511389999,0.0 73.940441995782,18.538499747833,0.0 73.940436390294,18.538492848772,0.0 73.940431215998,18.538483793754,0.0 73.940428197659,18.538475601118,0.0 73.940424316937,18.538460078230,0.0 73.940422592172,18.538449298447,0.0 73.940421298598,18.538432481985,0.0 73.940420867406,18.538415234331,0.0 73.940420867406,18.538380307833,0.0 73.940420436215,18.538363060179,0.0 73.940419142641,18.538346243717,0.0 73.940417417876,18.538335463934,0.0 73.940413537154,18.538319941046,0.0 73.940410518814,18.538311748410,0.0 73.940405344518,18.538302693392,0.0 73.940399739031,18.538295794331,0.0 73.940388096865,18.538284152165,0.0 73.940381197803,18.538278546677,0.0 73.940372142785,18.538273372381,0.0 73.940363950150,18.538270354042,0.0 73.940348427262,18.538266473320,0.0 73.940337647478,18.538264748555,0.0 73.940320831016,18.538263454981,0.0 73.940303583363,18.538263023789,0.0 73.940268656865,18.538263023789,0.0 73.940251409211,18.538261730215,0.0 73.940234592749,18.538257849493,0.0 73.940223812966,18.538252675197,0.0 73.940208290077,18.538241033031,0.0 73.940200097442,18.538231978013,0.0 73.940191042424,18.538216455125,0.0 73.940184143363,18.538199638663,0.0 73.940172501196,18.538164712165,0.0 73.940166895709,18.538144014980,0.0 73.940161721413,18.538116849926,0.0 73.940158703074,18.538092272020,0.0 73.940154822352,18.538045703356,0.0 73.940153097586,18.538013364006,0.0 73.940151804012,18.537962914619,0.0 73.940151372821,18.537911171659,0.0 73.940151372821,18.537806392164,0.0 73.940150510438,18.537754649204,0.0 73.940147923290,18.537704199817,0.0 73.940144473760,18.537671860467,0.0 73.940136712316,18.537625291803,0.0 73.940130675637,18.537600713897,0.0 73.940120327045,18.537573548842,0.0 73.940109116070,18.537552851658,0.0 73.940085831738,18.537517925160,0.0 73.940072033615,18.537501108698,0.0 73.940053923579,18.537485585810,0.0 73.940037538308,18.537476530792,0.0 73.940006492532,18.537464888626,0.0 73.939984932965,18.537459714330,0.0 73.939951300041,18.537455833608,0.0 73.939916804734,18.537454540034,0.0 73.939846951738,18.537454540034,0.0 73.939812456431,18.537453677651,0.0 73.939778823506,18.537451090503,0.0 73.939757263940,18.537447640972,0.0 73.939726218163,18.537439879528,0.0 73.939709832893,18.537433842849,0.0 73.939691722856,18.537423494257,0.0 73.939677924734,18.537412283283,0.0 73.939654640401,18.537388998950,0.0 73.939643429427,18.537375200828,0.0 73.939633080835,18.537357090792,0.0 73.939627044156,18.537340705521,0.0 73.939619282712,18.537309659745,0.0 73.939615833181,18.537288100178,0.0 73.939613246033,18.537254467254,0.0 73.939612383651,18.537219971947,0.0 73.939612383651,18.537150118950,0.0 73.939611090077,18.537115623643,0.0 73.939607209354,18.537081990719,0.0 73.939602035058,18.537060431152,0.0 73.939590392892,18.537029385376,0.0 73.939581337874,18.537013000105,0.0 73.939565814986,18.536994890069,0.0 73.939548998524,18.536981091946,0.0 73.939514072026,18.536957807614,0.0 73.939493374842,18.536946596639,0.0 73.939466209788,18.536936248047,0.0 73.939441631881,18.536930211369,0.0 73.939395063217,18.536922449925,0.0 73.939362723867,18.536919000394,0.0 73.939312274480,18.536916413246,0.0 73.939260531520,18.536915550863,0.0 73.939155752025,18.536915550863,0.0 73.939104009065,18.536915119672,0.0 73.939053559679,18.536913826098,0.0 73.939021220328,18.536912101332,0.0 73.938974651664,18.536908220610,0.0 73.938950073758,18.536905202271,0.0 73.938922908704,18.536900027975,0.0 73.938902211520,18.536894422488,0.0 73.938867285021,18.536882780322,0.0 73.938850468559,18.536875881260,0.0 73.938834945671,18.536866826242,0.0 73.938825890653,18.536858633607,0.0 73.938814248487,18.536843110719,0.0 73.938809074191,18.536832330935,0.0 73.938805193469,18.536815514473,0.0 73.938803899895,18.536798266820,0.0 73.938803899895,18.536763340321,0.0 73.938803037512,18.536746092668,0.0 73.938800450364,18.536729276206,0.0 73.938797000833,18.536718496422,0.0 73.938789239389,18.536702973534,0.0 73.938783202711,18.536694780899,0.0 73.938772854119,18.536685725881,0.0 73.938761643144,18.536678826819,0.0 73.938738358812,18.536667184653,0.0 73.938724560689,18.536661579166,0.0 73.938706450653,18.536656404870,0.0 73.938690065382,18.536653386531,0.0 73.938659019606,18.536649505809,0.0 73.938637460039,18.536647781043,0.0 73.938603827115,18.536646487469,0.0 73.938569331808,18.536646056278,0.0 73.938499478811,18.536646056278,0.0 73.938464983504,18.536645625087,0.0 73.938431350580,18.536644331513,0.0 73.938409791013,18.536642606747,0.0 73.938378745237,18.536638726025,0.0 73.938362359966,18.536635707686,0.0 73.938344249930,18.536630533390,0.0 73.938330451807,18.536624927902,0.0 73.938307167475,18.536613285736,0.0 73.938295956501,18.536606386675,0.0 73.938285607909,18.536597331657,0.0 73.938279571230,18.536589139022,0.0 73.938271809786,18.536573616133,0.0 73.938268360255,18.536562836350,0.0 73.938265773107,18.536546019888,0.0 73.938264910724,18.536528772234,0.0 73.938264910724,18.536493845736,0.0 73.938260598811,18.536476598083,0.0 73.938247663071,18.536459781621,0.0 73.938230415417,18.536449001837,0.0 73.938191608197,18.536433478949,0.0 73.938161424804,18.536425286314,0.0 73.938109681843,18.536416231296,0.0 73.938053626970,18.536409332234,0.0 73.937937205309,18.536397690068,0.0 73.937868214695,18.536392084581,0.0 73.937777664514,18.536386910285,0.0 73.937695738160,18.536383891945,0.0 73.937540509279,18.536380011223,0.0 73.937432711445,18.536378286458,0.0 73.937264546824,18.536376992884,0.0 73.937092070289,18.536376561693,0.0 73.936742805307,18.536376561693,0.0 73.936570328772,18.536376992884,0.0 73.936402164151,18.536378286458,0.0 73.936294366317,18.536380011223,0.0 73.936139137436,18.536383891945,0.0 73.936057211082,18.536386910285,0.0 73.935966660901,18.536392084581,0.0 73.935897670288,18.536397690068,0.0 73.935781248627,18.536409332234,0.0 73.935725193753,18.536416231296,0.0 73.935673450793,18.536425286314,0.0 73.935643267399,18.536433478949,0.0 73.935604460179,18.536449001837,0.0 73.935587212525,18.536459781621,0.0 73.935574276785,18.536476598083,0.0 73.935569964872,18.536493845736,0.0 73.935569964872,18.536528772234,0.0 73.935568240107,18.536546019888,0.0 73.935563065811,18.536562836350,0.0 73.935556166749,18.536573616133,0.0 73.935540643861,18.536589139022,0.0 73.935528570504,18.536597331657,0.0 73.935507873320,18.536606386675,0.0 73.935485451370,18.536613285736,0.0 73.935438882706,18.536624927902,0.0 73.935411286460,18.536630533390,0.0 73.935375066388,18.536635707686,0.0 73.935342295846,18.536638726025,0.0 73.935280204294,18.536642606747,0.0 73.935237085160,18.536644331513,0.0 73.935169819312,18.536645625087,0.0 73.935100828698,18.536646056278,0.0 73.934961122705,18.536646056278,0.0 73.934892132091,18.536645625087,0.0 73.934824866243,18.536644331513,0.0 73.934781747109,18.536642606747,0.0 73.934719655557,18.536638726025,0.0 73.934686885015,18.536635707686,0.0 73.934650664943,18.536630533390,0.0 73.934623068697,18.536624927902,0.0 73.934576500033,18.536613285736,0.0 73.934554078083,18.536606386675,0.0 73.934533380899,18.536597331657,0.0 73.934521307542,18.536589139022,0.0 73.934505784654,18.536573616133,0.0 73.934498885592,18.536562836350,0.0 73.934493711296,18.536546019888,0.0 73.934491986531,18.536528772234,0.0 73.934491986531,18.536493845736,0.0 73.934491124148,18.536476598083,0.0 73.934488537000,18.536459781621,0.0 73.934485087470,18.536449001837,0.0 73.934477326026,18.536433478949,0.0 73.934471289347,18.536425286314,0.0 73.934460940755,18.536416231296,0.0 73.934449729780,18.536409332234,0.0 73.934426445448,18.536397690068,0.0 73.934412647325,18.536392084581,0.0 73.934394537289,18.536386910285,0.0 73.934378152018,18.536383891945,0.0 73.934347106242,18.536380011223,0.0 73.934325546675,18.536378286458,0.0 73.934291913751,18.536376992884,0.0 73.934257418444,18.536376561693,0.0 73.934187565448,18.536376561693,0.0 73.934153070141,18.536375699310,0.0 73.934119437216,18.536373112162,0.0 73.934097877650,18.536369662631,0.0 73.934066831873,18.536361901187,0.0 73.934050446603,18.536355864509,0.0 73.934032336566,18.536345515916,0.0 73.934018538444,18.536334304942,0.0 73.933995254112,18.536311020610,0.0 73.933984043137,18.536297222487,0.0 73.933973694545,18.536279112451,0.0 73.933967657866,18.536262727180,0.0 73.933959896422,18.536231681404,0.0 73.933956446891,18.536210121837,0.0 73.933953859743,18.536176488913,0.0 73.933952997361,18.536141993606,0.0 73.933952997361,18.536072140609,0.0 73.933953859743,18.536037645302,0.0 73.933956446891,18.536004012378,0.0 73.933959896422,18.535982452811,0.0 73.933967657866,18.535951407035,0.0 73.933973694545,18.535935021764,0.0 73.933984043137,18.535916911728,0.0 73.933995254112,18.535903113605,0.0 73.934018538444,18.535879829273,0.0 73.934032336566,18.535868618298,0.0 73.934050446603,18.535858269706,0.0 73.934066831873,18.535852233028,0.0 73.934097877650,18.535844471584,0.0 73.934119437216,18.535841022053,0.0 73.934153070141,18.535838434905,0.0 73.934187565448,18.535837572522,0.0 73.934257418444,18.535837572522,0.0 73.934291913751,18.535837141331,0.0 73.934325546675,18.535835847757,0.0 73.934347106242,18.535834122992,0.0 73.934378152018,18.535830242269,0.0 73.934394537289,18.535827223930,0.0 73.934412647325,18.535822049634,0.0 73.934426445448,18.535816444147,0.0 73.934449729780,18.535804801981,0.0 73.934460940755,18.535797902919,0.0 73.934471289347,18.535788847901,0.0 73.934477326026,18.535780655266,0.0 73.934485087470,18.535765132378,0.0 73.934488537000,18.535754352594,0.0 73.934491124148,18.535737536132,0.0 73.934491986531,18.535720288479,0.0 73.934491986531,18.535685361980,0.0 73.934492417722,18.535668114327,0.0 73.934493711296,18.535651297865,0.0 73.934495436062,18.535640518081,0.0 73.934499316784,18.535624995193,0.0 73.934502335123,18.535616802558,0.0 73.934507509419,18.535607747540,0.0 73.934513114907,18.535600848479,0.0 73.934524757073,18.535589206312,0.0 73.934531656134,18.535583600825,0.0 73.934540711152,18.535578426529,0.0 73.934548903787,18.535575408190,0.0 73.934564426676,18.535571527468,0.0 73.934575206459,18.535569802702,0.0 73.934592022921,18.535568509128,0.0 73.934609270575,18.535568077937,0.0 73.934644197073,18.535568077937,0.0 73.934661444726,18.535567646746,0.0 73.934678261188,18.535566353172,0.0 73.934689040972,18.535564628406,0.0 73.934704563860,18.535560747684,0.0 73.934712756495,18.535557729345,0.0 73.934721811513,18.535552555049,0.0 73.934728710575,18.535546949561,0.0 73.934740352741,18.535535307395,0.0 73.934745958228,18.535528408334,0.0 73.934751132524,18.535519353316,0.0 73.934754150864,18.535511160681,0.0 73.934758031586,18.535495637792,0.0 73.934759756351,18.535484858009,0.0 73.934761049925,18.535468041547,0.0 73.934761481116,18.535450793893,0.0 73.934761481116,18.535415867395,0.0 73.934762774690,18.535398619742,0.0 73.934766655412,18.535381803280,0.0 73.934771829708,18.535371023496,0.0 73.934783471874,18.535355500608,0.0 73.934792526892,18.535347307973,0.0 73.934808049781,18.535338252955,0.0 73.934824866243,18.535331353893,0.0 73.934859792741,18.535319711727,0.0 73.934880489925,18.535314106240,0.0 73.934907654979,18.535308931944,0.0 73.934932232885,18.535305913604,0.0 73.934978801550,18.535302032882,0.0 73.935011140900,18.535300308117,0.0 73.935061590286,18.535299014543,0.0 73.935113333247,18.535298583352,0.0 73.935218112742,18.535298583352,0.0 73.935269855702,18.535297720969,0.0 73.935320305088,18.535295133821,0.0 73.935352644438,18.535291684290,0.0 73.935399213103,18.535283922846,0.0 73.935423791009,18.535277886168,0.0 73.935450956063,18.535267537576,0.0 73.935471653247,18.535256326601,0.0 73.935506579746,18.535233042269,0.0 73.935523396208,18.535219244146,0.0 73.935538919096,18.535201134110,0.0 73.935547974114,18.535184748839,0.0 73.935559616280,18.535153703063,0.0 73.935564790576,18.535132143496,0.0 73.935568671298,18.535098510572,0.0 73.935569964872,18.535064015265,0.0 73.935569964872,18.534994162268,0.0 73.935570827255,18.534959666961,0.0 73.935573414403,18.534926034037,0.0 73.935576863933,18.534904474470,0.0 73.935584625377,18.534873428694,0.0 73.935590662056,18.534857043423,0.0 73.935601010648,18.534838933387,0.0 73.935612221623,18.534825135264,0.0 73.935635505955,18.534801850932,0.0 73.935649304078,18.534790639957,0.0 73.935667414114,18.534780291365,0.0 73.935683799385,18.534774254687,0.0 73.935714845161,18.534766493243,0.0 73.935736404728,18.534763043712,0.0 73.935770037652,18.534760456564,0.0 73.935804532959,18.534759594181,0.0 73.935874385955,18.534759594181,0.0 73.935908881262,18.534760025373,0.0 73.935942514187,18.534761318947,0.0 73.935964073753,18.534763043712,0.0 73.935995119530,18.534766924434,0.0 73.936011504800,18.534769942773,0.0 73.936029614837,18.534775117069,0.0 73.936043412959,18.534780722557,0.0 73.936066697292,18.534792364723,0.0 73.936077908266,18.534799263784,0.0 73.936088256858,18.534808318802,0.0 73.936094293537,18.534816511438,0.0 73.936102054981,18.534832034326,0.0 73.936105504512,18.534842814109,0.0 73.936108091660,18.534859630571,0.0 73.936108954042,18.534876878225,0.0 73.936108954042,18.534911804723,0.0 73.936111109999,18.534929052376,0.0 73.936117577869,18.534945868839,0.0 73.936126201696,18.534956648622,0.0 73.936145605306,18.534972171510,0.0 73.936160697003,18.534980364145,0.0 73.936186568483,18.534989419164,0.0 73.936214595920,18.534996318225,0.0 73.936272806750,18.535007960391,0.0 73.936307302057,18.535013565878,0.0 73.936352577148,18.535018740174,0.0 73.936393540324,18.535021758514,0.0 73.936471154765,18.535025639236,0.0 73.936525053682,18.535027364001,0.0 73.936609135993,18.535028657575,0.0 73.936695374260,18.535029088766,0.0 73.936870006751,18.535029088766,0.0 73.936956245018,18.535029519958,0.0 73.937040327329,18.535030813532,0.0 73.937094226246,18.535032538297,0.0 73.937171840687,18.535036419019,0.0 73.937212803864,18.535039437359,0.0 73.937258078954,18.535044611655,0.0 73.937292574261,18.535050217142,0.0 73.937350785091,18.535061859308,0.0 73.937378812528,18.535068758369,0.0 73.937404684008,18.535077813388,0.0 73.937419775705,18.535086006023,0.0 73.937439179315,18.535101528911,0.0 73.937447803142,18.535112308694,0.0 73.937454271012,18.535129125157,0.0 73.937456426969,18.535146372810,0.0 73.937456426969,18.535181299308,0.0 73.937456858160,18.535198546962,0.0 73.937458151734,18.535215363424,0.0 73.937459876499,18.535226143207,0.0 73.937463757221,18.535241666095,0.0 73.937466775561,18.535249858731,0.0 73.937471949857,18.535258913749,0.0 73.937477555344,18.535265812810,0.0 73.937489197510,18.535277454976,0.0 73.937496096572,18.535283060464,0.0 73.937505151590,18.535288234760,0.0 73.937513344225,18.535291253099,0.0 73.937528867113,18.535295133821,0.0 73.937539646897,18.535296858586,0.0 73.937556463359,18.535298152160,0.0 73.937573711012,18.535298583352,0.0 73.937608637510,18.535298583352,0.0 73.937625885164,18.535298152160,0.0 73.937642701626,18.535296858586,0.0 73.937653481409,18.535295133821,0.0 73.937669004297,18.535291253099,0.0 73.937677196933,18.535288234760,0.0 73.937686251951,18.535283060464,0.0 73.937693151012,18.535277454976,0.0 73.937704793178,18.535265812810,0.0 73.937710398666,18.535258913749,0.0 73.937715572962,18.535249858731,0.0 73.937718591301,18.535241666095,0.0 73.937722472023,18.535226143207,0.0 73.937724196789,18.535215363424,0.0 73.937725490363,18.535198546962,0.0 73.937725921554,18.535181299308,0.0 73.937725921554,18.535146372810,0.0 73.937726352745,18.535129125157,0.0 73.937727646319,18.535112308694,0.0 73.937729371085,18.535101528911,0.0 73.937733251807,18.535086006023,0.0 73.937736270146,18.535077813388,0.0 73.937741444442,18.535068758369,0.0 73.937747049929,18.535061859308,0.0 73.937758692095,18.535050217142,0.0 73.937765591157,18.535044611655,0.0 73.937774646175,18.535039437359,0.0 73.937782838810,18.535036419019,0.0 73.937798361698,18.535032538297,0.0 73.937809141482,18.535030813532,0.0 73.937825957944,18.535029519958,0.0 73.937843205597,18.535029088766,0.0 73.937878132096,18.535029088766,0.0 73.937895379749,18.535029519958,0.0 73.937912196211,18.535030813532,0.0 73.937922975995,18.535032538297,0.0 73.937938498883,18.535036419019,0.0 73.937946691518,18.535039437359,0.0 73.937955746536,18.535044611655,0.0 73.937962645598,18.535050217142,0.0 73.937974287764,18.535061859308,0.0 73.937979893251,18.535068758369,0.0 73.937985067547,18.535077813388,0.0 73.937988085886,18.535086006023,0.0 73.937991966608,18.535101528911,0.0 73.937993691374,18.535112308694,0.0 73.937994984948,18.535129125157,0.0 73.937995416139,18.535146372810,0.0 73.937995416139,18.535181299308,0.0 73.937997140904,18.535198546962,0.0 73.938002315201,18.535215363424,0.0 73.938009214262,18.535226143207,0.0 73.938024737150,18.535241666095,0.0 73.938036810507,18.535249858731,0.0 73.938057507692,18.535258913749,0.0 73.938079929641,18.535265812810,0.0 73.938126498305,18.535277454976,0.0 73.938154094551,18.535283060464,0.0 73.938190314623,18.535288234760,0.0 73.938223085165,18.535291253099,0.0 73.938285176717,18.535295133821,0.0 73.938328295851,18.535296858586,0.0 73.938395561699,18.535298152160,0.0 73.938464552313,18.535298583352,0.0 73.938604258306,18.535298583352,0.0 73.938673248920,18.535299014543,0.0 73.938740514768,18.535300308117,0.0 73.938783633902,18.535302032882,0.0 73.938845725454,18.535305913604,0.0 73.938878495996,18.535308931944,0.0 73.938914716068,18.535314106240,0.0 73.938942312314,18.535319711727,0.0 73.938988880978,18.535331353893,0.0 73.939011302928,18.535338252955,0.0 73.939032000112,18.535347307973,0.0 73.939044073469,18.535355500608,0.0 73.939059596357,18.535371023496,0.0 73.939066495419,18.535381803280,0.0 73.939071669715,18.535398619742,0.0 73.939073394480,18.535415867395,0.0 73.939073394480,18.535450793893,0.0 73.939074256863,18.535468041547,0.0 73.939076844011,18.535484858009,0.0 73.939080293541,18.535495637792,0.0 73.939088054986,18.535511160681,0.0 73.939094091664,18.535519353316,0.0 73.939104440256,18.535528408334,0.0 73.939115651231,18.535535307395,0.0 73.939138935563,18.535546949561,0.0 73.939152733686,18.535552555049,0.0 73.939170843722,18.535557729345,0.0 73.939187228993,18.535560747684,0.0 73.939218274769,18.535564628406,0.0 73.939239834336,18.535566353172,0.0 73.939273467260,18.535567646746,0.0 73.939307962567,18.535568077937,0.0 73.939377815564,18.535568077937,0.0 73.939412310870,18.535568509128,0.0 73.939445943795,18.535569802702,0.0 73.939467503362,18.535571527468,0.0 73.939498549138,18.535575408190,0.0 73.939514934409,18.535578426529,0.0 73.939533044445,18.535583600825,0.0 73.939546842567,18.535589206312,0.0 73.939570126900,18.535600848479,0.0 73.939581337874,18.535607747540,0.0 73.939591686466,18.535616802558,0.0 73.939597723145,18.535624995193,0.0 73.939605484589,18.535640518081,0.0 73.939608934120,18.535651297865,0.0 73.939611521268,18.535668114327,0.0 73.939612383651,18.535685361980,0.0 73.939612383651,18.535720288479,0.0 73.939613246033,18.535737536132,0.0 73.939615833181,18.535754352594,0.0 73.939619282712,18.535765132378,0.0 73.939627044156,18.535780655266,0.0 73.939633080835,18.535788847901,0.0 73.939643429427,18.535797902919,0.0 73.939654640401,18.535804801981,0.0 73.939677924734,18.535816444147,0.0 73.939691722856,18.535822049634,0.0 73.939709832893,18.535827223930,0.0 73.939726218163,18.535830242269,0.0 73.939757263940,18.535834122992,0.0 73.939778823506,18.535835847757,0.0 73.939812456431,18.535837141331,0.0 73.939846951738,18.535837572522,0.0 73.939916804734,18.535837572522,0.0 73.939951300041,18.535838434905,0.0 73.939984932965,18.535841022053,0.0 73.940006492532,18.535844471584,0.0 73.940037538308,18.535852233028,0.0 73.940053923579,18.535858269706,0.0 73.940072033615,18.535868618298,0.0 73.940085831738,18.535879829273,0.0 73.940109116070,18.535903113605,0.0 73.940120327045,18.535916911728,0.0 73.940130675637,18.535935021764,0.0 73.940136712316,18.535951407035,0.0 73.940144473760,18.535982452811,0.0 73.940147923290,18.536004012378,0.0 73.940150510438,18.536037645302,0.0 73.940151372821,18.536072140609,0.0 73.940151372821,18.536141993606,0.0 73.940151804012,18.536176488913,0.0 73.940153097586,18.536210121837,0.0 73.940154822352,18.536231681404,0.0 73.940158703074,18.536262727180,0.0 73.940161721413,18.536279112451,0.0 73.940166895709,18.536297222487,0.0 73.940172501196,18.536311020610,0.0 73.940184143363,18.536334304942,0.0 73.940191042424,18.536345515916,0.0 73.940200097442,18.536355864509,0.0 73.940208290077,18.536361901187,0.0 73.940223812966,18.536369662631,0.0 73.940234592749,18.536373112162,0.0 73.940251409211,18.536375699310,0.0 73.940268656865,18.536376561693,0.0 73.940303583363,18.536376561693,0.0 73.940320831016,18.536376992884,0.0 73.940337647478,18.536378286458,0.0 73.940348427262,18.536380011223,0.0 73.940363950150,18.536383891945,0.0 73.940372142785,18.536386910285,0.0 73.940381197803,18.536392084581,0.0 73.940388096865,18.536397690068,0.0 73.940399739031,18.536409332234,0.0 73.940405344518,18.536416231296,0.0 73.940410518814,18.536425286314,0.0 73.940413537154,18.536433478949,0.0 73.940417417876,18.536449001837,0.0 73.940419142641,18.536459781621,0.0 73.940420436215,18.536476598083,0.0 73.940420867406,18.536493845736,0.0 73.940420867406,18.536528772234,0.0 73.940421298598,18.536546019888,0.0 73.940422592172,18.536562836350,0.0 73.940424316937,18.536573616133,0.0 73.940428197659,18.536589139022,0.0 73.940431215998,18.536597331657,0.0 73.940436390294,18.536606386675,0.0 73.940441995782,18.536613285736,0.0 73.940453637948,18.536624927902,0.0 73.940460537009,18.536630533390,0.0 73.940469592027,18.536635707686,0.0 73.940477784663,18.536638726025,0.0 73.940493307551,18.536642606747,0.0 73.940504087334,18.536644331513,0.0 73.940520903796,18.536645625087,0.0 73.940538151450,18.536646056278,0.0 73.940573077948,18.536646056278,0.0 73.940590325601,18.536646918661,0.0 73.940607142064,18.536649505809,0.0 73.940617921847,18.536652955339,0.0 73.940633444735,18.536660716783,0.0 73.940641637370,18.536666753462,0.0 73.940650692389,18.536677102054,0.0 73.940657591450,18.536688313029,0.0 73.940669233616,18.536711597361,0.0 73.940674839103,18.536725395484,0.0 73.940680013399,18.536743505520,0.0 73.940683031739,18.536759890791,0.0 73.940686912461,18.536790936567,0.0 73.940688637226,18.536812496134,0.0 73.940689930800,18.536846129058,0.0 73.940690361991,18.536880624365,0.0 73.940690361991,18.536950477361,0.0 73.940690793183,18.536984972668,0.0 73.940692086757,18.537018605593,0.0 73.940693811522,18.537040165159,0.0 73.940697692244,18.537071210936,0.0 73.940700710584,18.537087596206,0.0 73.940705884880,18.537105706242,0.0 73.940711490367,18.537119504365,0.0 73.940723132533,18.537142788697,0.0 73.940730031594,18.537153999672,0.0 73.940739086612,18.537164348264,0.0 73.940747279248,18.537170384943,0.0 73.940762802136,18.537178146387,0.0 73.940773581919,18.537181595918,0.0 73.940790398382,18.537184183066,0.0 73.940807646035,18.537185045448,0.0 73.940842572533,18.537185045448,0.0 73.940859820187,18.537185476640,0.0 73.940876636649,18.537186770214,0.0 73.940887416432,18.537188494979,0.0 73.940902939320,18.537192375701,0.0 73.940911131956,18.537195394040,0.0 73.940920186974,18.537200568336,0.0 73.940927086035,18.537206173824,0.0 73.940938728201,18.537217815990,0.0 73.940944333689,18.537224715051,0.0 73.940949507985,18.537233770069,0.0 73.940952526324,18.537241962705,0.0 73.940956407046,18.537257485593,0.0 73.940958131811,18.537268265376,0.0 73.940959425385,18.537285081838,0.0 73.940959856577,18.537302329492,0.0 73.940959856577,18.537337255990,0.0 73.940960287768,18.537354503644,0.0 73.940961581342,18.537371320106,0.0 73.940963306107,18.537382099889,0.0 73.940967186829,18.537397622777,0.0 73.940970205169,18.537405815413,0.0 73.940975379465,18.537414870431,0.0 73.940980984952,18.537421769492,0.0 73.940992627118,18.537433411658,0.0 73.940999526180,18.537439017146,0.0 73.941008581198,18.537444191442,0.0 73.941016773833,18.537447209781,0.0 73.941032296721,18.537451090503,0.0 73.941043076505,18.537452815268,0.0 73.941059892967,18.537454108842,0.0 73.941077140620,18.537454540034,0.0 73.941112067118,18.537454540034,0.0 73.941129314772,18.537455402416,0.0 73.941146131234,18.537457989564,0.0 73.941156911017,18.537461439095,0.0 73.941172433906,18.537469200539,0.0 73.941180626541,18.537475237218,0.0 73.941189681559,18.537485585810,0.0 73.941196580620,18.537496796785,0.0 73.941208222786,18.537520081117,0.0 73.941213828274,18.537533879240,0.0 73.941219002570,18.537551989276,0.0 73.941222020909,18.537568374546,0.0 73.941225901631,18.537599420323,0.0 73.941227626397,18.537620979889,0.0 73.941228919971,18.537654612814,0.0 73.941229351162,18.537689108121,0.0 73.941229351162,18.537758961117,0.0 73.941229782353,18.537793456424,0.0 73.941231075927,18.537827089348,0.0 73.941232800693,18.537848648915,0.0 73.941236681415,18.537879694691,0.0 73.941239699754,18.537896079962,0.0 73.941244874050,18.537914189998,0.0 73.941250479537,18.537927988121,0.0 73.941262121704,18.537951272453,0.0 73.941269020765,18.537962483428,0.0 73.941278075783,18.537972832020,0.0 73.941286268418,18.537978868699,0.0 73.941301791306,18.537986630143,0.0 73.941312571090,18.537990079673,0.0 73.941329387552,18.537992666821,0.0 73.941346635205,18.537993529204,0.0 73.941381561704,18.537993529204,0.0 73.941398809357,18.537994391587,0.0 73.941415625819,18.537996978735,0.0 73.941426405603,18.538000428265,0.0 73.941441928491,18.538008189710,0.0 73.941450121126,18.538014226388,0.0 73.941459176144,18.538024574980,0.0 73.941466075206,18.538035785955,0.0 73.941477717372,18.538059070287,0.0 73.941483322859,18.538072868410,0.0 73.941488497155,18.538090978446,0.0 73.941491515494,18.538107363717,0.0 73.941495396216,18.538138409493,0.0 73.941497120982,18.538159969060,0.0 73.941498414556,18.538193601984,0.0 73.941498845747,18.538228097291,0.0 73.941498845747,18.538297950288,0.0 73.941499276939,18.538332445594,0.0 73.941500570513,18.538366078519,0.0 73.941502295278,18.538387638086,0.0 73.941506176000,18.538418683862,0.0 73.941509194339,18.538435069133,0.0 73.941514368635,18.538453179169,0.0 73.941519974123,18.538466977291,0.0 73.941531616289,18.538490261624,0.0 73.941538515350,18.538501472598,0.0 73.941547570368,18.538511821190,0.0 73.941555763004,18.538517857869,0.0 73.941571285892,18.538525619313,0.0 73.941582065675,18.538529068844,0.0 73.941598882137,18.538531655992,0.0 73.941616129791,18.538532518375,0.0 73.941651056289,18.538532518375,0.0 73.941668303942,18.538532949566,0.0 73.941685120405,18.538534243140,0.0 73.941695900188,18.538535967905,0.0 73.941711423076,18.538539848627,0.0 73.941719615711,18.538542866967,0.0 73.941728670729,18.538548041263,0.0 73.941735569791,18.538553646750,0.0 73.941747211957,18.538565288916,0.0 73.941752817444,18.538572187978,0.0 73.941757991740,18.538581242996,0.0 73.941761010080,18.538589435631,0.0 73.941764890802,18.538604958519,0.0 73.941766615567,18.538615738302,0.0 73.941767909141,18.538632554765,0.0 73.941768340332,18.538649802418,0.0 73.941768340332,18.538684728916,0.0 73.941768771524,18.538701976570,0.0 73.941770065098,18.538718793032,0.0 73.941771789863,18.538729572815,0.0 73.941775670585,18.538745095703,0.0 73.941778688924,18.538753288339,0.0 73.941783863221,18.538762343357,0.0 73.941789468708,18.538769242418,0.0 73.941801110874,18.538780884584,0.0 73.941808009935,18.538786490072,0.0 73.941817064953,18.538791664368,0.0 73.941825257589,18.538794682707,0.0 73.941840780477,18.538798563429,0.0 73.941851560260,18.538800288194,0.0 73.941868376722,18.538801581768,0.0 73.941885624376,18.538802012960,0.0 73.941920550874,18.538802012960,0.0 73.941937798528,18.538803306534,0.0 73.941954614990,18.538807187256,0.0 73.941965394773,18.538812361552,0.0 73.941980917661,18.538824003718,0.0 73.941989110297,18.538833058736,0.0 73.941998165315,18.538848581624,0.0 73.942005064376,18.538865398086,0.0 73.942016706542,18.538900324584,0.0 73.942022312030,18.538921021769,0.0 73.942027486326,18.538948186823,0.0 73.942030504665,18.538972764729,0.0 73.942034385387,18.539019333393,0.0 73.942036110152,18.539051672744,0.0 73.942037403726,18.539102122130,0.0 73.942037834918,18.539153865090,0.0 73.942037834918,18.539258644585,0.0 73.942038266109,18.539310387545,0.0 73.942039559683,18.539360836932,0.0 73.942041284448,18.539393176282,0.0 73.942045165170,18.539439744946,0.0 73.942048183510,18.539464322852,0.0 73.942053357806,18.539491487907,0.0 73.942058963293,18.539512185091,0.0 73.942070605459,18.539547111589,0.0 73.942077504521,18.539563928051,0.0 73.942086559539,18.539579450939,0.0 73.942094752174,18.539588505957,0.0 73.942110275062,18.539600148123,0.0 73.942121054846,18.539605322419,0.0 73.942137871308,18.539609203142,0.0 73.942155118961,18.539610496716,0.0 73.942190045459,18.539610496716,0.0 73.942207293113,18.539611359098,0.0 73.942224109575,18.539613946246,0.0 73.942234889358,18.539617395777,0.0 73.942250412246,18.539625157221,0.0 73.942258604882,18.539631193900,0.0 73.942267659900,18.539641542492,0.0 73.942274558961,18.539652753466,0.0 73.942286201127,18.539676037799,0.0 73.942291806615,18.539689835921,0.0 73.942296980911,18.539707945958,0.0 73.942299999250,18.539724331228,0.0 73.942303879972,18.539755377005,0.0 73.942305604738,18.539776936571,0.0 73.942306898312,18.539810569496,0.0 73.942307329503,18.539845064802,0.0 73.942307329503,18.539914917799,0.0 73.942307760694,18.539949413106,0.0 73.942309054268,18.539983046030,0.0 73.942310779034,18.540004605597,0.0 73.942314659756,18.540035651373,0.0 73.942317678095,18.540052036644,0.0 73.942322852391,18.540070146680,0.0 73.942328457878,18.540083944803,0.0 73.942340100044,18.540107229135,0.0 73.942346999106,18.540118440110,0.0 73.942356054124,18.540128788702,0.0 73.942364246759,18.540134825381,0.0 73.942379769647,18.540142586825,0.0 73.942390549431,18.540146036355,0.0 73.942407365893,18.540148623503,0.0 73.942424613546,18.540149485886,0.0 73.942459540045,18.540149485886,0.0 73.942476787698,18.540150779460,0.0 73.942493604160,18.540154660182,0.0 73.942504383944,18.540159834478,0.0 73.942519906832,18.540171476644,0.0 73.942528099467,18.540180531662,0.0 73.942537154485,18.540196054550,0.0 73.942544053547,18.540212871012,0.0 73.942555695713,18.540247797511,0.0 73.942561301200,18.540268494695,0.0 73.942566475496,18.540295659749,0.0 73.942569493835,18.540320237655,0.0 73.942573374557,18.540366806320,0.0 73.942575099323,18.540399145670,0.0 73.942576392897,18.540449595056,0.0 73.942576824088,18.540501338016,0.0 73.942576824088,18.540606117511,0.0 73.942577255279,18.540657860472,0.0 73.942578548853,18.540708309858,0.0 73.942580273619,18.540740649208,0.0 73.942584154341,18.540787217872,0.0 73.942587172680,18.540811795779,0.0 73.942592346976,18.540838960833,0.0 73.942597952464,18.540859658017,0.0 73.942609594630,18.540894584515,0.0 73.942616493691,18.540911400977,0.0 73.942625548709,18.540926923865,0.0 73.942633741345,18.540935978884,0.0 73.942649264233,18.540947621050,0.0 73.942660044016,18.540952795346,0.0 73.942676860478,18.540956676068,0.0 73.942694108132,18.540957969642,0.0 73.942729034630,18.540957969642,0.0 73.942746282283,18.540958400833,0.0 73.942763098745,18.540959694407,0.0 73.942773878529,18.540961419172,0.0 73.942789401417,18.540965299894,0.0 73.942797594052,18.540968318234,0.0 73.942806649070,18.540973492530,0.0 73.942813548132,18.540979098017,0.0 73.942825190298,18.540990740183,0.0 73.942830795785,18.540997639245,0.0 73.942835970081,18.541006694263,0.0 73.942838988421,18.541014886898,0.0 73.942842869143,18.541030409786,0.0 73.942844593908,18.541041189570,0.0 73.942845887482,18.541058006032,0.0 73.942846318673,18.541075253685,0.0 73.942846318673,18.541110180183,0.0 73.942846749865,18.541127427837,0.0 73.942848043439,18.541144244299,0.0 73.942849768204,18.541155024082,0.0 73.942853648926,18.541170546971,0.0 73.942856667265,18.541178739606,0.0 73.942861841561,18.541187794624,0.0 73.942867447049,18.541194693685,0.0 73.942879089215,18.541206335851,0.0 73.942885988276,18.541211941339,0.0 73.942895043294,18.541217115635,0.0 73.942903235930,18.541220133974,0.0 73.942918758818,18.541224014696,0.0 73.942929538601,18.541225739462,0.0 73.942946355063,18.541227033036,0.0 73.942963602717,18.541227464227,0.0 73.942998529215,18.541227464227,0.0 73.943015776869,18.541228757801,0.0 73.943032593331,18.541232638523,0.0 73.943043373114,18.541237812819,0.0 73.943058896002,18.541249454985,0.0 73.943067088638,18.541258510003,0.0 73.943076143656,18.541274032891,0.0 73.943083042717,18.541290849353,0.0 73.943094684883,18.541325775852,0.0 73.943100290370,18.541346473036,0.0 73.943105464667,18.541373638090,0.0 73.943108483006,18.541398215996,0.0 73.943112363728,18.541444784660,0.0 73.943114088493,18.541477124011,0.0 73.943115382067,18.541527573397,0.0 73.943115813259,18.541579316357,0.0 73.943115813259,18.541684095852,0.0 73.943116244450,18.541735838813,0.0 73.943117538024,18.541786288199,0.0 73.943119262789,18.541818627549,0.0 73.943123143511,18.541865196213,0.0 73.943126161851,18.541889774120,0.0 73.943131336147,18.541916939174,0.0 73.943136941634,18.541937636358,0.0 73.943148583800,18.541972562856,0.0 73.943155482862,18.541989379318,0.0 73.943164537880,18.542004902206,0.0 73.943172730515,18.542013957224,0.0 73.943188253403,18.542025599391,0.0 73.943199033187,18.542030773687,0.0 73.943215849649,18.542034654409,0.0 73.943233097302,18.542035947983,0.0 73.943268023800,18.542035947983,0.0 73.943285271454,18.542036810365,0.0 73.943302087916,18.542039397513,0.0 73.943312867699,18.542042847044,0.0 73.943328390587,18.542050608488,0.0 73.943336583223,18.542056645167,0.0 73.943345638241,18.542066993759,0.0 73.943352537302,18.542078204734,0.0 73.943364179468,18.542101489066,0.0 73.943369784956,18.542115287189,0.0 73.943374959252,18.542133397225,0.0 73.943377977591,18.542149782495,0.0 73.943381858313,18.542180828272,0.0 73.943383583078,18.542202387838,0.0 73.943384876652,18.542236020763,0.0 73.943385307844,18.542270516070,0.0 73.943385307844,18.542340369066,0.0 73.943385739035,18.542374864373,0.0 73.943387032609,18.542408497297,0.0 73.943388757375,18.542430056864,0.0 73.943392638097,18.542461102640,0.0 73.943395656436,18.542477487911,0.0 73.943400830732,18.542495597947,0.0 73.943406436219,18.542509396070,0.0 73.943418078385,18.542532680402,0.0 73.943424977447,18.542543891377,0.0 73.943434032465,18.542554239969,0.0 73.943442225100,18.542560276648,0.0 73.943457747988,18.542568038092,0.0 73.943468527772,18.542571487622,0.0 73.943485344234,18.542574074770,0.0 73.943502591887,18.542574937153,0.0 73.943537518386,18.542574937153,0.0 73.943554766039,18.542575368344,0.0 73.943571582501,18.542576661918,0.0 73.943582362285,18.542578386684,0.0 73.943597885173,18.542582267406,0.0 73.943606077808,18.542585285745,0.0 73.943615132826,18.542590460041,0.0 73.943622031888,18.542596065529,0.0 73.943633674054,18.542607707695,0.0 73.943639279541,18.542614606756,0.0 73.943644453837,18.542623661774,0.0 73.943647472176,18.542631854410,0.0 73.943651352898,18.542647377298,0.0 73.943653077664,18.542658157081,0.0 73.943654371238,18.542674973543,0.0 73.943654802429,18.542692221197,0.0 73.943654802429,18.542727147695,0.0 73.943655233620,18.542744395348,0.0 73.943656527194,18.542761211810,0.0 73.943658251960,18.542771991594,0.0 73.943662132682,18.542787514482,0.0 73.943665151021,18.542795707117,0.0 73.943670325317,18.542804762135,0.0 73.943675930805,18.542811661197,0.0 73.943687572971,18.542823303363,0.0 73.943694472032,18.542828908850,0.0 73.943703527050,18.542834083146,0.0 73.943711719685,18.542837101486,0.0 73.943727242574,18.542840982208,0.0 73.943738022357,18.542842706973,0.0 73.943754838819,18.542844000547,0.0 73.943772086473,18.542844431738,0.0 73.943807012971,18.542844431738,0.0 73.943824260624,18.542846156504,0.0 73.943841077086,18.542851330800,0.0 73.943851856870,18.542858229861,0.0 73.943867379758,18.542873752749,0.0 73.943875572393,18.542885826107,0.0 73.943884627411,18.542906523291,0.0 73.943891526473,18.542928945240,0.0 73.943903168639,18.542975513905,0.0 73.943908774126,18.543003110150,0.0 73.943913948422,18.543039330222,0.0 73.943916966762,18.543072100764,0.0 73.943920847484,18.543134192316,0.0 73.943922572249,18.543177311450,0.0 73.943923865823,18.543244577298,0.0 73.943924297014,18.543313567912,0.0 73.943924297014,18.543453273905,0.0 73.943923003440,18.543522264519,0.0 73.943919122718,18.543589530368,0.0 73.943913948422,18.543632649501,0.0 73.943902306256,18.543694741054,0.0 73.943893251238,18.543727511595,0.0 73.943877728350,18.543763731667,0.0 73.943860911888,18.543791327913,0.0 73.943825985390,18.543837896577,0.0 73.943805288205,18.543860318527,0.0 73.943778123151,18.543881015711,0.0 73.943753545245,18.543893089068,0.0 73.943706976581,18.543908611957,0.0 73.943674637231,18.543915511018,0.0 73.943624187844,18.543920685314,0.0 73.943572444884,18.543922410079,0.0 73.943467665389,18.543922410079,0.0 73.943415922429,18.543921116505,0.0 73.943365473042,18.543917235783,0.0 73.943333133692,18.543912061487,0.0 73.943286565028,18.543900419321,0.0 73.943261987122,18.543891364303,0.0 73.943234822067,18.543875841415,0.0 73.943214124883,18.543859024953,0.0 73.943179198385,18.543824098455,0.0 73.943162381923,18.543803401270,0.0 73.943146859035,18.543776236216,0.0 73.943137804017,18.543751658310,0.0 73.943126161851,18.543705089646,0.0 73.943120987555,18.543672750296,0.0 73.943117106833,18.543622300909,0.0 73.943115813259,18.543570557949,0.0</coordinates>
                        </LinearRing>
                    </outerBoundaryIs>
                </Polygon>
            </Placemark>
            <Placemark id="1288">
                <name>Class 2 - 16</name>
                <styleUrl>#1293</styleUrl>
                <Polygon id="1287">
                    <outerBoundaryIs>
                        <LinearRing id="1291">
                            <coordinates>73.855530073057,18.533294837212,0.0 73.855530073057,18.533259910713,0.0 73.855529210674,18.533242663060,0.0 73.855526623526,18.533225846598,0.0 73.855523173996,18.533215066814,0.0 73.855515412551,18.533199543926,0.0 73.855509375873,18.533191351291,0.0 73.855499027281,18.533182296273,0.0 73.855487816306,18.533175397211,0.0 73.855464531974,18.533163755045,0.0 73.855450733851,18.533158149558,0.0 73.855432623815,18.533152975262,0.0 73.855416238544,18.533149956923,0.0 73.855385192768,18.533146076201,0.0 73.855363633201,18.533144351435,0.0 73.855330000277,18.533143057861,0.0 73.855295504970,18.533142626670,0.0 73.855225651973,18.533142626670,0.0 73.855191156667,18.533142195479,0.0 73.855157523742,18.533140901905,0.0 73.855135964175,18.533139177139,0.0 73.855104918399,18.533135296417,0.0 73.855088533128,18.533132278078,0.0 73.855070423092,18.533127103782,0.0 73.855056624970,18.533121498294,0.0 73.855033340637,18.533109856128,0.0 73.855022129663,18.533102957067,0.0 73.855011781071,18.533093902049,0.0 73.855005744392,18.533085709413,0.0 73.854997982948,18.533070186525,0.0 73.854994533417,18.533059406742,0.0 73.854991946269,18.533042590280,0.0 73.854991083886,18.533025342626,0.0 73.854991083886,18.532990416128,0.0 73.854991515078,18.532973168475,0.0 73.854992808652,18.532956352013,0.0 73.854994533417,18.532945572229,0.0 73.854998414139,18.532930049341,0.0 73.855001432479,18.532921856706,0.0 73.855006606775,18.532912801688,0.0 73.855012212262,18.532905902626,0.0 73.855023854428,18.532894260460,0.0 73.855030753489,18.532888654973,0.0 73.855039808507,18.532883480677,0.0 73.855048001143,18.532880462337,0.0 73.855063524031,18.532876581615,0.0 73.855074303814,18.532874856850,0.0 73.855091120277,18.532873563276,0.0 73.855108367930,18.532873132085,0.0 73.855143294428,18.532873132085,0.0 73.855160542082,18.532872700893,0.0 73.855177358544,18.532871407319,0.0 73.855188138327,18.532869682554,0.0 73.855203661215,18.532865801832,0.0 73.855211853851,18.532862783493,0.0 73.855220908869,18.532857609197,0.0 73.855227807930,18.532852003709,0.0 73.855239450096,18.532840361543,0.0 73.855245055584,18.532833462482,0.0 73.855250229880,18.532824407464,0.0 73.855253248219,18.532816214828,0.0 73.855257128941,18.532800691940,0.0 73.855258853706,18.532789912157,0.0 73.855260147280,18.532773095695,0.0 73.855260578472,18.532755848041,0.0 73.855260578472,18.532720921543,0.0 73.855261872046,18.532703673889,0.0 73.855265752768,18.532686857427,0.0 73.855270927064,18.532676077644,0.0 73.855282569230,18.532660554756,0.0 73.855291624248,18.532652362120,0.0 73.855307147136,18.532643307102,0.0 73.855323963598,18.532636408041,0.0 73.855358890096,18.532624765875,0.0 73.855379587281,18.532619160387,0.0 73.855406752335,18.532613986091,0.0 73.855431330241,18.532610967752,0.0 73.855477898905,18.532607087030,0.0 73.855510238255,18.532605362265,0.0 73.855560687642,18.532604068691,0.0 73.855612430602,18.532603637499,0.0 73.855717210097,18.532603637499,0.0 73.855768953057,18.532604499882,0.0 73.855819402444,18.532607087030,0.0 73.855851741794,18.532610536561,0.0 73.855898310458,18.532618298005,0.0 73.855922888364,18.532624334684,0.0 73.855950053419,18.532634683276,0.0 73.855970750603,18.532645894250,0.0 73.856005677101,18.532669178583,0.0 73.856022493563,18.532682976705,0.0 73.856038016451,18.532701086741,0.0 73.856047071469,18.532717472012,0.0 73.856058713635,18.532748517788,0.0 73.856063887931,18.532770077355,0.0 73.856067768653,18.532803710279,0.0 73.856069062227,18.532838205586,0.0 73.856069062227,18.532908058583,0.0 73.856068631036,18.532942553890,0.0 73.856067337462,18.532976186814,0.0 73.856065612697,18.532997746381,0.0 73.856061731975,18.533028792157,0.0 73.856058713635,18.533045177428,0.0 73.856053539339,18.533063287464,0.0 73.856047933852,18.533077085587,0.0 73.856036291686,18.533100369919,0.0 73.856029392624,18.533111580894,0.0 73.856020337606,18.533121929486,0.0 73.856012144971,18.533127966164,0.0 73.855996622083,18.533135727608,0.0 73.855985842300,18.533139177139,0.0 73.855969025837,18.533141764287,0.0 73.855951778184,18.533142626670,0.0 73.855916851686,18.533142626670,0.0 73.855899604032,18.533143057861,0.0 73.855882787570,18.533144351435,0.0 73.855872007787,18.533146076201,0.0 73.855856484899,18.533149956923,0.0 73.855848292263,18.533152975262,0.0 73.855839237245,18.533158149558,0.0 73.855832338184,18.533163755045,0.0 73.855820696018,18.533175397211,0.0 73.855815090530,18.533182296273,0.0 73.855809916234,18.533191351291,0.0 73.855806897895,18.533199543926,0.0 73.855803017173,18.533215066814,0.0 73.855801292408,18.533225846598,0.0 73.855799998834,18.533242663060,0.0 73.855799567642,18.533259910713,0.0 73.855799567642,18.533294837212,0.0 73.855799136451,18.533312084865,0.0 73.855797842877,18.533328901327,0.0 73.855796118111,18.533339681111,0.0 73.855792237389,18.533355203999,0.0 73.855789219050,18.533363396634,0.0 73.855784044754,18.533372451652,0.0 73.855778439267,18.533379350714,0.0 73.855766797101,18.533390992880,0.0 73.855759898039,18.533396598367,0.0 73.855750843021,18.533401772663,0.0 73.855742650386,18.533404791002,0.0 73.855727127498,18.533408671724,0.0 73.855716347714,18.533410396490,0.0 73.855699531252,18.533411690064,0.0 73.855682283599,18.533412121255,0.0 73.855647357100,18.533412121255,0.0 73.855630109447,18.533411690064,0.0 73.855613292985,18.533410396490,0.0 73.855602513201,18.533408671724,0.0 73.855586990313,18.533404791002,0.0 73.855578797678,18.533401772663,0.0 73.855569742660,18.533396598367,0.0 73.855562843599,18.533390992880,0.0 73.855551201432,18.533379350714,0.0 73.855545595945,18.533372451652,0.0 73.855540421649,18.533363396634,0.0 73.855537403310,18.533355203999,0.0 73.855533522588,18.533339681111,0.0 73.855531797822,18.533328901327,0.0 73.855530504248,18.533312084865,0.0 73.855530073057,18.533294837212,0.0</coordinates>
                        </LinearRing>
                    </outerBoundaryIs>
                </Polygon>
            </Placemark>
            <Placemark id="1297">
                <name>Class 2 - 17</name>
                <styleUrl>#1302</styleUrl>
                <Polygon id="1296">
                    <outerBoundaryIs>
                        <LinearRing id="1300">
                            <coordinates>73.863345416029,18.535181299308,0.0 73.863345416029,18.535146372810,0.0 73.863344984837,18.535129125157,0.0 73.863343691263,18.535112308694,0.0 73.863341966498,18.535101528911,0.0 73.863338085776,18.535086006023,0.0 73.863335067437,18.535077813388,0.0 73.863329893141,18.535068758369,0.0 73.863324287653,18.535061859308,0.0 73.863312645487,18.535050217142,0.0 73.863305746426,18.535044611655,0.0 73.863296691408,18.535039437359,0.0 73.863288498772,18.535036419019,0.0 73.863272975884,18.535032538297,0.0 73.863262196101,18.535030813532,0.0 73.863245379639,18.535029519958,0.0 73.863228131985,18.535029088766,0.0 73.863193205487,18.535029088766,0.0 73.863175957834,18.535027795192,0.0 73.863159141371,18.535023914470,0.0 73.863148361588,18.535018740174,0.0 73.863132838700,18.535007098008,0.0 73.863124646065,18.534998042990,0.0 73.863115591046,18.534982520102,0.0 73.863108691985,18.534965703640,0.0 73.863097049819,18.534930777142,0.0 73.863091444332,18.534910079958,0.0 73.863086270036,18.534882914903,0.0 73.863083251696,18.534858336997,0.0 73.863079370974,18.534811768333,0.0 73.863077646209,18.534779428983,0.0 73.863076352635,18.534728979596,0.0 73.863075921444,18.534677236636,0.0 73.863075921444,18.534572457141,0.0 73.863075059061,18.534520714181,0.0 73.863072471913,18.534470264795,0.0 73.863069022382,18.534437925444,0.0 73.863061260938,18.534391356780,0.0 73.863055224259,18.534366778874,0.0 73.863044875667,18.534339613820,0.0 73.863033664693,18.534318916635,0.0 73.863010380360,18.534283990137,0.0 73.862996582238,18.534267173675,0.0 73.862978472202,18.534251650787,0.0 73.862962086931,18.534242595769,0.0 73.862931041155,18.534230953603,0.0 73.862909481588,18.534225779307,0.0 73.862875848663,18.534221898585,0.0 73.862841353357,18.534220605011,0.0 73.862771500360,18.534220605011,0.0 73.862737005053,18.534220173819,0.0 73.862703372129,18.534218880245,0.0 73.862681812562,18.534217155480,0.0 73.862650766786,18.534213274758,0.0 73.862634381515,18.534210256419,0.0 73.862616271479,18.534205082123,0.0 73.862602473356,18.534199476635,0.0 73.862579189024,18.534187834469,0.0 73.862567978049,18.534180935408,0.0 73.862557629457,18.534171880390,0.0 73.862551592779,18.534163687754,0.0 73.862543831334,18.534148164866,0.0 73.862540381804,18.534137385083,0.0 73.862537794656,18.534120568621,0.0 73.862536932273,18.534103320967,0.0 73.862536932273,18.534068394469,0.0 73.862536501082,18.534051146816,0.0 73.862535207508,18.534034330353,0.0 73.862533482742,18.534023550570,0.0 73.862529602020,18.534008027682,0.0 73.862526583681,18.533999835047,0.0 73.862521409385,18.533990780029,0.0 73.862515803898,18.533983880967,0.0 73.862504161732,18.533972238801,0.0 73.862497262670,18.533966633314,0.0 73.862488207652,18.533961459018,0.0 73.862480015017,18.533958440678,0.0 73.862464492129,18.533954559956,0.0 73.862453712345,18.533952835191,0.0 73.862436895883,18.533951541617,0.0 73.862419648230,18.533951110426,0.0 73.862384721731,18.533951110426,0.0 73.862367474078,18.533950248043,0.0 73.862350657616,18.533947660895,0.0 73.862339877832,18.533944211364,0.0 73.862324354944,18.533936449920,0.0 73.862316162309,18.533930413241,0.0 73.862307107291,18.533920064649,0.0 73.862300208229,18.533908853675,0.0 73.862288566063,18.533885569342,0.0 73.862282960576,18.533871771220,0.0 73.862277786280,18.533853661184,0.0 73.862274767941,18.533837275913,0.0 73.862270887219,18.533806230137,0.0 73.862269162453,18.533784670570,0.0 73.862267868879,18.533751037645,0.0 73.862267437688,18.533716542339,0.0 73.862267437688,18.533646689342,0.0 73.862267006496,18.533612194035,0.0 73.862265712922,18.533578561111,0.0 73.862263988157,18.533557001544,0.0 73.862260107435,18.533525955768,0.0 73.862257089096,18.533509570497,0.0 73.862251914800,18.533491460461,0.0 73.862246309312,18.533477662338,0.0 73.862234667146,18.533454378006,0.0 73.862227768085,18.533443167031,0.0 73.862218713067,18.533432818439,0.0 73.862210520431,18.533426781761,0.0 73.862194997543,18.533419020316,0.0 73.862184217760,18.533415570786,0.0 73.862167401298,18.533412983638,0.0 73.862150153644,18.533412121255,0.0 73.862115227146,18.533412121255,0.0 73.862097979493,18.533411690064,0.0 73.862081163031,18.533410396490,0.0 73.862070383247,18.533408671724,0.0 73.862054860359,18.533404791002,0.0 73.862046667724,18.533401772663,0.0 73.862037612706,18.533396598367,0.0 73.862030713644,18.533390992880,0.0 73.862019071478,18.533379350714,0.0 73.862013465991,18.533372451652,0.0 73.862008291695,18.533363396634,0.0 73.862005273355,18.533355203999,0.0 73.862001392633,18.533339681111,0.0 73.861999667868,18.533328901327,0.0 73.861998374294,18.533312084865,0.0 73.861997943103,18.533294837212,0.0 73.861997943103,18.533259910713,0.0 73.861997511911,18.533242663060,0.0 73.861996218337,18.533225846598,0.0 73.861994493572,18.533215066814,0.0 73.861990612850,18.533199543926,0.0 73.861987594511,18.533191351291,0.0 73.861982420214,18.533182296273,0.0 73.861976814727,18.533175397211,0.0 73.861965172561,18.533163755045,0.0 73.861958273500,18.533158149558,0.0 73.861949218482,18.533152975262,0.0 73.861941025846,18.533149956923,0.0 73.861925502958,18.533146076201,0.0 73.861914723175,18.533144351435,0.0 73.861897906713,18.533143057861,0.0 73.861880659059,18.533142626670,0.0 73.861845732561,18.533142626670,0.0 73.861828484907,18.533142195479,0.0 73.861811668445,18.533140901905,0.0 73.861800888662,18.533139177139,0.0 73.861785365774,18.533135296417,0.0 73.861777173138,18.533132278078,0.0 73.861768118120,18.533127103782,0.0 73.861761219059,18.533121498294,0.0 73.861749576893,18.533109856128,0.0 73.861743971405,18.533102957067,0.0 73.861738797109,18.533093902049,0.0 73.861735778770,18.533085709413,0.0 73.861731898048,18.533070186525,0.0 73.861730173283,18.533059406742,0.0 73.861728879709,18.533042590280,0.0 73.861728448517,18.533025342626,0.0 73.861728448517,18.532990416128,0.0 73.861728017326,18.532973168475,0.0 73.861726723752,18.532956352013,0.0 73.861724998987,18.532945572229,0.0 73.861721118265,18.532930049341,0.0 73.861718099925,18.532921856706,0.0 73.861712925629,18.532912801688,0.0 73.861707320142,18.532905902626,0.0 73.861695677976,18.532894260460,0.0 73.861688778914,18.532888654973,0.0 73.861679723896,18.532883480677,0.0 73.861671531261,18.532880462337,0.0 73.861656008373,18.532876581615,0.0 73.861645228589,18.532874856850,0.0 73.861628412127,18.532873563276,0.0 73.861611164474,18.532873132085,0.0 73.861576237976,18.532873132085,0.0 73.861558990322,18.532872700893,0.0 73.861542173860,18.532871407319,0.0 73.861531394077,18.532869682554,0.0 73.861515871189,18.532865801832,0.0 73.861507678553,18.532862783493,0.0 73.861498623535,18.532857609197,0.0 73.861491724474,18.532852003709,0.0 73.861480082308,18.532840361543,0.0 73.861474476820,18.532833462482,0.0 73.861469302524,18.532824407464,0.0 73.861466284185,18.532816214828,0.0 73.861462403463,18.532800691940,0.0 73.861460678697,18.532789912157,0.0 73.861459385123,18.532773095695,0.0 73.861458953932,18.532755848041,0.0 73.861458953932,18.532720921543,0.0 73.861458522741,18.532703673889,0.0 73.861457229167,18.532686857427,0.0 73.861455504401,18.532676077644,0.0 73.861451623679,18.532660554756,0.0 73.861448605340,18.532652362120,0.0 73.861443431044,18.532643307102,0.0 73.861437825557,18.532636408041,0.0 73.861426183391,18.532624765875,0.0 73.861419284329,18.532619160387,0.0 73.861410229311,18.532613986091,0.0 73.861402036676,18.532610967752,0.0 73.861386513788,18.532607087030,0.0 73.861375734004,18.532605362265,0.0 73.861358917542,18.532604068691,0.0 73.861341669889,18.532603637499,0.0 73.861306743390,18.532603637499,0.0 73.861289495737,18.532603206308,0.0 73.861272679275,18.532601912734,0.0 73.861261899491,18.532600187969,0.0 73.861246376603,18.532596307247,0.0 73.861238183968,18.532593288907,0.0 73.861229128950,18.532588114611,0.0 73.861222229888,18.532582509124,0.0 73.861210587722,18.532570866958,0.0 73.861204982235,18.532563967896,0.0 73.861199807939,18.532554912878,0.0 73.861196789600,18.532546720243,0.0 73.861192908878,18.532531197355,0.0 73.861191184112,18.532520417571,0.0 73.861189890538,18.532503601109,0.0 73.861189459347,18.532486353456,0.0 73.861189459347,18.532451426958,0.0 73.861188165773,18.532434179304,0.0 73.861184285051,18.532417362842,0.0 73.861179110755,18.532406583059,0.0 73.861167468589,18.532391060171,0.0 73.861158413571,18.532382867535,0.0 73.861142890683,18.532373812517,0.0 73.861126074220,18.532366913456,0.0 73.861091147722,18.532355271290,0.0 73.861070450538,18.532349665802,0.0 73.861043285484,18.532344491506,0.0 73.861018707578,18.532341473167,0.0 73.860972138913,18.532337592445,0.0 73.860939799563,18.532335867679,0.0 73.860889350177,18.532334574105,0.0 73.860837607216,18.532334142914,0.0 73.860732827722,18.532334142914,0.0 73.860681084761,18.532333280531,0.0 73.860630635375,18.532330693383,0.0 73.860598296025,18.532327243853,0.0 73.860551727360,18.532319482409,0.0 73.860527149454,18.532313445730,0.0 73.860499984400,18.532303097138,0.0 73.860479287216,18.532291886163,0.0 73.860444360718,18.532268601831,0.0 73.860427544256,18.532254803708,0.0 73.860412021367,18.532236693672,0.0 73.860402966349,18.532220308401,0.0 73.860391324183,18.532189262625,0.0 73.860386149887,18.532167703058,0.0 73.860382269165,18.532134070134,0.0 73.860380975591,18.532099574827,0.0 73.860380975591,18.532029721831,0.0 73.860376232486,18.531995226524,0.0 73.860362003172,18.531961593600,0.0 73.860343030754,18.531940034033,0.0 73.860300342811,18.531908988256,0.0 73.860267141078,18.531892602986,0.0 73.860210223822,18.531874492950,0.0 73.860148563461,18.531860694827,0.0 73.860020499634,18.531837410495,0.0 73.859944609959,18.531826199520,0.0 73.859845004760,18.531815850928,0.0 73.859754885771,18.531809814249,0.0 73.859584134002,18.531802052805,0.0 73.859465556384,18.531798603274,0.0 73.859280575301,18.531796016126,0.0 73.859090851113,18.531795153744,0.0 73.858706659632,18.531795153744,0.0 73.858516935444,18.531795584935,0.0 73.858331954361,18.531796878509,0.0 73.858213376743,18.531798603274,0.0 73.858042624974,18.531802483996,0.0 73.857952505985,18.531805502336,0.0 73.857852900786,18.531810676632,0.0 73.857777011111,18.531816282119,0.0 73.857648947284,18.531827924285,0.0 73.857587286923,18.531834823347,0.0 73.857530369666,18.531843878365,0.0 73.857497167933,18.531852071000,0.0 73.857454479991,18.531867593888,0.0 73.857435507572,18.531878373672,0.0 73.857421278258,18.531895190134,0.0 73.857416535154,18.531912437787,0.0 73.857416535154,18.531947364285,0.0 73.857415241580,18.531964611939,0.0 73.857411360858,18.531981428401,0.0 73.857406186562,18.531992208184,0.0 73.857394544395,18.532007731073,0.0 73.857385489377,18.532015923708,0.0 73.857369966489,18.532024978726,0.0 73.857353150027,18.532031877787,0.0 73.857318223529,18.532043519953,0.0 73.857297526345,18.532049125441,0.0 73.857270361291,18.532054299737,0.0 73.857245783384,18.532057318076,0.0 73.857199214720,18.532061198798,0.0 73.857166875370,18.532062923564,0.0 73.857116425983,18.532064217138,0.0 73.857064683023,18.532064648329,0.0 73.856959903528,18.532064648329,0.0 73.856908160568,18.532065079520,0.0 73.856857711182,18.532066373094,0.0 73.856825371831,18.532068097860,0.0 73.856778803167,18.532071978582,0.0 73.856754225261,18.532074996921,0.0 73.856727060207,18.532080171217,0.0 73.856706363023,18.532085776704,0.0 73.856671436524,18.532097418870,0.0 73.856654620062,18.532104317932,0.0 73.856639097174,18.532113372950,0.0 73.856630042156,18.532121565585,0.0 73.856618399990,18.532137088473,0.0 73.856613225694,18.532147868257,0.0 73.856609344972,18.532164684719,0.0 73.856608051398,18.532181932372,0.0 73.856608051398,18.532216858871,0.0 73.856607189015,18.532234106524,0.0 73.856604601867,18.532250922986,0.0 73.856601152337,18.532261702770,0.0 73.856593390892,18.532277225658,0.0 73.856587354214,18.532285418293,0.0 73.856577005622,18.532294473311,0.0 73.856565794647,18.532301372373,0.0 73.856542510315,18.532313014539,0.0 73.856528712192,18.532318620026,0.0 73.856510602156,18.532323794322,0.0 73.856494216885,18.532326812661,0.0 73.856463171109,18.532330693383,0.0 73.856441611542,18.532332418149,0.0 73.856407978618,18.532333711723,0.0 73.856373483311,18.532334142914,0.0 73.856303630314,18.532334142914,0.0 73.856269135007,18.532333711723,0.0 73.856235502083,18.532332418149,0.0 73.856213942516,18.532330693383,0.0 73.856182896740,18.532326812661,0.0 73.856166511469,18.532323794322,0.0 73.856148401433,18.532318620026,0.0 73.856134603311,18.532313014539,0.0 73.856111318978,18.532301372373,0.0 73.856100108004,18.532294473311,0.0 73.856089759412,18.532285418293,0.0 73.856083722733,18.532277225658,0.0 73.856075961289,18.532261702770,0.0 73.856072511758,18.532250922986,0.0 73.856069924610,18.532234106524,0.0 73.856069062227,18.532216858871,0.0 73.856069062227,18.532181932372,0.0 73.856069493419,18.532164684719,0.0 73.856070786993,18.532147868257,0.0 73.856072511758,18.532137088473,0.0 73.856076392480,18.532121565585,0.0 73.856079410819,18.532113372950,0.0 73.856084585116,18.532104317932,0.0 73.856090190603,18.532097418870,0.0 73.856101832769,18.532085776704,0.0 73.856108731830,18.532080171217,0.0 73.856117786848,18.532074996921,0.0 73.856125979484,18.532071978582,0.0 73.856141502372,18.532068097860,0.0 73.856152282155,18.532066373094,0.0 73.856169098617,18.532065079520,0.0 73.856186346271,18.532064648329,0.0 73.856221272769,18.532064648329,0.0 73.856238520423,18.532064217138,0.0 73.856255336885,18.532062923564,0.0 73.856266116668,18.532061198798,0.0 73.856281639556,18.532057318076,0.0 73.856289832192,18.532054299737,0.0 73.856298887210,18.532049125441,0.0 73.856305786271,18.532043519953,0.0 73.856317428437,18.532031877787,0.0 73.856323033925,18.532024978726,0.0 73.856328208221,18.532015923708,0.0 73.856331226560,18.532007731073,0.0 73.856335107282,18.531992208184,0.0 73.856336832047,18.531981428401,0.0 73.856338125621,18.531964611939,0.0 73.856338556813,18.531947364285,0.0 73.856338556813,18.531912437787,0.0 73.856338988004,18.531895190134,0.0 73.856340281578,18.531878373672,0.0 73.856342006343,18.531867593888,0.0 73.856345887065,18.531852071000,0.0 73.856348905405,18.531843878365,0.0 73.856354079701,18.531834823347,0.0 73.856359685188,18.531827924285,0.0 73.856371327354,18.531816282119,0.0 73.856378226416,18.531810676632,0.0 73.856387281434,18.531805502336,0.0 73.856395474069,18.531802483996,0.0 73.856410996957,18.531798603274,0.0 73.856421776741,18.531796878509,0.0 73.856438593203,18.531795584935,0.0 73.856455840856,18.531795153744,0.0 73.856490767354,18.531795153744,0.0 73.856508015008,18.531794722552,0.0 73.856524831470,18.531793428978,0.0 73.856535611253,18.531791704213,0.0 73.856551134141,18.531787823491,0.0 73.856559326777,18.531784805152,0.0 73.856568381795,18.531779630856,0.0 73.856575280856,18.531774025368,0.0 73.856586923022,18.531762383202,0.0 73.856592528510,18.531755484141,0.0 73.856597702806,18.531746429123,0.0 73.856600721145,18.531738236487,0.0 73.856604601867,18.531722713599,0.0 73.856606326633,18.531711933816,0.0 73.856607620207,18.531695117354,0.0 73.856608051398,18.531677869700,0.0 73.856608051398,18.531642943202,0.0 73.856608913781,18.531625695548,0.0 73.856611500929,18.531608879086,0.0 73.856614950459,18.531598099303,0.0 73.856622711903,18.531582576415,0.0 73.856628748582,18.531574383779,0.0 73.856639097174,18.531565328761,0.0 73.856650308149,18.531558429700,0.0 73.856673592481,18.531546787534,0.0 73.856687390604,18.531541182047,0.0 73.856705500640,18.531536007751,0.0 73.856721885911,18.531532989411,0.0 73.856752931687,18.531529108689,0.0 73.856774491254,18.531527383924,0.0 73.856808124178,18.531526090350,0.0 73.856842619485,18.531525659158,0.0 73.856912472481,18.531525659158,0.0 73.856946967788,18.531525227967,0.0 73.856980600713,18.531523934393,0.0 73.857002160279,18.531522209628,0.0 73.857033206056,18.531518328906,0.0 73.857049591326,18.531515310566,0.0 73.857067701362,18.531510136270,0.0 73.857081499485,18.531504530783,0.0 73.857104783817,18.531492888617,0.0 73.857115994792,18.531485989555,0.0 73.857126343384,18.531476934537,0.0 73.857132380063,18.531468741902,0.0 73.857140141507,18.531453219014,0.0 73.857143591038,18.531442439231,0.0 73.857146178186,18.531425622768,0.0 73.857147040568,18.531408375115,0.0 73.857147040568,18.531373448617,0.0 73.857147471760,18.531356200963,0.0 73.857148765334,18.531339384501,0.0 73.857150490099,18.531328604718,0.0 73.857154370821,18.531313081830,0.0 73.857157389160,18.531304889194,0.0 73.857162563456,18.531295834176,0.0 73.857168168944,18.531288935115,0.0 73.857179811110,18.531277292949,0.0 73.857186710171,18.531271687461,0.0 73.857195765189,18.531266513165,0.0 73.857203957825,18.531263494826,0.0 73.857219480713,18.531259614104,0.0 73.857230260496,18.531257889339,0.0 73.857247076958,18.531256595765,0.0 73.857264324612,18.531256164573,0.0 73.857299251110,18.531256164573,0.0 73.857316498764,18.531255733382,0.0 73.857333315226,18.531254439808,0.0 73.857344095009,18.531252715043,0.0 73.857359617897,18.531248834320,0.0 73.857367810533,18.531245815981,0.0 73.857376865551,18.531240641685,0.0 73.857383764612,18.531235036198,0.0 73.857395406778,18.531223394032,0.0 73.857401012265,18.531216494970,0.0 73.857406186562,18.531207439952,0.0 73.857409204901,18.531199247317,0.0 73.857413085623,18.531183724429,0.0 73.857414810388,18.531172944645,0.0 73.857416103962,18.531156128183,0.0 73.857416535154,18.531138880530,0.0 73.857416535154,18.531103954031,0.0 73.857417828728,18.531086706378,0.0 73.857421709450,18.531069889916,0.0 73.857426883746,18.531059110132,0.0 73.857438525912,18.531043587244,0.0 73.857447580930,18.531035394609,0.0 73.857463103818,18.531026339591,0.0 73.857479920280,18.531019440530,0.0 73.857514846778,18.531007798363,0.0 73.857535543962,18.531002192876,0.0 73.857562709017,18.530997018580,0.0 73.857587286923,18.530994000241,0.0 73.857633855587,18.530990119519,0.0 73.857666194937,18.530988394753,0.0 73.857716644324,18.530987101179,0.0 73.857768387284,18.530986669988,0.0 73.857873166779,18.530986669988,0.0 73.857924909739,18.530986238797,0.0 73.857975359126,18.530984945223,0.0 73.858007698476,18.530983220457,0.0 73.858054267140,18.530979339735,0.0 73.858078845046,18.530976321396,0.0 73.858106010100,18.530971147100,0.0 73.858126707285,18.530965541612,0.0 73.858161633783,18.530953899446,0.0 73.858178450245,18.530947000385,0.0 73.858193973133,18.530937945367,0.0 73.858203028151,18.530929752732,0.0 73.858214670317,18.530914229843,0.0 73.858219844613,18.530903450060,0.0 73.858223725335,18.530886633598,0.0 73.858225018909,18.530869385944,0.0 73.858225018909,18.530834459446,0.0 73.858225881292,18.530817211793,0.0 73.858228468440,18.530800395331,0.0 73.858231917971,18.530789615547,0.0 73.858239679415,18.530774092659,0.0 73.858245716093,18.530765900024,0.0 73.858256064686,18.530756845006,0.0 73.858267275660,18.530749945944,0.0 73.858290559992,18.530738303778,0.0 73.858304358115,18.530732698291,0.0 73.858322468151,18.530727523995,0.0 73.858338853422,18.530724505655,0.0 73.858369899198,18.530720624933,0.0 73.858391458765,18.530718900168,0.0 73.858425091689,18.530717606594,0.0 73.858459586996,18.530717175403,0.0 73.858529439993,18.530717175403,0.0 73.858563935300,18.530717606594,0.0 73.858597568224,18.530718900168,0.0 73.858619127791,18.530720624933,0.0 73.858650173567,18.530724505655,0.0 73.858666558838,18.530727523995,0.0 73.858684668874,18.530732698291,0.0 73.858698466997,18.530738303778,0.0 73.858721751329,18.530749945944,0.0 73.858732962304,18.530756845006,0.0 73.858743310896,18.530765900024,0.0 73.858749347574,18.530774092659,0.0 73.858757109018,18.530789615547,0.0 73.858760558549,18.530800395331,0.0 73.858763145697,18.530817211793,0.0 73.858764008080,18.530834459446,0.0 73.858764008080,18.530869385944,0.0 73.858766595228,18.530886633598,0.0 73.858774356672,18.530903450060,0.0 73.858784705264,18.530914229843,0.0 73.858807989596,18.530929752732,0.0 73.858826099632,18.530937945367,0.0 73.858857145408,18.530947000385,0.0 73.858890778333,18.530953899446,0.0 73.858960631329,18.530965541612,0.0 73.859002025697,18.530971147100,0.0 73.859056355806,18.530976321396,0.0 73.859105511618,18.530979339735,0.0 73.859198648947,18.530983220457,0.0 73.859263327647,18.530984945223,0.0 73.859364226420,18.530986238797,0.0 73.859467712341,18.530986669988,0.0 73.859677271330,18.530986669988,0.0 73.859780757251,18.530985807605,0.0 73.859881656024,18.530983220457,0.0 73.859946334724,18.530979770927,0.0 73.860039472053,18.530972009483,0.0 73.860088627865,18.530965972804,0.0 73.860142957974,18.530955624212,0.0 73.860184352342,18.530944413237,0.0 73.860254205338,18.530921128905,0.0 73.860287838263,18.530907330782,0.0 73.860318884039,18.530889220746,0.0 73.860336994075,18.530872835475,0.0 73.860360278407,18.530841789699,0.0 73.860370626999,18.530820230132,0.0 73.860378388443,18.530786597208,0.0 73.860380975591,18.530752101901,0.0 73.860380975591,18.530682248904,0.0 73.860381406783,18.530647753598,0.0 73.860382700357,18.530614120673,0.0 73.860384425122,18.530592561107,0.0 73.860388305844,18.530561515330,0.0 73.860391324183,18.530545130060,0.0 73.860396498479,18.530527020023,0.0 73.860402103967,18.530513221901,0.0 73.860413746133,18.530489937568,0.0 73.860420645194,18.530478726594,0.0 73.860429700212,18.530468378002,0.0 73.860437892848,18.530462341323,0.0 73.860453415736,18.530454579879,0.0 73.860464195519,18.530451130348,0.0 73.860481011981,18.530448543200,0.0 73.860498259635,18.530447680817,0.0 73.860533186133,18.530447680817,0.0 73.860550433786,18.530448543200,0.0 73.860567250249,18.530451130348,0.0 73.860578030032,18.530454579879,0.0 73.860593552920,18.530462341323,0.0 73.860601745555,18.530468378002,0.0 73.860610800573,18.530478726594,0.0 73.860617699635,18.530489937568,0.0 73.860629341801,18.530513221901,0.0 73.860634947288,18.530527020023,0.0 73.860640121584,18.530545130060,0.0 73.860643139924,18.530561515330,0.0 73.860647020646,18.530592561107,0.0 73.860648745411,18.530614120673,0.0 73.860650038985,18.530647753598,0.0 73.860650470176,18.530682248904,0.0 73.860650470176,18.530752101901,0.0 73.860651332559,18.530786597208,0.0 73.860653919707,18.530820230132,0.0 73.860657369238,18.530841789699,0.0 73.860665130682,18.530872835475,0.0 73.860671167361,18.530889220746,0.0 73.860681515953,18.530907330782,0.0 73.860692726927,18.530921128905,0.0 73.860716011260,18.530944413237,0.0 73.860729809382,18.530955624212,0.0 73.860747919418,18.530965972804,0.0 73.860764304689,18.530972009483,0.0 73.860795350465,18.530979770927,0.0 73.860816910032,18.530983220457,0.0 73.860850542956,18.530985807605,0.0 73.860885038263,18.530986669988,0.0 73.860954891260,18.530986669988,0.0 73.860989386567,18.530987532371,0.0 73.861023019491,18.530990119519,0.0 73.861044579058,18.530993569049,0.0 73.861075624834,18.531001330493,0.0 73.861092010105,18.531007367172,0.0 73.861110120141,18.531017715764,0.0 73.861123918264,18.531028926739,0.0 73.861147202596,18.531052211071,0.0 73.861158413571,18.531066009194,0.0 73.861168762163,18.531084119230,0.0 73.861174798841,18.531100504501,0.0 73.861182560286,18.531131550277,0.0 73.861186009816,18.531153109844,0.0 73.861188596964,18.531186742768,0.0 73.861189459347,18.531221238075,0.0 73.861189459347,18.531291091071,0.0 73.861189890538,18.531325586378,0.0 73.861191184112,18.531359219303,0.0 73.861192908878,18.531380778869,0.0 73.861196789600,18.531411824646,0.0 73.861199807939,18.531428209916,0.0 73.861204982235,18.531446319953,0.0 73.861210587722,18.531460118075,0.0 73.861222229888,18.531483402407,0.0 73.861229128950,18.531494613382,0.0 73.861238183968,18.531504961974,0.0 73.861246376603,18.531510998653,0.0 73.861261899491,18.531518760097,0.0 73.861272679275,18.531522209628,0.0 73.861289495737,18.531524796776,0.0 73.861306743390,18.531525659158,0.0 73.861341669889,18.531525659158,0.0 73.861358917542,18.531526090350,0.0 73.861375734004,18.531527383924,0.0 73.861386513788,18.531529108689,0.0 73.861402036676,18.531532989411,0.0 73.861410229311,18.531536007751,0.0 73.861419284329,18.531541182047,0.0 73.861426183391,18.531546787534,0.0 73.861437825557,18.531558429700,0.0 73.861443431044,18.531565328761,0.0 73.861448605340,18.531574383779,0.0 73.861451623679,18.531582576415,0.0 73.861455504401,18.531598099303,0.0 73.861457229167,18.531608879086,0.0 73.861458522741,18.531625695548,0.0 73.861458953932,18.531642943202,0.0 73.861458953932,18.531677869700,0.0 73.861459385123,18.531695117354,0.0 73.861460678697,18.531711933816,0.0 73.861462403463,18.531722713599,0.0 73.861466284185,18.531738236487,0.0 73.861469302524,18.531746429123,0.0 73.861474476820,18.531755484141,0.0 73.861480082308,18.531762383202,0.0 73.861491724474,18.531774025368,0.0 73.861498623535,18.531779630856,0.0 73.861507678553,18.531784805152,0.0 73.861515871189,18.531787823491,0.0 73.861531394077,18.531791704213,0.0 73.861542173860,18.531793428978,0.0 73.861558990322,18.531794722552,0.0 73.861576237976,18.531795153744,0.0 73.861611164474,18.531795153744,0.0 73.861628412127,18.531795584935,0.0 73.861645228589,18.531796878509,0.0 73.861656008373,18.531798603274,0.0 73.861671531261,18.531802483996,0.0 73.861679723896,18.531805502336,0.0 73.861688778914,18.531810676632,0.0 73.861695677976,18.531816282119,0.0 73.861707320142,18.531827924285,0.0 73.861712925629,18.531834823347,0.0 73.861718099925,18.531843878365,0.0 73.861721118265,18.531852071000,0.0 73.861724998987,18.531867593888,0.0 73.861726723752,18.531878373672,0.0 73.861728017326,18.531895190134,0.0 73.861728448517,18.531912437787,0.0 73.861728448517,18.531947364285,0.0 73.861728879709,18.531964611939,0.0 73.861730173283,18.531981428401,0.0 73.861731898048,18.531992208184,0.0 73.861735778770,18.532007731073,0.0 73.861738797109,18.532015923708,0.0 73.861743971405,18.532024978726,0.0 73.861749576893,18.532031877787,0.0 73.861761219059,18.532043519953,0.0 73.861768118120,18.532049125441,0.0 73.861777173138,18.532054299737,0.0 73.861785365774,18.532057318076,0.0 73.861800888662,18.532061198798,0.0 73.861811668445,18.532062923564,0.0 73.861828484907,18.532064217138,0.0 73.861845732561,18.532064648329,0.0 73.861880659059,18.532064648329,0.0 73.861897906713,18.532065079520,0.0 73.861914723175,18.532066373094,0.0 73.861925502958,18.532068097860,0.0 73.861941025846,18.532071978582,0.0 73.861949218482,18.532074996921,0.0 73.861958273500,18.532080171217,0.0 73.861965172561,18.532085776704,0.0 73.861976814727,18.532097418870,0.0 73.861982420214,18.532104317932,0.0 73.861987594511,18.532113372950,0.0 73.861990612850,18.532121565585,0.0 73.861994493572,18.532137088473,0.0 73.861996218337,18.532147868257,0.0 73.861997511911,18.532164684719,0.0 73.861997943103,18.532181932372,0.0 73.861997943103,18.532216858871,0.0 73.861998374294,18.532234106524,0.0 73.861999667868,18.532250922986,0.0 73.862001392633,18.532261702770,0.0 73.862005273355,18.532277225658,0.0 73.862008291695,18.532285418293,0.0 73.862013465991,18.532294473311,0.0 73.862019071478,18.532301372373,0.0 73.862030713644,18.532313014539,0.0 73.862037612706,18.532318620026,0.0 73.862046667724,18.532323794322,0.0 73.862054860359,18.532326812661,0.0 73.862070383247,18.532330693383,0.0 73.862081163031,18.532332418149,0.0 73.862097979493,18.532333711723,0.0 73.862115227146,18.532334142914,0.0 73.862150153644,18.532334142914,0.0 73.862167401298,18.532335005297,0.0 73.862184217760,18.532337592445,0.0 73.862194997543,18.532341041976,0.0 73.862210520431,18.532348803420,0.0 73.862218713067,18.532354840098,0.0 73.862227768085,18.532365188690,0.0 73.862234667146,18.532376399665,0.0 73.862246309312,18.532399683997,0.0 73.862251914800,18.532413482120,0.0 73.862257089096,18.532431592156,0.0 73.862260107435,18.532447977427,0.0 73.862263988157,18.532479023203,0.0 73.862265712922,18.532500582770,0.0 73.862267006496,18.532534215694,0.0 73.862267437688,18.532568711001,0.0 73.862267437688,18.532638563998,0.0 73.862268300071,18.532673059305,0.0 73.862270887219,18.532706692229,0.0 73.862274336749,18.532728251796,0.0 73.862282098193,18.532759297572,0.0 73.862288134872,18.532775682843,0.0 73.862298483464,18.532793792879,0.0 73.862309694439,18.532807591001,0.0 73.862332978771,18.532830875334,0.0 73.862346776894,18.532842086308,0.0 73.862364886930,18.532852434900,0.0 73.862381272201,18.532858471579,0.0 73.862412317977,18.532866233023,0.0 73.862433877544,18.532869682554,0.0 73.862467510468,18.532872269702,0.0 73.862502005775,18.532873132085,0.0 73.862571858771,18.532873132085,0.0 73.862606354078,18.532873563276,0.0 73.862639987002,18.532874856850,0.0 73.862661546569,18.532876581615,0.0 73.862692592346,18.532880462337,0.0 73.862708977616,18.532883480677,0.0 73.862727087652,18.532888654973,0.0 73.862740885775,18.532894260460,0.0 73.862764170107,18.532905902626,0.0 73.862775381082,18.532912801688,0.0 73.862785729674,18.532921856706,0.0 73.862791766353,18.532930049341,0.0 73.862799527797,18.532945572229,0.0 73.862802977328,18.532956352013,0.0 73.862805564476,18.532973168475,0.0 73.862806426858,18.532990416128,0.0 73.862806426858,18.533025342626,0.0 73.862806858050,18.533042590280,0.0 73.862808151624,18.533059406742,0.0 73.862809876389,18.533070186525,0.0 73.862813757111,18.533085709413,0.0 73.862816775450,18.533093902049,0.0 73.862821949746,18.533102957067,0.0 73.862827555234,18.533109856128,0.0 73.862839197400,18.533121498294,0.0 73.862846096461,18.533127103782,0.0 73.862855151479,18.533132278078,0.0 73.862863344115,18.533135296417,0.0 73.862878867003,18.533139177139,0.0 73.862889646786,18.533140901905,0.0 73.862906463248,18.533142195479,0.0 73.862923710902,18.533142626670,0.0 73.862958637400,18.533142626670,0.0 73.862975885054,18.533143057861,0.0 73.862992701516,18.533144351435,0.0 73.863003481299,18.533146076201,0.0 73.863019004187,18.533149956923,0.0 73.863027196823,18.533152975262,0.0 73.863036251841,18.533158149558,0.0 73.863043150902,18.533163755045,0.0 73.863054793068,18.533175397211,0.0 73.863060398555,18.533182296273,0.0 73.863065572851,18.533191351291,0.0 73.863068591191,18.533199543926,0.0 73.863072471913,18.533215066814,0.0 73.863074196678,18.533225846598,0.0 73.863075490252,18.533242663060,0.0 73.863075921444,18.533259910713,0.0 73.863075921444,18.533294837212,0.0 73.863076352635,18.533312084865,0.0 73.863077646209,18.533328901327,0.0 73.863079370974,18.533339681111,0.0 73.863083251696,18.533355203999,0.0 73.863086270036,18.533363396634,0.0 73.863091444332,18.533372451652,0.0 73.863097049819,18.533379350714,0.0 73.863108691985,18.533390992880,0.0 73.863115591046,18.533396598367,0.0 73.863124646065,18.533401772663,0.0 73.863132838700,18.533404791002,0.0 73.863148361588,18.533408671724,0.0 73.863159141371,18.533410396490,0.0 73.863175957834,18.533411690064,0.0 73.863193205487,18.533412121255,0.0 73.863228131985,18.533412121255,0.0 73.863245379639,18.533414277212,0.0 73.863262196101,18.533420745082,0.0 73.863272975884,18.533429368909,0.0 73.863288498772,18.533448772519,0.0 73.863296691408,18.533463864215,0.0 73.863305746426,18.533489735696,0.0 73.863312645487,18.533517763132,0.0 73.863324287653,18.533575973963,0.0 73.863329893141,18.533610469270,0.0 73.863335067437,18.533655744360,0.0 73.863338085776,18.533696707537,0.0 73.863341966498,18.533774321978,0.0 73.863343691263,18.533828220895,0.0 73.863344984837,18.533912303205,0.0 73.863345416029,18.533998541473,0.0 73.863345416029,18.534173173964,0.0 73.863345847220,18.534259412231,0.0 73.863347140794,18.534343494542,0.0 73.863348865559,18.534397393459,0.0 73.863352746281,18.534475007899,0.0 73.863355764621,18.534515971076,0.0 73.863360938917,18.534561246167,0.0 73.863366544404,18.534595741473,0.0 73.863378186570,18.534653952304,0.0 73.863385085632,18.534681979741,0.0 73.863394140650,18.534707851221,0.0 73.863402333285,18.534722942918,0.0 73.863417856173,18.534742346528,0.0 73.863428635957,18.534750970355,0.0 73.863445452419,18.534757438225,0.0 73.863462700072,18.534759594181,0.0 73.863497626571,18.534759594181,0.0 73.863514874224,18.534760456564,0.0 73.863531690686,18.534763043712,0.0 73.863542470470,18.534766493243,0.0 73.863557993358,18.534774254687,0.0 73.863566185993,18.534780291365,0.0 73.863575241011,18.534790639957,0.0 73.863582140072,18.534801850932,0.0 73.863593782239,18.534825135264,0.0 73.863599387726,18.534838933387,0.0 73.863604562022,18.534857043423,0.0 73.863607580361,18.534873428694,0.0 73.863611461083,18.534904474470,0.0 73.863613185849,18.534926034037,0.0 73.863614479423,18.534959666961,0.0 73.863614910614,18.534994162268,0.0 73.863614910614,18.535064015265,0.0 73.863614479423,18.535098510572,0.0 73.863613185849,18.535132143496,0.0 73.863611461083,18.535153703063,0.0 73.863607580361,18.535184748839,0.0 73.863604562022,18.535201134110,0.0 73.863599387726,18.535219244146,0.0 73.863593782239,18.535233042269,0.0 73.863582140072,18.535256326601,0.0 73.863575241011,18.535267537576,0.0 73.863566185993,18.535277886168,0.0 73.863557993358,18.535283922846,0.0 73.863542470470,18.535291684290,0.0 73.863531690686,18.535295133821,0.0 73.863514874224,18.535297720969,0.0 73.863497626571,18.535298583352,0.0 73.863462700072,18.535298583352,0.0 73.863445452419,18.535298152160,0.0 73.863428635957,18.535296858586,0.0 73.863417856173,18.535295133821,0.0 73.863402333285,18.535291253099,0.0 73.863394140650,18.535288234760,0.0 73.863385085632,18.535283060464,0.0 73.863378186570,18.535277454976,0.0 73.863366544404,18.535265812810,0.0 73.863360938917,18.535258913749,0.0 73.863355764621,18.535249858731,0.0 73.863352746281,18.535241666095,0.0 73.863348865559,18.535226143207,0.0 73.863347140794,18.535215363424,0.0 73.863345847220,18.535198546962,0.0 73.863345416029,18.535181299308,0.0</coordinates>
                        </LinearRing>
                    </outerBoundaryIs>
                </Polygon>
            </Placemark>
            <Placemark id="1306">
                <name>Class 2 - 18</name>
                <styleUrl>#1311</styleUrl>
                <Polygon id="1305">
                    <outerBoundaryIs>
                        <LinearRing id="1309">
                            <coordinates>73.957129531691,18.547039061059,0.0 73.957129531691,18.547004134560,0.0 73.957128238117,18.546986886907,0.0 73.957124357395,18.546970070445,0.0 73.957119183099,18.546959290661,0.0 73.957107540933,18.546943767773,0.0 73.957098485915,18.546935575138,0.0 73.957082963027,18.546926520120,0.0 73.957066146564,18.546919621058,0.0 73.957031220066,18.546907978892,0.0 73.957010522882,18.546902373405,0.0 73.956983357828,18.546897199109,0.0 73.956958779922,18.546894180770,0.0 73.956912211257,18.546890300048,0.0 73.956879871907,18.546888575282,0.0 73.956829422521,18.546887281708,0.0 73.956777679560,18.546886850517,0.0 73.956672900066,18.546886850517,0.0 73.956621157105,18.546886419326,0.0 73.956570707719,18.546885125752,0.0 73.956538368369,18.546883400986,0.0 73.956491799704,18.546879520264,0.0 73.956467221798,18.546876501925,0.0 73.956440056744,18.546871327629,0.0 73.956419359560,18.546865722141,0.0 73.956384433062,18.546854079975,0.0 73.956367616599,18.546847180914,0.0 73.956352093711,18.546838125896,0.0 73.956343038693,18.546829933260,0.0 73.956331396527,18.546814410372,0.0 73.956326222231,18.546803630589,0.0 73.956322341509,18.546786814127,0.0 73.956321047935,18.546769566473,0.0 73.956321047935,18.546734639975,0.0 73.956318460787,18.546717392322,0.0 73.956310699343,18.546700575860,0.0 73.956300350751,18.546689796076,0.0 73.956277066419,18.546674273188,0.0 73.956258956383,18.546666080553,0.0 73.956227910606,18.546657025535,0.0 73.956194277682,18.546650126473,0.0 73.956124424686,18.546638484307,0.0 73.956083030317,18.546632878820,0.0 73.956028700209,18.546627704524,0.0 73.955979544397,18.546624686184,0.0 73.955886407068,18.546620805462,0.0 73.955821728368,18.546619080697,0.0 73.955720829595,18.546617787123,0.0 73.955617343674,18.546617355932,0.0 73.955407784685,18.546617355932,0.0 73.955304298764,18.546616924740,0.0 73.955203399991,18.546615631166,0.0 73.955138721291,18.546613906401,0.0 73.955045583962,18.546610025679,0.0 73.954996428150,18.546607007340,0.0 73.954942098041,18.546601833044,0.0 73.954900703673,18.546596227556,0.0 73.954830850677,18.546584585390,0.0 73.954797217752,18.546577686329,0.0 73.954766171976,18.546568631311,0.0 73.954748061940,18.546560438675,0.0 73.954724777608,18.546544915787,0.0 73.954714429016,18.546534136004,0.0 73.954706667572,18.546517319542,0.0 73.954704080424,18.546500071888,0.0 73.954704080424,18.546465145390,0.0 73.954703218041,18.546447897736,0.0 73.954700630893,18.546431081274,0.0 73.954697181362,18.546420301491,0.0 73.954689419918,18.546404778603,0.0 73.954683383240,18.546396585967,0.0 73.954673034648,18.546387530949,0.0 73.954661823673,18.546380631888,0.0 73.954638539341,18.546368989722,0.0 73.954624741218,18.546363384235,0.0 73.954606631182,18.546358209938,0.0 73.954590245911,18.546355191599,0.0 73.954559200135,18.546351310877,0.0 73.954537640568,18.546349586112,0.0 73.954504007644,18.546348292538,0.0 73.954469512337,18.546347861346,0.0 73.954399659340,18.546347861346,0.0 73.954365164033,18.546347430155,0.0 73.954331531109,18.546346136581,0.0 73.954309971542,18.546344411816,0.0 73.954278925766,18.546340531094,0.0 73.954262540495,18.546337512754,0.0 73.954244430459,18.546332338458,0.0 73.954230632336,18.546326732971,0.0 73.954207348004,18.546315090805,0.0 73.954196137029,18.546308191743,0.0 73.954185788437,18.546299136725,0.0 73.954179751759,18.546290944090,0.0 73.954171990315,18.546275421202,0.0 73.954168540784,18.546264641418,0.0 73.954165953636,18.546247824956,0.0 73.954165091253,18.546230577303,0.0 73.954165091253,18.546195650805,0.0 73.954162072914,18.546178403151,0.0 73.954153017896,18.546161586689,0.0 73.954140944538,18.546150806906,0.0 73.954113779484,18.546135284018,0.0 73.954092651109,18.546127091382,0.0 73.954056431037,18.546118036364,0.0 73.954017192625,18.546111137303,0.0 73.953935697462,18.546099495137,0.0 73.953887404033,18.546093889649,0.0 73.953824018906,18.546088715353,0.0 73.953766670458,18.546085697014,0.0 73.953658010242,18.546081816292,0.0 73.953582551758,18.546080091527,0.0 73.953464836523,18.546078797953,0.0 73.953344102949,18.546078366761,0.0 73.953099617461,18.546078366761,0.0 73.952978883887,18.546077073187,0.0 73.952861168652,18.546073192465,0.0 73.952785710168,18.546068018169,0.0 73.952677049951,18.546056376003,0.0 73.952619701504,18.546047320985,0.0 73.952556316377,18.546031798097,0.0 73.952508022948,18.546014981635,0.0 73.952426527785,18.545980055136,0.0 73.952387289373,18.545959357952,0.0 73.952351069301,18.545932192898,0.0 73.952329940926,18.545907614992,0.0 73.952302775871,18.545861046328,0.0 73.952290702514,18.545828706977,0.0 73.952281647496,18.545778257591,0.0 73.952278629157,18.545726514631,0.0 73.952278629157,18.545621735136,0.0 73.952281216305,18.545569992176,0.0 73.952288977749,18.545519542789,0.0 73.952299326341,18.545487203439,0.0 73.952322610673,18.545440634775,0.0 73.952340720709,18.545416056868,0.0 73.952371766485,18.545388891814,0.0 73.952405399409,18.545368194630,0.0 73.952475252406,18.545333268132,0.0 73.952516646774,18.545316451670,0.0 73.952570976883,18.545300928782,0.0 73.952620132695,18.545291873764,0.0 73.952713270024,18.545280231598,0.0 73.952777948724,18.545275057301,0.0 73.952878847497,18.545271176579,0.0 73.952982333418,18.545269883005,0.0 73.953191892407,18.545269883005,0.0 73.953295378328,18.545270314197,0.0 73.953396277100,18.545271607771,0.0 73.953460955801,18.545273332536,0.0 73.953554093130,18.545277213258,0.0 73.953603248942,18.545280231598,0.0 73.953657579050,18.545285405894,0.0 73.953698973419,18.545291011381,0.0 73.953768826415,18.545302653547,0.0 73.953802459339,18.545309552608,0.0 73.953833505116,18.545318607626,0.0 73.953851615152,18.545326800262,0.0 73.953874899484,18.545342323150,0.0 73.953885248076,18.545353102933,0.0 73.953893009520,18.545369919396,0.0 73.953895596668,18.545387167049,0.0 73.953895596668,18.545422093547,0.0 73.953897752625,18.545439341201,0.0 73.953904220495,18.545456157663,0.0 73.953912844321,18.545466937446,0.0 73.953932247932,18.545482460334,0.0 73.953947339628,18.545490652970,0.0 73.953973211109,18.545499707988,0.0 73.954001238545,18.545506607049,0.0 73.954059449376,18.545518249215,0.0 73.954093944683,18.545523854703,0.0 73.954139219773,18.545529028999,0.0 73.954180182950,18.545532047338,0.0 73.954257797391,18.545535928060,0.0 73.954311696308,18.545537652825,0.0 73.954395778618,18.545538946399,0.0 73.954482016886,18.545539377591,0.0 73.954656649377,18.545539377591,0.0 73.954742887644,18.545539808782,0.0 73.954826969955,18.545541102356,0.0 73.954880868872,18.545542827121,0.0 73.954958483312,18.545546707843,0.0 73.954999446489,18.545549726183,0.0 73.955044721579,18.545554900479,0.0 73.955079216886,18.545560505966,0.0 73.955137427717,18.545572148132,0.0 73.955165455154,18.545579047194,0.0 73.955191326634,18.545588102212,0.0 73.955206418331,18.545596294847,0.0 73.955225821941,18.545611817735,0.0 73.955234445767,18.545622597519,0.0 73.955240913638,18.545639413981,0.0 73.955243069594,18.545656661634,0.0 73.955243069594,18.545691588132,0.0 73.955243500786,18.545708835786,0.0 73.955244794360,18.545725652248,0.0 73.955246519125,18.545736432031,0.0 73.955250399847,18.545751954920,0.0 73.955253418186,18.545760147555,0.0 73.955258592482,18.545769202573,0.0 73.955264197970,18.545776101634,0.0 73.955275840136,18.545787743800,0.0 73.955282739197,18.545793349288,0.0 73.955291794215,18.545798523584,0.0 73.955299986851,18.545801541923,0.0 73.955315509739,18.545805422645,0.0 73.955326289522,18.545807147411,0.0 73.955343105984,18.545808440985,0.0 73.955360353638,18.545808872176,0.0 73.955395280136,18.545808872176,0.0 73.955412527789,18.545809303367,0.0 73.955429344252,18.545810596941,0.0 73.955440124035,18.545812321707,0.0 73.955455646923,18.545816202429,0.0 73.955463839558,18.545819220768,0.0 73.955472894577,18.545824395064,0.0 73.955479793638,18.545830000551,0.0 73.955491435804,18.545841642718,0.0 73.955497041291,18.545848541779,0.0 73.955502215587,18.545857596797,0.0 73.955505233927,18.545865789432,0.0 73.955509114649,18.545881312320,0.0 73.955510839414,18.545892092104,0.0 73.955512132988,18.545908908566,0.0 73.955512564179,18.545926156219,0.0 73.955512564179,18.545961082718,0.0 73.955514720136,18.545978330371,0.0 73.955521188006,18.545995146833,0.0 73.955529811833,18.546005926617,0.0 73.955549215443,18.546021449505,0.0 73.955564307140,18.546029642140,0.0 73.955590178620,18.546038697158,0.0 73.955618206057,18.546045596220,0.0 73.955676416887,18.546057238386,0.0 73.955710912194,18.546062843873,0.0 73.955756187285,18.546068018169,0.0 73.955797150461,18.546071036508,0.0 73.955874764902,18.546074917230,0.0 73.955928663819,18.546076641996,0.0 73.956012746130,18.546077935570,0.0 73.956098984397,18.546078366761,0.0 73.956273616888,18.546078366761,0.0 73.956359855155,18.546078797953,0.0 73.956443937466,18.546080091527,0.0 73.956497836383,18.546081816292,0.0 73.956575450824,18.546085697014,0.0 73.956616414001,18.546088715353,0.0 73.956661689091,18.546093889649,0.0 73.956696184398,18.546099495137,0.0 73.956754395228,18.546111137303,0.0 73.956782422665,18.546118036364,0.0 73.956808294145,18.546127091382,0.0 73.956823385842,18.546135284018,0.0 73.956842789452,18.546150806906,0.0 73.956851413279,18.546161586689,0.0 73.956857881149,18.546178403151,0.0 73.956860037106,18.546195650805,0.0 73.956860037106,18.546230577303,0.0 73.956862624254,18.546247824956,0.0 73.956870385698,18.546264641418,0.0 73.956880734290,18.546275421202,0.0 73.956904018622,18.546290944090,0.0 73.956922128658,18.546299136725,0.0 73.956953174434,18.546308191743,0.0 73.956986807359,18.546315090805,0.0 73.957056660355,18.546326732971,0.0 73.957098054723,18.546332338458,0.0 73.957152384832,18.546337512754,0.0 73.957201540644,18.546340531094,0.0 73.957294677973,18.546344411816,0.0 73.957359356673,18.546346136581,0.0 73.957460255446,18.546347430155,0.0 73.957563741367,18.546347861346,0.0 73.957773300356,18.546347861346,0.0 73.957876786277,18.546348292538,0.0 73.957977685050,18.546349586112,0.0 73.958042363750,18.546351310877,0.0 73.958135501079,18.546355191599,0.0 73.958184656891,18.546358209938,0.0 73.958238986999,18.546363384235,0.0 73.958280381368,18.546368989722,0.0 73.958350234364,18.546380631888,0.0 73.958383867288,18.546387530949,0.0 73.958414913065,18.546396585967,0.0 73.958433023101,18.546404778603,0.0 73.958456307433,18.546420301491,0.0 73.958466656025,18.546431081274,0.0 73.958474417469,18.546447897736,0.0 73.958477004617,18.546465145390,0.0 73.958477004617,18.546500071888,0.0 73.958477867000,18.546517319542,0.0 73.958480454148,18.546534136004,0.0 73.958483903678,18.546544915787,0.0 73.958491665122,18.546560438675,0.0 73.958497701801,18.546568631311,0.0 73.958508050393,18.546577686329,0.0 73.958519261368,18.546584585390,0.0 73.958542545700,18.546596227556,0.0 73.958556343823,18.546601833044,0.0 73.958574453859,18.546607007340,0.0 73.958590839130,18.546610025679,0.0 73.958621884906,18.546613906401,0.0 73.958643444473,18.546615631166,0.0 73.958677077397,18.546616924740,0.0 73.958711572704,18.546617355932,0.0 73.958781425701,18.546617355932,0.0 73.958815921007,18.546616924740,0.0 73.958849553932,18.546615631166,0.0 73.958871113499,18.546613906401,0.0 73.958902159275,18.546610025679,0.0 73.958918544545,18.546607007340,0.0 73.958936654582,18.546601833044,0.0 73.958950452704,18.546596227556,0.0 73.958973737037,18.546584585390,0.0 73.958984948011,18.546577686329,0.0 73.958995296603,18.546568631311,0.0 73.959001333282,18.546560438675,0.0 73.959009094726,18.546544915787,0.0 73.959012544257,18.546534136004,0.0 73.959015131405,18.546517319542,0.0 73.959015993788,18.546500071888,0.0 73.959015993788,18.546465145390,0.0 73.959016856170,18.546447897736,0.0 73.959019443318,18.546431081274,0.0 73.959022892849,18.546420301491,0.0 73.959030654293,18.546404778603,0.0 73.959036690972,18.546396585967,0.0 73.959047039564,18.546387530949,0.0 73.959058250538,18.546380631888,0.0 73.959081534871,18.546368989722,0.0 73.959095332993,18.546363384235,0.0 73.959113443030,18.546358209938,0.0 73.959129828300,18.546355191599,0.0 73.959160874077,18.546351310877,0.0 73.959182433643,18.546349586112,0.0 73.959216066568,18.546348292538,0.0 73.959250561874,18.546347861346,0.0 73.959320414871,18.546347861346,0.0 73.959354910178,18.546347430155,0.0 73.959388543102,18.546346136581,0.0 73.959410102669,18.546344411816,0.0 73.959441148445,18.546340531094,0.0 73.959457533716,18.546337512754,0.0 73.959475643752,18.546332338458,0.0 73.959489441875,18.546326732971,0.0 73.959512726207,18.546315090805,0.0 73.959523937182,18.546308191743,0.0 73.959534285774,18.546299136725,0.0 73.959540322453,18.546290944090,0.0 73.959548083897,18.546275421202,0.0 73.959551533427,18.546264641418,0.0 73.959554120575,18.546247824956,0.0 73.959554982958,18.546230577303,0.0 73.959554982958,18.546195650805,0.0 73.959556276532,18.546178403151,0.0 73.959560157254,18.546161586689,0.0 73.959565331550,18.546150806906,0.0 73.959576973716,18.546135284018,0.0 73.959586028734,18.546127091382,0.0 73.959601551622,18.546118036364,0.0 73.959618368084,18.546111137303,0.0 73.959653294583,18.546099495137,0.0 73.959673991767,18.546093889649,0.0 73.959701156821,18.546088715353,0.0 73.959725734727,18.546085697014,0.0 73.959772303392,18.546081816292,0.0 73.959804642742,18.546080091527,0.0 73.959855092128,18.546078797953,0.0 73.959906835088,18.546078366761,0.0 73.960011614583,18.546078366761,0.0 73.960063357544,18.546077935570,0.0 73.960113806930,18.546076641996,0.0 73.960146146280,18.546074917230,0.0 73.960192714944,18.546071036508,0.0 73.960217292851,18.546068018169,0.0 73.960244457905,18.546062843873,0.0 73.960265155089,18.546057238386,0.0 73.960300081587,18.546045596220,0.0 73.960316898049,18.546038697158,0.0 73.960332420937,18.546029642140,0.0 73.960341475956,18.546021449505,0.0 73.960353118122,18.546005926617,0.0 73.960358292418,18.545995146833,0.0 73.960362173140,18.545978330371,0.0 73.960363466714,18.545961082718,0.0 73.960363466714,18.545926156219,0.0 73.960364329096,18.545908908566,0.0 73.960366916244,18.545892092104,0.0 73.960370365775,18.545881312320,0.0 73.960378127219,18.545865789432,0.0 73.960384163898,18.545857596797,0.0 73.960394512490,18.545848541779,0.0 73.960405723465,18.545841642718,0.0 73.960429007797,18.545830000551,0.0 73.960442805920,18.545824395064,0.0 73.960460915956,18.545819220768,0.0 73.960477301226,18.545816202429,0.0 73.960508347003,18.545812321707,0.0 73.960529906570,18.545810596941,0.0 73.960563539494,18.545809303367,0.0 73.960598034801,18.545808872176,0.0 73.960667887797,18.545808872176,0.0 73.960702383104,18.545808440985,0.0 73.960736016028,18.545807147411,0.0 73.960757575595,18.545805422645,0.0 73.960788621371,18.545801541923,0.0 73.960805006642,18.545798523584,0.0 73.960823116678,18.545793349288,0.0 73.960836914801,18.545787743800,0.0 73.960860199133,18.545776101634,0.0 73.960871410108,18.545769202573,0.0 73.960881758700,18.545760147555,0.0 73.960887795379,18.545751954920,0.0 73.960895556823,18.545736432031,0.0 73.960899006353,18.545725652248,0.0 73.960901593501,18.545708835786,0.0 73.960902455884,18.545691588132,0.0 73.960902455884,18.545656661634,0.0 73.960902887076,18.545639413981,0.0 73.960904180650,18.545622597519,0.0 73.960905905415,18.545611817735,0.0 73.960909786137,18.545596294847,0.0 73.960912804476,18.545588102212,0.0 73.960917978772,18.545579047194,0.0 73.960923584260,18.545572148132,0.0 73.960935226426,18.545560505966,0.0 73.960942125487,18.545554900479,0.0 73.960951180505,18.545549726183,0.0 73.960959373141,18.545546707843,0.0 73.960974896029,18.545542827121,0.0 73.960985675812,18.545541102356,0.0 73.961002492274,18.545539808782,0.0 73.961019739928,18.545539377591,0.0 73.961054666426,18.545539377591,0.0 73.961071914079,18.545538946399,0.0 73.961088730541,18.545537652825,0.0 73.961099510325,18.545535928060,0.0 73.961115033213,18.545532047338,0.0 73.961123225848,18.545529028999,0.0 73.961132280866,18.545523854703,0.0 73.961139179928,18.545518249215,0.0 73.961150822094,18.545506607049,0.0 73.961156427581,18.545499707988,0.0 73.961161601877,18.545490652970,0.0 73.961164620217,18.545482460334,0.0 73.961168500939,18.545466937446,0.0 73.961170225704,18.545456157663,0.0 73.961171519278,18.545439341201,0.0 73.961171950469,18.545422093547,0.0 73.961171950469,18.545387167049,0.0 73.961172381661,18.545369919396,0.0 73.961173675235,18.545353102933,0.0 73.961175400000,18.545342323150,0.0 73.961179280722,18.545326800262,0.0 73.961182299061,18.545318607626,0.0 73.961187473358,18.545309552608,0.0 73.961193078845,18.545302653547,0.0 73.961204721011,18.545291011381,0.0 73.961211620072,18.545285405894,0.0 73.961220675090,18.545280231598,0.0 73.961228867726,18.545277213258,0.0 73.961244390614,18.545273332536,0.0 73.961255170397,18.545271607771,0.0 73.961271986859,18.545270314197,0.0 73.961289234513,18.545269883005,0.0 73.961324161011,18.545269883005,0.0 73.961341408665,18.545269451814,0.0 73.961358225127,18.545268158240,0.0 73.961369004910,18.545266433475,0.0 73.961384527798,18.545262552753,0.0 73.961392720434,18.545259534413,0.0 73.961401775452,18.545254360117,0.0 73.961408674513,18.545248754630,0.0 73.961420316679,18.545237112464,0.0 73.961425922167,18.545230213403,0.0 73.961431096463,18.545221158384,0.0 73.961434114802,18.545212965749,0.0 73.961437995524,18.545197442861,0.0 73.961439720289,18.545186663078,0.0 73.961441013863,18.545169846615,0.0 73.961441445055,18.545152598962,0.0 73.961441445055,18.545117672464,0.0 73.961441876246,18.545100424810,0.0 73.961443169820,18.545083608348,0.0 73.961444894585,18.545072828565,0.0 73.961448775307,18.545057305677,0.0 73.961451793647,18.545049113041,0.0 73.961456967943,18.545040058023,0.0 73.961462573430,18.545033158962,0.0 73.961474215596,18.545021516796,0.0 73.961481114658,18.545015911308,0.0 73.961490169676,18.545010737012,0.0 73.961498362311,18.545007718673,0.0 73.961513885199,18.545003837951,0.0 73.961524664983,18.545002113186,0.0 73.961541481445,18.545000819612,0.0 73.961558729098,18.545000388420,0.0 73.961593655596,18.545000388420,0.0 73.961610903250,18.544999957229,0.0 73.961627719712,18.544998663655,0.0 73.961638499495,18.544996938890,0.0 73.961654022383,18.544993058168,0.0 73.961662215019,18.544990039828,0.0 73.961671270037,18.544984865532,0.0 73.961678169098,18.544979260045,0.0 73.961689811264,18.544967617879,0.0 73.961695416752,18.544960718817,0.0 73.961700591048,18.544951663799,0.0 73.961703609387,18.544943471164,0.0 73.961707490109,18.544927948276,0.0 73.961709214875,18.544917168492,0.0 73.961710508449,18.544900352030,0.0 73.961710939640,18.544883104377,0.0 73.961710939640,18.544848177878,0.0 73.961711802023,18.544830930225,0.0 73.961714389171,18.544814113763,0.0 73.961717838701,18.544803333980,0.0 73.961725600145,18.544787811091,0.0 73.961731636824,18.544779618456,0.0 73.961741985416,18.544770563438,0.0 73.961753196391,18.544763664377,0.0 73.961776480723,18.544752022210,0.0 73.961790278846,18.544746416723,0.0 73.961808388882,18.544741242427,0.0 73.961824774153,18.544738224088,0.0 73.961855819929,18.544734343366,0.0 73.961877379496,18.544732618600,0.0 73.961911012420,18.544731325026,0.0 73.961945507727,18.544730893835,0.0 73.962015360723,18.544730893835,0.0 73.962049856030,18.544730462644,0.0 73.962083488955,18.544729169070,0.0 73.962105048521,18.544727444304,0.0 73.962136094298,18.544723563582,0.0 73.962152479568,18.544720545243,0.0 73.962170589604,18.544715370947,0.0 73.962184387727,18.544709765460,0.0 73.962207672059,18.544698123293,0.0 73.962218883034,18.544691224232,0.0 73.962229231626,18.544682169214,0.0 73.962235268305,18.544673976579,0.0 73.962243029749,18.544658453690,0.0 73.962246479280,18.544647673907,0.0 73.962249066428,18.544630857445,0.0 73.962249928810,18.544613609791,0.0 73.962249928810,18.544578683293,0.0 73.962250791193,18.544561435640,0.0 73.962253378341,18.544544619178,0.0 73.962256827872,18.544533839394,0.0 73.962264589316,18.544518316506,0.0 73.962270625994,18.544510123871,0.0 73.962280974587,18.544501068853,0.0 73.962292185561,18.544494169791,0.0 73.962315469893,18.544482527625,0.0 73.962329268016,18.544476922138,0.0 73.962347378052,18.544471747842,0.0 73.962363763323,18.544468729502,0.0 73.962394809099,18.544464848780,0.0 73.962416368666,18.544463124015,0.0 73.962450001590,18.544461830441,0.0 73.962484496897,18.544461399250,0.0 73.962554349894,18.544461399250,0.0 73.962588845201,18.544460968058,0.0 73.962622478125,18.544459674484,0.0 73.962644037692,18.544457949719,0.0 73.962675083468,18.544454068997,0.0 73.962691468739,18.544451050658,0.0 73.962709578775,18.544445876362,0.0 73.962723376898,18.544440270874,0.0 73.962746661230,18.544428628708,0.0 73.962757872205,18.544421729647,0.0 73.962768220797,18.544412674629,0.0 73.962774257475,18.544404481993,0.0 73.962782018919,18.544388959105,0.0 73.962785468450,18.544378179322,0.0 73.962788055598,18.544361362860,0.0 73.962788917981,18.544344115206,0.0 73.962788917981,18.544309188708,0.0 73.962789349172,18.544291941055,0.0 73.962790642746,18.544275124592,0.0 73.962792367512,18.544264344809,0.0 73.962796248234,18.544248821921,0.0 73.962799266573,18.544240629286,0.0 73.962804440869,18.544231574267,0.0 73.962810046356,18.544224675206,0.0 73.962821688522,18.544213033040,0.0 73.962828587584,18.544207427553,0.0 73.962837642602,18.544202253257,0.0 73.962845835237,18.544199234917,0.0 73.962861358125,18.544195354195,0.0 73.962872137909,18.544193629430,0.0 73.962888954371,18.544192335856,0.0 73.962906202024,18.544191904665,0.0 73.962941128523,18.544191904665,0.0 73.962958376176,18.544191473473,0.0 73.962975192638,18.544190179899,0.0 73.962985972422,18.544188455134,0.0 73.963001495310,18.544184574412,0.0 73.963009687945,18.544181556072,0.0 73.963018742963,18.544176381776,0.0 73.963025642024,18.544170776289,0.0 73.963037284191,18.544159134123,0.0 73.963042889678,18.544152235062,0.0 73.963048063974,18.544143180044,0.0 73.963051082313,18.544134987408,0.0 73.963054963035,18.544119464520,0.0 73.963056687801,18.544108684737,0.0 73.963057981375,18.544091868274,0.0 73.963058412566,18.544074620621,0.0 73.963058412566,18.544039694123,0.0 73.963059274949,18.544022446469,0.0 73.963061862097,18.544005630007,0.0 73.963065311627,18.543994850224,0.0 73.963073073071,18.543979327336,0.0 73.963079109750,18.543971134700,0.0 73.963089458342,18.543962079682,0.0 73.963100669317,18.543955180621,0.0 73.963123953649,18.543943538455,0.0 73.963137751772,18.543937932967,0.0 73.963155861808,18.543932758671,0.0 73.963172247079,18.543929740332,0.0 73.963203292855,18.543925859610,0.0 73.963224852422,18.543924134845,0.0 73.963258485346,18.543922841271,0.0 73.963292980653,18.543922410079,0.0 73.963362833650,18.543922410079,0.0 73.963397328956,18.543921978888,0.0 73.963430961881,18.543920685314,0.0 73.963452521448,18.543918960549,0.0 73.963483567224,18.543915079827,0.0 73.963499952495,18.543912061487,0.0 73.963518062531,18.543906887191,0.0 73.963531860653,18.543901281704,0.0 73.963555144986,18.543889639538,0.0 73.963566355960,18.543882740476,0.0 73.963576704552,18.543873685458,0.0 73.963582741231,18.543865492823,0.0 73.963590502675,18.543849969935,0.0 73.963593952206,18.543839190151,0.0 73.963596539354,18.543822373689,0.0 73.963597401737,18.543805126036,0.0 73.963597401737,18.543770199538,0.0 73.963598264119,18.543752951884,0.0 73.963600851267,18.543736135422,0.0 73.963604300798,18.543725355639,0.0 73.963612062242,18.543709832750,0.0 73.963618098921,18.543701640115,0.0 73.963628447513,18.543692585097,0.0 73.963639658487,18.543685686036,0.0 73.963662942820,18.543674043870,0.0 73.963676740942,18.543668438382,0.0 73.963694850979,18.543663264086,0.0 73.963711236249,18.543660245747,0.0 73.963742282026,18.543656365025,0.0 73.963763841592,18.543654640259,0.0 73.963797474517,18.543653346685,0.0 73.963831969824,18.543652915494,0.0 73.963901822820,18.543652915494,0.0 73.963936318127,18.543652484303,0.0 73.963969951051,18.543651190729,0.0 73.963991510618,18.543649465963,0.0 73.964022556394,18.543645585241,0.0 73.964038941665,18.543642566902,0.0 73.964057051701,18.543637392606,0.0 73.964070849824,18.543631787119,0.0 73.964094134156,18.543620144952,0.0 73.964105345131,18.543613245891,0.0 73.964115693723,18.543604190873,0.0 73.964121730402,18.543595998238,0.0 73.964129491846,18.543580475350,0.0 73.964132941376,18.543569695566,0.0 73.964135528524,18.543552879104,0.0 73.964136390907,18.543535631451,0.0 73.964136390907,18.543500704952,0.0 73.964137684481,18.543483457299,0.0 73.964141565203,18.543466640837,0.0 73.964146739499,18.543455861053,0.0 73.964158381665,18.543440338165,0.0 73.964167436683,18.543432145530,0.0 73.964182959571,18.543423090512,0.0 73.964199776033,18.543416191450,0.0 73.964234702532,18.543404549284,0.0 73.964255399716,18.543398943797,0.0 73.964282564770,18.543393769501,0.0 73.964307142676,18.543390751162,0.0 73.964353711341,18.543386870440,0.0 73.964386050691,18.543385145674,0.0 73.964436500077,18.543383852100,0.0 73.964488243037,18.543383420909,0.0 73.964593022532,18.543383420909,0.0 73.964644765493,18.543382989717,0.0 73.964695214879,18.543381696143,0.0 73.964727554229,18.543379971378,0.0 73.964774122894,18.543376090656,0.0 73.964798700800,18.543373072317,0.0 73.964825865854,18.543367898021,0.0 73.964846563038,18.543362292533,0.0 73.964881489536,18.543350650367,0.0 73.964898305998,18.543343751306,0.0 73.964913828886,18.543334696288,0.0 73.964922883905,18.543326503652,0.0 73.964934526071,18.543310980764,0.0 73.964939700367,18.543300200981,0.0 73.964943581089,18.543283384519,0.0 73.964944874663,18.543266136865,0.0 73.964944874663,18.543231210367,0.0 73.964946168237,18.543213962714,0.0 73.964950048959,18.543197146251,0.0 73.964955223255,18.543186366468,0.0 73.964966865421,18.543170843580,0.0 73.964975920439,18.543162650945,0.0 73.964991443327,18.543153595927,0.0 73.965008259789,18.543146696865,0.0 73.965043186287,18.543135054699,0.0 73.965063883472,18.543129449212,0.0 73.965091048526,18.543124274916,0.0 73.965115626432,18.543121256576,0.0 73.965162195096,18.543117375854,0.0 73.965194534446,18.543115651089,0.0 73.965244983833,18.543114357515,0.0 73.965296726793,18.543113926324,0.0 73.965401506288,18.543113926324,0.0 73.965453249248,18.543113495132,0.0 73.965503698635,18.543112201558,0.0 73.965536037985,18.543110476793,0.0 73.965582606649,18.543106596071,0.0 73.965607184555,18.543103577732,0.0 73.965634349610,18.543098403435,0.0 73.965655046794,18.543092797948,0.0 73.965689973292,18.543081155782,0.0 73.965706789754,18.543074256721,0.0 73.965722312642,18.543065201703,0.0 73.965731367660,18.543057009067,0.0 73.965743009826,18.543041486179,0.0 73.965748184122,18.543030706396,0.0 73.965752064844,18.543013889934,0.0 73.965753358418,18.542996642280,0.0 73.965753358418,18.542961715782,0.0 73.965757670332,18.542944468128,0.0 73.965770606072,18.542927651666,0.0 73.965787853725,18.542916871883,0.0 73.965826660946,18.542901348995,0.0 73.965856844339,18.542893156359,0.0 73.965908587299,18.542884101341,0.0 73.965964642173,18.542877202280,0.0 73.966081063834,18.542865560114,0.0 73.966150054448,18.542859954626,0.0 73.966240604629,18.542854780330,0.0 73.966322530982,18.542851761991,0.0 73.966477759864,18.542847881269,0.0 73.966585557698,18.542846156504,0.0 73.966753722319,18.542844862930,0.0 73.966926198853,18.542844431738,0.0 73.967275463836,18.542844431738,0.0 73.967447940370,18.542844000547,0.0 73.967616104992,18.542842706973,0.0 73.967723902826,18.542840982208,0.0 73.967879131707,18.542837101486,0.0 73.967961058061,18.542834083146,0.0 73.968051608241,18.542828908850,0.0 73.968120598855,18.542823303363,0.0 73.968237020516,18.542811661197,0.0 73.968293075390,18.542804762135,0.0 73.968344818350,18.542795707117,0.0 73.968375001744,18.542787514482,0.0 73.968413808964,18.542771991594,0.0 73.968431056617,18.542761211810,0.0 73.968443992357,18.542744395348,0.0 73.968448304271,18.542727147695,0.0 73.968448304271,18.542692221197,0.0 73.968449166653,18.542674973543,0.0 73.968451753801,18.542658157081,0.0 73.968455203332,18.542647377298,0.0 73.968462964776,18.542631854410,0.0 73.968469001455,18.542623661774,0.0 73.968479350047,18.542614606756,0.0 73.968490561022,18.542607707695,0.0 73.968513845354,18.542596065529,0.0 73.968527643477,18.542590460041,0.0 73.968545753513,18.542585285745,0.0 73.968562138784,18.542582267406,0.0 73.968593184560,18.542578386684,0.0 73.968614744127,18.542576661918,0.0 73.968648377051,18.542575368344,0.0 73.968682872358,18.542574937153,0.0 73.968752725354,18.542574937153,0.0 73.968787220661,18.542574505962,0.0 73.968820853585,18.542573212388,0.0 73.968842413152,18.542571487622,0.0 73.968873458928,18.542567606900,0.0 73.968889844199,18.542564588561,0.0 73.968907954235,18.542559414265,0.0 73.968921752358,18.542553808778,0.0 73.968945036690,18.542542166612,0.0 73.968956247665,18.542535267550,0.0 73.968966596257,18.542526212532,0.0 73.968972632936,18.542518019897,0.0 73.968980394380,18.542502497009,0.0 73.968983843911,18.542491717225,0.0 73.968986431059,18.542474900763,0.0 73.968987293441,18.542457653110,0.0 73.968987293441,18.542422726611,0.0 73.968989018207,18.542405478958,0.0 73.968994192503,18.542388662496,0.0 73.969001091564,18.542377882712,0.0 73.969016614452,18.542362359824,0.0 73.969028687810,18.542354167189,0.0 73.969049384994,18.542345112171,0.0 73.969071806943,18.542338213109,0.0 73.969118375608,18.542326570943,0.0 73.969145971853,18.542320965456,0.0 73.969182191925,18.542315791160,0.0 73.969214962467,18.542312772821,0.0 73.969277054019,18.542308892099,0.0 73.969320173153,18.542307167333,0.0 73.969387439001,18.542305873759,0.0 73.969456429615,18.542305442568,0.0 73.969596135608,18.542305442568,0.0 73.969665126222,18.542305011377,0.0 73.969732392070,18.542303717803,0.0 73.969775511204,18.542301993037,0.0 73.969837602757,18.542298112315,0.0 73.969870373298,18.542295093976,0.0 73.969906593370,18.542289919680,0.0 73.969934189616,18.542284314192,0.0 73.969980758280,18.542272672026,0.0 73.970003180230,18.542265772965,0.0 73.970023877414,18.542256717947,0.0 73.970035950771,18.542248525311,0.0 73.970051473659,18.542233002423,0.0 73.970058372721,18.542222222640,0.0 73.970063547017,18.542205406178,0.0 73.970065271782,18.542188158524,0.0 73.970065271782,18.542153232026,0.0 73.970065702974,18.542135984373,0.0 73.970066996548,18.542119167911,0.0 73.970068721313,18.542108388127,0.0 73.970072602035,18.542092865239,0.0 73.970075620374,18.542084672604,0.0 73.970080794670,18.542075617586,0.0 73.970086400158,18.542068718524,0.0 73.970098042324,18.542057076358,0.0 73.970104941385,18.542051470871,0.0 73.970113996403,18.542046296575,0.0 73.970122189039,18.542043278235,0.0 73.970137711927,18.542039397513,0.0 73.970148491710,18.542037672748,0.0 73.970165308172,18.542036379174,0.0 73.970182555826,18.542035947983,0.0 73.970217482324,18.542035947983,0.0 73.970234729977,18.542035516791,0.0 73.970251546439,18.542034223217,0.0 73.970262326223,18.542032498452,0.0 73.970277849111,18.542028617730,0.0 73.970286041746,18.542025599391,0.0 73.970295096764,18.542020425095,0.0 73.970301995826,18.542014819607,0.0 73.970313637992,18.542003177441,0.0 73.970319243479,18.541996278380,0.0 73.970324417775,18.541987223362,0.0 73.970327436115,18.541979030726,0.0 73.970331316837,18.541963507838,0.0 73.970333041602,18.541952728055,0.0 73.970334335176,18.541935911593,0.0 73.970334766367,18.541918663939,0.0 73.970334766367,18.541883737441,0.0 73.970336059941,18.541866489787,0.0 73.970339940663,18.541849673325,0.0 73.970345114959,18.541838893542,0.0 73.970356757126,18.541823370654,0.0 73.970365812144,18.541815178018,0.0 73.970381335032,18.541806123000,0.0 73.970398151494,18.541799223939,0.0 73.970433077992,18.541787581773,0.0 73.970453775176,18.541781976286,0.0 73.970480940230,18.541776801989,0.0 73.970505518137,18.541773783650,0.0 73.970552086801,18.541769902928,0.0 73.970584426151,18.541768178163,0.0 73.970634875538,18.541766884589,0.0 73.970686618498,18.541766453397,0.0 73.970791397993,18.541766453397,0.0 73.970843140953,18.541766022206,0.0 73.970893590339,18.541764728632,0.0 73.970925929690,18.541763003867,0.0 73.970972498354,18.541759123145,0.0 73.970997076260,18.541756104805,0.0 73.971024241314,18.541750930509,0.0 73.971044938498,18.541745325022,0.0 73.971079864997,18.541733682856,0.0 73.971096681459,18.541726783794,0.0 73.971112204347,18.541717728776,0.0 73.971121259365,18.541709536141,0.0 73.971132901531,18.541694013253,0.0 73.971138075827,18.541683233469,0.0 73.971141956549,18.541666417007,0.0 73.971143250123,18.541649169354,0.0 73.971143250123,18.541614242856,0.0 73.971144112506,18.541596995202,0.0 73.971146699654,18.541580178740,0.0 73.971150149184,18.541569398957,0.0 73.971157910629,18.541553876069,0.0 73.971163947307,18.541545683433,0.0 73.971174295899,18.541536628415,0.0 73.971185506874,18.541529729354,0.0 73.971208791206,18.541518087188,0.0 73.971222589329,18.541512481700,0.0 73.971240699365,18.541507307404,0.0 73.971257084636,18.541504289065,0.0 73.971288130412,18.541500408343,0.0 73.971309689979,18.541498683578,0.0 73.971343322903,18.541497390003,0.0 73.971377818210,18.541496958812,0.0 73.971447671207,18.541496958812,0.0 73.971482166514,18.541496527621,0.0 73.971515799438,18.541495234047,0.0 73.971537359005,18.541493509281,0.0 73.971568404781,18.541489628559,0.0 73.971584790052,18.541486610220,0.0 73.971602900088,18.541481435924,0.0 73.971616698210,18.541475830437,0.0 73.971639982543,18.541464188271,0.0 73.971651193517,18.541457289209,0.0 73.971661542109,18.541448234191,0.0 73.971667578788,18.541440041556,0.0 73.971675340232,18.541424518668,0.0 73.971678789763,18.541413738884,0.0 73.971681376911,18.541396922422,0.0 73.971682239294,18.541379674769,0.0 73.971682239294,18.541344748270,0.0 73.971683532868,18.541327500617,0.0 73.971687413590,18.541310684155,0.0 73.971692587886,18.541299904371,0.0 73.971704230052,18.541284381483,0.0 73.971713285070,18.541276188848,0.0 73.971728807958,18.541267133830,0.0 73.971745624420,18.541260234768,0.0 73.971780550918,18.541248592602,0.0 73.971801248102,18.541242987115,0.0 73.971828413157,18.541237812819,0.0 73.971852991063,18.541234794480,0.0 73.971899559727,18.541230913758,0.0 73.971931899077,18.541229188992,0.0 73.971982348464,18.541227895418,0.0 73.972034091424,18.541227464227,0.0 73.972138870919,18.541227464227,0.0 73.972190613879,18.541226601844,0.0 73.972241063266,18.541224014696,0.0 73.972273402616,18.541220565166,0.0 73.972319971280,18.541212803721,0.0 73.972344549186,18.541206767043,0.0 73.972371714240,18.541196418451,0.0 73.972392411425,18.541185207476,0.0 73.972427337923,18.541161923144,0.0 73.972444154385,18.541148125021,0.0 73.972459677273,18.541130014985,0.0 73.972468732291,18.541113629714,0.0 73.972480374457,18.541082583938,0.0 73.972485548753,18.541061024371,0.0 73.972489429475,18.541027391447,0.0 73.972490723049,18.540992896140,0.0 73.972490723049,18.540923043143,0.0 73.972491585432,18.540888547837,0.0 73.972494172580,18.540854914912,0.0 73.972497622111,18.540833355345,0.0 73.972505383555,18.540802309569,0.0 73.972511420233,18.540785924298,0.0 73.972521768826,18.540767814262,0.0 73.972532979800,18.540754016140,0.0 73.972556264132,18.540730731807,0.0 73.972570062255,18.540719520833,0.0 73.972588172291,18.540709172241,0.0 73.972604557562,18.540703135562,0.0 73.972635603338,18.540695374118,0.0 73.972657162905,18.540691924587,0.0 73.972690795829,18.540689337439,0.0 73.972725291136,18.540688475056,0.0 73.972795144133,18.540688475056,0.0 73.972829639440,18.540688043865,0.0 73.972863272364,18.540686750291,0.0 73.972884831931,18.540685025526,0.0 73.972915877707,18.540681144804,0.0 73.972932262978,18.540678126464,0.0 73.972950373014,18.540672952168,0.0 73.972964171137,18.540667346681,0.0 73.972987455469,18.540655704515,0.0 73.972998666444,18.540648805454,0.0 73.973009015036,18.540639750435,0.0 73.973015051714,18.540631557800,0.0 73.973022813158,18.540616034912,0.0 73.973026262689,18.540605255129,0.0 73.973028849837,18.540588438666,0.0 73.973029712220,18.540571191013,0.0 73.973029712220,18.540536264515,0.0 73.973030143411,18.540519016861,0.0 73.973031436985,18.540502200399,0.0 73.973033161750,18.540491420616,0.0 73.973037042472,18.540475897728,0.0 73.973040060812,18.540467705092,0.0 73.973045235108,18.540458650074,0.0 73.973050840595,18.540451751013,0.0 73.973062482761,18.540440108847,0.0 73.973069381823,18.540434503359,0.0 73.973078436841,18.540429329063,0.0 73.973086629476,18.540426310724,0.0 73.973102152364,18.540422430002,0.0 73.973112932148,18.540420705237,0.0 73.973129748610,18.540419411663,0.0 73.973146996263,18.540418980471,0.0 73.973181922762,18.540418980471,0.0 73.973199170415,18.540418118089,0.0 73.973215986877,18.540415530941,0.0 73.973226766661,18.540412081410,0.0 73.973242289549,18.540404319966,0.0 73.973250482184,18.540398283287,0.0 73.973259537202,18.540387934695,0.0 73.973266436263,18.540376723720,0.0 73.973278078430,18.540353439388,0.0 73.973283683917,18.540339641265,0.0 73.973288858213,18.540321531229,0.0 73.973291876552,18.540305145958,0.0 73.973295757274,18.540274100182,0.0 73.973297482040,18.540252540615,0.0 73.973298775614,18.540218907691,0.0 73.973299206805,18.540184412384,0.0 73.973299206805,18.540114559388,0.0 73.973299637996,18.540080064081,0.0 73.973300931570,18.540046431157,0.0 73.973302656336,18.540024871590,0.0 73.973306537058,18.539993825814,0.0 73.973309555397,18.539977440543,0.0 73.973314729693,18.539959330507,0.0 73.973320335180,18.539945532384,0.0 73.973331977347,18.539922248052,0.0 73.973338876408,18.539911037077,0.0 73.973347931426,18.539900688485,0.0 73.973356124061,18.539894651806,0.0 73.973371646950,18.539886890362,0.0 73.973382426733,18.539883440831,0.0 73.973399243195,18.539880853683,0.0 73.973416490849,18.539879991301,0.0 73.973451417347,18.539879991301,0.0 73.973468665000,18.539879128918,0.0 73.973485481462,18.539876541770,0.0 73.973496261246,18.539873092239,0.0 73.973511784134,18.539865330795,0.0 73.973519976769,18.539859294117,0.0 73.973529031787,18.539848945525,0.0 73.973535930849,18.539837734550,0.0 73.973547573015,18.539814450218,0.0 73.973553178502,18.539800652095,0.0 73.973558352798,18.539782542059,0.0 73.973561371138,18.539766156788,0.0 73.973565251860,18.539735111012,0.0 73.973566976625,18.539713551445,0.0 73.973568270199,18.539679918521,0.0 73.973568701390,18.539645423214,0.0 73.973568701390,18.539575570217,0.0 73.973569132582,18.539541074910,0.0 73.973570426156,18.539507441986,0.0 73.973572150921,18.539485882419,0.0 73.973576031643,18.539454836643,0.0 73.973579049982,18.539438451372,0.0 73.973584224278,18.539420341336,0.0 73.973589829766,18.539406543213,0.0 73.973601471932,18.539383258881,0.0 73.973608370993,18.539372047906,0.0 73.973617426011,18.539361699314,0.0 73.973625618647,18.539355662636,0.0 73.973641141535,18.539347901192,0.0 73.973651921318,18.539344451661,0.0 73.973668737780,18.539341864513,0.0 73.973685985434,18.539341002130,0.0 73.973720911932,18.539341002130,0.0 73.973738159585,18.539339708556,0.0 73.973754976048,18.539335827834,0.0 73.973765755831,18.539330653538,0.0 73.973781278719,18.539319011372,0.0 73.973789471354,18.539309956354,0.0 73.973798526373,18.539294433466,0.0 73.973805425434,18.539277617004,0.0 73.973817067600,18.539242690506,0.0 73.973822673087,18.539221993321,0.0 73.973827847383,18.539194828267,0.0 73.973830865723,18.539170250361,0.0 73.973834746445,18.539123681697,0.0 73.973836471210,18.539091342347,0.0 73.973837764784,18.539040892960,0.0 73.973838195975,18.538989150000,0.0 73.973838195975,18.538884370505,0.0 73.973838627167,18.538832627545,0.0 73.973839920741,18.538782178158,0.0 73.973841645506,18.538749838808,0.0 73.973845526228,18.538703270144,0.0 73.973848544568,18.538678692238,0.0 73.973853718864,18.538651527183,0.0 73.973859324351,18.538630829999,0.0 73.973870966517,18.538595903501,0.0 73.973877865578,18.538579087039,0.0 73.973886920596,18.538563564151,0.0 73.973895113232,18.538554509133,0.0 73.973910636120,18.538542866967,0.0 73.973921415903,18.538537692671,0.0 73.973938232366,18.538533811949,0.0 73.973955480019,18.538532518375,0.0 73.973990406517,18.538532518375,0.0 73.974007654171,18.538532087183,0.0 73.974024470633,18.538530793609,0.0 73.974035250416,18.538529068844,0.0 73.974050773304,18.538525188122,0.0 73.974058965940,18.538522169782,0.0 73.974068020958,18.538516995486,0.0 73.974074920019,18.538511389999,0.0 73.974086562185,18.538499747833,0.0 73.974092167673,18.538492848772,0.0 73.974097341969,18.538483793754,0.0 73.974100360308,18.538475601118,0.0 73.974104241030,18.538460078230,0.0 73.974105965795,18.538449298447,0.0 73.974107259369,18.538432481985,0.0 73.974107690561,18.538415234331,0.0 73.974107690561,18.538380307833,0.0 73.974108121752,18.538363060179,0.0 73.974109415326,18.538346243717,0.0 73.974111140091,18.538335463934,0.0 73.974115020813,18.538319941046,0.0 73.974118039153,18.538311748410,0.0 73.974123213449,18.538302693392,0.0 73.974128818936,18.538295794331,0.0 73.974140461102,18.538284152165,0.0 73.974147360164,18.538278546677,0.0 73.974156415182,18.538273372381,0.0 73.974164607817,18.538270354042,0.0 73.974180130705,18.538266473320,0.0 73.974190910489,18.538264748555,0.0 73.974207726951,18.538263454981,0.0 73.974224974604,18.538263023789,0.0 73.974259901102,18.538263023789,0.0 73.974277148756,18.538262161407,0.0 73.974293965218,18.538259574259,0.0 73.974304745001,18.538256124728,0.0 73.974320267890,18.538248363284,0.0 73.974328460525,18.538242326605,0.0 73.974337515543,18.538231978013,0.0 73.974344414604,18.538220767038,0.0 73.974356056770,18.538197482706,0.0 73.974361662258,18.538183684583,0.0 73.974366836554,18.538165574547,0.0 73.974369854893,18.538149189277,0.0 73.974373735615,18.538118143500,0.0 73.974375460381,18.538096583933,0.0 73.974376753955,18.538062951009,0.0 73.974377185146,18.538028455702,0.0 73.974377185146,18.537958602706,0.0 73.974377616337,18.537924107399,0.0 73.974378909911,18.537890474475,0.0 73.974380634677,18.537868914908,0.0 73.974384515399,18.537837869132,0.0 73.974387533738,18.537821483861,0.0 73.974392708034,18.537803373825,0.0 73.974398313521,18.537789575702,0.0 73.974409955688,18.537766291370,0.0 73.974416854749,18.537755080395,0.0 73.974425909767,18.537744731803,0.0 73.974434102402,18.537738695124,0.0 73.974449625290,18.537730933680,0.0 73.974460405074,18.537727484150,0.0 73.974477221536,18.537724897002,0.0 73.974494469189,18.537724034619,0.0 73.974529395688,18.537724034619,0.0 73.974546643341,18.537721447471,0.0 73.974563459803,18.537713686027,0.0 73.974574239587,18.537703337435,0.0 73.974589762475,18.537680053103,0.0 73.974597955110,18.537661943066,0.0 73.974607010128,18.537630897290,0.0 73.974613909190,18.537597264366,0.0 73.974625551356,18.537527411369,0.0 73.974631156843,18.537486017001,0.0 73.974636331139,18.537431686893,0.0 73.974639349478,18.537382531080,0.0 73.974643230200,18.537289393752,0.0 73.974644954966,18.537224715051,0.0 73.974646248540,18.537123816279,0.0 73.974646679731,18.537020330358,0.0 73.974646679731,18.536810771368,0.0 73.974647110923,18.536707285448,0.0 73.974648404497,18.536606386675,0.0 73.974650129262,18.536541707975,0.0 73.974654009984,18.536448570646,0.0 73.974657028323,18.536399414834,0.0 73.974662202619,18.536345084725,0.0 73.974667808107,18.536303690357,0.0 73.974679450273,18.536233837360,0.0 73.974686349334,18.536200204436,0.0 73.974695404352,18.536169158660,0.0 73.974703596988,18.536151048624,0.0 73.974719119876,18.536127764292,0.0 73.974729899659,18.536117415700,0.0 73.974746716121,18.536109654255,0.0 73.974763963775,18.536107067107,0.0 73.974798890273,18.536107067107,0.0 73.974816137926,18.536106635916,0.0 73.974832954389,18.536105342342,0.0 73.974843734172,18.536103617577,0.0 73.974859257060,18.536099736855,0.0 73.974867449695,18.536096718515,0.0 73.974876504713,18.536091544219,0.0 73.974883403775,18.536085938732,0.0 73.974895045941,18.536074296566,0.0 73.974900651428,18.536067397504,0.0 73.974905825724,18.536058342486,0.0 73.974908844064,18.536050149851,0.0 73.974912724786,18.536034626963,0.0 73.974914449551,18.536023847180,0.0 73.974915743125,18.536007030717,0.0 73.974916174316,18.535989783064,0.0 73.974916174316,18.535954856566,0.0 73.974916605508,18.535937608912,0.0 73.974917899082,18.535920792450,0.0 73.974919623847,18.535910012667,0.0 73.974923504569,18.535894489779,0.0 73.974926522909,18.535886297143,0.0 73.974931697205,18.535877242125,0.0 73.974937302692,18.535870343064,0.0 73.974948944858,18.535858700898,0.0 73.974955843919,18.535853095410,0.0 73.974964898937,18.535847921114,0.0 73.974973091573,18.535844902775,0.0 73.974988614461,18.535841022053,0.0 73.974999394244,18.535839297288,0.0 73.975016210706,18.535838003714,0.0 73.975033458360,18.535837572522,0.0 73.975068384858,18.535837572522,0.0 73.975085632512,18.535835847757,0.0 73.975102448974,18.535830673461,0.0 73.975113228757,18.535823774399,0.0 73.975128751645,18.535808251511,0.0 73.975136944281,18.535796178154,0.0 73.975145999299,18.535775480970,0.0 73.975152898360,18.535753059020,0.0 73.975164540526,18.535706490356,0.0 73.975170146014,18.535678894110,0.0 73.975175320310,18.535642674038,0.0 73.975178338649,18.535609903497,0.0 73.975182219371,18.535547811944,0.0 73.975183944136,18.535504692811,0.0 73.975185237710,18.535437426962,0.0 73.975185668902,18.535368436348,0.0 73.975185668902,18.535228730355,0.0 73.975186100093,18.535159739741,0.0 73.975187393667,18.535092473893,0.0 73.975189118432,18.535049354759,0.0 73.975192999154,18.534987263207,0.0 73.975196017494,18.534954492665,0.0 73.975201191790,18.534918272593,0.0 73.975206797277,18.534890676348,0.0 73.975218439443,18.534844107683,0.0 73.975225338505,18.534821685734,0.0 73.975234393523,18.534800988550,0.0 73.975242586158,18.534788915192,0.0 73.975258109046,18.534773392304,0.0 73.975268888830,18.534766493243,0.0 73.975285705292,18.534761318947,0.0 73.975302952945,18.534759594181,0.0 73.975337879443,18.534759594181,0.0 73.975355127097,18.534759162990,0.0 73.975371943559,18.534757869416,0.0 73.975382723342,18.534756144651,0.0 73.975398246230,18.534752263929,0.0 73.975406438866,18.534749245589,0.0 73.975415493884,18.534744071293,0.0 73.975422392945,18.534738465806,0.0 73.975434035111,18.534726823640,0.0 73.975439640599,18.534719924578,0.0 73.975444814895,18.534710869560,0.0 73.975447833234,18.534702676925,0.0 73.975451713956,18.534687154037,0.0 73.975453438722,18.534676374253,0.0 73.975454732296,18.534659557791,0.0 73.975455163487,18.534642310138,0.0 73.975455163487,18.534607383640,0.0 73.975455594678,18.534590135986,0.0 73.975456888252,18.534573319524,0.0 73.975458613018,18.534562539741,0.0 73.975462493740,18.534547016852,0.0 73.975465512079,18.534538824217,0.0 73.975470686375,18.534529769199,0.0 73.975476291862,18.534522870138,0.0 73.975487934028,18.534511227972,0.0 73.975494833090,18.534505622484,0.0 73.975503888108,18.534500448188,0.0 73.975512080743,18.534497429849,0.0 73.975527603631,18.534493549127,0.0 73.975538383415,18.534491824361,0.0 73.975555199877,18.534490530787,0.0 73.975572447530,18.534490099596,0.0 73.975607374029,18.534490099596,0.0 73.975624621682,18.534489668405,0.0 73.975641438144,18.534488374831,0.0 73.975652217928,18.534486650065,0.0 73.975667740816,18.534482769343,0.0 73.975675933451,18.534479751004,0.0 73.975684988469,18.534474576708,0.0 73.975691887531,18.534468971221,0.0 73.975703529697,18.534457329054,0.0 73.975709135184,18.534450429993,0.0 73.975714309480,18.534441374975,0.0 73.975717327819,18.534433182340,0.0 73.975721208541,18.534417659452,0.0 73.975722933307,18.534406879668,0.0 73.975724226881,18.534390063206,0.0 73.975724658072,18.534372815553,0.0 73.975724658072,18.534337889054,0.0 73.975725089263,18.534320641401,0.0 73.975726382837,18.534303824939,0.0 73.975728107603,18.534293045155,0.0 73.975731988325,18.534277522267,0.0 73.975735006664,18.534269329632,0.0 73.975740180960,18.534260274614,0.0 73.975745786448,18.534253375552,0.0 73.975757428614,18.534241733386,0.0 73.975764327675,18.534236127899,0.0 73.975773382693,18.534230953603,0.0 73.975781575329,18.534227935264,0.0 73.975797098217,18.534224054541,0.0 73.975807878000,18.534222329776,0.0 73.975824694462,18.534221036202,0.0 73.975841942116,18.534220605011,0.0 73.975876868614,18.534220605011,0.0 73.975894116267,18.534218880245,0.0 73.975910932729,18.534213705949,0.0 73.975921712513,18.534206806888,0.0 73.975937235401,18.534191284000,0.0 73.975945428036,18.534179210642,0.0 73.975954483054,18.534158513458,0.0 73.975961382116,18.534136091509,0.0 73.975973024282,18.534089522845,0.0 73.975978629769,18.534061926599,0.0 73.975983804065,18.534025706527,0.0 73.975986822405,18.533992935985,0.0 73.975990703127,18.533930844433,0.0 73.975992427892,18.533887725299,0.0 73.975993721466,18.533820459451,0.0 73.975994152657,18.533751468837,0.0 73.975994152657,18.533611762844,0.0 73.975994583849,18.533542772230,0.0 73.975995877423,18.533475506382,0.0 73.975997602188,18.533432387248,0.0 73.976001482910,18.533370295695,0.0 73.976004501249,18.533337525154,0.0 73.976009675545,18.533301305082,0.0 73.976015281033,18.533273708836,0.0 73.976026923199,18.533227140172,0.0 73.976033822260,18.533204718222,0.0 73.976042877278,18.533184021038,0.0 73.976051069914,18.533171947681,0.0 73.976066592802,18.533156424793,0.0 73.976077372585,18.533149525731,0.0 73.976094189047,18.533144351435,0.0 73.976111436701,18.533142626670,0.0 73.976146363199,18.533142626670,0.0 73.976163610853,18.533142195479,0.0 73.976180427315,18.533140901905,0.0 73.976191207098,18.533139177139,0.0 73.976206729986,18.533135296417,0.0 73.976214922622,18.533132278078,0.0 73.976223977640,18.533127103782,0.0 73.976230876701,18.533121498294,0.0 73.976242518867,18.533109856128,0.0 73.976248124354,18.533102957067,0.0 73.976253298651,18.533093902049,0.0 73.976256316990,18.533085709413,0.0 73.976260197712,18.533070186525,0.0 73.976261922477,18.533059406742,0.0 73.976263216051,18.533042590280,0.0 73.976263647243,18.533025342626,0.0 73.976263647243,18.532990416128,0.0 73.976264078434,18.532973168475,0.0 73.976265372008,18.532956352013,0.0 73.976267096773,18.532945572229,0.0 73.976270977495,18.532930049341,0.0 73.976273995835,18.532921856706,0.0 73.976279170131,18.532912801688,0.0 73.976284775618,18.532905902626,0.0 73.976296417784,18.532894260460,0.0 73.976303316846,18.532888654973,0.0 73.976312371864,18.532883480677,0.0 73.976320564499,18.532880462337,0.0 73.976336087387,18.532876581615,0.0 73.976346867171,18.532874856850,0.0 73.976363683633,18.532873563276,0.0 73.976380931286,18.532873132085,0.0 73.976415857784,18.532873132085,0.0 73.976433105438,18.532872700893,0.0 73.976449921900,18.532871407319,0.0 73.976460701683,18.532869682554,0.0 73.976476224571,18.532865801832,0.0 73.976484417207,18.532862783493,0.0 73.976493472225,18.532857609197,0.0 73.976500371286,18.532852003709,0.0 73.976512013452,18.532840361543,0.0 73.976517618940,18.532833462482,0.0 73.976522793236,18.532824407464,0.0 73.976525811575,18.532816214828,0.0 73.976529692297,18.532800691940,0.0 73.976531417063,18.532789912157,0.0 73.976532710637,18.532773095695,0.0 73.976533141828,18.532755848041,0.0 73.976533141828,18.532720921543,0.0 73.976534004211,18.532703673889,0.0 73.976536591359,18.532686857427,0.0 73.976540040889,18.532676077644,0.0 73.976547802333,18.532660554756,0.0 73.976553839012,18.532652362120,0.0 73.976564187604,18.532643307102,0.0 73.976575398579,18.532636408041,0.0 73.976598682911,18.532624765875,0.0 73.976612481034,18.532619160387,0.0 73.976630591070,18.532613986091,0.0 73.976646976341,18.532610967752,0.0 73.976678022117,18.532607087030,0.0 73.976699581684,18.532605362265,0.0 73.976733214608,18.532604068691,0.0 73.976767709915,18.532603637499,0.0 73.976837562911,18.532603637499,0.0 73.976872058218,18.532603206308,0.0 73.976905691142,18.532601912734,0.0 73.976927250709,18.532600187969,0.0 73.976958296486,18.532596307247,0.0 73.976974681756,18.532593288907,0.0 73.976992791792,18.532588114611,0.0 73.977006589915,18.532582509124,0.0 73.977029874247,18.532570866958,0.0 73.977041085222,18.532563967896,0.0 73.977051433814,18.532554912878,0.0 73.977057470493,18.532546720243,0.0 73.977065231937,18.532531197355,0.0 73.977068681468,18.532520417571,0.0 73.977071268616,18.532503601109,0.0 73.977072130998,18.532486353456,0.0 73.977072130998,18.532451426958,0.0 73.977072562190,18.532434179304,0.0 73.977073855764,18.532417362842,0.0 73.977075580529,18.532406583059,0.0 73.977079461251,18.532391060171,0.0 73.977082479590,18.532382867535,0.0 73.977087653886,18.532373812517,0.0 73.977093259374,18.532366913456,0.0 73.977104901540,18.532355271290,0.0 73.977111800601,18.532349665802,0.0 73.977120855619,18.532344491506,0.0 73.977129048255,18.532341473167,0.0 73.977144571143,18.532337592445,0.0 73.977155350926,18.532335867679,0.0 73.977172167388,18.532334574105,0.0 73.977189415042,18.532334142914,0.0 73.977224341540,18.532334142914,0.0 73.977241589194,18.532333711723,0.0 73.977258405656,18.532332418149,0.0 73.977269185439,18.532330693383,0.0 73.977284708327,18.532326812661,0.0 73.977292900963,18.532323794322,0.0 73.977301955981,18.532318620026,0.0 73.977308855042,18.532313014539,0.0 73.977320497208,18.532301372373,0.0 73.977326102695,18.532294473311,0.0 73.977331276991,18.532285418293,0.0 73.977334295331,18.532277225658,0.0 73.977338176053,18.532261702770,0.0 73.977339900818,18.532250922986,0.0 73.977341194392,18.532234106524,0.0 73.977341625584,18.532216858871,0.0 73.977341625584,18.532181932372,0.0 73.977342056775,18.532164684719,0.0 73.977343350349,18.532147868257,0.0 73.977345075114,18.532137088473,0.0 73.977348955836,18.532121565585,0.0 73.977351974176,18.532113372950,0.0 73.977357148472,18.532104317932,0.0 73.977362753959,18.532097418870,0.0 73.977374396125,18.532085776704,0.0 73.977381295186,18.532080171217,0.0 73.977390350205,18.532074996921,0.0 73.977398542840,18.532071978582,0.0 73.977414065728,18.532068097860,0.0 73.977424845511,18.532066373094,0.0 73.977441661974,18.532065079520,0.0 73.977458909627,18.532064648329,0.0 73.977493836125,18.532064648329,0.0 73.977511083779,18.532063785946,0.0 73.977527900241,18.532061198798,0.0 73.977538680024,18.532057749268,0.0 73.977554202912,18.532049987823,0.0 73.977562395548,18.532043951145,0.0 73.977571450566,18.532033602553,0.0 73.977578349627,18.532022391578,0.0 73.977589991793,18.531999107246,0.0 73.977595597281,18.531985309123,0.0 73.977600771577,18.531967199087,0.0 73.977603789916,18.531950813816,0.0 73.977607670638,18.531919768040,0.0 73.977609395403,18.531898208473,0.0 73.977610688977,18.531864575549,0.0 73.977611120169,18.531830080242,0.0 73.977611120169,18.531760227245,0.0 73.977611551360,18.531725731939,0.0 73.977612844934,18.531692099014,0.0 73.977614569699,18.531670539447,0.0 73.977618450422,18.531639493671,0.0 73.977621468761,18.531623108400,0.0 73.977626643057,18.531604998364,0.0 73.977632248544,18.531591200242,0.0 73.977643890710,18.531567915909,0.0 73.977650789772,18.531556704935,0.0 73.977659844790,18.531546356343,0.0 73.977668037425,18.531540319664,0.0 73.977683560313,18.531532558220,0.0 73.977694340097,18.531529108689,0.0 73.977711156559,18.531526521541,0.0 73.977728404212,18.531525659158,0.0 73.977763330711,18.531525659158,0.0 73.977780578364,18.531525227967,0.0 73.977797394826,18.531523934393,0.0 73.977808174610,18.531522209628,0.0 73.977823697498,18.531518328906,0.0 73.977831890133,18.531515310566,0.0 73.977840945151,18.531510136270,0.0 73.977847844212,18.531504530783,0.0 73.977859486379,18.531492888617,0.0 73.977865091866,18.531485989555,0.0 73.977870266162,18.531476934537,0.0 73.977873284501,18.531468741902,0.0 73.977877165223,18.531453219014,0.0 73.977878889989,18.531442439231,0.0 73.977880183563,18.531425622768,0.0 73.977880614754,18.531408375115,0.0 73.977880614754,18.531373448617,0.0 73.977881045945,18.531356200963,0.0 73.977882339519,18.531339384501,0.0 73.977884064285,18.531328604718,0.0 73.977887945007,18.531313081830,0.0 73.977890963346,18.531304889194,0.0 73.977896137642,18.531295834176,0.0 73.977901743130,18.531288935115,0.0 73.977913385296,18.531277292949,0.0 73.977920284357,18.531271687461,0.0 73.977929339375,18.531266513165,0.0 73.977937532010,18.531263494826,0.0 73.977953054899,18.531259614104,0.0 73.977963834682,18.531257889339,0.0 73.977980651144,18.531256595765,0.0 73.977997898798,18.531256164573,0.0 73.978032825296,18.531256164573,0.0 73.978050072949,18.531255733382,0.0 73.978066889411,18.531254439808,0.0 73.978077669195,18.531252715043,0.0 73.978093192083,18.531248834320,0.0 73.978101384718,18.531245815981,0.0 73.978110439736,18.531240641685,0.0 73.978117338798,18.531235036198,0.0 73.978128980964,18.531223394032,0.0 73.978134586451,18.531216494970,0.0 73.978139760747,18.531207439952,0.0 73.978142779087,18.531199247317,0.0 73.978146659809,18.531183724429,0.0 73.978148384574,18.531172944645,0.0 73.978149678148,18.531156128183,0.0 73.978150109339,18.531138880530,0.0 73.978150109339,18.531103954031,0.0 73.978150540531,18.531086706378,0.0 73.978151834105,18.531069889916,0.0 73.978153558870,18.531059110132,0.0 73.978157439592,18.531043587244,0.0 73.978160457931,18.531035394609,0.0 73.978165632227,18.531026339591,0.0 73.978171237715,18.531019440530,0.0 73.978182879881,18.531007798363,0.0 73.978189778942,18.531002192876,0.0 73.978198833960,18.530997018580,0.0 73.978207026596,18.530994000241,0.0 73.978222549484,18.530990119519,0.0 73.978233329267,18.530988394753,0.0 73.978250145729,18.530987101179,0.0 73.978267393383,18.530986669988,0.0 73.978302319881,18.530986669988,0.0 73.978319567534,18.530986238797,0.0 73.978336383997,18.530984945223,0.0 73.978347163780,18.530983220457,0.0 73.978362686668,18.530979339735,0.0 73.978370879303,18.530976321396,0.0 73.978379934322,18.530971147100,0.0 73.978386833383,18.530965541612,0.0 73.978398475549,18.530953899446,0.0 73.978404081036,18.530947000385,0.0 73.978409255332,18.530937945367,0.0 73.978412273672,18.530929752732,0.0 73.978416154394,18.530914229843,0.0 73.978417879159,18.530903450060,0.0 73.978419172733,18.530886633598,0.0 73.978419603924,18.530869385944,0.0 73.978419603924,18.530834459446,0.0 73.978420035116,18.530817211793,0.0 73.978421328690,18.530800395331,0.0 73.978423053455,18.530789615547,0.0 73.978426934177,18.530774092659,0.0 73.978429952517,18.530765900024,0.0 73.978435126813,18.530756845006,0.0 73.978440732300,18.530749945944,0.0 73.978452374466,18.530738303778,0.0 73.978459273527,18.530732698291,0.0 73.978468328546,18.530727523995,0.0 73.978476521181,18.530724505655,0.0 73.978492044069,18.530720624933,0.0 73.978502823852,18.530718900168,0.0 73.978519640315,18.530717606594,0.0 73.978536887968,18.530717175403,0.0 73.978571814466,18.530717175403,0.0 73.978589062120,18.530716744211,0.0 73.978605878582,18.530715450637,0.0 73.978616658365,18.530713725872,0.0 73.978632181253,18.530709845150,0.0 73.978640373889,18.530706826811,0.0 73.978649428907,18.530701652515,0.0 73.978656327968,18.530696047027,0.0 73.978667970134,18.530684404861,0.0 73.978673575622,18.530677505800,0.0 73.978678749918,18.530668450782,0.0 73.978681768257,18.530660258146,0.0 73.978685648979,18.530644735258,0.0 73.978687373744,18.530633955475,0.0 73.978688667318,18.530617139013,0.0 73.978689098510,18.530599891359,0.0 73.978689098510,18.530564964861,0.0 73.978689529701,18.530547717208,0.0 73.978690823275,18.530530900745,0.0 73.978692548040,18.530520120962,0.0 73.978696428762,18.530504598074,0.0 73.978699447102,18.530496405439,0.0 73.978704621398,18.530487350420,0.0 73.978710226885,18.530480451359,0.0 73.978721869051,18.530468809193,0.0 73.978728768113,18.530463203706,0.0 73.978737823131,18.530458029410,0.0 73.978746015766,18.530455011070,0.0 73.978761538654,18.530451130348,0.0 73.978772318438,18.530449405583,0.0 73.978789134900,18.530448112009,0.0 73.978806382553,18.530447680817,0.0 73.978841309051,18.530447680817,0.0 73.978858556705,18.530447249626,0.0 73.978875373167,18.530445956052,0.0 73.978886152950,18.530444231287,0.0 73.978901675839,18.530440350565,0.0 73.978909868474,18.530437332225,0.0 73.978918923492,18.530432157929,0.0 73.978925822553,18.530426552442,0.0 73.978937464719,18.530414910276,0.0 73.978943070207,18.530408011215,0.0 73.978948244503,18.530398956196,0.0 73.978951262842,18.530390763561,0.0 73.978955143564,18.530375240673,0.0 73.978956868330,18.530364460890,0.0 73.978958161904,18.530347644427,0.0 73.978958593095,18.530330396774,0.0 73.978958593095,18.530295470276,0.0 73.978959024286,18.530278222622,0.0 73.978960317860,18.530261406160,0.0 73.978962042626,18.530250626377,0.0 73.978965923348,18.530235103489,0.0 73.978968941687,18.530226910853,0.0 73.978974115983,18.530217855835,0.0 73.978979721470,18.530210956774,0.0 73.978991363637,18.530199314608,0.0 73.978998262698,18.530193709120,0.0 73.979007317716,18.530188534824,0.0 73.979015510351,18.530185516485,0.0 73.979031033239,18.530181635763,0.0 73.979041813023,18.530179910998,0.0 73.979058629485,18.530178617424,0.0 73.979075877138,18.530178186232,0.0 73.979110803637,18.530178186232,0.0 73.979128051290,18.530177755041,0.0 73.979144867752,18.530176461467,0.0 73.979155647536,18.530174736702,0.0 73.979171170424,18.530170855980,0.0 73.979179363059,18.530167837640,0.0 73.979188418077,18.530162663344,0.0 73.979195317139,18.530157057857,0.0 73.979206959305,18.530145415691,0.0 73.979212564792,18.530138516629,0.0 73.979217739088,18.530129461611,0.0 73.979220757427,18.530121268976,0.0 73.979224638150,18.530105746088,0.0 73.979226362915,18.530094966304,0.0 73.979227656489,18.530078149842,0.0 73.979228087680,18.530060902189,0.0 73.979228087680,18.530025975691,0.0 73.979228950063,18.530008728037,0.0 73.979231537211,18.529991911575,0.0 73.979234986742,18.529981131792,0.0 73.979242748186,18.529965608903,0.0 73.979248784864,18.529957416268,0.0 73.979259133456,18.529948361250,0.0 73.979270344431,18.529941462189,0.0 73.979293628763,18.529929820023,0.0 73.979307426886,18.529924214535,0.0 73.979325536922,18.529919040239,0.0 73.979341922193,18.529916021900,0.0 73.979372967969,18.529912141178,0.0 73.979394527536,18.529910416412,0.0 73.979428160460,18.529909122838,0.0 73.979462655767,18.529908691647,0.0 73.979532508764,18.529908691647,0.0 73.979567004071,18.529908260456,0.0 73.979600636995,18.529906966882,0.0 73.979622196562,18.529905242116,0.0 73.979653242338,18.529901361394,0.0 73.979669627609,18.529898343055,0.0 73.979687737645,18.529893168759,0.0 73.979701535768,18.529887563272,0.0 73.979724820100,18.529875921105,0.0 73.979736031074,18.529869022044,0.0 73.979746379667,18.529859967026,0.0 73.979752416345,18.529851774391,0.0 73.979760177789,18.529836251503,0.0 73.979763627320,18.529825471719,0.0 73.979766214468,18.529808655257,0.0 73.979767076851,18.529791407604,0.0 73.979767076851,18.529756481105,0.0 73.979767508042,18.529739233452,0.0 73.979768801616,18.529722416990,0.0 73.979770526381,18.529711637206,0.0 73.979774407103,18.529696114318,0.0 73.979777425443,18.529687921683,0.0 73.979782599739,18.529678866665,0.0 73.979788205226,18.529671967603,0.0 73.979799847392,18.529660325437,0.0 73.979806746454,18.529654719950,0.0 73.979815801472,18.529649545654,0.0 73.979823994107,18.529646527315,0.0 73.979839516995,18.529642646592,0.0 73.979850296779,18.529640921827,0.0 73.979867113241,18.529639628253,0.0 73.979884360894,18.529639197062,0.0 73.979919287392,18.529639197062,0.0 73.979936535046,18.529638765870,0.0 73.979953351508,18.529637472296,0.0 73.979964131291,18.529635747531,0.0 73.979979654180,18.529631866809,0.0 73.979987846815,18.529628848470,0.0 73.979996901833,18.529623674174,0.0 73.980003800894,18.529618068686,0.0 73.980015443060,18.529606426520,0.0 73.980021048548,18.529599527459,0.0 73.980026222844,18.529590472441,0.0 73.980029241183,18.529582279805,0.0 73.980033121905,18.529566756917,0.0 73.980034846671,18.529555977134,0.0 73.980036140245,18.529539160672,0.0 73.980036571436,18.529521913018,0.0 73.980036571436,18.529486986520,0.0 73.980037433819,18.529469738867,0.0 73.980040020967,18.529452922404,0.0 73.980043470497,18.529442142621,0.0 73.980051231941,18.529426619733,0.0 73.980057268620,18.529418427098,0.0 73.980067617212,18.529409372079,0.0 73.980078828187,18.529402473018,0.0 73.980102112519,18.529390830852,0.0 73.980115910642,18.529385225365,0.0 73.980134020678,18.529380051069,0.0 73.980150405949,18.529377032729,0.0 73.980181451725,18.529373152007,0.0 73.980203011292,18.529371427242,0.0 73.980236644216,18.529370133668,0.0 73.980271139523,18.529369702477,0.0 73.980340992519,18.529369702477,0.0 73.980375487826,18.529369271285,0.0 73.980409120751,18.529367977711,0.0 73.980430680317,18.529366252946,0.0 73.980461726094,18.529362372224,0.0 73.980478111364,18.529359353884,0.0 73.980496221400,18.529354179588,0.0 73.980510019523,18.529348574101,0.0 73.980533303855,18.529336931935,0.0 73.980544514830,18.529330032874,0.0 73.980554863422,18.529320977856,0.0 73.980560900101,18.529312785220,0.0 73.980568661545,18.529297262332,0.0 73.980572111076,18.529286482549,0.0 73.980574698224,18.529269666087,0.0 73.980575560606,18.529252418433,0.0 73.980575560606,18.529217491935,0.0 73.980575991798,18.529200244281,0.0 73.980577285372,18.529183427819,0.0 73.980579010137,18.529172648036,0.0 73.980582890859,18.529157125148,0.0 73.980585909198,18.529148932512,0.0 73.980591083495,18.529139877494,0.0 73.980596688982,18.529132978433,0.0 73.980608331148,18.529121336267,0.0 73.980615230209,18.529115730779,0.0 73.980624285227,18.529110556483,0.0 73.980632477863,18.529107538144,0.0 73.980648000751,18.529103657422,0.0 73.980658780534,18.529101932657,0.0 73.980675596996,18.529100639083,0.0 73.980692844650,18.529100207891,0.0 73.980727771148,18.529100207891,0.0 73.980745018802,18.529099776700,0.0 73.980761835264,18.529098483126,0.0 73.980772615047,18.529096758361,0.0 73.980788137935,18.529092877639,0.0 73.980796330571,18.529089859299,0.0 73.980805385589,18.529084685003,0.0 73.980812284650,18.529079079516,0.0 73.980823926816,18.529067437350,0.0 73.980829532304,18.529060538288,0.0 73.980834706600,18.529051483270,0.0 73.980837724939,18.529043290635,0.0 73.980841605661,18.529027767747,0.0 73.980843330426,18.529016987963,0.0 73.980844624000,18.529000171501,0.0 73.980845055192,18.528982923848,0.0 73.980845055192,18.528947997350,0.0 73.980845486383,18.528930749696,0.0 73.980846779957,18.528913933234,0.0 73.980848504722,18.528903153451,0.0 73.980852385444,18.528887630562,0.0 73.980855403784,18.528879437927,0.0 73.980860578080,18.528870382909,0.0 73.980866183567,18.528863483848,0.0 73.980877825733,18.528851841682,0.0 73.980884724795,18.528846236194,0.0 73.980893779813,18.528841061898,0.0 73.980901972448,18.528838043559,0.0 73.980917495336,18.528834162837,0.0 73.980928275120,18.528832438071,0.0 73.980945091582,18.528831144497,0.0 73.980962339235,18.528830713306,0.0 73.980997265733,18.528830713306,0.0 73.981014513387,18.528830282115,0.0 73.981031329849,18.528828988541,0.0 73.981042109632,18.528827263775,0.0 73.981057632520,18.528823383053,0.0 73.981065825156,18.528820364714,0.0 73.981074880174,18.528815190418,0.0 73.981081779235,18.528809584931,0.0 73.981093421401,18.528797942765,0.0 73.981099026889,18.528791043703,0.0 73.981104201185,18.528781988685,0.0 73.981107219524,18.528773796050,0.0 73.981111100246,18.528758273162,0.0 73.981112825012,18.528747493378,0.0 73.981114118586,18.528730676916,0.0 73.981114549777,18.528713429263,0.0 73.981114549777,18.528678502764,0.0 73.981115412160,18.528661255111,0.0 73.981117999308,18.528644438649,0.0 73.981121448838,18.528633658865,0.0 73.981129210282,18.528618135977,0.0 73.981135246961,18.528609943342,0.0 73.981145595553,18.528600888324,0.0 73.981156806528,18.528593989262,0.0 73.981180090860,18.528582347096,0.0 73.981193888983,18.528576741609,0.0 73.981211999019,18.528571567313,0.0 73.981228384290,18.528568548974,0.0 73.981259430066,18.528564668252,0.0 73.981280989633,18.528562943486,0.0 73.981314622557,18.528561649912,0.0 73.981349117864,18.528561218721,0.0 73.981418970860,18.528561218721,0.0 73.981453466167,18.528560787530,0.0 73.981487099091,18.528559493955,0.0 73.981508658658,18.528557769190,0.0 73.981539704435,18.528553888468,0.0 73.981556089705,18.528550870129,0.0 73.981574199741,18.528545695833,0.0 73.981587997864,18.528540090345,0.0 73.981611282196,18.528528448179,0.0 73.981622493171,18.528521549118,0.0 73.981632841763,18.528512494100,0.0 73.981638878442,18.528504301464,0.0 73.981646639886,18.528488778576,0.0 73.981650089417,18.528477998793,0.0 73.981652676565,18.528461182331,0.0 73.981653538947,18.528443934677,0.0 73.981653538947,18.528409008179,0.0 73.981654401330,18.528391760526,0.0 73.981656988478,18.528374944064,0.0 73.981660438009,18.528364164280,0.0 73.981668199453,18.528348641392,0.0 73.981674236131,18.528340448757,0.0 73.981684584724,18.528331393739,0.0 73.981695795698,18.528324494677,0.0 73.981719080030,18.528312852511,0.0 73.981732878153,18.528307247024,0.0 73.981750988189,18.528302072728,0.0 73.981767373460,18.528299054388,0.0 73.981798419236,18.528295173666,0.0 73.981819978803,18.528293448901,0.0 73.981853611727,18.528292155327,0.0 73.981888107034,18.528291724136,0.0 73.981957960031,18.528291724136,0.0 73.981992455338,18.528291292944,0.0 73.982026088262,18.528289999370,0.0 73.982047647829,18.528288274605,0.0 73.982078693605,18.528284393883,0.0 73.982095078876,18.528281375544,0.0 73.982113188912,18.528276201247,0.0 73.982126987035,18.528270595760,0.0 73.982150271367,18.528258953594,0.0 73.982161482342,18.528252054533,0.0 73.982171830934,18.528242999515,0.0 73.982177867612,18.528234806879,0.0 73.982185629056,18.528219283991,0.0 73.982189078587,18.528208504208,0.0 73.982191665735,18.528191687746,0.0 73.982192528118,18.528174440092,0.0 73.982192528118,18.528139513594,0.0 73.982192959309,18.528122265940,0.0 73.982194252883,18.528105449478,0.0 73.982195977648,18.528094669695,0.0 73.982199858371,18.528079146807,0.0 73.982202876710,18.528070954171,0.0 73.982208051006,18.528061899153,0.0 73.982213656493,18.528055000092,0.0 73.982225298659,18.528043357926,0.0 73.982232197721,18.528037752438,0.0 73.982241252739,18.528032578142,0.0 73.982249445374,18.528029559803,0.0 73.982264968262,18.528025679081,0.0 73.982275748046,18.528023954316,0.0 73.982292564508,18.528022660742,0.0 73.982309812161,18.528022229550,0.0 73.982344738660,18.528022229550,0.0 73.982361986313,18.528021798359,0.0 73.982378802775,18.528020504785,0.0 73.982389582559,18.528018780020,0.0 73.982405105447,18.528014899298,0.0 73.982413298082,18.528011880958,0.0 73.982422353100,18.528006706662,0.0 73.982429252161,18.528001101175,0.0 73.982440894328,18.527989459009,0.0 73.982446499815,18.527982559947,0.0 73.982451674111,18.527973504929,0.0 73.982454692450,18.527965312294,0.0 73.982458573172,18.527949789406,0.0 73.982460297938,18.527939009622,0.0 73.982461591512,18.527922193160,0.0 73.982462022703,18.527904945507,0.0 73.982462022703,18.527870019009,0.0 73.982462885086,18.527852771355,0.0 73.982465472234,18.527835954893,0.0 73.982468921764,18.527825175110,0.0 73.982476683208,18.527809652222,0.0 73.982482719887,18.527801459586,0.0 73.982493068479,18.527792404568,0.0 73.982504279454,18.527785505507,0.0 73.982527563786,18.527773863341,0.0 73.982541361909,18.527768257853,0.0 73.982559471945,18.527763083557,0.0 73.982575857216,18.527760065218,0.0 73.982606902992,18.527756184496,0.0 73.982628462559,18.527754459730,0.0 73.982662095483,18.527753166156,0.0 73.982696590790,18.527752734965,0.0 73.982766443787,18.527752734965,0.0 73.982800939093,18.527752303774,0.0 73.982834572018,18.527751010200,0.0 73.982856131584,18.527749285434,0.0 73.982887177361,18.527745404712,0.0 73.982903562631,18.527742386373,0.0 73.982921672668,18.527737212077,0.0 73.982935470790,18.527731606590,0.0 73.982958755123,18.527719964424,0.0 73.982969966097,18.527713065362,0.0 73.982980314689,18.527704010344,0.0 73.982986351368,18.527695817709,0.0 73.982994112812,18.527680294821,0.0 73.982997562343,18.527669515037,0.0 73.983000149491,18.527652698575,0.0 73.983001011873,18.527635450922,0.0 73.983001011873,18.527600524423,0.0 73.983001443065,18.527583276770,0.0 73.983002736639,18.527566460308,0.0 73.983004461404,18.527555680524,0.0 73.983008342126,18.527540157636,0.0 73.983011360466,18.527531965001,0.0 73.983016534762,18.527522909983,0.0 73.983022140249,18.527516010921,0.0 73.983033782415,18.527504368755,0.0 73.983040681476,18.527498763268,0.0 73.983049736495,18.527493588972,0.0 73.983057929130,18.527490570633,0.0 73.983073452018,18.527486689911,0.0 73.983084231801,18.527484965145,0.0 73.983101048264,18.527483671571,0.0 73.983118295917,18.527483240380,0.0 73.983153222415,18.527483240380,0.0 73.983170470069,18.527482809189,0.0 73.983187286531,18.527481515615,0.0 73.983198066314,18.527479790849,0.0 73.983213589202,18.527475910127,0.0 73.983221781838,18.527472891788,0.0 73.983230836856,18.527467717492,0.0 73.983237735917,18.527462112004,0.0 73.983249378083,18.527450469838,0.0 73.983254983571,18.527443570777,0.0 73.983260157867,18.527434515759,0.0 73.983263176206,18.527426323123,0.0 73.983267056928,18.527410800235,0.0 73.983268781693,18.527400020452,0.0 73.983270075267,18.527383203990,0.0 73.983270506459,18.527365956336,0.0 73.983270506459,18.527331029838,0.0 73.983271800033,18.527313782185,0.0 73.983275680755,18.527296965723,0.0 73.983280855051,18.527286185939,0.0 73.983292497217,18.527270663051,0.0 73.983301552235,18.527262470416,0.0 73.983317075123,18.527253415398,0.0 73.983333891585,18.527246516336,0.0 73.983368818083,18.527234874170,0.0 73.983389515268,18.527229268683,0.0 73.983416680322,18.527224094387,0.0 73.983441258228,18.527221076047,0.0 73.983487826892,18.527217195325,0.0 73.983520166242,18.527215470560,0.0 73.983570615629,18.527214176986,0.0 73.983622358589,18.527213745795,0.0 73.983727138084,18.527213745795,0.0 73.983778881044,18.527213314603,0.0 73.983829330431,18.527212021029,0.0 73.983861669781,18.527210296264,0.0 73.983908238445,18.527206415542,0.0 73.983932816351,18.527203397203,0.0 73.983959981406,18.527198222907,0.0 73.983980678590,18.527192617419,0.0 73.984015605088,18.527180975253,0.0 73.984032421550,18.527174076192,0.0 73.984047944438,18.527165021174,0.0 73.984056999456,18.527156828538,0.0 73.984068641622,18.527141305650,0.0 73.984073815918,18.527130525867,0.0 73.984077696640,18.527113709405,0.0 73.984078990214,18.527096461751,0.0 73.984078990214,18.527061535253,0.0 73.984079852597,18.527044287599,0.0 73.984082439745,18.527027471137,0.0 73.984085889276,18.527016691354,0.0 73.984093650720,18.527001168466,0.0 73.984099687399,18.526992975830,0.0 73.984110035991,18.526983920812,0.0 73.984121246965,18.526977021751,0.0 73.984144531298,18.526965379585,0.0 73.984158329420,18.526959774098,0.0 73.984176439456,18.526954599801,0.0 73.984192824727,18.526951581462,0.0 73.984223870503,18.526947700740,0.0 73.984245430070,18.526945975975,0.0 73.984279062995,18.526944682401,0.0 73.984313558301,18.526944251209,0.0 73.984383411298,18.526944251209,0.0 73.984417906605,18.526943820018,0.0 73.984451539529,18.526942526444,0.0 73.984473099096,18.526940801679,0.0 73.984504144872,18.526936920957,0.0 73.984520530143,18.526933902617,0.0 73.984538640179,18.526928728321,0.0 73.984552438302,18.526923122834,0.0 73.984575722634,18.526911480668,0.0 73.984586933609,18.526904581606,0.0 73.984597282201,18.526895526588,0.0 73.984603318879,18.526887333953,0.0 73.984611080324,18.526871811065,0.0 73.984614529854,18.526861031282,0.0 73.984617117002,18.526844214819,0.0 73.984617979385,18.526826967166,0.0 73.984617979385,18.526792040668,0.0 73.984618841768,18.526774793014,0.0 73.984621428916,18.526757976552,0.0 73.984624878446,18.526747196769,0.0 73.984632639890,18.526731673881,0.0 73.984638676569,18.526723481245,0.0 73.984649025161,18.526714426227,0.0 73.984660236136,18.526707527166,0.0 73.984683520468,18.526695885000,0.0 73.984697318591,18.526690279512,0.0 73.984715428627,18.526685105216,0.0 73.984731813898,18.526682086877,0.0 73.984762859674,18.526678206155,0.0 73.984784419241,18.526676481390,0.0 73.984818052165,18.526675187816,0.0 73.984852547472,18.526674756624,0.0 73.984922400468,18.526674756624,0.0 73.984956895775,18.526674325433,0.0 73.984990528700,18.526673031859,0.0 73.985012088266,18.526671307093,0.0 73.985043134043,18.526667426371,0.0 73.985059519313,18.526664408032,0.0 73.985077629349,18.526659233736,0.0 73.985091427472,18.526653628249,0.0 73.985114711804,18.526641986083,0.0 73.985125922779,18.526635087021,0.0 73.985136271371,18.526626032003,0.0 73.985142308050,18.526617839368,0.0 73.985150069494,18.526602316480,0.0 73.985153519025,18.526591536696,0.0 73.985156106173,18.526574720234,0.0 73.985156968555,18.526557472581,0.0 73.985156968555,18.526522546082,0.0 73.985157399747,18.526505298429,0.0 73.985158693321,18.526488481967,0.0 73.985160418086,18.526477702183,0.0 73.985164298808,18.526462179295,0.0 73.985167317147,18.526453986660,0.0 73.985172491444,18.526444931642,0.0 73.985178096931,18.526438032581,0.0 73.985189739097,18.526426390414,0.0 73.985196638158,18.526420784927,0.0 73.985205693176,18.526415610631,0.0 73.985213885812,18.526412592292,0.0 73.985229408700,18.526408711570,0.0 73.985240188483,18.526406986804,0.0 73.985257004945,18.526405693230,0.0 73.985274252599,18.526405262039,0.0 73.985309179097,18.526405262039,0.0 73.985326426751,18.526404830848,0.0 73.985343243213,18.526403537274,0.0 73.985354022996,18.526401812508,0.0 73.985369545884,18.526397931786,0.0 73.985377738520,18.526394913447,0.0 73.985386793538,18.526389739151,0.0 73.985393692599,18.526384133663,0.0 73.985405334765,18.526372491497,0.0 73.985410940253,18.526365592436,0.0 73.985416114549,18.526356537418,0.0 73.985419132888,18.526348344783,0.0 73.985423013610,18.526332821894,0.0 73.985424738375,18.526322042111,0.0 73.985426031949,18.526305225649,0.0 73.985426463141,18.526287977995,0.0 73.985426463141,18.526253051497,0.0 73.985427325523,18.526235803844,0.0 73.985429912671,18.526218987382,0.0 73.985433362202,18.526208207598,0.0 73.985441123646,18.526192684710,0.0 73.985447160325,18.526184492075,0.0 73.985457508917,18.526175437057,0.0 73.985468719892,18.526168537995,0.0 73.985492004224,18.526156895829,0.0 73.985505802347,18.526151290342,0.0 73.985523912383,18.526146116046,0.0 73.985540297653,18.526143097706,0.0 73.985571343430,18.526139216984,0.0 73.985592902996,18.526137492219,0.0 73.985626535921,18.526136198645,0.0 73.985661031228,18.526135767454,0.0 73.985730884224,18.526135767454,0.0 73.985765379531,18.526135336262,0.0 73.985799012455,18.526134042688,0.0 73.985820572022,18.526132317923,0.0 73.985851617798,18.526128437201,0.0 73.985868003069,18.526125418862,0.0 73.985886113105,18.526120244566,0.0 73.985899911228,18.526114639078,0.0 73.985923195560,18.526102996912,0.0 73.985934406535,18.526096097851,0.0 73.985944755127,18.526087042833,0.0 73.985950791806,18.526078850197,0.0 73.985958553250,18.526063327309,0.0 73.985962002780,18.526052547526,0.0 73.985964589928,18.526035731064,0.0 73.985965452311,18.526018483410,0.0 73.985965452311,18.525983556912,0.0 73.985965883502,18.525966309259,0.0 73.985967177076,18.525949492796,0.0 73.985968901842,18.525938713013,0.0 73.985972782564,18.525923190125,0.0 73.985975800903,18.525914997489,0.0 73.985980975199,18.525905942471,0.0 73.985986580687,18.525899043410,0.0 73.985998222853,18.525887401244,0.0 73.986005121914,18.525881795757,0.0 73.986014176932,18.525876621461,0.0 73.986022369567,18.525873603121,0.0 73.986037892456,18.525869722399,0.0 73.986048672239,18.525867997634,0.0 73.986065488701,18.525866704060,0.0 73.986082736355,18.525866272868,0.0 73.986117662853,18.525866272868,0.0 73.986134910506,18.525865841677,0.0 73.986151726968,18.525864548103,0.0 73.986162506752,18.525862823338,0.0 73.986178029640,18.525858942616,0.0 73.986186222275,18.525855924276,0.0 73.986195277293,18.525850749980,0.0 73.986202176355,18.525845144493,0.0 73.986213818521,18.525833502327,0.0 73.986219424008,18.525826603266,0.0 73.986224598304,18.525817548247,0.0 73.986227616644,18.525809355612,0.0 73.986231497366,18.525793832724,0.0 73.986233222131,18.525783052941,0.0 73.986234515705,18.525766236478,0.0 73.986234946896,18.525748988825,0.0 73.986234946896,18.525714062327,0.0 73.986236240470,18.525696814673,0.0 73.986240121192,18.525679998211,0.0 73.986245295488,18.525669218428,0.0 73.986256937654,18.525653695540,0.0 73.986265992673,18.525645502904,0.0 73.986281515561,18.525636447886,0.0 73.986298332023,18.525629548825,0.0 73.986333258521,18.525617906659,0.0 73.986353955705,18.525612301171,0.0 73.986381120759,18.525607126875,0.0 73.986405698666,18.525604108536,0.0 73.986452267330,18.525600227814,0.0 73.986484606680,18.525598503049,0.0 73.986535056066,18.525597209475,0.0 73.986586799027,18.525596778283,0.0 73.986691578522,18.525596778283,0.0 73.986743321482,18.525596347092,0.0 73.986793770868,18.525595053518,0.0 73.986826110219,18.525593328753,0.0 73.986872678883,18.525589448031,0.0 73.986897256789,18.525586429691,0.0 73.986924421843,18.525581255395,0.0 73.986945119027,18.525575649908,0.0 73.986980045526,18.525564007742,0.0 73.986996861988,18.525557108680,0.0 73.987012384876,18.525548053662,0.0 73.987021439894,18.525539861027,0.0 73.987033082060,18.525524338139,0.0 73.987038256356,18.525513558355,0.0 73.987042137078,18.525496741893,0.0 73.987043430652,18.525479494240,0.0 73.987043430652,18.525444567742,0.0 73.987044293035,18.525427320088,0.0 73.987046880183,18.525410503626,0.0 73.987050329713,18.525399723843,0.0 73.987058091157,18.525384200954,0.0 73.987064127836,18.525376008319,0.0 73.987074476428,18.525366953301,0.0 73.987085687403,18.525360054240,0.0 73.987108971735,18.525348412073,0.0 73.987122769858,18.525342806586,0.0 73.987140879894,18.525337632290,0.0 73.987157265165,18.525334613951,0.0 73.987188310941,18.525330733229,0.0 73.987209870508,18.525329008463,0.0 73.987243503432,18.525327714889,0.0 73.987277998739,18.525327283698,0.0 73.987347851736,18.525327283698,0.0 73.987382347042,18.525327714889,0.0 73.987415979967,18.525329008463,0.0 73.987437539534,18.525330733229,0.0 73.987468585310,18.525334613951,0.0 73.987484970580,18.525337632290,0.0 73.987503080617,18.525342806586,0.0 73.987516878739,18.525348412073,0.0 73.987540163072,18.525360054240,0.0 73.987551374046,18.525366953301,0.0 73.987561722638,18.525376008319,0.0 73.987567759317,18.525384200954,0.0 73.987575520761,18.525399723843,0.0 73.987578970292,18.525410503626,0.0 73.987581557440,18.525427320088,0.0 73.987582419823,18.525444567742,0.0 73.987582419823,18.525479494240,0.0 73.987582851014,18.525496741893,0.0 73.987584144588,18.525513558355,0.0 73.987585869353,18.525524338139,0.0 73.987589750075,18.525539861027,0.0 73.987592768415,18.525548053662,0.0 73.987597942711,18.525557108680,0.0 73.987603548198,18.525564007742,0.0 73.987615190364,18.525575649908,0.0 73.987622089425,18.525581255395,0.0 73.987631144444,18.525586429691,0.0 73.987639337079,18.525589448031,0.0 73.987654859967,18.525593328753,0.0 73.987665639750,18.525595053518,0.0 73.987682456213,18.525596347092,0.0 73.987699703866,18.525596778283,0.0 73.987734630364,18.525596778283,0.0 73.987751878018,18.525598071857,0.0 73.987768694480,18.525601952579,0.0 73.987779474263,18.525607126875,0.0 73.987794997151,18.525618769041,0.0 73.987803189787,18.525627824059,0.0 73.987812244805,18.525643346948,0.0 73.987819143866,18.525660163410,0.0 73.987830786032,18.525695089908,0.0 73.987836391520,18.525715787092,0.0 73.987841565816,18.525742952146,0.0 73.987844584155,18.525767530052,0.0 73.987848464877,18.525814098717,0.0 73.987850189642,18.525846438067,0.0 73.987851483216,18.525896887453,0.0 73.987851914408,18.525948630414,0.0 73.987851914408,18.526053409908,0.0 73.987851483216,18.526105152869,0.0 73.987850189642,18.526155602255,0.0 73.987848464877,18.526187941605,0.0 73.987844584155,18.526234510270,0.0 73.987841565816,18.526259088176,0.0 73.987836391520,18.526286253230,0.0 73.987830786032,18.526306950414,0.0 73.987819143866,18.526341876913,0.0 73.987812244805,18.526358693375,0.0 73.987803189787,18.526374216263,0.0 73.987794997151,18.526383271281,0.0 73.987779474263,18.526394913447,0.0 73.987768694480,18.526400087743,0.0 73.987751878018,18.526403968465,0.0 73.987734630364,18.526405262039,0.0 73.987699703866,18.526405262039,0.0 73.987682456213,18.526405693230,0.0 73.987665639750,18.526406986804,0.0 73.987654859967,18.526408711570,0.0 73.987639337079,18.526412592292,0.0 73.987631144444,18.526415610631,0.0 73.987622089425,18.526420784927,0.0 73.987615190364,18.526426390414,0.0 73.987603548198,18.526438032581,0.0 73.987597942711,18.526444931642,0.0 73.987592768415,18.526453986660,0.0 73.987589750075,18.526462179295,0.0 73.987585869353,18.526477702183,0.0 73.987584144588,18.526488481967,0.0 73.987582851014,18.526505298429,0.0 73.987582419823,18.526522546082,0.0 73.987582419823,18.526557472581,0.0 73.987581557440,18.526574720234,0.0 73.987578970292,18.526591536696,0.0 73.987575520761,18.526602316480,0.0 73.987567759317,18.526617839368,0.0 73.987561722638,18.526626032003,0.0 73.987551374046,18.526635087021,0.0 73.987540163072,18.526641986083,0.0 73.987516878739,18.526653628249,0.0 73.987503080617,18.526659233736,0.0 73.987484970580,18.526664408032,0.0 73.987468585310,18.526667426371,0.0 73.987437539534,18.526671307093,0.0 73.987415979967,18.526673031859,0.0 73.987382347042,18.526674325433,0.0 73.987347851736,18.526674756624,0.0 73.987277998739,18.526674756624,0.0 73.987243503432,18.526675187816,0.0 73.987209870508,18.526676481390,0.0 73.987188310941,18.526678206155,0.0 73.987157265165,18.526682086877,0.0 73.987140879894,18.526685105216,0.0 73.987122769858,18.526690279512,0.0 73.987108971735,18.526695885000,0.0 73.987085687403,18.526707527166,0.0 73.987074476428,18.526714426227,0.0 73.987064127836,18.526723481245,0.0 73.987058091157,18.526731673881,0.0 73.987050329713,18.526747196769,0.0 73.987046880183,18.526757976552,0.0 73.987044293035,18.526774793014,0.0 73.987043430652,18.526792040668,0.0 73.987043430652,18.526826967166,0.0 73.987042568269,18.526844214819,0.0 73.987039981121,18.526861031282,0.0 73.987036531591,18.526871811065,0.0 73.987028770147,18.526887333953,0.0 73.987022733468,18.526895526588,0.0 73.987012384876,18.526904581606,0.0 73.987001173901,18.526911480668,0.0 73.986977889569,18.526923122834,0.0 73.986964091446,18.526928728321,0.0 73.986945981410,18.526933902617,0.0 73.986929596139,18.526936920957,0.0 73.986898550363,18.526940801679,0.0 73.986876990796,18.526942526444,0.0 73.986843357872,18.526943820018,0.0 73.986808862565,18.526944251209,0.0 73.986739009569,18.526944251209,0.0 73.986704514262,18.526944682401,0.0 73.986670881337,18.526945975975,0.0 73.986649321771,18.526947700740,0.0 73.986618275994,18.526951581462,0.0 73.986601890724,18.526954599801,0.0 73.986583780687,18.526959774098,0.0 73.986569982565,18.526965379585,0.0 73.986546698233,18.526977021751,0.0 73.986535487258,18.526983920812,0.0 73.986525138666,18.526992975830,0.0 73.986519101987,18.527001168466,0.0 73.986511340543,18.527016691354,0.0 73.986507891012,18.527027471137,0.0 73.986505303864,18.527044287599,0.0 73.986504441482,18.527061535253,0.0 73.986504441482,18.527096461751,0.0 73.986503147908,18.527113709405,0.0 73.986499267186,18.527130525867,0.0 73.986494092890,18.527141305650,0.0 73.986482450723,18.527156828538,0.0 73.986473395705,18.527165021174,0.0 73.986457872817,18.527174076192,0.0 73.986441056355,18.527180975253,0.0 73.986406129857,18.527192617419,0.0 73.986385432673,18.527198222907,0.0 73.986358267619,18.527203397203,0.0 73.986333689712,18.527206415542,0.0 73.986287121048,18.527210296264,0.0 73.986254781698,18.527212021029,0.0 73.986204332311,18.527213314603,0.0 73.986152589351,18.527213745795,0.0 73.986047809856,18.527213745795,0.0 73.985996066896,18.527214176986,0.0 73.985945617510,18.527215470560,0.0 73.985913278159,18.527217195325,0.0 73.985866709495,18.527221076047,0.0 73.985842131589,18.527224094387,0.0 73.985814966535,18.527229268683,0.0 73.985794269351,18.527234874170,0.0 73.985759342852,18.527246516336,0.0 73.985742526390,18.527253415398,0.0 73.985727003502,18.527262470416,0.0 73.985717948484,18.527270663051,0.0 73.985706306318,18.527286185939,0.0 73.985701132022,18.527296965723,0.0 73.985697251300,18.527313782185,0.0 73.985695957726,18.527331029838,0.0 73.985695957726,18.527365956336,0.0 73.985695095343,18.527383203990,0.0 73.985692508195,18.527400020452,0.0 73.985689058664,18.527410800235,0.0 73.985681297220,18.527426323123,0.0 73.985675260542,18.527434515759,0.0 73.985664911950,18.527443570777,0.0 73.985653700975,18.527450469838,0.0 73.985630416643,18.527462112004,0.0 73.985616618520,18.527467717492,0.0 73.985598508484,18.527472891788,0.0 73.985582123213,18.527475910127,0.0 73.985551077437,18.527479790849,0.0 73.985529517870,18.527481515615,0.0 73.985495884946,18.527482809189,0.0 73.985461389639,18.527483240380,0.0 73.985391536642,18.527483240380,0.0 73.985357041335,18.527483671571,0.0 73.985323408411,18.527484965145,0.0 73.985301848844,18.527486689911,0.0 73.985270803068,18.527490570633,0.0 73.985254417797,18.527493588972,0.0 73.985236307761,18.527498763268,0.0 73.985222509639,18.527504368755,0.0 73.985199225306,18.527516010921,0.0 73.985188014332,18.527522909983,0.0 73.985177665740,18.527531965001,0.0 73.985171629061,18.527540157636,0.0 73.985163867617,18.527555680524,0.0 73.985160418086,18.527566460308,0.0 73.985157830938,18.527583276770,0.0 73.985156968555,18.527600524423,0.0 73.985156968555,18.527635450922,0.0 73.985156106173,18.527652698575,0.0 73.985153519025,18.527669515037,0.0 73.985150069494,18.527680294821,0.0 73.985142308050,18.527695817709,0.0 73.985136271371,18.527704010344,0.0 73.985125922779,18.527713065362,0.0 73.985114711804,18.527719964424,0.0 73.985091427472,18.527731606590,0.0 73.985077629349,18.527737212077,0.0 73.985059519313,18.527742386373,0.0 73.985043134043,18.527745404712,0.0 73.985012088266,18.527749285434,0.0 73.984990528700,18.527751010200,0.0 73.984956895775,18.527752303774,0.0 73.984922400468,18.527752734965,0.0 73.984852547472,18.527752734965,0.0 73.984818052165,18.527753166156,0.0 73.984784419241,18.527754459730,0.0 73.984762859674,18.527756184496,0.0 73.984731813898,18.527760065218,0.0 73.984715428627,18.527763083557,0.0 73.984697318591,18.527768257853,0.0 73.984683520468,18.527773863341,0.0 73.984660236136,18.527785505507,0.0 73.984649025161,18.527792404568,0.0 73.984638676569,18.527801459586,0.0 73.984632639890,18.527809652222,0.0 73.984624878446,18.527825175110,0.0 73.984621428916,18.527835954893,0.0 73.984618841768,18.527852771355,0.0 73.984617979385,18.527870019009,0.0 73.984617979385,18.527904945507,0.0 73.984617548194,18.527922193160,0.0 73.984616254620,18.527939009622,0.0 73.984614529854,18.527949789406,0.0 73.984610649132,18.527965312294,0.0 73.984607630793,18.527973504929,0.0 73.984602456497,18.527982559947,0.0 73.984596851009,18.527989459009,0.0 73.984585208843,18.528001101175,0.0 73.984578309782,18.528006706662,0.0 73.984569254764,18.528011880958,0.0 73.984561062129,18.528014899298,0.0 73.984545539240,18.528018780020,0.0 73.984534759457,18.528020504785,0.0 73.984517942995,18.528021798359,0.0 73.984500695341,18.528022229550,0.0 73.984465768843,18.528022229550,0.0 73.984448521190,18.528022660742,0.0 73.984431704728,18.528023954316,0.0 73.984420924944,18.528025679081,0.0 73.984405402056,18.528029559803,0.0 73.984397209421,18.528032578142,0.0 73.984388154403,18.528037752438,0.0 73.984381255341,18.528043357926,0.0 73.984369613175,18.528055000092,0.0 73.984364007688,18.528061899153,0.0 73.984358833392,18.528070954171,0.0 73.984355815052,18.528079146807,0.0 73.984351934330,18.528094669695,0.0 73.984350209565,18.528105449478,0.0 73.984348915991,18.528122265940,0.0 73.984348484800,18.528139513594,0.0 73.984348484800,18.528174440092,0.0 73.984347622417,18.528191687746,0.0 73.984345035269,18.528208504208,0.0 73.984341585738,18.528219283991,0.0 73.984333824294,18.528234806879,0.0 73.984327787616,18.528242999515,0.0 73.984317439023,18.528252054533,0.0 73.984306228049,18.528258953594,0.0 73.984282943717,18.528270595760,0.0 73.984269145594,18.528276201247,0.0 73.984251035558,18.528281375544,0.0 73.984234650287,18.528284393883,0.0 73.984203604511,18.528288274605,0.0 73.984182044944,18.528289999370,0.0 73.984148412020,18.528291292944,0.0 73.984113916713,18.528291724136,0.0 73.984044063716,18.528291724136,0.0 73.984009568409,18.528292155327,0.0 73.983975935485,18.528293448901,0.0 73.983954375918,18.528295173666,0.0 73.983923330142,18.528299054388,0.0 73.983906944871,18.528302072728,0.0 73.983888834835,18.528307247024,0.0 73.983875036712,18.528312852511,0.0 73.983851752380,18.528324494677,0.0 73.983840541405,18.528331393739,0.0 73.983830192813,18.528340448757,0.0 73.983824156135,18.528348641392,0.0 73.983816394691,18.528364164280,0.0 73.983812945160,18.528374944064,0.0 73.983810358012,18.528391760526,0.0 73.983809495629,18.528409008179,0.0 73.983809495629,18.528443934677,0.0 73.983808633247,18.528461182331,0.0 73.983806046099,18.528477998793,0.0 73.983802596568,18.528488778576,0.0 73.983794835124,18.528504301464,0.0 73.983788798445,18.528512494100,0.0 73.983778449853,18.528521549118,0.0 73.983767238878,18.528528448179,0.0 73.983743954546,18.528540090345,0.0 73.983730156423,18.528545695833,0.0 73.983712046387,18.528550870129,0.0 73.983695661116,18.528553888468,0.0 73.983664615340,18.528557769190,0.0 73.983643055773,18.528559493955,0.0 73.983609422849,18.528560787530,0.0 73.983574927542,18.528561218721,0.0 73.983505074546,18.528561218721,0.0 73.983470579239,18.528561649912,0.0 73.983436946315,18.528562943486,0.0 73.983415386748,18.528564668252,0.0 73.983384340972,18.528568548974,0.0 73.983367955701,18.528571567313,0.0 73.983349845665,18.528576741609,0.0 73.983336047542,18.528582347096,0.0 73.983312763210,18.528593989262,0.0 73.983301552235,18.528600888324,0.0 73.983291203643,18.528609943342,0.0 73.983285166964,18.528618135977,0.0 73.983277405520,18.528633658865,0.0 73.983273955989,18.528644438649,0.0 73.983271368841,18.528661255111,0.0 73.983270506459,18.528678502764,0.0 73.983270506459,18.528713429263,0.0 73.983269644076,18.528730676916,0.0 73.983267056928,18.528747493378,0.0 73.983263607397,18.528758273162,0.0 73.983255845953,18.528773796050,0.0 73.983249809275,18.528781988685,0.0 73.983239460683,18.528791043703,0.0 73.983228249708,18.528797942765,0.0 73.983204965376,18.528809584931,0.0 73.983191167253,18.528815190418,0.0 73.983173057217,18.528820364714,0.0 73.983156671946,18.528823383053,0.0 73.983125626170,18.528827263775,0.0 73.983104066603,18.528828988541,0.0 73.983070433679,18.528830282115,0.0 73.983035938372,18.528830713306,0.0 73.982966085375,18.528830713306,0.0 73.982931590068,18.528831144497,0.0 73.982897957144,18.528832438071,0.0 73.982876397577,18.528834162837,0.0 73.982845351801,18.528838043559,0.0 73.982828966530,18.528841061898,0.0 73.982810856494,18.528846236194,0.0 73.982797058371,18.528851841682,0.0 73.982773774039,18.528863483848,0.0 73.982762563064,18.528870382909,0.0 73.982752214472,18.528879437927,0.0 73.982746177794,18.528887630562,0.0 73.982738416350,18.528903153451,0.0 73.982734966819,18.528913933234,0.0 73.982732379671,18.528930749696,0.0 73.982731517288,18.528947997350,0.0 73.982731517288,18.528982923848,0.0 73.982731086097,18.529000171501,0.0 73.982729792523,18.529016987963,0.0 73.982728067758,18.529027767747,0.0 73.982724187036,18.529043290635,0.0 73.982721168696,18.529051483270,0.0 73.982715994400,18.529060538288,0.0 73.982710388913,18.529067437350,0.0 73.982698746747,18.529079079516,0.0 73.982691847685,18.529084685003,0.0 73.982682792667,18.529089859299,0.0 73.982674600032,18.529092877639,0.0 73.982659077144,18.529096758361,0.0 73.982648297360,18.529098483126,0.0 73.982631480898,18.529099776700,0.0 73.982614233245,18.529100207891,0.0 73.982579306747,18.529100207891,0.0 73.982562059093,18.529100639083,0.0 73.982545242631,18.529101932657,0.0 73.982534462848,18.529103657422,0.0 73.982518939959,18.529107538144,0.0 73.982510747324,18.529110556483,0.0 73.982501692306,18.529115730779,0.0 73.982494793245,18.529121336267,0.0 73.982483151079,18.529132978433,0.0 73.982477545591,18.529139877494,0.0 73.982472371295,18.529148932512,0.0 73.982469352956,18.529157125148,0.0 73.982465472234,18.529172648036,0.0 73.982463747468,18.529183427819,0.0 73.982462453894,18.529200244281,0.0 73.982462022703,18.529217491935,0.0 73.982462022703,18.529252418433,0.0 73.982460729129,18.529269666087,0.0 73.982456848407,18.529286482549,0.0 73.982451674111,18.529297262332,0.0 73.982440031945,18.529312785220,0.0 73.982430976927,18.529320977856,0.0 73.982415454039,18.529330032874,0.0 73.982398637577,18.529336931935,0.0 73.982363711078,18.529348574101,0.0 73.982343013894,18.529354179588,0.0 73.982315848840,18.529359353884,0.0 73.982291270934,18.529362372224,0.0 73.982244702269,18.529366252946,0.0 73.982212362919,18.529367977711,0.0 73.982161913533,18.529369271285,0.0 73.982110170573,18.529369702477,0.0 73.982005391078,18.529369702477,0.0 73.981953648117,18.529370564859,0.0 73.981903198731,18.529373152007,0.0 73.981870859381,18.529376601538,0.0 73.981824290717,18.529384362982,0.0 73.981799712810,18.529390399661,0.0 73.981772547756,18.529400748253,0.0 73.981751850572,18.529411959228,0.0 73.981716924074,18.529435243560,0.0 73.981700107612,18.529449041682,0.0 73.981684584724,18.529467151719,0.0 73.981675529705,18.529483536989,0.0 73.981663887539,18.529514582766,0.0 73.981658713243,18.529536142332,0.0 73.981654832521,18.529569775257,0.0 73.981653538947,18.529604270564,0.0 73.981653538947,18.529674123560,0.0 73.981652676565,18.529708618867,0.0 73.981650089417,18.529742251791,0.0 73.981646639886,18.529763811358,0.0 73.981638878442,18.529794857134,0.0 73.981632841763,18.529811242405,0.0 73.981622493171,18.529829352441,0.0 73.981611282196,18.529843150564,0.0 73.981587997864,18.529866434896,0.0 73.981574199741,18.529877645871,0.0 73.981556089705,18.529887994463,0.0 73.981539704435,18.529894031142,0.0 73.981508658658,18.529901792586,0.0 73.981487099091,18.529905242116,0.0 73.981453466167,18.529907829264,0.0 73.981418970860,18.529908691647,0.0 73.981349117864,18.529908691647,0.0 73.981314622557,18.529909122838,0.0 73.981280989633,18.529910416412,0.0 73.981259430066,18.529912141178,0.0 73.981228384290,18.529916021900,0.0 73.981211999019,18.529919040239,0.0 73.981193888983,18.529924214535,0.0 73.981180090860,18.529929820023,0.0 73.981156806528,18.529941462189,0.0 73.981145595553,18.529948361250,0.0 73.981135246961,18.529957416268,0.0 73.981129210282,18.529965608903,0.0 73.981121448838,18.529981131792,0.0 73.981117999308,18.529991911575,0.0 73.981115412160,18.530008728037,0.0 73.981114549777,18.530025975691,0.0 73.981114549777,18.530060902189,0.0 73.981113687394,18.530078149842,0.0 73.981111100246,18.530094966304,0.0 73.981107650715,18.530105746088,0.0 73.981099889271,18.530121268976,0.0 73.981093852593,18.530129461611,0.0 73.981083504001,18.530138516629,0.0 73.981072293026,18.530145415691,0.0 73.981049008694,18.530157057857,0.0 73.981035210571,18.530162663344,0.0 73.981017100535,18.530167837640,0.0 73.981000715264,18.530170855980,0.0 73.980969669488,18.530174736702,0.0 73.980948109921,18.530176461467,0.0 73.980914476997,18.530177755041,0.0 73.980879981690,18.530178186232,0.0 73.980810128693,18.530178186232,0.0 73.980775633386,18.530179048615,0.0 73.980742000462,18.530181635763,0.0 73.980720440895,18.530185085294,0.0 73.980689395119,18.530192846738,0.0 73.980673009848,18.530198883416,0.0 73.980654899812,18.530209232008,0.0 73.980641101690,18.530220442983,0.0 73.980617817357,18.530243727315,0.0 73.980606606383,18.530257525438,0.0 73.980596257791,18.530275635474,0.0 73.980590221112,18.530292020745,0.0 73.980582459668,18.530323066521,0.0 73.980579010137,18.530344626088,0.0 73.980576422989,18.530378259012,0.0 73.980575560606,18.530412754319,0.0 73.980575560606,18.530482607316,0.0 73.980574698224,18.530517102623,0.0 73.980572111076,18.530550735547,0.0 73.980568661545,18.530572295114,0.0 73.980560900101,18.530603340890,0.0 73.980554863422,18.530619726161,0.0 73.980544514830,18.530637836197,0.0 73.980533303855,18.530651634320,0.0 73.980510019523,18.530674918652,0.0 73.980496221400,18.530686129627,0.0 73.980478111364,18.530696478219,0.0 73.980461726094,18.530702514897,0.0 73.980430680317,18.530710276341,0.0 73.980409120751,18.530713725872,0.0 73.980375487826,18.530716313020,0.0 73.980340992519,18.530717175403,0.0 73.980271139523,18.530717175403,0.0 73.980236644216,18.530717606594,0.0 73.980203011292,18.530718900168,0.0 73.980181451725,18.530720624933,0.0 73.980150405949,18.530724505655,0.0 73.980134020678,18.530727523995,0.0 73.980115910642,18.530732698291,0.0 73.980102112519,18.530738303778,0.0 73.980078828187,18.530749945944,0.0 73.980067617212,18.530756845006,0.0 73.980057268620,18.530765900024,0.0 73.980051231941,18.530774092659,0.0 73.980043470497,18.530789615547,0.0 73.980040020967,18.530800395331,0.0 73.980037433819,18.530817211793,0.0 73.980036571436,18.530834459446,0.0 73.980036571436,18.530869385944,0.0 73.980035277862,18.530886633598,0.0 73.980031397140,18.530903450060,0.0 73.980026222844,18.530914229843,0.0 73.980014580678,18.530929752732,0.0 73.980005525660,18.530937945367,0.0 73.979990002772,18.530947000385,0.0 73.979973186309,18.530953899446,0.0 73.979938259811,18.530965541612,0.0 73.979917562627,18.530971147100,0.0 73.979890397573,18.530976321396,0.0 73.979865819667,18.530979339735,0.0 73.979819251002,18.530983220457,0.0 73.979786911652,18.530984945223,0.0 73.979736462266,18.530986238797,0.0 73.979684719305,18.530986669988,0.0 73.979579939811,18.530986669988,0.0 73.979528196850,18.530987101179,0.0 73.979477747464,18.530988394753,0.0 73.979445408114,18.530990119519,0.0 73.979398839449,18.530994000241,0.0 73.979374261543,18.530997018580,0.0 73.979347096489,18.531002192876,0.0 73.979326399305,18.531007798363,0.0 73.979291472807,18.531019440530,0.0 73.979274656345,18.531026339591,0.0 73.979259133456,18.531035394609,0.0 73.979250078438,18.531043587244,0.0 73.979238436272,18.531059110132,0.0 73.979233261976,18.531069889916,0.0 73.979229381254,18.531086706378,0.0 73.979228087680,18.531103954031,0.0 73.979228087680,18.531138880530,0.0 73.979227656489,18.531156128183,0.0 73.979226362915,18.531172944645,0.0 73.979224638150,18.531183724429,0.0 73.979220757427,18.531199247317,0.0 73.979217739088,18.531207439952,0.0 73.979212564792,18.531216494970,0.0 73.979206959305,18.531223394032,0.0 73.979195317139,18.531235036198,0.0 73.979188418077,18.531240641685,0.0 73.979179363059,18.531245815981,0.0 73.979171170424,18.531248834320,0.0 73.979155647536,18.531252715043,0.0 73.979144867752,18.531254439808,0.0 73.979128051290,18.531255733382,0.0 73.979110803637,18.531256164573,0.0 73.979075877138,18.531256164573,0.0 73.979058629485,18.531256595765,0.0 73.979041813023,18.531257889339,0.0 73.979031033239,18.531259614104,0.0 73.979015510351,18.531263494826,0.0 73.979007317716,18.531266513165,0.0 73.978998262698,18.531271687461,0.0 73.978991363637,18.531277292949,0.0 73.978979721470,18.531288935115,0.0 73.978974115983,18.531295834176,0.0 73.978968941687,18.531304889194,0.0 73.978965923348,18.531313081830,0.0 73.978962042626,18.531328604718,0.0 73.978960317860,18.531339384501,0.0 73.978959024286,18.531356200963,0.0 73.978958593095,18.531373448617,0.0 73.978958593095,18.531408375115,0.0 73.978958161904,18.531425622768,0.0 73.978956868330,18.531442439231,0.0 73.978955143564,18.531453219014,0.0 73.978951262842,18.531468741902,0.0 73.978948244503,18.531476934537,0.0 73.978943070207,18.531485989555,0.0 73.978937464719,18.531492888617,0.0 73.978925822553,18.531504530783,0.0 73.978918923492,18.531510136270,0.0 73.978909868474,18.531515310566,0.0 73.978901675839,18.531518328906,0.0 73.978886152950,18.531522209628,0.0 73.978875373167,18.531523934393,0.0 73.978858556705,18.531525227967,0.0 73.978841309051,18.531525659158,0.0 73.978806382553,18.531525659158,0.0 73.978789134900,18.531526090350,0.0 73.978772318438,18.531527383924,0.0 73.978761538654,18.531529108689,0.0 73.978746015766,18.531532989411,0.0 73.978737823131,18.531536007751,0.0 73.978728768113,18.531541182047,0.0 73.978721869051,18.531546787534,0.0 73.978710226885,18.531558429700,0.0 73.978704621398,18.531565328761,0.0 73.978699447102,18.531574383779,0.0 73.978696428762,18.531582576415,0.0 73.978692548040,18.531598099303,0.0 73.978690823275,18.531608879086,0.0 73.978689529701,18.531625695548,0.0 73.978689098510,18.531642943202,0.0 73.978689098510,18.531677869700,0.0 73.978688667318,18.531695117354,0.0 73.978687373744,18.531711933816,0.0 73.978685648979,18.531722713599,0.0 73.978681768257,18.531738236487,0.0 73.978678749918,18.531746429123,0.0 73.978673575622,18.531755484141,0.0 73.978667970134,18.531762383202,0.0 73.978656327968,18.531774025368,0.0 73.978649428907,18.531779630856,0.0 73.978640373889,18.531784805152,0.0 73.978632181253,18.531787823491,0.0 73.978616658365,18.531791704213,0.0 73.978605878582,18.531793428978,0.0 73.978589062120,18.531794722552,0.0 73.978571814466,18.531795153744,0.0 73.978536887968,18.531795153744,0.0 73.978519640315,18.531795584935,0.0 73.978502823852,18.531796878509,0.0 73.978492044069,18.531798603274,0.0 73.978476521181,18.531802483996,0.0 73.978468328546,18.531805502336,0.0 73.978459273527,18.531810676632,0.0 73.978452374466,18.531816282119,0.0 73.978440732300,18.531827924285,0.0 73.978435126813,18.531834823347,0.0 73.978429952517,18.531843878365,0.0 73.978426934177,18.531852071000,0.0 73.978423053455,18.531867593888,0.0 73.978421328690,18.531878373672,0.0 73.978420035116,18.531895190134,0.0 73.978419603924,18.531912437787,0.0 73.978419603924,18.531947364285,0.0 73.978418741542,18.531964611939,0.0 73.978416154394,18.531981428401,0.0 73.978412704863,18.531992208184,0.0 73.978404943419,18.532007731073,0.0 73.978398906740,18.532015923708,0.0 73.978388558148,18.532024978726,0.0 73.978377347174,18.532031877787,0.0 73.978354062841,18.532043519953,0.0 73.978340264719,18.532049125441,0.0 73.978322154682,18.532054299737,0.0 73.978305769412,18.532057318076,0.0 73.978274723635,18.532061198798,0.0 73.978253164069,18.532062923564,0.0 73.978219531144,18.532064217138,0.0 73.978185035838,18.532064648329,0.0 73.978115182841,18.532064648329,0.0 73.978080687534,18.532066373094,0.0 73.978047054610,18.532071547390,0.0 73.978025495043,18.532078446452,0.0 73.977994449267,18.532093969340,0.0 73.977978063996,18.532106042697,0.0 73.977959953960,18.532126739881,0.0 73.977946155837,18.532149161831,0.0 73.977922871505,18.532195730495,0.0 73.977911660530,18.532223326741,0.0 73.977901311938,18.532259546813,0.0 73.977895275259,18.532292317355,0.0 73.977887513815,18.532354408907,0.0 73.977884064285,18.532397528041,0.0 73.977881477137,18.532464793889,0.0 73.977880614754,18.532533784503,0.0 73.977880614754,18.532673490496,0.0 73.977880183563,18.532742481110,0.0 73.977878889989,18.532809746958,0.0 73.977877165223,18.532852866092,0.0 73.977873284501,18.532914957644,0.0 73.977870266162,18.532947728186,0.0 73.977865091866,18.532983948258,0.0 73.977859486379,18.533011544504,0.0 73.977847844212,18.533058113168,0.0 73.977840945151,18.533080535117,0.0 73.977831890133,18.533101232302,0.0 73.977823697498,18.533113305659,0.0 73.977808174610,18.533128828547,0.0 73.977797394826,18.533135727608,0.0 73.977780578364,18.533140901905,0.0 73.977763330711,18.533142626670,0.0 73.977728404212,18.533142626670,0.0 73.977711156559,18.533143057861,0.0 73.977694340097,18.533144351435,0.0 73.977683560313,18.533146076201,0.0 73.977668037425,18.533149956923,0.0 73.977659844790,18.533152975262,0.0 73.977650789772,18.533158149558,0.0 73.977643890710,18.533163755045,0.0 73.977632248544,18.533175397211,0.0 73.977626643057,18.533182296273,0.0 73.977621468761,18.533191351291,0.0 73.977618450422,18.533199543926,0.0 73.977614569699,18.533215066814,0.0 73.977612844934,18.533225846598,0.0 73.977611551360,18.533242663060,0.0 73.977611120169,18.533259910713,0.0 73.977611120169,18.533294837212,0.0 73.977610688977,18.533312084865,0.0 73.977609395403,18.533328901327,0.0 73.977607670638,18.533339681111,0.0 73.977603789916,18.533355203999,0.0 73.977600771577,18.533363396634,0.0 73.977595597281,18.533372451652,0.0 73.977589991793,18.533379350714,0.0 73.977578349627,18.533390992880,0.0 73.977571450566,18.533396598367,0.0 73.977562395548,18.533401772663,0.0 73.977554202912,18.533404791002,0.0 73.977538680024,18.533408671724,0.0 73.977527900241,18.533410396490,0.0 73.977511083779,18.533411690064,0.0 73.977493836125,18.533412121255,0.0 73.977458909627,18.533412121255,0.0 73.977441661974,18.533412552446,0.0 73.977424845511,18.533413846020,0.0 73.977414065728,18.533415570786,0.0 73.977398542840,18.533419451508,0.0 73.977390350205,18.533422469847,0.0 73.977381295186,18.533427644143,0.0 73.977374396125,18.533433249631,0.0 73.977362753959,18.533444891797,0.0 73.977357148472,18.533451790858,0.0 73.977351974176,18.533460845876,0.0 73.977348955836,18.533469038511,0.0 73.977345075114,18.533484561400,0.0 73.977343350349,18.533495341183,0.0 73.977342056775,18.533512157645,0.0 73.977341625584,18.533529405299,0.0 73.977341625584,18.533564331797,0.0 73.977341194392,18.533581579450,0.0 73.977339900818,18.533598395912,0.0 73.977338176053,18.533609175696,0.0 73.977334295331,18.533624698584,0.0 73.977331276991,18.533632891219,0.0 73.977326102695,18.533641946237,0.0 73.977320497208,18.533648845299,0.0 73.977308855042,18.533660487465,0.0 73.977301955981,18.533666092952,0.0 73.977292900963,18.533671267248,0.0 73.977284708327,18.533674285588,0.0 73.977269185439,18.533678166310,0.0 73.977258405656,18.533679891075,0.0 73.977241589194,18.533681184649,0.0 73.977224341540,18.533681615840,0.0 73.977189415042,18.533681615840,0.0 73.977172167388,18.533682478223,0.0 73.977155350926,18.533685065371,0.0 73.977144571143,18.533688514902,0.0 73.977129048255,18.533696276346,0.0 73.977120855619,18.533702313024,0.0 73.977111800601,18.533712661617,0.0 73.977104901540,18.533723872591,0.0 73.977093259374,18.533747156923,0.0 73.977087653886,18.533760955046,0.0 73.977082479590,18.533779065082,0.0 73.977079461251,18.533795450353,0.0 73.977075580529,18.533826496129,0.0 73.977073855764,18.533848055696,0.0 73.977072562190,18.533881688620,0.0 73.977072130998,18.533916183927,0.0 73.977072130998,18.533986036924,0.0 73.977071268616,18.534020532231,0.0 73.977068681468,18.534054165155,0.0 73.977065231937,18.534075724722,0.0 73.977057470493,18.534106770498,0.0 73.977051433814,18.534123155769,0.0 73.977041085222,18.534141265805,0.0 73.977029874247,18.534155063928,0.0 73.977006589915,18.534178348260,0.0 73.976992791792,18.534189559235,0.0 73.976974681756,18.534199907827,0.0 73.976958296486,18.534205944505,0.0 73.976927250709,18.534213705949,0.0 73.976905691142,18.534217155480,0.0 73.976872058218,18.534219742628,0.0 73.976837562911,18.534220605011,0.0 73.976767709915,18.534220605011,0.0 73.976733214608,18.534221898585,0.0 73.976699581684,18.534225779307,0.0 73.976678022117,18.534230953603,0.0 73.976646976341,18.534242595769,0.0 73.976630591070,18.534251650787,0.0 73.976612481034,18.534267173675,0.0 73.976598682911,18.534283990137,0.0 73.976575398579,18.534318916635,0.0 73.976564187604,18.534339613820,0.0 73.976553839012,18.534366778874,0.0 73.976547802333,18.534391356780,0.0 73.976540040889,18.534437925444,0.0 73.976536591359,18.534470264795,0.0 73.976534004211,18.534520714181,0.0 73.976533141828,18.534572457141,0.0 73.976533141828,18.534677236636,0.0 73.976532710637,18.534728979596,0.0 73.976531417063,18.534779428983,0.0 73.976529692297,18.534811768333,0.0 73.976525811575,18.534858336997,0.0 73.976522793236,18.534882914903,0.0 73.976517618940,18.534910079958,0.0 73.976512013452,18.534930777142,0.0 73.976500371286,18.534965703640,0.0 73.976493472225,18.534982520102,0.0 73.976484417207,18.534998042990,0.0 73.976476224571,18.535007098008,0.0 73.976460701683,18.535018740174,0.0 73.976449921900,18.535023914470,0.0 73.976433105438,18.535027795192,0.0 73.976415857784,18.535029088766,0.0 73.976380931286,18.535029088766,0.0 73.976363683633,18.535029519958,0.0 73.976346867171,18.535030813532,0.0 73.976336087387,18.535032538297,0.0 73.976320564499,18.535036419019,0.0 73.976312371864,18.535039437359,0.0 73.976303316846,18.535044611655,0.0 73.976296417784,18.535050217142,0.0 73.976284775618,18.535061859308,0.0 73.976279170131,18.535068758369,0.0 73.976273995835,18.535077813388,0.0 73.976270977495,18.535086006023,0.0 73.976267096773,18.535101528911,0.0 73.976265372008,18.535112308694,0.0 73.976264078434,18.535129125157,0.0 73.976263647243,18.535146372810,0.0 73.976263647243,18.535181299308,0.0 73.976263216051,18.535198546962,0.0 73.976261922477,18.535215363424,0.0 73.976260197712,18.535226143207,0.0 73.976256316990,18.535241666095,0.0 73.976253298651,18.535249858731,0.0 73.976248124354,18.535258913749,0.0 73.976242518867,18.535265812810,0.0 73.976230876701,18.535277454976,0.0 73.976223977640,18.535283060464,0.0 73.976214922622,18.535288234760,0.0 73.976206729986,18.535291253099,0.0 73.976191207098,18.535295133821,0.0 73.976180427315,18.535296858586,0.0 73.976163610853,18.535298152160,0.0 73.976146363199,18.535298583352,0.0 73.976111436701,18.535298583352,0.0 73.976094189047,18.535299445734,0.0 73.976077372585,18.535302032882,0.0 73.976066592802,18.535305482413,0.0 73.976051069914,18.535313243857,0.0 73.976042877278,18.535319280536,0.0 73.976033822260,18.535329629128,0.0 73.976026923199,18.535340840103,0.0 73.976015281033,18.535364124435,0.0 73.976009675545,18.535377922558,0.0 73.976004501249,18.535396032594,0.0 73.976001482910,18.535412417865,0.0 73.975997602188,18.535443463641,0.0 73.975995877423,18.535465023208,0.0 73.975994583849,18.535498656132,0.0 73.975994152657,18.535533151439,0.0 73.975994152657,18.535603004435,0.0 73.975993721466,18.535637499742,0.0 73.975992427892,18.535671132666,0.0 73.975990703127,18.535692692233,0.0 73.975986822405,18.535723738009,0.0 73.975983804065,18.535740123280,0.0 73.975978629769,18.535758233316,0.0 73.975973024282,18.535772031439,0.0 73.975961382116,18.535795315771,0.0 73.975954483054,18.535806526746,0.0 73.975945428036,18.535816875338,0.0 73.975937235401,18.535822912017,0.0 73.975921712513,18.535830673461,0.0 73.975910932729,18.535834122992,0.0 73.975894116267,18.535836710140,0.0 73.975876868614,18.535837572522,0.0 73.975841942116,18.535837572522,0.0 73.975824694462,18.535838434905,0.0 73.975807878000,18.535841022053,0.0 73.975797098217,18.535844471584,0.0 73.975781575329,18.535852233028,0.0 73.975773382693,18.535858269706,0.0 73.975764327675,18.535868618298,0.0 73.975757428614,18.535879829273,0.0 73.975745786448,18.535903113605,0.0 73.975740180960,18.535916911728,0.0 73.975735006664,18.535935021764,0.0 73.975731988325,18.535951407035,0.0 73.975728107603,18.535982452811,0.0 73.975726382837,18.536004012378,0.0 73.975725089263,18.536037645302,0.0 73.975724658072,18.536072140609,0.0 73.975724658072,18.536141993606,0.0 73.975724226881,18.536176488913,0.0 73.975722933307,18.536210121837,0.0 73.975721208541,18.536231681404,0.0 73.975717327819,18.536262727180,0.0 73.975714309480,18.536279112451,0.0 73.975709135184,18.536297222487,0.0 73.975703529697,18.536311020610,0.0 73.975691887531,18.536334304942,0.0 73.975684988469,18.536345515916,0.0 73.975675933451,18.536355864509,0.0 73.975667740816,18.536361901187,0.0 73.975652217928,18.536369662631,0.0 73.975641438144,18.536373112162,0.0 73.975624621682,18.536375699310,0.0 73.975607374029,18.536376561693,0.0 73.975572447530,18.536376561693,0.0 73.975555199877,18.536379148841,0.0 73.975538383415,18.536386910285,0.0 73.975527603631,18.536397258877,0.0 73.975512080743,18.536420543209,0.0 73.975503888108,18.536438653245,0.0 73.975494833090,18.536469699021,0.0 73.975487934028,18.536503331946,0.0 73.975476291862,18.536573184942,0.0 73.975470686375,18.536614579310,0.0 73.975465512079,18.536668909419,0.0 73.975462493740,18.536718065231,0.0 73.975458613018,18.536811202560,0.0 73.975456888252,18.536875881260,0.0 73.975455594678,18.536976780033,0.0 73.975455163487,18.537080265954,0.0 73.975455163487,18.537289824943,0.0 73.975454732296,18.537393310864,0.0 73.975453438722,18.537494209637,0.0 73.975451713956,18.537558888337,0.0 73.975447833234,18.537652025666,0.0 73.975444814895,18.537701181478,0.0 73.975439640599,18.537755511586,0.0 73.975434035111,18.537796905955,0.0 73.975422392945,18.537866758951,0.0 73.975415493884,18.537900391875,0.0 73.975406438866,18.537931437652,0.0 73.975398246230,18.537949547688,0.0 73.975382723342,18.537972832020,0.0 73.975371943559,18.537983180612,0.0 73.975355127097,18.537990942056,0.0 73.975337879443,18.537993529204,0.0 73.975302952945,18.537993529204,0.0 73.975285705292,18.537994822778,0.0 73.975268888830,18.537998703500,0.0 73.975258109046,18.538003877796,0.0 73.975242586158,18.538015519962,0.0 73.975234393523,18.538024574980,0.0 73.975225338505,18.538040097868,0.0 73.975218439443,18.538056914331,0.0 73.975206797277,18.538091840829,0.0 73.975201191790,18.538112538013,0.0 73.975196017494,18.538139703067,0.0 73.975192999154,18.538164280973,0.0 73.975189118432,18.538210849638,0.0 73.975187393667,18.538243188988,0.0 73.975186100093,18.538293638374,0.0 73.975185668902,18.538345381335,0.0 73.975185668902,18.538450160829,0.0 73.975185237710,18.538501903790,0.0 73.975183944136,18.538552353176,0.0 73.975182219371,18.538584692526,0.0 73.975178338649,18.538631261191,0.0 73.975175320310,18.538655839097,0.0 73.975170146014,18.538683004151,0.0 73.975164540526,18.538703701335,0.0 73.975152898360,18.538738627833,0.0 73.975145999299,18.538755444295,0.0 73.975136944281,18.538770967184,0.0 73.975128751645,18.538780022202,0.0 73.975113228757,18.538791664368,0.0 73.975102448974,18.538796838664,0.0 73.975085632512,18.538800719386,0.0 73.975068384858,18.538802012960,0.0 73.975033458360,18.538802012960,0.0 73.975016210706,18.538802444151,0.0 73.974999394244,18.538803737725,0.0 73.974988614461,18.538805462490,0.0 73.974973091573,18.538809343213,0.0 73.974964898937,18.538812361552,0.0 73.974955843919,18.538817535848,0.0 73.974948944858,18.538823141335,0.0 73.974937302692,18.538834783501,0.0 73.974931697205,18.538841682563,0.0 73.974926522909,18.538850737581,0.0 73.974923504569,18.538858930216,0.0 73.974919623847,18.538874453104,0.0 73.974917899082,18.538885232888,0.0 73.974916605508,18.538902049350,0.0 73.974916174316,18.538919297003,0.0 73.974916174316,18.538954223502,0.0 73.974915743125,18.538971471155,0.0 73.974914449551,18.538988287617,0.0 73.974912724786,18.538999067401,0.0 73.974908844064,18.539014590289,0.0 73.974905825724,18.539022782924,0.0 73.974900651428,18.539031837942,0.0 73.974895045941,18.539038737003,0.0 73.974883403775,18.539050379170,0.0 73.974876504713,18.539055984657,0.0 73.974867449695,18.539061158953,0.0 73.974859257060,18.539064177292,0.0 73.974843734172,18.539068058014,0.0 73.974832954389,18.539069782780,0.0 73.974816137926,18.539071076354,0.0 73.974798890273,18.539071507545,0.0 73.974763963775,18.539071507545,0.0 73.974746716121,18.539072369928,0.0 73.974729899659,18.539074957076,0.0 73.974719119876,18.539078406606,0.0 73.974703596988,18.539086168050,0.0 73.974695404352,18.539092204729,0.0 73.974686349334,18.539102553321,0.0 73.974679450273,18.539113764296,0.0 73.974667808107,18.539137048628,0.0 73.974662202619,18.539150846751,0.0 73.974657028323,18.539168956787,0.0 73.974654009984,18.539185342058,0.0 73.974650129262,18.539216387834,0.0 73.974648404497,18.539237947401,0.0 73.974647110923,18.539271580325,0.0 73.974646679731,18.539306075632,0.0 73.974646679731,18.539375928629,0.0 73.974646248540,18.539410423935,0.0 73.974644954966,18.539444056860,0.0 73.974643230200,18.539465616426,0.0 73.974639349478,18.539496662203,0.0 73.974636331139,18.539513047473,0.0 73.974631156843,18.539531157510,0.0 73.974625551356,18.539544955632,0.0 73.974613909190,18.539568239965,0.0 73.974607010128,18.539579450939,0.0 73.974597955110,18.539589799531,0.0 73.974589762475,18.539595836210,0.0 73.974574239587,18.539603597654,0.0 73.974563459803,18.539607047185,0.0 73.974546643341,18.539609634333,0.0 73.974529395688,18.539610496716,0.0 73.974494469189,18.539610496716,0.0 73.974477221536,18.539610927907,0.0 73.974460405074,18.539612221481,0.0 73.974449625290,18.539613946246,0.0 73.974434102402,18.539617826968,0.0 73.974425909767,18.539620845308,0.0 73.974416854749,18.539626019604,0.0 73.974409955688,18.539631625091,0.0 73.974398313521,18.539643267257,0.0 73.974392708034,18.539650166318,0.0 73.974387533738,18.539659221337,0.0 73.974384515399,18.539667413972,0.0 73.974380634677,18.539682936860,0.0 73.974378909911,18.539693716643,0.0 73.974377616337,18.539710533106,0.0 73.974377185146,18.539727780759,0.0 73.974377185146,18.539762707257,0.0 73.974376753955,18.539779954911,0.0 73.974375460381,18.539796771373,0.0 73.974373735615,18.539807551156,0.0 73.974369854893,18.539823074044,0.0 73.974366836554,18.539831266680,0.0 73.974361662258,18.539840321698,0.0 73.974356056770,18.539847220759,0.0 73.974344414604,18.539858862925,0.0 73.974337515543,18.539864468413,0.0 73.974328460525,18.539869642709,0.0 73.974320267890,18.539872661048,0.0 73.974304745001,18.539876541770,0.0 73.974293965218,18.539878266535,0.0 73.974277148756,18.539879560109,0.0 73.974259901102,18.539879991301,0.0 73.974224974604,18.539879991301,0.0 73.974207726951,18.539880422492,0.0 73.974190910489,18.539881716066,0.0 73.974180130705,18.539883440831,0.0 73.974164607817,18.539887321553,0.0 73.974156415182,18.539890339893,0.0 73.974147360164,18.539895514189,0.0 73.974140461102,18.539901119676,0.0 73.974128818936,18.539912761842,0.0 73.974123213449,18.539919660904,0.0 73.974118039153,18.539928715922,0.0 73.974115020813,18.539936908557,0.0 73.974111140091,18.539952431445,0.0 73.974109415326,18.539963211229,0.0 73.974108121752,18.539980027691,0.0 73.974107690561,18.539997275344,0.0 73.974107690561,18.540032201842,0.0 73.974107259369,18.540049449496,0.0 73.974105965795,18.540066265958,0.0 73.974104241030,18.540077045741,0.0 73.974100360308,18.540092568630,0.0 73.974097341969,18.540100761265,0.0 73.974092167673,18.540109816283,0.0 73.974086562185,18.540116715344,0.0 73.974074920019,18.540128357511,0.0 73.974068020958,18.540133962998,0.0 73.974058965940,18.540139137294,0.0 73.974050773304,18.540142155633,0.0 73.974035250416,18.540146036355,0.0 73.974024470633,18.540147761121,0.0 73.974007654171,18.540149054695,0.0 73.973990406517,18.540149485886,0.0 73.973955480019,18.540149485886,0.0 73.973938232366,18.540149917077,0.0 73.973921415903,18.540151210651,0.0 73.973910636120,18.540152935417,0.0 73.973895113232,18.540156816139,0.0 73.973886920596,18.540159834478,0.0 73.973877865578,18.540165008774,0.0 73.973870966517,18.540170614261,0.0 73.973859324351,18.540182256428,0.0 73.973853718864,18.540189155489,0.0 73.973848544568,18.540198210507,0.0 73.973845526228,18.540206403142,0.0 73.973841645506,18.540221926030,0.0 73.973839920741,18.540232705814,0.0 73.973838627167,18.540249522276,0.0 73.973838195975,18.540266769929,0.0 73.973838195975,18.540301696428,0.0 73.973837764784,18.540318944081,0.0 73.973836471210,18.540335760543,0.0 73.973834746445,18.540346540327,0.0 73.973830865723,18.540362063215,0.0 73.973827847383,18.540370255850,0.0 73.973822673087,18.540379310868,0.0 73.973817067600,18.540386209930,0.0 73.973805425434,18.540397852096,0.0 73.973798526373,18.540403457583,0.0 73.973789471354,18.540408631879,0.0 73.973781278719,18.540411650218,0.0 73.973765755831,18.540415530941,0.0 73.973754976048,18.540417255706,0.0 73.973738159585,18.540418549280,0.0 73.973720911932,18.540418980471,0.0 73.973685985434,18.540418980471,0.0 73.973668737780,18.540419411663,0.0 73.973651921318,18.540420705237,0.0 73.973641141535,18.540422430002,0.0 73.973625618647,18.540426310724,0.0 73.973617426011,18.540429329063,0.0 73.973608370993,18.540434503359,0.0 73.973601471932,18.540440108847,0.0 73.973589829766,18.540451751013,0.0 73.973584224278,18.540458650074,0.0 73.973579049982,18.540467705092,0.0 73.973576031643,18.540475897728,0.0 73.973572150921,18.540491420616,0.0 73.973570426156,18.540502200399,0.0 73.973569132582,18.540519016861,0.0 73.973568701390,18.540536264515,0.0 73.973568701390,18.540571191013,0.0 73.973568270199,18.540588438666,0.0 73.973566976625,18.540605255129,0.0 73.973565251860,18.540616034912,0.0 73.973561371138,18.540631557800,0.0 73.973558352798,18.540639750435,0.0 73.973553178502,18.540648805454,0.0 73.973547573015,18.540655704515,0.0 73.973535930849,18.540667346681,0.0 73.973529031787,18.540672952168,0.0 73.973519976769,18.540678126464,0.0 73.973511784134,18.540681144804,0.0 73.973496261246,18.540685025526,0.0 73.973485481462,18.540686750291,0.0 73.973468665000,18.540688043865,0.0 73.973451417347,18.540688475056,0.0 73.973416490849,18.540688475056,0.0 73.973399243195,18.540689337439,0.0 73.973382426733,18.540691924587,0.0 73.973371646950,18.540695374118,0.0 73.973356124061,18.540703135562,0.0 73.973347931426,18.540709172241,0.0 73.973338876408,18.540719520833,0.0 73.973331977347,18.540730731807,0.0 73.973320335180,18.540754016140,0.0 73.973314729693,18.540767814262,0.0 73.973309555397,18.540785924298,0.0 73.973306537058,18.540802309569,0.0 73.973302656336,18.540833355345,0.0 73.973300931570,18.540854914912,0.0 73.973299637996,18.540888547837,0.0 73.973299206805,18.540923043143,0.0 73.973299206805,18.540992896140,0.0 73.973298775614,18.541027391447,0.0 73.973297482040,18.541061024371,0.0 73.973295757274,18.541082583938,0.0 73.973291876552,18.541113629714,0.0 73.973288858213,18.541130014985,0.0 73.973283683917,18.541148125021,0.0 73.973278078430,18.541161923144,0.0 73.973266436263,18.541185207476,0.0 73.973259537202,18.541196418451,0.0 73.973250482184,18.541206767043,0.0 73.973242289549,18.541212803721,0.0 73.973226766661,18.541220565166,0.0 73.973215986877,18.541224014696,0.0 73.973199170415,18.541226601844,0.0 73.973181922762,18.541227464227,0.0 73.973146996263,18.541227464227,0.0 73.973129748610,18.541228326610,0.0 73.973112932148,18.541230913758,0.0 73.973102152364,18.541234363288,0.0 73.973086629476,18.541242124732,0.0 73.973078436841,18.541248161411,0.0 73.973069381823,18.541258510003,0.0 73.973062482761,18.541269720978,0.0 73.973050840595,18.541293005310,0.0 73.973045235108,18.541306803433,0.0 73.973040060812,18.541324913469,0.0 73.973037042472,18.541341298740,0.0 73.973033161750,18.541372344516,0.0 73.973031436985,18.541393904083,0.0 73.973030143411,18.541427537007,0.0 73.973029712220,18.541462032314,0.0 73.973029712220,18.541531885310,0.0 73.973028849837,18.541566380617,0.0 73.973026262689,18.541600013542,0.0 73.973022813158,18.541621573108,0.0 73.973015051714,18.541652618885,0.0 73.973009015036,18.541669004155,0.0 73.972998666444,18.541687114192,0.0 73.972987455469,18.541700912314,0.0 73.972964171137,18.541724196646,0.0 73.972950373014,18.541735407621,0.0 73.972932262978,18.541745756213,0.0 73.972915877707,18.541751792892,0.0 73.972884831931,18.541759554336,0.0 73.972863272364,18.541763003867,0.0 73.972829639440,18.541765591015,0.0 73.972795144133,18.541766453397,0.0 73.972725291136,18.541766453397,0.0 73.972690795829,18.541766884589,0.0 73.972657162905,18.541768178163,0.0 73.972635603338,18.541769902928,0.0 73.972604557562,18.541773783650,0.0 73.972588172291,18.541776801989,0.0 73.972570062255,18.541781976286,0.0 73.972556264132,18.541787581773,0.0 73.972532979800,18.541799223939,0.0 73.972521768826,18.541806123000,0.0 73.972511420233,18.541815178018,0.0 73.972505383555,18.541823370654,0.0 73.972497622111,18.541838893542,0.0 73.972494172580,18.541849673325,0.0 73.972491585432,18.541866489787,0.0 73.972490723049,18.541883737441,0.0 73.972490723049,18.541918663939,0.0 73.972490291858,18.541935911593,0.0 73.972488998284,18.541952728055,0.0 73.972487273519,18.541963507838,0.0 73.972483392797,18.541979030726,0.0 73.972480374457,18.541987223362,0.0 73.972475200161,18.541996278380,0.0 73.972469594674,18.542003177441,0.0 73.972457952508,18.542014819607,0.0 73.972451053446,18.542020425095,0.0 73.972441998428,18.542025599391,0.0 73.972433805793,18.542028617730,0.0 73.972418282905,18.542032498452,0.0 73.972407503121,18.542034223217,0.0 73.972390686659,18.542035516791,0.0 73.972373439006,18.542035947983,0.0 73.972338512508,18.542035947983,0.0 73.972321264854,18.542036379174,0.0 73.972304448392,18.542037672748,0.0 73.972293668609,18.542039397513,0.0 73.972278145720,18.542043278235,0.0 73.972269953085,18.542046296575,0.0 73.972260898067,18.542051470871,0.0 73.972253999006,18.542057076358,0.0 73.972242356840,18.542068718524,0.0 73.972236751352,18.542075617586,0.0 73.972231577056,18.542084672604,0.0 73.972228558717,18.542092865239,0.0 73.972224677995,18.542108388127,0.0 73.972222953229,18.542119167911,0.0 73.972221659655,18.542135984373,0.0 73.972221228464,18.542153232026,0.0 73.972221228464,18.542188158524,0.0 73.972220366081,18.542205406178,0.0 73.972217778933,18.542222222640,0.0 73.972214329403,18.542233002423,0.0 73.972206567959,18.542248525311,0.0 73.972200531280,18.542256717947,0.0 73.972190182688,18.542265772965,0.0 73.972178971713,18.542272672026,0.0 73.972155687381,18.542284314192,0.0 73.972141889258,18.542289919680,0.0 73.972123779222,18.542295093976,0.0 73.972107393951,18.542298112315,0.0 73.972076348175,18.542301993037,0.0 73.972054788608,18.542303717803,0.0 73.972021155684,18.542305011377,0.0 73.971986660377,18.542305442568,0.0 73.971916807381,18.542305442568,0.0 73.971882312074,18.542305873759,0.0 73.971848679149,18.542307167333,0.0 73.971827119583,18.542308892099,0.0 73.971796073806,18.542312772821,0.0 73.971779688536,18.542315791160,0.0 73.971761578499,18.542320965456,0.0 73.971747780377,18.542326570943,0.0 73.971724496045,18.542338213109,0.0 73.971713285070,18.542345112171,0.0 73.971702936478,18.542354167189,0.0 73.971696899799,18.542362359824,0.0 73.971689138355,18.542377882712,0.0 73.971685688824,18.542388662496,0.0 73.971683101676,18.542405478958,0.0 73.971682239294,18.542422726611,0.0 73.971682239294,18.542457653110,0.0 73.971681376911,18.542474900763,0.0 73.971678789763,18.542491717225,0.0 73.971675340232,18.542502497009,0.0 73.971667578788,18.542518019897,0.0 73.971661542109,18.542526212532,0.0 73.971651193517,18.542535267550,0.0 73.971639982543,18.542542166612,0.0 73.971616698210,18.542553808778,0.0 73.971602900088,18.542559414265,0.0 73.971584790052,18.542564588561,0.0 73.971568404781,18.542567606900,0.0 73.971537359005,18.542571487622,0.0 73.971515799438,18.542573212388,0.0 73.971482166514,18.542574505962,0.0 73.971447671207,18.542574937153,0.0 73.971377818210,18.542574937153,0.0 73.971343322903,18.542575368344,0.0 73.971309689979,18.542576661918,0.0 73.971288130412,18.542578386684,0.0 73.971257084636,18.542582267406,0.0 73.971240699365,18.542585285745,0.0 73.971222589329,18.542590460041,0.0 73.971208791206,18.542596065529,0.0 73.971185506874,18.542607707695,0.0 73.971174295899,18.542614606756,0.0 73.971163947307,18.542623661774,0.0 73.971157910629,18.542631854410,0.0 73.971150149184,18.542647377298,0.0 73.971146699654,18.542658157081,0.0 73.971144112506,18.542674973543,0.0 73.971143250123,18.542692221197,0.0 73.971143250123,18.542727147695,0.0 73.971142387740,18.542744395348,0.0 73.971139800592,18.542761211810,0.0 73.971136351062,18.542771991594,0.0 73.971128589618,18.542787514482,0.0 73.971122552939,18.542795707117,0.0 73.971112204347,18.542804762135,0.0 73.971100993372,18.542811661197,0.0 73.971077709040,18.542823303363,0.0 73.971063910917,18.542828908850,0.0 73.971045800881,18.542834083146,0.0 73.971029415610,18.542837101486,0.0 73.970998369834,18.542840982208,0.0 73.970976810267,18.542842706973,0.0 73.970943177343,18.542844000547,0.0 73.970908682036,18.542844431738,0.0 73.970838829040,18.542844431738,0.0 73.970804333733,18.542844862930,0.0 73.970770700808,18.542846156504,0.0 73.970749141242,18.542847881269,0.0 73.970718095465,18.542851761991,0.0 73.970701710195,18.542854780330,0.0 73.970683600159,18.542859954626,0.0 73.970669802036,18.542865560114,0.0 73.970646517704,18.542877202280,0.0 73.970635306729,18.542884101341,0.0 73.970624958137,18.542893156359,0.0 73.970618921458,18.542901348995,0.0 73.970611160014,18.542916871883,0.0 73.970607710483,18.542927651666,0.0 73.970605123335,18.542944468128,0.0 73.970604260953,18.542961715782,0.0 73.970604260953,18.542996642280,0.0 73.970603398570,18.543013889934,0.0 73.970600811422,18.543030706396,0.0 73.970597361891,18.543041486179,0.0 73.970589600447,18.543057009067,0.0 73.970583563768,18.543065201703,0.0 73.970573215176,18.543074256721,0.0 73.970562004202,18.543081155782,0.0 73.970538719870,18.543092797948,0.0 73.970524921747,18.543098403435,0.0 73.970506811711,18.543103577732,0.0 73.970490426440,18.543106596071,0.0 73.970459380664,18.543110476793,0.0 73.970437821097,18.543112201558,0.0 73.970404188173,18.543113495132,0.0 73.970369692866,18.543113926324,0.0 73.970299839869,18.543113926324,0.0 73.970265344562,18.543114357515,0.0 73.970231711638,18.543115651089,0.0 73.970210152071,18.543117375854,0.0 73.970179106295,18.543121256576,0.0 73.970162721024,18.543124274916,0.0 73.970144610988,18.543129449212,0.0 73.970130812865,18.543135054699,0.0 73.970107528533,18.543146696865,0.0 73.970096317558,18.543153595927,0.0 73.970085968966,18.543162650945,0.0 73.970079932288,18.543170843580,0.0 73.970072170844,18.543186366468,0.0 73.970068721313,18.543197146251,0.0 73.970066134165,18.543213962714,0.0 73.970065271782,18.543231210367,0.0 73.970065271782,18.543266136865,0.0 73.970061822251,18.543283384519,0.0 73.970051473659,18.543300200981,0.0 73.970037675537,18.543310980764,0.0 73.970006629760,18.543326503652,0.0 73.969982483046,18.543334696288,0.0 73.969941088677,18.543343751306,0.0 73.969896244778,18.543350650367,0.0 73.969803107450,18.543362292533,0.0 73.969747914959,18.543367898021,0.0 73.969675474814,18.543373072317,0.0 73.969609933731,18.543376090656,0.0 73.969485750626,18.543379971378,0.0 73.969399512359,18.543381696143,0.0 73.969264980662,18.543382989717,0.0 73.969126999434,18.543383420909,0.0 73.968847587448,18.543383420909,0.0 73.968709606221,18.543383852100,0.0 73.968575074524,18.543385145674,0.0 73.968488836256,18.543386870440,0.0 73.968364653152,18.543390751162,0.0 73.968299112068,18.543393769501,0.0 73.968226671924,18.543398943797,0.0 73.968171479433,18.543404549284,0.0 73.968078342104,18.543416191450,0.0 73.968033498205,18.543423090512,0.0 73.967992103837,18.543432145530,0.0 73.967967957122,18.543440338165,0.0 73.967936911346,18.543455861053,0.0 73.967923113223,18.543466640837,0.0 73.967912764631,18.543483457299,0.0 73.967909315100,18.543500704952,0.0 73.967909315100,18.543535631451,0.0 73.967907590335,18.543552879104,0.0 73.967902416039,18.543569695566,0.0 73.967895516978,18.543580475350,0.0 73.967879994089,18.543595998238,0.0 73.967867920732,18.543604190873,0.0 73.967847223548,18.543613245891,0.0 73.967824801598,18.543620144952,0.0 73.967778232934,18.543631787119,0.0 73.967750636689,18.543637392606,0.0 73.967714416616,18.543642566902,0.0 73.967681646075,18.543645585241,0.0 73.967619554522,18.543649465963,0.0 73.967576435389,18.543651190729,0.0 73.967509169540,18.543652484303,0.0 73.967440178926,18.543652915494,0.0 73.967300472933,18.543652915494,0.0 73.967231482320,18.543653346685,0.0 73.967164216471,18.543654640259,0.0 73.967121097337,18.543656365025,0.0 73.967059005785,18.543660245747,0.0 73.967026235243,18.543663264086,0.0 73.966990015171,18.543668438382,0.0 73.966962418926,18.543674043870,0.0 73.966915850261,18.543685686036,0.0 73.966893428312,18.543692585097,0.0 73.966872731128,18.543701640115,0.0 73.966860657770,18.543709832750,0.0 73.966845134882,18.543725355639,0.0 73.966838235821,18.543736135422,0.0 73.966833061525,18.543752951884,0.0 73.966831336759,18.543770199538,0.0 73.966831336759,18.543805126036,0.0 73.966830043185,18.543822373689,0.0 73.966826162463,18.543839190151,0.0 73.966820988167,18.543849969935,0.0 73.966809346001,18.543865492823,0.0 73.966800290983,18.543873685458,0.0 73.966784768095,18.543882740476,0.0 73.966767951633,18.543889639538,0.0 73.966733025135,18.543901281704,0.0 73.966712327951,18.543906887191,0.0 73.966685162896,18.543912061487,0.0 73.966660584990,18.543915079827,0.0 73.966614016326,18.543918960549,0.0 73.966581676976,18.543920685314,0.0 73.966531227589,18.543921978888,0.0 73.966479484629,18.543922410079,0.0 73.966374705134,18.543922410079,0.0 73.966322962174,18.543922841271,0.0 73.966272512787,18.543924134845,0.0 73.966240173437,18.543925859610,0.0 73.966193604773,18.543929740332,0.0 73.966169026867,18.543932758671,0.0 73.966141861812,18.543937932967,0.0 73.966121164628,18.543943538455,0.0 73.966086238130,18.543955180621,0.0 73.966069421668,18.543962079682,0.0 73.966053898780,18.543971134700,0.0 73.966044843762,18.543979327336,0.0 73.966033201596,18.543994850224,0.0 73.966028027300,18.544005630007,0.0 73.966024146578,18.544022446469,0.0 73.966022853004,18.544039694123,0.0 73.966022853004,18.544074620621,0.0 73.966022421812,18.544091868274,0.0 73.966021128238,18.544108684737,0.0 73.966019403473,18.544119464520,0.0 73.966015522751,18.544134987408,0.0 73.966012504412,18.544143180044,0.0 73.966007330116,18.544152235062,0.0 73.966001724628,18.544159134123,0.0 73.965990082462,18.544170776289,0.0 73.965983183401,18.544176381776,0.0 73.965974128383,18.544181556072,0.0 73.965965935747,18.544184574412,0.0 73.965950412859,18.544188455134,0.0 73.965939633076,18.544190179899,0.0 73.965922816614,18.544191473473,0.0 73.965905568960,18.544191904665,0.0 73.965870642462,18.544191904665,0.0 73.965853394808,18.544192335856,0.0 73.965836578346,18.544193629430,0.0 73.965825798563,18.544195354195,0.0 73.965810275675,18.544199234917,0.0 73.965802083039,18.544202253257,0.0 73.965793028021,18.544207427553,0.0 73.965786128960,18.544213033040,0.0 73.965774486794,18.544224675206,0.0 73.965768881307,18.544231574267,0.0 73.965763707010,18.544240629286,0.0 73.965760688671,18.544248821921,0.0 73.965756807949,18.544264344809,0.0 73.965755083184,18.544275124592,0.0 73.965753789610,18.544291941055,0.0 73.965753358418,18.544309188708,0.0 73.965753358418,18.544344115206,0.0 73.965750771270,18.544361362860,0.0 73.965743009826,18.544378179322,0.0 73.965732661234,18.544388959105,0.0 73.965709376902,18.544404481993,0.0 73.965691266866,18.544412674629,0.0 73.965660221090,18.544421729647,0.0 73.965626588166,18.544428628708,0.0 73.965556735169,18.544440270874,0.0 73.965515340801,18.544445876362,0.0 73.965461010692,18.544451050658,0.0 73.965411854880,18.544454068997,0.0 73.965318717551,18.544457949719,0.0 73.965254038851,18.544459674484,0.0 73.965153140078,18.544460968058,0.0 73.965049654157,18.544461399250,0.0 73.964840095168,18.544461399250,0.0 73.964736609247,18.544461830441,0.0 73.964635710475,18.544463124015,0.0 73.964571031774,18.544464848780,0.0 73.964477894445,18.544468729502,0.0 73.964428738633,18.544471747842,0.0 73.964374408525,18.544476922138,0.0 73.964333014156,18.544482527625,0.0 73.964263161160,18.544494169791,0.0 73.964229528236,18.544501068853,0.0 73.964198482459,18.544510123871,0.0 73.964180372423,18.544518316506,0.0 73.964157088091,18.544533839394,0.0 73.964146739499,18.544544619178,0.0 73.964138978055,18.544561435640,0.0 73.964136390907,18.544578683293,0.0 73.964136390907,18.544613609791,0.0 73.964135528524,18.544630857445,0.0 73.964132941376,18.544647673907,0.0 73.964129491846,18.544658453690,0.0 73.964121730402,18.544673976579,0.0 73.964115693723,18.544682169214,0.0 73.964105345131,18.544691224232,0.0 73.964094134156,18.544698123293,0.0 73.964070849824,18.544709765460,0.0 73.964057051701,18.544715370947,0.0 73.964038941665,18.544720545243,0.0 73.964022556394,18.544723563582,0.0 73.963991510618,18.544727444304,0.0 73.963969951051,18.544729169070,0.0 73.963936318127,18.544730462644,0.0 73.963901822820,18.544730893835,0.0 73.963831969824,18.544730893835,0.0 73.963797474517,18.544731325026,0.0 73.963763841592,18.544732618600,0.0 73.963742282026,18.544734343366,0.0 73.963711236249,18.544738224088,0.0 73.963694850979,18.544741242427,0.0 73.963676740942,18.544746416723,0.0 73.963662942820,18.544752022210,0.0 73.963639658487,18.544763664377,0.0 73.963628447513,18.544770563438,0.0 73.963618098921,18.544779618456,0.0 73.963612062242,18.544787811091,0.0 73.963604300798,18.544803333980,0.0 73.963600851267,18.544814113763,0.0 73.963598264119,18.544830930225,0.0 73.963597401737,18.544848177878,0.0 73.963597401737,18.544883104377,0.0 73.963596539354,18.544900352030,0.0 73.963593952206,18.544917168492,0.0 73.963590502675,18.544927948276,0.0 73.963582741231,18.544943471164,0.0 73.963576704552,18.544951663799,0.0 73.963566355960,18.544960718817,0.0 73.963555144986,18.544967617879,0.0 73.963531860653,18.544979260045,0.0 73.963518062531,18.544984865532,0.0 73.963499952495,18.544990039828,0.0 73.963483567224,18.544993058168,0.0 73.963452521448,18.544996938890,0.0 73.963430961881,18.544998663655,0.0 73.963397328956,18.544999957229,0.0 73.963362833650,18.545000388420,0.0 73.963292980653,18.545000388420,0.0 73.963258485346,18.545000819612,0.0 73.963224852422,18.545002113186,0.0 73.963203292855,18.545003837951,0.0 73.963172247079,18.545007718673,0.0 73.963155861808,18.545010737012,0.0 73.963137751772,18.545015911308,0.0 73.963123953649,18.545021516796,0.0 73.963100669317,18.545033158962,0.0 73.963089458342,18.545040058023,0.0 73.963079109750,18.545049113041,0.0 73.963073073071,18.545057305677,0.0 73.963065311627,18.545072828565,0.0 73.963061862097,18.545083608348,0.0 73.963059274949,18.545100424810,0.0 73.963058412566,18.545117672464,0.0 73.963058412566,18.545152598962,0.0 73.963057981375,18.545169846615,0.0 73.963056687801,18.545186663078,0.0 73.963054963035,18.545197442861,0.0 73.963051082313,18.545212965749,0.0 73.963048063974,18.545221158384,0.0 73.963042889678,18.545230213403,0.0 73.963037284191,18.545237112464,0.0 73.963025642024,18.545248754630,0.0 73.963018742963,18.545254360117,0.0 73.963009687945,18.545259534413,0.0 73.963001495310,18.545262552753,0.0 73.962985972422,18.545266433475,0.0 73.962975192638,18.545268158240,0.0 73.962958376176,18.545269451814,0.0 73.962941128523,18.545269883005,0.0 73.962906202024,18.545269883005,0.0 73.962888954371,18.545270314197,0.0 73.962872137909,18.545271607771,0.0 73.962861358125,18.545273332536,0.0 73.962845835237,18.545277213258,0.0 73.962837642602,18.545280231598,0.0 73.962828587584,18.545285405894,0.0 73.962821688522,18.545291011381,0.0 73.962810046356,18.545302653547,0.0 73.962804440869,18.545309552608,0.0 73.962799266573,18.545318607626,0.0 73.962796248234,18.545326800262,0.0 73.962792367512,18.545342323150,0.0 73.962790642746,18.545353102933,0.0 73.962789349172,18.545369919396,0.0 73.962788917981,18.545387167049,0.0 73.962788917981,18.545422093547,0.0 73.962787624407,18.545439341201,0.0 73.962783743685,18.545456157663,0.0 73.962778569389,18.545466937446,0.0 73.962766927223,18.545482460334,0.0 73.962757872205,18.545490652970,0.0 73.962742349316,18.545499707988,0.0 73.962725532854,18.545506607049,0.0 73.962690606356,18.545518249215,0.0 73.962669909172,18.545523854703,0.0 73.962642744118,18.545529028999,0.0 73.962618166212,18.545532047338,0.0 73.962571597547,18.545535928060,0.0 73.962539258197,18.545537652825,0.0 73.962488808811,18.545538946399,0.0 73.962437065850,18.545539377591,0.0 73.962332286356,18.545539377591,0.0 73.962280543395,18.545539808782,0.0 73.962230094009,18.545541102356,0.0 73.962197754659,18.545542827121,0.0 73.962151185994,18.545546707843,0.0 73.962126608088,18.545549726183,0.0 73.962099443034,18.545554900479,0.0 73.962078745850,18.545560505966,0.0 73.962043819352,18.545572148132,0.0 73.962027002889,18.545579047194,0.0 73.962011480001,18.545588102212,0.0 73.962002424983,18.545596294847,0.0 73.961990782817,18.545611817735,0.0 73.961985608521,18.545622597519,0.0 73.961981727799,18.545639413981,0.0 73.961980434225,18.545656661634,0.0 73.961980434225,18.545691588132,0.0 73.961979140651,18.545708835786,0.0 73.961975259929,18.545725652248,0.0 73.961970085633,18.545736432031,0.0 73.961958443467,18.545751954920,0.0 73.961949388449,18.545760147555,0.0 73.961933865561,18.545769202573,0.0 73.961917049099,18.545776101634,0.0 73.961882122600,18.545787743800,0.0 73.961861425416,18.545793349288,0.0 73.961834260362,18.545798523584,0.0 73.961809682456,18.545801541923,0.0 73.961763113792,18.545805422645,0.0 73.961730774441,18.545807147411,0.0 73.961680325055,18.545808440985,0.0 73.961628582095,18.545808872176,0.0 73.961523802600,18.545808872176,0.0 73.961472059640,18.545809303367,0.0 73.961421610253,18.545810596941,0.0 73.961389270903,18.545812321707,0.0 73.961342702239,18.545816202429,0.0 73.961318124332,18.545819220768,0.0 73.961290959278,18.545824395064,0.0 73.961270262094,18.545830000551,0.0 73.961235335596,18.545841642718,0.0 73.961218519134,18.545848541779,0.0 73.961202996246,18.545857596797,0.0 73.961193941228,18.545865789432,0.0 73.961182299061,18.545881312320,0.0 73.961177124765,18.545892092104,0.0 73.961173244043,18.545908908566,0.0 73.961171950469,18.545926156219,0.0 73.961171950469,18.545961082718,0.0 73.961171519278,18.545978330371,0.0 73.961170225704,18.545995146833,0.0 73.961168500939,18.546005926617,0.0 73.961164620217,18.546021449505,0.0 73.961161601877,18.546029642140,0.0 73.961156427581,18.546038697158,0.0 73.961150822094,18.546045596220,0.0 73.961139179928,18.546057238386,0.0 73.961132280866,18.546062843873,0.0 73.961123225848,18.546068018169,0.0 73.961115033213,18.546071036508,0.0 73.961099510325,18.546074917230,0.0 73.961088730541,18.546076641996,0.0 73.961071914079,18.546077935570,0.0 73.961054666426,18.546078366761,0.0 73.961019739928,18.546078366761,0.0 73.961002492274,18.546079229144,0.0 73.960985675812,18.546081816292,0.0 73.960974896029,18.546085265823,0.0 73.960959373141,18.546093027267,0.0 73.960951180505,18.546099063945,0.0 73.960942125487,18.546109412537,0.0 73.960935226426,18.546120623512,0.0 73.960923584260,18.546143907844,0.0 73.960917978772,18.546157705967,0.0 73.960912804476,18.546175816003,0.0 73.960909786137,18.546192201274,0.0 73.960905905415,18.546223247050,0.0 73.960904180650,18.546244806617,0.0 73.960902887076,18.546278439541,0.0 73.960902455884,18.546312934848,0.0 73.960902455884,18.546382787845,0.0 73.960901593501,18.546417283152,0.0 73.960899006353,18.546450916076,0.0 73.960895556823,18.546472475643,0.0 73.960887795379,18.546503521419,0.0 73.960881758700,18.546519906690,0.0 73.960871410108,18.546538016726,0.0 73.960860199133,18.546551814849,0.0 73.960836914801,18.546575099181,0.0 73.960823116678,18.546586310155,0.0 73.960805006642,18.546596658747,0.0 73.960788621371,18.546602695426,0.0 73.960757575595,18.546610456870,0.0 73.960736016028,18.546613906401,0.0 73.960702383104,18.546616493549,0.0 73.960667887797,18.546617355932,0.0 73.960598034801,18.546617355932,0.0 73.960563539494,18.546617787123,0.0 73.960529906570,18.546619080697,0.0 73.960508347003,18.546620805462,0.0 73.960477301226,18.546624686184,0.0 73.960460915956,18.546627704524,0.0 73.960442805920,18.546632878820,0.0 73.960429007797,18.546638484307,0.0 73.960405723465,18.546650126473,0.0 73.960394512490,18.546657025535,0.0 73.960384163898,18.546666080553,0.0 73.960378127219,18.546674273188,0.0 73.960370365775,18.546689796076,0.0 73.960366916244,18.546700575860,0.0 73.960364329096,18.546717392322,0.0 73.960363466714,18.546734639975,0.0 73.960363466714,18.546769566473,0.0 73.960361741948,18.546786814127,0.0 73.960356567652,18.546803630589,0.0 73.960349668591,18.546814410372,0.0 73.960334145703,18.546829933260,0.0 73.960322072345,18.546838125896,0.0 73.960301375161,18.546847180914,0.0 73.960278953212,18.546854079975,0.0 73.960232384547,18.546865722141,0.0 73.960204788302,18.546871327629,0.0 73.960168568230,18.546876501925,0.0 73.960135797688,18.546879520264,0.0 73.960073706136,18.546883400986,0.0 73.960030587002,18.546885125752,0.0 73.959963321154,18.546886419326,0.0 73.959894330540,18.546886850517,0.0 73.959754624547,18.546886850517,0.0 73.959685633933,18.546887281708,0.0 73.959618368084,18.546888575282,0.0 73.959575248951,18.546890300048,0.0 73.959513157398,18.546894180770,0.0 73.959480386857,18.546897199109,0.0 73.959444166785,18.546902373405,0.0 73.959416570539,18.546907978892,0.0 73.959370001875,18.546919621058,0.0 73.959347579925,18.546926520120,0.0 73.959326882741,18.546935575138,0.0 73.959314809384,18.546943767773,0.0 73.959299286496,18.546959290661,0.0 73.959292387434,18.546970070445,0.0 73.959287213138,18.546986886907,0.0 73.959285488373,18.547004134560,0.0 73.959285488373,18.547039061059,0.0 73.959282038842,18.547056308712,0.0 73.959271690250,18.547073125174,0.0 73.959257892127,18.547083904958,0.0 73.959226846351,18.547099427846,0.0 73.959202699636,18.547107620481,0.0 73.959161305268,18.547116675499,0.0 73.959116461369,18.547123574561,0.0 73.959023324040,18.547135216727,0.0 73.958968131549,18.547140822214,0.0 73.958895691405,18.547145996510,0.0 73.958830150322,18.547149014849,0.0 73.958705967217,18.547152895571,0.0 73.958619728949,18.547154620337,0.0 73.958485197252,18.547155913911,0.0 73.958347216025,18.547156345102,0.0 73.958067804039,18.547156345102,0.0 73.957929822811,18.547155913911,0.0 73.957795291114,18.547154620337,0.0 73.957709052847,18.547152895571,0.0 73.957584869742,18.547149014849,0.0 73.957519328659,18.547145996510,0.0 73.957446888514,18.547140822214,0.0 73.957391696023,18.547135216727,0.0 73.957298558695,18.547123574561,0.0 73.957253714796,18.547116675499,0.0 73.957212320427,18.547107620481,0.0 73.957188173713,18.547099427846,0.0 73.957157127936,18.547083904958,0.0 73.957143329814,18.547073125174,0.0 73.957132981222,18.547056308712,0.0 73.957129531691,18.547039061059,0.0</coordinates>
                        </LinearRing>
                    </outerBoundaryIs>
                </Polygon>
            </Placemark>
            <Placemark id="1315">
                <name>Class 2 - 19</name>
                <styleUrl>#1320</styleUrl>
                <Polygon id="1314">
                    <outerBoundaryIs>
                        <LinearRing id="1318">
                            <coordinates>73.989738376504,18.524671010484,0.0 73.989738376504,18.524636083986,0.0 73.989737945313,18.524618836332,0.0 73.989736651739,18.524602019870,0.0 73.989734926974,18.524591240087,0.0 73.989731046252,18.524575717199,0.0 73.989728027912,18.524567524563,0.0 73.989722853616,18.524558469545,0.0 73.989717248129,18.524551570484,0.0 73.989705605963,18.524539928318,0.0 73.989698706901,18.524534322830,0.0 73.989689651883,18.524529148534,0.0 73.989681459248,18.524526130195,0.0 73.989665936360,18.524522249473,0.0 73.989655156576,18.524520524708,0.0 73.989638340114,18.524519231134,0.0 73.989621092461,18.524518799942,0.0 73.989586165963,18.524518799942,0.0 73.989568918309,18.524518368751,0.0 73.989552101847,18.524517075177,0.0 73.989541322064,18.524515350412,0.0 73.989525799176,18.524511469690,0.0 73.989517606540,18.524508451350,0.0 73.989508551522,18.524503277054,0.0 73.989501652461,18.524497671567,0.0 73.989490010295,18.524486029401,0.0 73.989484404807,18.524479130339,0.0 73.989479230511,18.524470075321,0.0 73.989476212172,18.524461882686,0.0 73.989472331450,18.524446359798,0.0 73.989470606685,18.524435580014,0.0 73.989469313111,18.524418763552,0.0 73.989468881919,18.524401515899,0.0 73.989468881919,18.524366589401,0.0 73.989468450728,18.524349341747,0.0 73.989467157154,18.524332525285,0.0 73.989465432388,18.524321745502,0.0 73.989461551666,18.524306222613,0.0 73.989458533327,18.524298029978,0.0 73.989453359031,18.524288974960,0.0 73.989447753544,18.524282075899,0.0 73.989436111378,18.524270433733,0.0 73.989429212316,18.524264828245,0.0 73.989420157298,18.524259653949,0.0 73.989411964663,18.524256635610,0.0 73.989396441775,18.524252754888,0.0 73.989385661991,18.524251030122,0.0 73.989368845529,18.524249736548,0.0 73.989351597876,18.524249305357,0.0 73.989316671377,18.524249305357,0.0 73.989299423724,18.524248442974,0.0 73.989282607262,18.524245855826,0.0 73.989271827478,18.524242406296,0.0 73.989256304590,18.524234644852,0.0 73.989248111955,18.524228608173,0.0 73.989239056937,18.524218259581,0.0 73.989232157875,18.524207048606,0.0 73.989220515709,18.524183764274,0.0 73.989214910222,18.524169966151,0.0 73.989209735926,18.524151856115,0.0 73.989206717587,18.524135470844,0.0 73.989202836865,18.524104425068,0.0 73.989201112099,18.524082865501,0.0 73.989199818525,18.524049232577,0.0 73.989199387334,18.524014737270,0.0 73.989199387334,18.523944884274,0.0 73.989199818525,18.523910388967,0.0 73.989201112099,18.523876756042,0.0 73.989202836865,18.523855196476,0.0 73.989206717587,18.523824150699,0.0 73.989209735926,18.523807765429,0.0 73.989214910222,18.523789655392,0.0 73.989220515709,18.523775857270,0.0 73.989232157875,18.523752572938,0.0 73.989239056937,18.523741361963,0.0 73.989248111955,18.523731013371,0.0 73.989256304590,18.523724976692,0.0 73.989271827478,18.523717215248,0.0 73.989282607262,18.523713765717,0.0 73.989299423724,18.523711178569,0.0 73.989316671377,18.523710316187,0.0 73.989351597876,18.523710316187,0.0 73.989368845529,18.523709884995,0.0 73.989385661991,18.523708591421,0.0 73.989396441775,18.523706866656,0.0 73.989411964663,18.523702985934,0.0 73.989420157298,18.523699967595,0.0 73.989429212316,18.523694793298,0.0 73.989436111378,18.523689187811,0.0 73.989447753544,18.523677545645,0.0 73.989453359031,18.523670646584,0.0 73.989458533327,18.523661591566,0.0 73.989461551666,18.523653398930,0.0 73.989465432388,18.523637876042,0.0 73.989467157154,18.523627096259,0.0 73.989468450728,18.523610279797,0.0 73.989468881919,18.523593032143,0.0 73.989468881919,18.523558105645,0.0 73.989469313111,18.523540857991,0.0 73.989470606685,18.523524041529,0.0 73.989472331450,18.523513261746,0.0 73.989476212172,18.523497738858,0.0 73.989479230511,18.523489546222,0.0 73.989484404807,18.523480491204,0.0 73.989490010295,18.523473592143,0.0 73.989501652461,18.523461949977,0.0 73.989508551522,18.523456344489,0.0 73.989517606540,18.523451170193,0.0 73.989525799176,18.523448151854,0.0 73.989541322064,18.523444271132,0.0 73.989552101847,18.523442546367,0.0 73.989568918309,18.523441252793,0.0 73.989586165963,18.523440821601,0.0 73.989621092461,18.523440821601,0.0 73.989638340114,18.523440390410,0.0 73.989655156576,18.523439096836,0.0 73.989665936360,18.523437372071,0.0 73.989681459248,18.523433491349,0.0 73.989689651883,18.523430473009,0.0 73.989698706901,18.523425298713,0.0 73.989705605963,18.523419693226,0.0 73.989717248129,18.523408051060,0.0 73.989722853616,18.523401151998,0.0 73.989728027912,18.523392096980,0.0 73.989731046252,18.523383904345,0.0 73.989734926974,18.523368381457,0.0 73.989736651739,18.523357601673,0.0 73.989737945313,18.523340785211,0.0 73.989738376504,18.523323537558,0.0 73.989738376504,18.523288611060,0.0 73.989738807696,18.523271363406,0.0 73.989740101270,18.523254546944,0.0 73.989741826035,18.523243767161,0.0 73.989745706757,18.523228244273,0.0 73.989748725096,18.523220051637,0.0 73.989753899393,18.523210996619,0.0 73.989759504880,18.523204097558,0.0 73.989771147046,18.523192455392,0.0 73.989778046107,18.523186849904,0.0 73.989787101125,18.523181675608,0.0 73.989795293761,18.523178657269,0.0 73.989810816649,18.523174776547,0.0 73.989821596432,18.523173051781,0.0 73.989838412894,18.523171758207,0.0 73.989855660548,18.523171327016,0.0 73.989890587046,18.523171327016,0.0 73.989907834700,18.523170895825,0.0 73.989924651162,18.523169602251,0.0 73.989935430945,18.523167877485,0.0 73.989950953833,18.523163996763,0.0 73.989959146469,18.523160978424,0.0 73.989968201487,18.523155804128,0.0 73.989975100548,18.523150198641,0.0 73.989986742714,18.523138556475,0.0 73.989992348202,18.523131657413,0.0 73.989997522498,18.523122602395,0.0 73.990000540837,18.523114409760,0.0 73.990004421559,18.523098886872,0.0 73.990006146324,18.523088107088,0.0 73.990007439898,18.523071290626,0.0 73.990007871090,18.523054042973,0.0 73.990007871090,18.523019116474,0.0 73.990008302281,18.523001868821,0.0 73.990009595855,18.522985052359,0.0 73.990011320620,18.522974272575,0.0 73.990015201342,18.522958749687,0.0 73.990018219682,18.522950557052,0.0 73.990023393978,18.522941502034,0.0 73.990028999465,18.522934602972,0.0 73.990040641631,18.522922960806,0.0 73.990047540693,18.522917355319,0.0 73.990056595711,18.522912181023,0.0 73.990064788346,18.522909162684,0.0 73.990080311234,18.522905281962,0.0 73.990091091018,18.522903557196,0.0 73.990107907480,18.522902263622,0.0 73.990125155133,18.522901832431,0.0 73.990160081631,18.522901832431,0.0 73.990177329285,18.522901401240,0.0 73.990194145747,18.522900107666,0.0 73.990204925530,18.522898382900,0.0 73.990220448418,18.522894502178,0.0 73.990228641054,18.522891483839,0.0 73.990237696072,18.522886309543,0.0 73.990244595133,18.522880704055,0.0 73.990256237299,18.522869061889,0.0 73.990261842787,18.522862162828,0.0 73.990267017083,18.522853107810,0.0 73.990270035422,18.522844915174,0.0 73.990273916144,18.522829392286,0.0 73.990275640910,18.522818612503,0.0 73.990276934484,18.522801796041,0.0 73.990277365675,18.522784548387,0.0 73.990277365675,18.522749621889,0.0 73.990277796866,18.522732374236,0.0 73.990279090440,18.522715557774,0.0 73.990280815206,18.522704777990,0.0 73.990284695928,18.522689255102,0.0 73.990287714267,18.522681062467,0.0 73.990292888563,18.522672007449,0.0 73.990298494050,18.522665108387,0.0 73.990310136216,18.522653466221,0.0 73.990317035278,18.522647860734,0.0 73.990326090296,18.522642686438,0.0 73.990334282931,18.522639668098,0.0 73.990349805819,18.522635787376,0.0 73.990360585603,18.522634062611,0.0 73.990377402065,18.522632769037,0.0 73.990394649718,18.522632337846,0.0 73.990429576217,18.522632337846,0.0 73.990446823870,18.522631906654,0.0 73.990463640332,18.522630613080,0.0 73.990474420116,18.522628888315,0.0 73.990489943004,18.522625007593,0.0 73.990498135639,18.522621989254,0.0 73.990507190657,18.522616814958,0.0 73.990514089719,18.522611209470,0.0 73.990525731885,18.522599567304,0.0 73.990531337372,18.522592668243,0.0 73.990536511668,18.522583613225,0.0 73.990539530007,18.522575420589,0.0 73.990543410729,18.522559897701,0.0 73.990545135495,18.522549117918,0.0 73.990546429069,18.522532301456,0.0 73.990546860260,18.522515053802,0.0 73.990546860260,18.522480127304,0.0 73.990547291451,18.522462879650,0.0 73.990548585025,18.522446063188,0.0 73.990550309791,18.522435283405,0.0 73.990554190513,18.522419760517,0.0 73.990557208852,18.522411567881,0.0 73.990562383148,18.522402512863,0.0 73.990567988636,18.522395613802,0.0 73.990579630802,18.522383971636,0.0 73.990586529863,18.522378366149,0.0 73.990595584881,18.522373191852,0.0 73.990603777517,18.522370173513,0.0 73.990619300405,18.522366292791,0.0 73.990630080188,18.522364568026,0.0 73.990646896650,18.522363274452,0.0 73.990664144304,18.522362843260,0.0 73.990699070802,18.522362843260,0.0 73.990716318455,18.522361980878,0.0 73.990733134917,18.522359393730,0.0 73.990743914701,18.522355944199,0.0 73.990759437589,18.522348182755,0.0 73.990767630224,18.522342146076,0.0 73.990776685242,18.522331797484,0.0 73.990783584304,18.522320586509,0.0 73.990795226470,18.522297302177,0.0 73.990800831957,18.522283504055,0.0 73.990806006253,18.522265394018,0.0 73.990809024593,18.522249008748,0.0 73.990812905315,18.522217962971,0.0 73.990814630080,18.522196403405,0.0 73.990815923654,18.522162770480,0.0 73.990816354845,18.522128275173,0.0 73.990816354845,18.522058422177,0.0 73.990816786037,18.522023926870,0.0 73.990818079611,18.521990293946,0.0 73.990819804376,18.521968734379,0.0 73.990823685098,18.521937688603,0.0 73.990826703437,18.521921303332,0.0 73.990831877733,18.521903193296,0.0 73.990837483221,18.521889395173,0.0 73.990849125387,18.521866110841,0.0 73.990856024448,18.521854899866,0.0 73.990865079466,18.521844551274,0.0 73.990873272102,18.521838514595,0.0 73.990888794990,18.521830753151,0.0 73.990899574773,18.521827303621,0.0 73.990916391235,18.521824716473,0.0 73.990933638889,18.521823854090,0.0 73.990968565387,18.521823854090,0.0 73.990985813041,18.521823422899,0.0 73.991002629503,18.521822129325,0.0 73.991013409286,18.521820404559,0.0 73.991028932174,18.521816523837,0.0 73.991037124810,18.521813505498,0.0 73.991046179828,18.521808331202,0.0 73.991053078889,18.521802725714,0.0 73.991064721055,18.521791083548,0.0 73.991070326542,18.521784184487,0.0 73.991075500839,18.521775129469,0.0 73.991078519178,18.521766936834,0.0 73.991082399900,18.521751413945,0.0 73.991084124665,18.521740634162,0.0 73.991085418239,18.521723817700,0.0 73.991085849431,18.521706570046,0.0 73.991085849431,18.521671643548,0.0 73.991086280622,18.521654395895,0.0 73.991087574196,18.521637579433,0.0 73.991089298961,18.521626799649,0.0 73.991093179683,18.521611276761,0.0 73.991096198023,18.521603084126,0.0 73.991101372319,18.521594029108,0.0 73.991106977806,18.521587130046,0.0 73.991118619972,18.521575487880,0.0 73.991125519034,18.521569882393,0.0 73.991134574052,18.521564708097,0.0 73.991142766687,18.521561689757,0.0 73.991158289575,18.521557809035,0.0 73.991169069358,18.521556084270,0.0 73.991185885821,18.521554790696,0.0 73.991203133474,18.521554359505,0.0 73.991238059972,18.521554359505,0.0 73.991255307626,18.521553497122,0.0 73.991272124088,18.521550909974,0.0 73.991282903871,18.521547460443,0.0 73.991298426759,18.521539698999,0.0 73.991306619395,18.521533662321,0.0 73.991315674413,18.521523313728,0.0 73.991322573474,18.521512102754,0.0 73.991334215640,18.521488818422,0.0 73.991339821128,18.521475020299,0.0 73.991344995424,18.521456910263,0.0 73.991348013763,18.521440524992,0.0 73.991351894485,18.521409479216,0.0 73.991353619250,18.521387919649,0.0 73.991354912824,18.521354286725,0.0 73.991355344016,18.521319791418,0.0 73.991355344016,18.521249938421,0.0 73.991355775207,18.521215443114,0.0 73.991357068781,18.521181810190,0.0 73.991358793547,18.521160250623,0.0 73.991362674269,18.521129204847,0.0 73.991365692608,18.521112819576,0.0 73.991370866904,18.521094709540,0.0 73.991376472391,18.521080911417,0.0 73.991388114557,18.521057627085,0.0 73.991395013619,18.521046416110,0.0 73.991404068637,18.521036067518,0.0 73.991412261272,18.521030030840,0.0 73.991427784160,18.521022269396,0.0 73.991438563944,18.521018819865,0.0 73.991455380406,18.521016232717,0.0 73.991472628059,18.521015370334,0.0 73.991507554558,18.521015370334,0.0 73.991524802211,18.521014939143,0.0 73.991541618673,18.521013645569,0.0 73.991552398457,18.521011920804,0.0 73.991567921345,18.521008040082,0.0 73.991576113980,18.521005021742,0.0 73.991585168998,18.520999847446,0.0 73.991592068059,18.520994241959,0.0 73.991603710226,18.520982599793,0.0 73.991609315713,18.520975700731,0.0 73.991614490009,18.520966645713,0.0 73.991617508348,18.520958453078,0.0 73.991621389070,18.520942930190,0.0 73.991623113836,18.520932150406,0.0 73.991624407410,18.520915333944,0.0 73.991624838601,18.520898086291,0.0 73.991624838601,18.520863159792,0.0 73.991626563366,18.520845912139,0.0 73.991631737662,18.520829095677,0.0 73.991638636724,18.520818315894,0.0 73.991654159612,18.520802793005,0.0 73.991666232969,18.520794600370,0.0 73.991686930153,18.520785545352,0.0 73.991709352103,18.520778646291,0.0 73.991755920767,18.520767004124,0.0 73.991783517013,18.520761398637,0.0 73.991819737085,18.520756224341,0.0 73.991852507627,18.520753206002,0.0 73.991914599179,18.520749325280,0.0 73.991957718313,18.520747600514,0.0 73.992024984161,18.520746306940,0.0 73.992093974775,18.520745875749,0.0 73.992233680768,18.520745875749,0.0 73.992302671382,18.520747600514,0.0 73.992369937230,18.520752774810,0.0 73.992413056364,18.520759673872,0.0 73.992475147916,18.520775196760,0.0 73.992507918458,18.520787270117,0.0 73.992544138530,18.520807967301,0.0 73.992571734776,18.520830389251,0.0 73.992618303440,18.520876957915,0.0 73.992640725390,18.520904554161,0.0 73.992661422574,18.520940774233,0.0 73.992673495931,18.520973544775,0.0 73.992689018819,18.521035636327,0.0 73.992695917881,18.521078755461,0.0 73.992701092177,18.521146021309,0.0 73.992702816942,18.521215011923,0.0 73.992702816942,18.521354717916,0.0 73.992702385751,18.521423708530,0.0 73.992701092177,18.521490974378,0.0 73.992699367411,18.521534093512,0.0 73.992695486689,18.521596185064,0.0 73.992692468350,18.521628955606,0.0 73.992687294054,18.521665175678,0.0 73.992681688567,18.521692771924,0.0 73.992670046400,18.521739340588,0.0 73.992663147339,18.521761762538,0.0 73.992654092321,18.521782459722,0.0 73.992645899686,18.521794533079,0.0 73.992630376797,18.521810055967,0.0 73.992619597014,18.521816955029,0.0 73.992602780552,18.521822129325,0.0 73.992585532899,18.521823854090,0.0 73.992550606400,18.521823854090,0.0 73.992533358747,18.521824285281,0.0 73.992516542285,18.521825578855,0.0 73.992505762501,18.521827303621,0.0 73.992490239613,18.521831184343,0.0 73.992482046978,18.521834202682,0.0 73.992472991960,18.521839376978,0.0 73.992466092898,18.521844982465,0.0 73.992454450732,18.521856624632,0.0 73.992448845245,18.521863523693,0.0 73.992443670949,18.521872578711,0.0 73.992440652609,18.521880771346,0.0 73.992436771887,18.521896294234,0.0 73.992435047122,18.521907074018,0.0 73.992433753548,18.521923890480,0.0 73.992433322357,18.521941138133,0.0 73.992433322357,18.521976064632,0.0 73.992432891165,18.521993312285,0.0 73.992431597591,18.522010128747,0.0 73.992429872826,18.522020908531,0.0 73.992425992104,18.522036431419,0.0 73.992422973765,18.522044624054,0.0 73.992417799469,18.522053679072,0.0 73.992412193981,18.522060578134,0.0 73.992400551815,18.522072220300,0.0 73.992393652754,18.522077825787,0.0 73.992384597736,18.522083000083,0.0 73.992376405100,18.522086018422,0.0 73.992360882212,18.522089899144,0.0 73.992350102429,18.522091623910,0.0 73.992333285967,18.522092917484,0.0 73.992316038313,18.522093348675,0.0 73.992281111815,18.522093348675,0.0 73.992263864162,18.522093779867,0.0 73.992247047699,18.522095073441,0.0 73.992236267916,18.522096798206,0.0 73.992220745028,18.522100678928,0.0 73.992212552393,18.522103697267,0.0 73.992203497374,18.522108871563,0.0 73.992196598313,18.522114477051,0.0 73.992184956147,18.522126119217,0.0 73.992179350660,18.522133018278,0.0 73.992174176364,18.522142073296,0.0 73.992171158024,18.522150265932,0.0 73.992167277302,18.522165788820,0.0 73.992165552537,18.522176568603,0.0 73.992164258963,18.522193385065,0.0 73.992163827772,18.522210632719,0.0 73.992163827772,18.522245559217,0.0 73.992163396580,18.522262806870,0.0 73.992162103006,18.522279623332,0.0 73.992160378241,18.522290403116,0.0 73.992156497519,18.522305926004,0.0 73.992153479179,18.522314118639,0.0 73.992148304883,18.522323173657,0.0 73.992142699396,18.522330072719,0.0 73.992131057230,18.522341714885,0.0 73.992124158169,18.522347320372,0.0 73.992115103151,18.522352494668,0.0 73.992106910515,18.522355513008,0.0 73.992091387627,18.522359393730,0.0 73.992080607844,18.522361118495,0.0 73.992063791381,18.522362412069,0.0 73.992046543728,18.522362843260,0.0 73.992011617230,18.522362843260,0.0 73.991994369576,18.522363705643,0.0 73.991977553114,18.522366292791,0.0 73.991966773331,18.522369742322,0.0 73.991951250443,18.522377503766,0.0 73.991943057807,18.522383540445,0.0 73.991934002789,18.522393889037,0.0 73.991927103728,18.522405100011,0.0 73.991915461562,18.522428384344,0.0 73.991909856074,18.522442182466,0.0 73.991904681778,18.522460292502,0.0 73.991901663439,18.522476677773,0.0 73.991897782717,18.522507723549,0.0 73.991896057952,18.522529283116,0.0 73.991894764378,18.522562916040,0.0 73.991894333186,18.522597411347,0.0 73.991894333186,18.522667264344,0.0 73.991893901995,18.522701759651,0.0 73.991892608421,18.522735392575,0.0 73.991890883656,18.522756952142,0.0 73.991887002934,18.522787997918,0.0 73.991883984594,18.522804383189,0.0 73.991878810298,18.522822493225,0.0 73.991873204811,18.522836291348,0.0 73.991861562645,18.522859575680,0.0 73.991854663583,18.522870786655,0.0 73.991845608565,18.522881135247,0.0 73.991837415930,18.522887171925,0.0 73.991821893042,18.522894933370,0.0 73.991811113258,18.522898382900,0.0 73.991794296796,18.522900970048,0.0 73.991777049143,18.522901832431,0.0 73.991742122645,18.522901832431,0.0 73.991724874991,18.522902694814,0.0 73.991708058529,18.522905281962,0.0 73.991697278746,18.522908731492,0.0 73.991681755857,18.522916492936,0.0 73.991673563222,18.522922529615,0.0 73.991664508204,18.522932878207,0.0 73.991657609143,18.522944089182,0.0 73.991645966977,18.522967373514,0.0 73.991640361489,18.522981171637,0.0 73.991635187193,18.522999281673,0.0 73.991632168854,18.523015666944,0.0 73.991628288132,18.523046712720,0.0 73.991626563366,18.523068272287,0.0 73.991625269792,18.523101905211,0.0 73.991624838601,18.523136400518,0.0 73.991624838601,18.523206253514,0.0 73.991623976218,18.523240748821,0.0 73.991621389070,18.523274381746,0.0 73.991617939540,18.523295941312,0.0 73.991610178096,18.523326987089,0.0 73.991604141417,18.523343372359,0.0 73.991593792825,18.523361482395,0.0 73.991582581850,18.523375280518,0.0 73.991559297518,18.523398564850,0.0 73.991545499395,18.523409775825,0.0 73.991527389359,18.523420124417,0.0 73.991511004088,18.523426161096,0.0 73.991479958312,18.523433922540,0.0 73.991458398745,18.523437372071,0.0 73.991424765821,18.523439959219,0.0 73.991390270514,18.523440821601,0.0 73.991320417518,18.523440821601,0.0 73.991285922211,18.523441252793,0.0 73.991252289286,18.523442546367,0.0 73.991230729720,18.523444271132,0.0 73.991199683943,18.523448151854,0.0 73.991183298673,18.523451170193,0.0 73.991165188636,18.523456344489,0.0 73.991151390514,18.523461949977,0.0 73.991128106182,18.523473592143,0.0 73.991116895207,18.523480491204,0.0 73.991106546615,18.523489546222,0.0 73.991100509936,18.523497738858,0.0 73.991092748492,18.523513261746,0.0 73.991089298961,18.523524041529,0.0 73.991086711813,18.523540857991,0.0 73.991085849431,18.523558105645,0.0 73.991085849431,18.523593032143,0.0 73.991085418239,18.523610279797,0.0 73.991084124665,18.523627096259,0.0 73.991082399900,18.523637876042,0.0 73.991078519178,18.523653398930,0.0 73.991075500839,18.523661591566,0.0 73.991070326542,18.523670646584,0.0 73.991064721055,18.523677545645,0.0 73.991053078889,18.523689187811,0.0 73.991046179828,18.523694793298,0.0 73.991037124810,18.523699967595,0.0 73.991028932174,18.523702985934,0.0 73.991013409286,18.523706866656,0.0 73.991002629503,18.523708591421,0.0 73.990985813041,18.523709884995,0.0 73.990968565387,18.523710316187,0.0 73.990933638889,18.523710316187,0.0 73.990916391235,18.523710747378,0.0 73.990899574773,18.523712040952,0.0 73.990888794990,18.523713765717,0.0 73.990873272102,18.523717646439,0.0 73.990865079466,18.523720664779,0.0 73.990856024448,18.523725839075,0.0 73.990849125387,18.523731444562,0.0 73.990837483221,18.523743086728,0.0 73.990831877733,18.523749985790,0.0 73.990826703437,18.523759040808,0.0 73.990823685098,18.523767233443,0.0 73.990819804376,18.523782756331,0.0 73.990818079611,18.523793536115,0.0 73.990816786037,18.523810352577,0.0 73.990816354845,18.523827600230,0.0 73.990816354845,18.523862526728,0.0 73.990815923654,18.523879774382,0.0 73.990814630080,18.523896590844,0.0 73.990812905315,18.523907370627,0.0 73.990809024593,18.523922893515,0.0 73.990806006253,18.523931086151,0.0 73.990800831957,18.523940141169,0.0 73.990795226470,18.523947040230,0.0 73.990783584304,18.523958682396,0.0 73.990776685242,18.523964287884,0.0 73.990767630224,18.523969462180,0.0 73.990759437589,18.523972480519,0.0 73.990743914701,18.523976361241,0.0 73.990733134917,18.523978086006,0.0 73.990716318455,18.523979379580,0.0 73.990699070802,18.523979810772,0.0 73.990664144304,18.523979810772,0.0 73.990646896650,18.523980241963,0.0 73.990630080188,18.523981535537,0.0 73.990619300405,18.523983260303,0.0 73.990603777517,18.523987141025,0.0 73.990595584881,18.523990159364,0.0 73.990586529863,18.523995333660,0.0 73.990579630802,18.524000939147,0.0 73.990567988636,18.524012581313,0.0 73.990562383148,18.524019480375,0.0 73.990557208852,18.524028535393,0.0 73.990554190513,18.524036728028,0.0 73.990550309791,18.524052250916,0.0 73.990548585025,18.524063030700,0.0 73.990547291451,18.524079847162,0.0 73.990546860260,18.524097094815,0.0 73.990546860260,18.524132021314,0.0 73.990546429069,18.524149268967,0.0 73.990545135495,18.524166085429,0.0 73.990543410729,18.524176865213,0.0 73.990539530007,18.524192388101,0.0 73.990536511668,18.524200580736,0.0 73.990531337372,18.524209635754,0.0 73.990525731885,18.524216534816,0.0 73.990514089719,18.524228176982,0.0 73.990507190657,18.524233782469,0.0 73.990498135639,18.524238956765,0.0 73.990489943004,18.524241975104,0.0 73.990474420116,18.524245855826,0.0 73.990463640332,18.524247580592,0.0 73.990446823870,18.524248874166,0.0 73.990429576217,18.524249305357,0.0 73.990394649718,18.524249305357,0.0 73.990377402065,18.524249736548,0.0 73.990360585603,18.524251030122,0.0 73.990349805819,18.524252754888,0.0 73.990334282931,18.524256635610,0.0 73.990326090296,18.524259653949,0.0 73.990317035278,18.524264828245,0.0 73.990310136216,18.524270433733,0.0 73.990298494050,18.524282075899,0.0 73.990292888563,18.524288974960,0.0 73.990287714267,18.524298029978,0.0 73.990284695928,18.524306222613,0.0 73.990280815206,18.524321745502,0.0 73.990279090440,18.524332525285,0.0 73.990277796866,18.524349341747,0.0 73.990277365675,18.524366589401,0.0 73.990277365675,18.524401515899,0.0 73.990276934484,18.524418763552,0.0 73.990275640910,18.524435580014,0.0 73.990273916144,18.524446359798,0.0 73.990270035422,18.524461882686,0.0 73.990267017083,18.524470075321,0.0 73.990261842787,18.524479130339,0.0 73.990256237299,18.524486029401,0.0 73.990244595133,18.524497671567,0.0 73.990237696072,18.524503277054,0.0 73.990228641054,18.524508451350,0.0 73.990220448418,18.524511469690,0.0 73.990204925530,18.524515350412,0.0 73.990194145747,18.524517075177,0.0 73.990177329285,18.524518368751,0.0 73.990160081631,18.524518799942,0.0 73.990125155133,18.524518799942,0.0 73.990107907480,18.524519231134,0.0 73.990091091018,18.524520524708,0.0 73.990080311234,18.524522249473,0.0 73.990064788346,18.524526130195,0.0 73.990056595711,18.524529148534,0.0 73.990047540693,18.524534322830,0.0 73.990040641631,18.524539928318,0.0 73.990028999465,18.524551570484,0.0 73.990023393978,18.524558469545,0.0 73.990018219682,18.524567524563,0.0 73.990015201342,18.524575717199,0.0 73.990011320620,18.524591240087,0.0 73.990009595855,18.524602019870,0.0 73.990008302281,18.524618836332,0.0 73.990007871090,18.524636083986,0.0 73.990007871090,18.524671010484,0.0 73.990007439898,18.524688258138,0.0 73.990006146324,18.524705074600,0.0 73.990004421559,18.524715854383,0.0 73.990000540837,18.524731377271,0.0 73.989997522498,18.524739569907,0.0 73.989992348202,18.524748624925,0.0 73.989986742714,18.524755523986,0.0 73.989975100548,18.524767166152,0.0 73.989968201487,18.524772771639,0.0 73.989959146469,18.524777945935,0.0 73.989950953833,18.524780964275,0.0 73.989935430945,18.524784844997,0.0 73.989924651162,18.524786569762,0.0 73.989907834700,18.524787863336,0.0 73.989890587046,18.524788294528,0.0 73.989855660548,18.524788294528,0.0 73.989838412894,18.524787863336,0.0 73.989821596432,18.524786569762,0.0 73.989810816649,18.524784844997,0.0 73.989795293761,18.524780964275,0.0 73.989787101125,18.524777945935,0.0 73.989778046107,18.524772771639,0.0 73.989771147046,18.524767166152,0.0 73.989759504880,18.524755523986,0.0 73.989753899393,18.524748624925,0.0 73.989748725096,18.524739569907,0.0 73.989745706757,18.524731377271,0.0 73.989741826035,18.524715854383,0.0 73.989740101270,18.524705074600,0.0 73.989738807696,18.524688258138,0.0 73.989738376504,18.524671010484,0.0</coordinates>
                        </LinearRing>
                    </outerBoundaryIs>
                </Polygon>
            </Placemark>
        </Folder>
    </Document>
</kml>
